TRACE::2025-02-28.09:45:33::SCWPlatform::Trying to open the hw design at C:/Users/oparker/workspace/TPG/hw/design_1_wrapper.xsa
TRACE::2025-02-28.09:45:33::SCWPlatform::DSA given C:/Users/oparker/workspace/TPG/hw/design_1_wrapper.xsa
TRACE::2025-02-28.09:45:33::SCWPlatform::DSA absoulate path C:/Users/oparker/workspace/TPG/hw/design_1_wrapper.xsa
TRACE::2025-02-28.09:45:35::SCWPlatform::DSA directory C:/Users/oparker/workspace/TPG/hw
TRACE::2025-02-28.09:45:35::SCWPlatform:: Platform Path C:/Users/oparker/workspace/TPG/hw/design_1_wrapper.xsa
TRACE::2025-02-28.09:45:35::SCWPlatform:: Unique name xilinx:zed::0.0
TRACE::2025-02-28.09:45:35::SCWPlatform::Do not have an existing db opened. 
TRACE::2025-02-28.09:45:36::SCWPlatform::Opened new HwDB with name design_1_wrapper_1
TRACE::2025-02-28.09:45:36::SCWWriter::formatted JSON is {
	"platformName":	"TPG",
	"sprVersion":	"2.0",
	"mode":	"gui",
	"dsaType":	"Fixed",
	"platformDesc":	"TPG",
	"platHandOff":	"C:/Users/oparker/cpre488-mp2/project_1/design_1_wrapper.xsa",
	"platIntHandOff":	"<platformDir>/hw/design_1_wrapper.xsa",
	"deviceType":	"zynq",
	"platIsPrebuiltAutogen":	"false",
	"platIsNoBootBsp":	"false",
	"hasFsblMakeHasChanges":	"false",
	"hasPmufwMakeHasChanges":	"false",
	"platPreBuiltFlag":	false,
	"platformSamplesDir":	""
}
TRACE::2025-02-28.09:45:36::SCWWriter::formatted JSON is {
	"platformName":	"TPG",
	"sprVersion":	"2.0",
	"mode":	"gui",
	"dsaType":	"Fixed",
	"platformDesc":	"TPG",
	"platHandOff":	"C:/Users/oparker/cpre488-mp2/project_1/design_1_wrapper.xsa",
	"platIntHandOff":	"<platformDir>/hw/design_1_wrapper.xsa",
	"deviceType":	"zynq",
	"platIsPrebuiltAutogen":	"false",
	"platIsNoBootBsp":	"false",
	"hasFsblMakeHasChanges":	"false",
	"hasPmufwMakeHasChanges":	"false",
	"platPreBuiltFlag":	false,
	"platformSamplesDir":	"",
	"platActiveSys":	"TPG",
	"systems":	[{
			"systemName":	"TPG",
			"systemDesc":	"TPG",
			"sysIsBootAutoGen":	"true",
			"systemDispName":	"TPG"
		}]
}
TRACE::2025-02-28.09:45:36::SCWPlatform::Boot application domains not present, creating them
TRACE::2025-02-28.09:45:36::SCWDomain::checking for install qemu data   : 
TRACE::2025-02-28.09:45:36::SCWDomain:: Using the QEMU Data from install at  : C:/Xilinx/Vitis/2020.1/data/emulation/platforms/zynq/qemu/
TRACE::2025-02-28.09:45:36::SCWDomain:: Using the QEMU args  from install at  : C:/Xilinx/Vitis/2020.1/data/emulation/platforms/zynq/qemu/qemu_args.txt
TRACE::2025-02-28.09:45:36::SCWPlatform::Trying to open the hw design at C:/Users/oparker/workspace/TPG/hw/design_1_wrapper.xsa
TRACE::2025-02-28.09:45:36::SCWPlatform::DSA given C:/Users/oparker/workspace/TPG/hw/design_1_wrapper.xsa
TRACE::2025-02-28.09:45:36::SCWPlatform::DSA absoulate path C:/Users/oparker/workspace/TPG/hw/design_1_wrapper.xsa
TRACE::2025-02-28.09:45:36::SCWPlatform::DSA directory C:/Users/oparker/workspace/TPG/hw
TRACE::2025-02-28.09:45:36::SCWPlatform:: Platform Path C:/Users/oparker/workspace/TPG/hw/design_1_wrapper.xsa
TRACE::2025-02-28.09:45:36::SCWPlatform:: Unique name xilinx:zed::0.0
TRACE::2025-02-28.09:45:36::SCWPlatform::Trying to set the existing hwdb with name design_1_wrapper_1
TRACE::2025-02-28.09:45:36::SCWPlatform::Opened existing hwdb design_1_wrapper_1
TRACE::2025-02-28.09:45:36::SCWPlatform::Found the Hw Db part of the input DSA
TRACE::2025-02-28.09:45:36::SCWPlatform::Trying to open the hw design at C:/Users/oparker/workspace/TPG/hw/design_1_wrapper.xsa
TRACE::2025-02-28.09:45:36::SCWPlatform::DSA given C:/Users/oparker/workspace/TPG/hw/design_1_wrapper.xsa
TRACE::2025-02-28.09:45:36::SCWPlatform::DSA absoulate path C:/Users/oparker/workspace/TPG/hw/design_1_wrapper.xsa
TRACE::2025-02-28.09:45:36::SCWPlatform::DSA directory C:/Users/oparker/workspace/TPG/hw
TRACE::2025-02-28.09:45:36::SCWPlatform:: Platform Path C:/Users/oparker/workspace/TPG/hw/design_1_wrapper.xsa
TRACE::2025-02-28.09:45:36::SCWPlatform:: Unique name xilinx:zed::0.0
TRACE::2025-02-28.09:45:36::SCWPlatform::Trying to set the existing hwdb with name design_1_wrapper_1
TRACE::2025-02-28.09:45:36::SCWPlatform::Opened existing hwdb design_1_wrapper_1
TRACE::2025-02-28.09:45:36::SCWPlatform::Found the Hw Db part of the input DSA
TRACE::2025-02-28.09:45:36::SCWPlatform::Trying to open the hw design at C:/Users/oparker/workspace/TPG/hw/design_1_wrapper.xsa
TRACE::2025-02-28.09:45:36::SCWPlatform::DSA given C:/Users/oparker/workspace/TPG/hw/design_1_wrapper.xsa
TRACE::2025-02-28.09:45:36::SCWPlatform::DSA absoulate path C:/Users/oparker/workspace/TPG/hw/design_1_wrapper.xsa
TRACE::2025-02-28.09:45:36::SCWPlatform::DSA directory C:/Users/oparker/workspace/TPG/hw
TRACE::2025-02-28.09:45:36::SCWPlatform:: Platform Path C:/Users/oparker/workspace/TPG/hw/design_1_wrapper.xsa
TRACE::2025-02-28.09:45:36::SCWPlatform:: Unique name xilinx:zed::0.0
TRACE::2025-02-28.09:45:36::SCWPlatform::Trying to set the existing hwdb with name design_1_wrapper_1
TRACE::2025-02-28.09:45:36::SCWPlatform::Opened existing hwdb design_1_wrapper_1
TRACE::2025-02-28.09:45:36::SCWPlatform::Found the Hw Db part of the input DSA
TRACE::2025-02-28.09:45:36::SCWPlatform::Boot application domain added for zynq_fsbl
TRACE::2025-02-28.09:45:36::SCWPlatform::Generating the sources  .
TRACE::2025-02-28.09:45:36::SCWBDomain::Generating boot domain sources.
TRACE::2025-02-28.09:45:36::SCWBDomain:: Generating the zynq_fsbl Application.
TRACE::2025-02-28.09:45:36::SCWPlatform::Trying to open the hw design at C:/Users/oparker/workspace/TPG/hw/design_1_wrapper.xsa
TRACE::2025-02-28.09:45:36::SCWPlatform::DSA given C:/Users/oparker/workspace/TPG/hw/design_1_wrapper.xsa
TRACE::2025-02-28.09:45:36::SCWPlatform::DSA absoulate path C:/Users/oparker/workspace/TPG/hw/design_1_wrapper.xsa
TRACE::2025-02-28.09:45:36::SCWPlatform::DSA directory C:/Users/oparker/workspace/TPG/hw
TRACE::2025-02-28.09:45:36::SCWPlatform:: Platform Path C:/Users/oparker/workspace/TPG/hw/design_1_wrapper.xsa
TRACE::2025-02-28.09:45:36::SCWPlatform:: Unique name xilinx:zed::0.0
TRACE::2025-02-28.09:45:36::SCWPlatform::Trying to set the existing hwdb with name design_1_wrapper_1
TRACE::2025-02-28.09:45:36::SCWPlatform::Opened existing hwdb design_1_wrapper_1
TRACE::2025-02-28.09:45:36::SCWPlatform::Found the Hw Db part of the input DSA
TRACE::2025-02-28.09:45:36::SCWMssOS::Checking the sw design at  C:/Users/oparker/workspace/TPG/zynq_fsbl/zynq_fsbl_bsp/system.mss
TRACE::2025-02-28.09:45:36::SCWMssOS::DEBUG:  swdes dump  
TRACE::2025-02-28.09:45:36::SCWMssOS::No sw design opened at  C:/Users/oparker/workspace/TPG/zynq_fsbl/zynq_fsbl_bsp/system.mss
TRACE::2025-02-28.09:45:36::SCWMssOS::mss does not exists at C:/Users/oparker/workspace/TPG/zynq_fsbl/zynq_fsbl_bsp/system.mss
TRACE::2025-02-28.09:45:36::SCWMssOS::Creating sw design at  C:/Users/oparker/workspace/TPG/zynq_fsbl/zynq_fsbl_bsp/system.mss
TRACE::2025-02-28.09:45:36::SCWMssOS::Adding the swdes entry, created swdb C:/Users/oparker/workspace/TPG/zynq_fsbl/zynq_fsbl_bsp/system.mss with des name C:/Users/oparker/workspace/TPG/zynq_fsbl/zynq_fsbl_bsp/system.mss
TRACE::2025-02-28.09:45:36::SCWMssOS::updating the scw layer changes to swdes at   C:/Users/oparker/workspace/TPG/zynq_fsbl/zynq_fsbl_bsp/system.mss
TRACE::2025-02-28.09:45:36::SCWMssOS::Writing mss at C:/Users/oparker/workspace/TPG/zynq_fsbl/zynq_fsbl_bsp/system.mss
TRACE::2025-02-28.09:45:36::SCWMssOS::Completed writing the mss file at C:/Users/oparker/workspace/TPG/zynq_fsbl/zynq_fsbl_bsp
TRACE::2025-02-28.09:45:36::SCWMssOS::Picking up changes from newly written mss file into SCW Layer. 
TRACE::2025-02-28.09:45:36::SCWMssOS::Updated the changes from newly written mss file into SCW Layer. 
TRACE::2025-02-28.09:45:36::SCWBDomain::Completed writing the mss file at C:/Users/oparker/workspace/TPG/zynq_fsbl/zynq_fsbl_bsp
TRACE::2025-02-28.09:45:42::SCWPlatform::Generating sources Done.
TRACE::2025-02-28.09:45:42::SCWPlatform::Trying to open the hw design at C:/Users/oparker/workspace/TPG/hw/design_1_wrapper.xsa
TRACE::2025-02-28.09:45:42::SCWPlatform::DSA given C:/Users/oparker/workspace/TPG/hw/design_1_wrapper.xsa
TRACE::2025-02-28.09:45:42::SCWPlatform::DSA absoulate path C:/Users/oparker/workspace/TPG/hw/design_1_wrapper.xsa
TRACE::2025-02-28.09:45:42::SCWPlatform::DSA directory C:/Users/oparker/workspace/TPG/hw
TRACE::2025-02-28.09:45:42::SCWPlatform:: Platform Path C:/Users/oparker/workspace/TPG/hw/design_1_wrapper.xsa
TRACE::2025-02-28.09:45:42::SCWPlatform:: Unique name xilinx:zed::0.0
TRACE::2025-02-28.09:45:42::SCWPlatform::Trying to set the existing hwdb with name design_1_wrapper_1
TRACE::2025-02-28.09:45:42::SCWPlatform::Opened existing hwdb design_1_wrapper_1
TRACE::2025-02-28.09:45:42::SCWPlatform::Found the Hw Db part of the input DSA
TRACE::2025-02-28.09:45:42::SCWMssOS::Checking the sw design at  C:/Users/oparker/workspace/TPG/zynq_fsbl/zynq_fsbl_bsp/system.mss
TRACE::2025-02-28.09:45:42::SCWMssOS::DEBUG:  swdes dump  C:/Users/oparker/workspace/TPG/zynq_fsbl/zynq_fsbl_bsp/system.mss|C:/Users/oparker/workspace/TPG/zynq_fsbl/zynq_fsbl_bsp/system.mss||

KEYINFO::2025-02-28.09:45:42::SCWMssOS::Could not open the swdb for C:/Users/oparker/workspace/TPG/zynq_fsbl/zynq_fsbl_bsp/system.mss
KEYINFO::2025-02-28.09:45:42::SCWMssOS::Could not open the sw design at  C:/Users/oparker/workspace/TPG/zynq_fsbl/zynq_fsbl_bsp/system.mss
ERROR: [Hsi 55-1558] Software Design C:/Users/oparker/workspace/TPG/zynq_fsbl/zynq_fsbl_bsp/system.mss is not found

TRACE::2025-02-28.09:45:42::SCWMssOS::Cleared the swdb table entry
TRACE::2025-02-28.09:45:42::SCWMssOS::No sw design opened at  C:/Users/oparker/workspace/TPG/zynq_fsbl/zynq_fsbl_bsp/system.mss
TRACE::2025-02-28.09:45:42::SCWMssOS::mss exists loading the mss file  C:/Users/oparker/workspace/TPG/zynq_fsbl/zynq_fsbl_bsp/system.mss
TRACE::2025-02-28.09:45:42::SCWMssOS::Opened the sw design from mss  C:/Users/oparker/workspace/TPG/zynq_fsbl/zynq_fsbl_bsp/system.mss
TRACE::2025-02-28.09:45:42::SCWMssOS::Adding the swdes entry C:/Users/oparker/workspace/TPG/zynq_fsbl/zynq_fsbl_bsp/system.mss with des name system
TRACE::2025-02-28.09:45:42::SCWMssOS::updating the scw layer about changes
TRACE::2025-02-28.09:45:42::SCWMssOS::Opened the sw design.  C:/Users/oparker/workspace/TPG/zynq_fsbl/zynq_fsbl_bsp/system.mss
TRACE::2025-02-28.09:45:42::SCWMssOS::Saving the mss changes C:/Users/oparker/workspace/TPG/zynq_fsbl/zynq_fsbl_bsp/system.mss
TRACE::2025-02-28.09:45:42::SCWMssOS::Found a swdesign opened with the mssfile.
TRACE::2025-02-28.09:45:42::SCWMssOS::Completed writemss as part of save.
TRACE::2025-02-28.09:45:42::SCWMssOS::Commit changes completed.
TRACE::2025-02-28.09:45:42::SCWPlatform::Trying to open the hw design at C:/Users/oparker/workspace/TPG/hw/design_1_wrapper.xsa
TRACE::2025-02-28.09:45:42::SCWPlatform::DSA given C:/Users/oparker/workspace/TPG/hw/design_1_wrapper.xsa
TRACE::2025-02-28.09:45:42::SCWPlatform::DSA absoulate path C:/Users/oparker/workspace/TPG/hw/design_1_wrapper.xsa
TRACE::2025-02-28.09:45:42::SCWPlatform::DSA directory C:/Users/oparker/workspace/TPG/hw
TRACE::2025-02-28.09:45:42::SCWPlatform:: Platform Path C:/Users/oparker/workspace/TPG/hw/design_1_wrapper.xsa
TRACE::2025-02-28.09:45:42::SCWPlatform:: Unique name xilinx:zed::0.0
TRACE::2025-02-28.09:45:42::SCWPlatform::Trying to set the existing hwdb with name design_1_wrapper_1
TRACE::2025-02-28.09:45:42::SCWPlatform::Opened existing hwdb design_1_wrapper_1
TRACE::2025-02-28.09:45:42::SCWPlatform::Found the Hw Db part of the input DSA
TRACE::2025-02-28.09:45:42::SCWMssOS::Checking the sw design at  C:/Users/oparker/workspace/TPG/zynq_fsbl/zynq_fsbl_bsp/system.mss
TRACE::2025-02-28.09:45:42::SCWMssOS::DEBUG:  swdes dump  C:/Users/oparker/workspace/TPG/zynq_fsbl/zynq_fsbl_bsp/system.mss|system||

TRACE::2025-02-28.09:45:42::SCWMssOS::Sw design exists and opened at  C:/Users/oparker/workspace/TPG/zynq_fsbl/zynq_fsbl_bsp/system.mss
TRACE::2025-02-28.09:45:42::SCWPlatform::Trying to open the hw design at C:/Users/oparker/workspace/TPG/hw/design_1_wrapper.xsa
TRACE::2025-02-28.09:45:42::SCWPlatform::DSA given C:/Users/oparker/workspace/TPG/hw/design_1_wrapper.xsa
TRACE::2025-02-28.09:45:42::SCWPlatform::DSA absoulate path C:/Users/oparker/workspace/TPG/hw/design_1_wrapper.xsa
TRACE::2025-02-28.09:45:42::SCWPlatform::DSA directory C:/Users/oparker/workspace/TPG/hw
TRACE::2025-02-28.09:45:42::SCWPlatform:: Platform Path C:/Users/oparker/workspace/TPG/hw/design_1_wrapper.xsa
TRACE::2025-02-28.09:45:42::SCWPlatform:: Unique name xilinx:zed::0.0
TRACE::2025-02-28.09:45:42::SCWPlatform::Trying to set the existing hwdb with name design_1_wrapper_1
TRACE::2025-02-28.09:45:42::SCWPlatform::Opened existing hwdb design_1_wrapper_1
TRACE::2025-02-28.09:45:42::SCWPlatform::Found the Hw Db part of the input DSA
TRACE::2025-02-28.09:45:42::SCWMssOS::Checking the sw design at  C:/Users/oparker/workspace/TPG/zynq_fsbl/zynq_fsbl_bsp/system.mss
TRACE::2025-02-28.09:45:42::SCWMssOS::DEBUG:  swdes dump  C:/Users/oparker/workspace/TPG/zynq_fsbl/zynq_fsbl_bsp/system.mss|system||

TRACE::2025-02-28.09:45:42::SCWMssOS::Sw design exists and opened at  C:/Users/oparker/workspace/TPG/zynq_fsbl/zynq_fsbl_bsp/system.mss
TRACE::2025-02-28.09:45:42::SCWPlatform::Trying to open the hw design at C:/Users/oparker/workspace/TPG/hw/design_1_wrapper.xsa
TRACE::2025-02-28.09:45:42::SCWPlatform::DSA given C:/Users/oparker/workspace/TPG/hw/design_1_wrapper.xsa
TRACE::2025-02-28.09:45:42::SCWPlatform::DSA absoulate path C:/Users/oparker/workspace/TPG/hw/design_1_wrapper.xsa
TRACE::2025-02-28.09:45:42::SCWPlatform::DSA directory C:/Users/oparker/workspace/TPG/hw
TRACE::2025-02-28.09:45:42::SCWPlatform:: Platform Path C:/Users/oparker/workspace/TPG/hw/design_1_wrapper.xsa
TRACE::2025-02-28.09:45:42::SCWPlatform:: Unique name xilinx:zed::0.0
TRACE::2025-02-28.09:45:42::SCWPlatform::Trying to set the existing hwdb with name design_1_wrapper_1
TRACE::2025-02-28.09:45:42::SCWPlatform::Opened existing hwdb design_1_wrapper_1
TRACE::2025-02-28.09:45:42::SCWPlatform::Found the Hw Db part of the input DSA
TRACE::2025-02-28.09:45:42::SCWMssOS::Checking the sw design at  C:/Users/oparker/workspace/TPG/zynq_fsbl/zynq_fsbl_bsp/system.mss
TRACE::2025-02-28.09:45:42::SCWMssOS::DEBUG:  swdes dump  C:/Users/oparker/workspace/TPG/zynq_fsbl/zynq_fsbl_bsp/system.mss|system||

TRACE::2025-02-28.09:45:42::SCWMssOS::Sw design exists and opened at  C:/Users/oparker/workspace/TPG/zynq_fsbl/zynq_fsbl_bsp/system.mss
TRACE::2025-02-28.09:45:42::SCWWriter::formatted JSON is {
	"platformName":	"TPG",
	"sprVersion":	"2.0",
	"mode":	"gui",
	"dsaType":	"Fixed",
	"platformDesc":	"TPG",
	"platHandOff":	"C:/Users/oparker/cpre488-mp2/project_1/design_1_wrapper.xsa",
	"platIntHandOff":	"<platformDir>/hw/design_1_wrapper.xsa",
	"deviceType":	"zynq",
	"platIsPrebuiltAutogen":	"false",
	"platIsNoBootBsp":	"false",
	"platFsblTarget":	"ps7_cortexa9_0",
	"hasFsblMakeHasChanges":	"false",
	"hasPmufwMakeHasChanges":	"false",
	"fsblExtraCompilerFlags":	"-MMD -MP       -mcpu=cortex-a9 -mfpu=vfpv3 -mfloat-abi=hard ",
	"platPreBuiltFlag":	false,
	"platformSamplesDir":	"",
	"platActiveSys":	"TPG",
	"systems":	[{
			"systemName":	"TPG",
			"systemDesc":	"TPG",
			"sysIsBootAutoGen":	"true",
			"systemDispName":	"TPG",
			"sysActiveDom":	"zynq_fsbl",
			"sysDefaultDom":	"",
			"domains":	[{
					"domainName":	"zynq_fsbl",
					"domainDispName":	"zynq_fsbl",
					"domainDesc":	"FSBL Application BSP - Auto Generated.",
					"processors":	"ps7_cortexa9_0",
					"os":	"standalone",
					"sdxOs":	"standalone",
					"debugEnable":	"",
					"domRuntimes":	["cpp"],
					"swRepo":	"",
					"mssOsVer":	"7.2",
					"mssFile":	"",
					"md5Digest":	"158a679dab493f3308b1d2cbafc496b0",
					"compatibleApp":	"zynq_fsbl",
					"domType":	"bootDomain",
					"appSettings":	{
						"appCompilerFlags":	"",
						"appLinkerFlags":	""
					},
					"addedLibs":	["xilffs:4.3", "xilrsa:1.6"],
					"libOptions":	{
						"libsContainingOptions":	[]
					},
					"prebuiltLibs":	{
						"prebuiltIncPath":	[],
						"prebuiltLibPath":	[]
					},
					"isolation":	{
					}
				}]
		}]
}
TRACE::2025-02-28.09:45:42::SCWDomain::checking for install qemu data   : 
TRACE::2025-02-28.09:45:42::SCWDomain:: Using the QEMU Data from install at  : C:/Xilinx/Vitis/2020.1/data/emulation/platforms/zynq/qemu/
TRACE::2025-02-28.09:45:42::SCWDomain:: Using the QEMU args  from install at  : C:/Xilinx/Vitis/2020.1/data/emulation/platforms/zynq/qemu/qemu_args.txt
TRACE::2025-02-28.09:45:42::SCWPlatform::Trying to open the hw design at C:/Users/oparker/workspace/TPG/hw/design_1_wrapper.xsa
TRACE::2025-02-28.09:45:42::SCWPlatform::DSA given C:/Users/oparker/workspace/TPG/hw/design_1_wrapper.xsa
TRACE::2025-02-28.09:45:42::SCWPlatform::DSA absoulate path C:/Users/oparker/workspace/TPG/hw/design_1_wrapper.xsa
TRACE::2025-02-28.09:45:42::SCWPlatform::DSA directory C:/Users/oparker/workspace/TPG/hw
TRACE::2025-02-28.09:45:42::SCWPlatform:: Platform Path C:/Users/oparker/workspace/TPG/hw/design_1_wrapper.xsa
TRACE::2025-02-28.09:45:42::SCWPlatform:: Unique name xilinx:zed::0.0
TRACE::2025-02-28.09:45:42::SCWPlatform::Trying to set the existing hwdb with name design_1_wrapper_1
TRACE::2025-02-28.09:45:42::SCWPlatform::Opened existing hwdb design_1_wrapper_1
TRACE::2025-02-28.09:45:42::SCWPlatform::Found the Hw Db part of the input DSA
TRACE::2025-02-28.09:45:42::SCWPlatform::Trying to open the hw design at C:/Users/oparker/workspace/TPG/hw/design_1_wrapper.xsa
TRACE::2025-02-28.09:45:42::SCWPlatform::DSA given C:/Users/oparker/workspace/TPG/hw/design_1_wrapper.xsa
TRACE::2025-02-28.09:45:42::SCWPlatform::DSA absoulate path C:/Users/oparker/workspace/TPG/hw/design_1_wrapper.xsa
TRACE::2025-02-28.09:45:42::SCWPlatform::DSA directory C:/Users/oparker/workspace/TPG/hw
TRACE::2025-02-28.09:45:42::SCWPlatform:: Platform Path C:/Users/oparker/workspace/TPG/hw/design_1_wrapper.xsa
TRACE::2025-02-28.09:45:42::SCWPlatform:: Unique name xilinx:zed::0.0
TRACE::2025-02-28.09:45:42::SCWPlatform::Trying to set the existing hwdb with name design_1_wrapper_1
TRACE::2025-02-28.09:45:42::SCWPlatform::Opened existing hwdb design_1_wrapper_1
TRACE::2025-02-28.09:45:42::SCWPlatform::Found the Hw Db part of the input DSA
TRACE::2025-02-28.09:45:42::SCWPlatform::Trying to open the hw design at C:/Users/oparker/workspace/TPG/hw/design_1_wrapper.xsa
TRACE::2025-02-28.09:45:42::SCWPlatform::DSA given C:/Users/oparker/workspace/TPG/hw/design_1_wrapper.xsa
TRACE::2025-02-28.09:45:42::SCWPlatform::DSA absoulate path C:/Users/oparker/workspace/TPG/hw/design_1_wrapper.xsa
TRACE::2025-02-28.09:45:42::SCWPlatform::DSA directory C:/Users/oparker/workspace/TPG/hw
TRACE::2025-02-28.09:45:42::SCWPlatform:: Platform Path C:/Users/oparker/workspace/TPG/hw/design_1_wrapper.xsa
TRACE::2025-02-28.09:45:42::SCWPlatform:: Unique name xilinx:zed::0.0
TRACE::2025-02-28.09:45:42::SCWPlatform::Trying to set the existing hwdb with name design_1_wrapper_1
TRACE::2025-02-28.09:45:42::SCWPlatform::Opened existing hwdb design_1_wrapper_1
TRACE::2025-02-28.09:45:42::SCWPlatform::Found the Hw Db part of the input DSA
TRACE::2025-02-28.09:45:42::SCWMssOS::Checking the sw design at  C:/Users/oparker/workspace/TPG/ps7_cortexa9_0/standalone_domain/bsp/system.mss
TRACE::2025-02-28.09:45:42::SCWMssOS::DEBUG:  swdes dump  C:/Users/oparker/workspace/TPG/zynq_fsbl/zynq_fsbl_bsp/system.mss|system||

TRACE::2025-02-28.09:45:42::SCWMssOS::No sw design opened at  C:/Users/oparker/workspace/TPG/ps7_cortexa9_0/standalone_domain/bsp/system.mss
TRACE::2025-02-28.09:45:42::SCWMssOS::mss does not exists at C:/Users/oparker/workspace/TPG/ps7_cortexa9_0/standalone_domain/bsp/system.mss
TRACE::2025-02-28.09:45:42::SCWMssOS::Creating sw design at  C:/Users/oparker/workspace/TPG/ps7_cortexa9_0/standalone_domain/bsp/system.mss
TRACE::2025-02-28.09:45:42::SCWMssOS::Adding the swdes entry, created swdb C:/Users/oparker/workspace/TPG/ps7_cortexa9_0/standalone_domain/bsp/system.mss with des name C:/Users/oparker/workspace/TPG/ps7_cortexa9_0/standalone_domain/bsp/system.mss
TRACE::2025-02-28.09:45:42::SCWMssOS::updating the scw layer changes to swdes at   C:/Users/oparker/workspace/TPG/ps7_cortexa9_0/standalone_domain/bsp/system.mss
TRACE::2025-02-28.09:45:42::SCWMssOS::Writing mss at C:/Users/oparker/workspace/TPG/ps7_cortexa9_0/standalone_domain/bsp/system.mss
TRACE::2025-02-28.09:45:42::SCWMssOS::Completed writing the mss file at C:/Users/oparker/workspace/TPG/ps7_cortexa9_0/standalone_domain/bsp
TRACE::2025-02-28.09:45:42::SCWMssOS::Picking up changes from newly written mss file into SCW Layer. 
TRACE::2025-02-28.09:45:42::SCWMssOS::Updated the changes from newly written mss file into SCW Layer. 
TRACE::2025-02-28.09:45:42::SCWMssOS::Completed writing the mss file at C:/Users/oparker/workspace/TPG/ps7_cortexa9_0/standalone_domain/bsp
TRACE::2025-02-28.09:45:42::SCWMssOS::Forcing BSP Sources regeneration.
TRACE::2025-02-28.09:45:43::SCWMssOS::Saving the mss changes C:/Users/oparker/workspace/TPG/zynq_fsbl/zynq_fsbl_bsp/system.mss
TRACE::2025-02-28.09:45:43::SCWMssOS::Found a swdesign opened with the mssfile.
TRACE::2025-02-28.09:45:43::SCWMssOS::Completed writemss as part of save.
TRACE::2025-02-28.09:45:43::SCWMssOS::Commit changes completed.
TRACE::2025-02-28.09:45:43::SCWMssOS::Saving the mss changes C:/Users/oparker/workspace/TPG/ps7_cortexa9_0/standalone_domain/bsp/system.mss
TRACE::2025-02-28.09:45:43::SCWMssOS::Found a swdesign opened with the mssfile.
TRACE::2025-02-28.09:45:43::SCWMssOS::Running validate of swdbs.
KEYINFO::2025-02-28.09:45:43::SCWMssOS::Could not open the swdb for C:/Users/oparker/workspace/TPG/ps7_cortexa9_0/standalone_domain/bsp/system.mss
KEYINFO::2025-02-28.09:45:43::SCWMssOS::Could not open the sw design at  C:/Users/oparker/workspace/TPG/ps7_cortexa9_0/standalone_domain/bsp/system.mss
ERROR: [Hsi 55-1558] Software Design C:/Users/oparker/workspace/TPG/ps7_cortexa9_0/standalone_domain/bsp/system.mss is not found

TRACE::2025-02-28.09:45:43::SCWMssOS::Cleared the swdb table entry
TRACE::2025-02-28.09:45:43::SCWMssOS::Adding the swdes entry, mss present, able to open swdb C:/Users/oparker/workspace/TPG/ps7_cortexa9_0/standalone_domain/bsp/system.mss with des name system_0
TRACE::2025-02-28.09:45:43::SCWMssOS::Writing the mss file completed C:/Users/oparker/workspace/TPG/ps7_cortexa9_0/standalone_domain/bsp/system.mss
TRACE::2025-02-28.09:45:43::SCWMssOS::Commit changes completed.
TRACE::2025-02-28.09:45:43::SCWPlatform::Trying to open the hw design at C:/Users/oparker/workspace/TPG/hw/design_1_wrapper.xsa
TRACE::2025-02-28.09:45:43::SCWPlatform::DSA given C:/Users/oparker/workspace/TPG/hw/design_1_wrapper.xsa
TRACE::2025-02-28.09:45:43::SCWPlatform::DSA absoulate path C:/Users/oparker/workspace/TPG/hw/design_1_wrapper.xsa
TRACE::2025-02-28.09:45:43::SCWPlatform::DSA directory C:/Users/oparker/workspace/TPG/hw
TRACE::2025-02-28.09:45:43::SCWPlatform:: Platform Path C:/Users/oparker/workspace/TPG/hw/design_1_wrapper.xsa
TRACE::2025-02-28.09:45:43::SCWPlatform:: Unique name xilinx:zed::0.0
TRACE::2025-02-28.09:45:43::SCWPlatform::Trying to set the existing hwdb with name design_1_wrapper_1
TRACE::2025-02-28.09:45:43::SCWPlatform::Opened existing hwdb design_1_wrapper_1
TRACE::2025-02-28.09:45:43::SCWPlatform::Found the Hw Db part of the input DSA
TRACE::2025-02-28.09:45:43::SCWMssOS::Checking the sw design at  C:/Users/oparker/workspace/TPG/zynq_fsbl/zynq_fsbl_bsp/system.mss
TRACE::2025-02-28.09:45:43::SCWMssOS::DEBUG:  swdes dump  C:/Users/oparker/workspace/TPG/ps7_cortexa9_0/standalone_domain/bsp/system.mss|system_0||
C:/Users/oparker/workspace/TPG/zynq_fsbl/zynq_fsbl_bsp/system.mss|system||

TRACE::2025-02-28.09:45:43::SCWMssOS::Sw design exists and opened at  C:/Users/oparker/workspace/TPG/zynq_fsbl/zynq_fsbl_bsp/system.mss
TRACE::2025-02-28.09:45:43::SCWPlatform::Trying to open the hw design at C:/Users/oparker/workspace/TPG/hw/design_1_wrapper.xsa
TRACE::2025-02-28.09:45:43::SCWPlatform::DSA given C:/Users/oparker/workspace/TPG/hw/design_1_wrapper.xsa
TRACE::2025-02-28.09:45:43::SCWPlatform::DSA absoulate path C:/Users/oparker/workspace/TPG/hw/design_1_wrapper.xsa
TRACE::2025-02-28.09:45:43::SCWPlatform::DSA directory C:/Users/oparker/workspace/TPG/hw
TRACE::2025-02-28.09:45:43::SCWPlatform:: Platform Path C:/Users/oparker/workspace/TPG/hw/design_1_wrapper.xsa
TRACE::2025-02-28.09:45:43::SCWPlatform:: Unique name xilinx:zed::0.0
TRACE::2025-02-28.09:45:43::SCWPlatform::Trying to set the existing hwdb with name design_1_wrapper_1
TRACE::2025-02-28.09:45:43::SCWPlatform::Opened existing hwdb design_1_wrapper_1
TRACE::2025-02-28.09:45:43::SCWPlatform::Found the Hw Db part of the input DSA
TRACE::2025-02-28.09:45:43::SCWMssOS::Checking the sw design at  C:/Users/oparker/workspace/TPG/zynq_fsbl/zynq_fsbl_bsp/system.mss
TRACE::2025-02-28.09:45:43::SCWMssOS::DEBUG:  swdes dump  C:/Users/oparker/workspace/TPG/ps7_cortexa9_0/standalone_domain/bsp/system.mss|system_0||
C:/Users/oparker/workspace/TPG/zynq_fsbl/zynq_fsbl_bsp/system.mss|system||

TRACE::2025-02-28.09:45:43::SCWMssOS::Sw design exists and opened at  C:/Users/oparker/workspace/TPG/zynq_fsbl/zynq_fsbl_bsp/system.mss
TRACE::2025-02-28.09:45:43::SCWPlatform::Trying to open the hw design at C:/Users/oparker/workspace/TPG/hw/design_1_wrapper.xsa
TRACE::2025-02-28.09:45:43::SCWPlatform::DSA given C:/Users/oparker/workspace/TPG/hw/design_1_wrapper.xsa
TRACE::2025-02-28.09:45:43::SCWPlatform::DSA absoulate path C:/Users/oparker/workspace/TPG/hw/design_1_wrapper.xsa
TRACE::2025-02-28.09:45:43::SCWPlatform::DSA directory C:/Users/oparker/workspace/TPG/hw
TRACE::2025-02-28.09:45:43::SCWPlatform:: Platform Path C:/Users/oparker/workspace/TPG/hw/design_1_wrapper.xsa
TRACE::2025-02-28.09:45:43::SCWPlatform:: Unique name xilinx:zed::0.0
TRACE::2025-02-28.09:45:43::SCWPlatform::Trying to set the existing hwdb with name design_1_wrapper_1
TRACE::2025-02-28.09:45:43::SCWPlatform::Opened existing hwdb design_1_wrapper_1
TRACE::2025-02-28.09:45:43::SCWPlatform::Found the Hw Db part of the input DSA
TRACE::2025-02-28.09:45:43::SCWMssOS::Checking the sw design at  C:/Users/oparker/workspace/TPG/zynq_fsbl/zynq_fsbl_bsp/system.mss
TRACE::2025-02-28.09:45:43::SCWMssOS::DEBUG:  swdes dump  C:/Users/oparker/workspace/TPG/ps7_cortexa9_0/standalone_domain/bsp/system.mss|system_0||
C:/Users/oparker/workspace/TPG/zynq_fsbl/zynq_fsbl_bsp/system.mss|system||

TRACE::2025-02-28.09:45:43::SCWMssOS::Sw design exists and opened at  C:/Users/oparker/workspace/TPG/zynq_fsbl/zynq_fsbl_bsp/system.mss
TRACE::2025-02-28.09:45:43::SCWPlatform::Trying to open the hw design at C:/Users/oparker/workspace/TPG/hw/design_1_wrapper.xsa
TRACE::2025-02-28.09:45:43::SCWPlatform::DSA given C:/Users/oparker/workspace/TPG/hw/design_1_wrapper.xsa
TRACE::2025-02-28.09:45:43::SCWPlatform::DSA absoulate path C:/Users/oparker/workspace/TPG/hw/design_1_wrapper.xsa
TRACE::2025-02-28.09:45:43::SCWPlatform::DSA directory C:/Users/oparker/workspace/TPG/hw
TRACE::2025-02-28.09:45:43::SCWPlatform:: Platform Path C:/Users/oparker/workspace/TPG/hw/design_1_wrapper.xsa
TRACE::2025-02-28.09:45:43::SCWPlatform:: Unique name xilinx:zed::0.0
TRACE::2025-02-28.09:45:43::SCWPlatform::Trying to set the existing hwdb with name design_1_wrapper_1
TRACE::2025-02-28.09:45:43::SCWPlatform::Opened existing hwdb design_1_wrapper_1
TRACE::2025-02-28.09:45:43::SCWPlatform::Found the Hw Db part of the input DSA
TRACE::2025-02-28.09:45:43::SCWMssOS::Checking the sw design at  C:/Users/oparker/workspace/TPG/ps7_cortexa9_0/standalone_domain/bsp/system.mss
TRACE::2025-02-28.09:45:43::SCWMssOS::DEBUG:  swdes dump  C:/Users/oparker/workspace/TPG/ps7_cortexa9_0/standalone_domain/bsp/system.mss|system_0||
C:/Users/oparker/workspace/TPG/zynq_fsbl/zynq_fsbl_bsp/system.mss|system||

TRACE::2025-02-28.09:45:43::SCWMssOS::Sw design exists and opened at  C:/Users/oparker/workspace/TPG/ps7_cortexa9_0/standalone_domain/bsp/system.mss
TRACE::2025-02-28.09:45:43::SCWPlatform::Trying to open the hw design at C:/Users/oparker/workspace/TPG/hw/design_1_wrapper.xsa
TRACE::2025-02-28.09:45:43::SCWPlatform::DSA given C:/Users/oparker/workspace/TPG/hw/design_1_wrapper.xsa
TRACE::2025-02-28.09:45:43::SCWPlatform::DSA absoulate path C:/Users/oparker/workspace/TPG/hw/design_1_wrapper.xsa
TRACE::2025-02-28.09:45:43::SCWPlatform::DSA directory C:/Users/oparker/workspace/TPG/hw
TRACE::2025-02-28.09:45:43::SCWPlatform:: Platform Path C:/Users/oparker/workspace/TPG/hw/design_1_wrapper.xsa
TRACE::2025-02-28.09:45:43::SCWPlatform:: Unique name xilinx:zed::0.0
TRACE::2025-02-28.09:45:43::SCWPlatform::Trying to set the existing hwdb with name design_1_wrapper_1
TRACE::2025-02-28.09:45:43::SCWPlatform::Opened existing hwdb design_1_wrapper_1
TRACE::2025-02-28.09:45:43::SCWPlatform::Found the Hw Db part of the input DSA
TRACE::2025-02-28.09:45:43::SCWMssOS::Checking the sw design at  C:/Users/oparker/workspace/TPG/ps7_cortexa9_0/standalone_domain/bsp/system.mss
TRACE::2025-02-28.09:45:43::SCWMssOS::DEBUG:  swdes dump  C:/Users/oparker/workspace/TPG/ps7_cortexa9_0/standalone_domain/bsp/system.mss|system_0||
C:/Users/oparker/workspace/TPG/zynq_fsbl/zynq_fsbl_bsp/system.mss|system||

TRACE::2025-02-28.09:45:43::SCWMssOS::Sw design exists and opened at  C:/Users/oparker/workspace/TPG/ps7_cortexa9_0/standalone_domain/bsp/system.mss
TRACE::2025-02-28.09:45:43::SCWPlatform::Trying to open the hw design at C:/Users/oparker/workspace/TPG/hw/design_1_wrapper.xsa
TRACE::2025-02-28.09:45:43::SCWPlatform::DSA given C:/Users/oparker/workspace/TPG/hw/design_1_wrapper.xsa
TRACE::2025-02-28.09:45:43::SCWPlatform::DSA absoulate path C:/Users/oparker/workspace/TPG/hw/design_1_wrapper.xsa
TRACE::2025-02-28.09:45:43::SCWPlatform::DSA directory C:/Users/oparker/workspace/TPG/hw
TRACE::2025-02-28.09:45:43::SCWPlatform:: Platform Path C:/Users/oparker/workspace/TPG/hw/design_1_wrapper.xsa
TRACE::2025-02-28.09:45:43::SCWPlatform:: Unique name xilinx:zed::0.0
TRACE::2025-02-28.09:45:43::SCWPlatform::Trying to set the existing hwdb with name design_1_wrapper_1
TRACE::2025-02-28.09:45:43::SCWPlatform::Opened existing hwdb design_1_wrapper_1
TRACE::2025-02-28.09:45:43::SCWPlatform::Found the Hw Db part of the input DSA
TRACE::2025-02-28.09:45:43::SCWMssOS::Checking the sw design at  C:/Users/oparker/workspace/TPG/ps7_cortexa9_0/standalone_domain/bsp/system.mss
TRACE::2025-02-28.09:45:43::SCWMssOS::DEBUG:  swdes dump  C:/Users/oparker/workspace/TPG/ps7_cortexa9_0/standalone_domain/bsp/system.mss|system_0||
C:/Users/oparker/workspace/TPG/zynq_fsbl/zynq_fsbl_bsp/system.mss|system||

TRACE::2025-02-28.09:45:43::SCWMssOS::Sw design exists and opened at  C:/Users/oparker/workspace/TPG/ps7_cortexa9_0/standalone_domain/bsp/system.mss
TRACE::2025-02-28.09:45:43::SCWWriter::formatted JSON is {
	"platformName":	"TPG",
	"sprVersion":	"2.0",
	"mode":	"gui",
	"dsaType":	"Fixed",
	"platformDesc":	"TPG",
	"platHandOff":	"C:/Users/oparker/cpre488-mp2/project_1/design_1_wrapper.xsa",
	"platIntHandOff":	"<platformDir>/hw/design_1_wrapper.xsa",
	"deviceType":	"zynq",
	"platIsPrebuiltAutogen":	"false",
	"platIsNoBootBsp":	"false",
	"platFsblTarget":	"ps7_cortexa9_0",
	"hasFsblMakeHasChanges":	"false",
	"hasPmufwMakeHasChanges":	"false",
	"fsblExtraCompilerFlags":	"-MMD -MP       -mcpu=cortex-a9 -mfpu=vfpv3 -mfloat-abi=hard ",
	"platPreBuiltFlag":	false,
	"platformSamplesDir":	"",
	"platActiveSys":	"TPG",
	"systems":	[{
			"systemName":	"TPG",
			"systemDesc":	"TPG",
			"sysIsBootAutoGen":	"true",
			"systemDispName":	"TPG",
			"sysActiveDom":	"standalone_domain",
			"sysDefaultDom":	"standalone_domain",
			"domains":	[{
					"domainName":	"zynq_fsbl",
					"domainDispName":	"zynq_fsbl",
					"domainDesc":	"FSBL Application BSP - Auto Generated.",
					"processors":	"ps7_cortexa9_0",
					"os":	"standalone",
					"sdxOs":	"standalone",
					"debugEnable":	"",
					"domRuntimes":	["cpp"],
					"swRepo":	"",
					"mssOsVer":	"7.2",
					"mssFile":	"",
					"md5Digest":	"158a679dab493f3308b1d2cbafc496b0",
					"compatibleApp":	"zynq_fsbl",
					"domType":	"bootDomain",
					"appSettings":	{
						"appCompilerFlags":	"",
						"appLinkerFlags":	""
					},
					"addedLibs":	["xilffs:4.3", "xilrsa:1.6"],
					"libOptions":	{
						"libsContainingOptions":	[]
					},
					"prebuiltLibs":	{
						"prebuiltIncPath":	[],
						"prebuiltLibPath":	[]
					},
					"isolation":	{
					}
				}, {
					"domainName":	"standalone_domain",
					"domainDispName":	"standalone_domain",
					"domainDesc":	"standalone_domain",
					"processors":	"ps7_cortexa9_0",
					"os":	"standalone",
					"sdxOs":	"standalone",
					"qemuArgs":	"C:/Xilinx/Vitis/2020.1/data/emulation/platforms/zynq/qemu/qemu_args.txt",
					"qemuData":	"C:/Xilinx/Vitis/2020.1/data/emulation/platforms/zynq/qemu/",
					"debugEnable":	"False",
					"domRuntimes":	["cpp"],
					"swRepo":	"",
					"mssOsVer":	"7.2",
					"mssFile":	"",
					"md5Digest":	"85ba41434c82914f0e9e24fa6ddcf962",
					"compatibleApp":	"",
					"domType":	"mssDomain",
					"appSettings":	{
						"appCompilerFlags":	"",
						"appLinkerFlags":	""
					},
					"addedLibs":	[],
					"libOptions":	{
						"libsContainingOptions":	[]
					},
					"prebuiltLibs":	{
						"prebuiltIncPath":	[],
						"prebuiltLibPath":	[]
					},
					"isolation":	{
					}
				}]
		}]
}
LOG::2025-02-28.09:45:43::SCWPlatform::Started generating the artifacts platform TPG
TRACE::2025-02-28.09:45:43::SCWPlatform::Sanity checking of platform is completed
LOG::2025-02-28.09:45:43::SCWPlatform::Started generating the artifacts for system configuration TPG
LOG::2025-02-28.09:45:43::SCWSystem::Checking the domain zynq_fsbl
LOG::2025-02-28.09:45:43::SCWSystem::Doing application build for :  zynq_fsbl
TRACE::2025-02-28.09:45:43::SCWBDomain::Not a forced makefile updation, No changes are present. 
TRACE::2025-02-28.09:45:43::SCWDomain::Skipping the build for domain :  zynq_fsbl
LOG::2025-02-28.09:45:43::SCWSystem::Checking the domain standalone_domain
LOG::2025-02-28.09:45:43::SCWSystem::Not a boot domain 
LOG::2025-02-28.09:45:43::SCWSystem::Started Processing the domain standalone_domain
TRACE::2025-02-28.09:45:43::SCWDomain::Generating domain artifcats
TRACE::2025-02-28.09:45:43::SCWMssOS::Generating standalone artifcats
TRACE::2025-02-28.09:45:43::SCWMssOS::Copying the qemu file from  C:/Xilinx/Vitis/2020.1/data/emulation/platforms/zynq/qemu/qemu_args.txt To C:/Users/oparker/workspace/TPG/export/TPG/sw/TPG/qemu/
TRACE::2025-02-28.09:45:43::SCWMssOS::Copying the qemu file from  C:/Xilinx/Vitis/2020.1/data/emulation/platforms/zynq/qemu/qemu_args.txt To C:/Users/oparker/workspace/TPG/export/TPG/sw/TPG/standalone_domain/qemu/
TRACE::2025-02-28.09:45:43::SCWMssOS:: Copying the user libraries. 
TRACE::2025-02-28.09:45:43::SCWPlatform::Trying to open the hw design at C:/Users/oparker/workspace/TPG/hw/design_1_wrapper.xsa
TRACE::2025-02-28.09:45:43::SCWPlatform::DSA given C:/Users/oparker/workspace/TPG/hw/design_1_wrapper.xsa
TRACE::2025-02-28.09:45:43::SCWPlatform::DSA absoulate path C:/Users/oparker/workspace/TPG/hw/design_1_wrapper.xsa
TRACE::2025-02-28.09:45:43::SCWPlatform::DSA directory C:/Users/oparker/workspace/TPG/hw
TRACE::2025-02-28.09:45:43::SCWPlatform:: Platform Path C:/Users/oparker/workspace/TPG/hw/design_1_wrapper.xsa
TRACE::2025-02-28.09:45:43::SCWPlatform:: Unique name xilinx:zed::0.0
TRACE::2025-02-28.09:45:43::SCWPlatform::Trying to set the existing hwdb with name design_1_wrapper_1
TRACE::2025-02-28.09:45:43::SCWPlatform::Opened existing hwdb design_1_wrapper_1
TRACE::2025-02-28.09:45:43::SCWPlatform::Found the Hw Db part of the input DSA
TRACE::2025-02-28.09:45:43::SCWMssOS::Checking the sw design at  C:/Users/oparker/workspace/TPG/ps7_cortexa9_0/standalone_domain/bsp/system.mss
TRACE::2025-02-28.09:45:43::SCWMssOS::DEBUG:  swdes dump  C:/Users/oparker/workspace/TPG/ps7_cortexa9_0/standalone_domain/bsp/system.mss|system_0||
C:/Users/oparker/workspace/TPG/zynq_fsbl/zynq_fsbl_bsp/system.mss|system||

TRACE::2025-02-28.09:45:43::SCWMssOS::Sw design exists and opened at  C:/Users/oparker/workspace/TPG/ps7_cortexa9_0/standalone_domain/bsp/system.mss
TRACE::2025-02-28.09:45:43::SCWMssOS::Completed writing the mss file at C:/Users/oparker/workspace/TPG/ps7_cortexa9_0/standalone_domain/bsp
TRACE::2025-02-28.09:45:43::SCWMssOS::Mss edits present, copying mssfile into export location C:/Users/oparker/workspace/TPG/ps7_cortexa9_0/standalone_domain/bsp/system.mss
TRACE::2025-02-28.09:45:43::SCWMssOS::bsp generated is upto date with the mss file. Skipping bsp generation.
TRACE::2025-02-28.09:45:43::SCWMssOS::BSP is already built. skipping the bsp build ... 
TRACE::2025-02-28.09:45:43::SCWDomain::Skipping the build for domain :  standalone_domain
TRACE::2025-02-28.09:45:43::SCWMssOS::skipping the bsp build ... 
TRACE::2025-02-28.09:45:43::SCWMssOS::Copying to export directory.
TRACE::2025-02-28.09:45:43::SCWMssOS:: Checking if to create the Supporting Applications
TRACE::2025-02-28.09:45:43::SCWMssOS:: No Linux domain exists, trying to generate FSBL 
TRACE::2025-02-28.09:45:43::SCWMssOS:: Completed Standalone Artifacts creation 
LOG::2025-02-28.09:45:43::SCWSystem::Completed Processing the domain standalone_domain
LOG::2025-02-28.09:45:43::SCWSystem::Completed Processing the sysconfig TPG
LOG::2025-02-28.09:45:43::SCWPlatform::Completed generating the artifacts for system configuration TPG
TRACE::2025-02-28.09:45:43::SCWPlatform::Started preparing the platform 
TRACE::2025-02-28.09:45:43::SCWSystem::Writing the bif file for system config TPG
TRACE::2025-02-28.09:45:43::SCWSystem::dir created 
TRACE::2025-02-28.09:45:43::SCWSystem::Writing the bif 
TRACE::2025-02-28.09:45:43::SCWPlatform::Started writing the spfm file 
TRACE::2025-02-28.09:45:43::SCWPlatform::Started writing the xpfm file 
TRACE::2025-02-28.09:45:43::SCWPlatform::Completed generating the platform
TRACE::2025-02-28.09:45:43::SCWMssOS::Saving the mss changes C:/Users/oparker/workspace/TPG/zynq_fsbl/zynq_fsbl_bsp/system.mss
TRACE::2025-02-28.09:45:43::SCWMssOS::Found a swdesign opened with the mssfile.
TRACE::2025-02-28.09:45:43::SCWMssOS::Completed writemss as part of save.
TRACE::2025-02-28.09:45:43::SCWMssOS::Commit changes completed.
TRACE::2025-02-28.09:45:43::SCWMssOS::Saving the mss changes C:/Users/oparker/workspace/TPG/ps7_cortexa9_0/standalone_domain/bsp/system.mss
TRACE::2025-02-28.09:45:43::SCWMssOS::Found a swdesign opened with the mssfile.
TRACE::2025-02-28.09:45:43::SCWMssOS::Completed writemss as part of save.
TRACE::2025-02-28.09:45:43::SCWMssOS::Commit changes completed.
TRACE::2025-02-28.09:45:43::SCWPlatform::Trying to open the hw design at C:/Users/oparker/workspace/TPG/hw/design_1_wrapper.xsa
TRACE::2025-02-28.09:45:43::SCWPlatform::DSA given C:/Users/oparker/workspace/TPG/hw/design_1_wrapper.xsa
TRACE::2025-02-28.09:45:43::SCWPlatform::DSA absoulate path C:/Users/oparker/workspace/TPG/hw/design_1_wrapper.xsa
TRACE::2025-02-28.09:45:43::SCWPlatform::DSA directory C:/Users/oparker/workspace/TPG/hw
TRACE::2025-02-28.09:45:43::SCWPlatform:: Platform Path C:/Users/oparker/workspace/TPG/hw/design_1_wrapper.xsa
TRACE::2025-02-28.09:45:43::SCWPlatform:: Unique name xilinx:zed::0.0
TRACE::2025-02-28.09:45:43::SCWPlatform::Trying to set the existing hwdb with name design_1_wrapper_1
TRACE::2025-02-28.09:45:43::SCWPlatform::Opened existing hwdb design_1_wrapper_1
TRACE::2025-02-28.09:45:43::SCWPlatform::Found the Hw Db part of the input DSA
TRACE::2025-02-28.09:45:43::SCWMssOS::Checking the sw design at  C:/Users/oparker/workspace/TPG/zynq_fsbl/zynq_fsbl_bsp/system.mss
TRACE::2025-02-28.09:45:43::SCWMssOS::DEBUG:  swdes dump  C:/Users/oparker/workspace/TPG/ps7_cortexa9_0/standalone_domain/bsp/system.mss|system_0||
C:/Users/oparker/workspace/TPG/zynq_fsbl/zynq_fsbl_bsp/system.mss|system||

TRACE::2025-02-28.09:45:43::SCWMssOS::Sw design exists and opened at  C:/Users/oparker/workspace/TPG/zynq_fsbl/zynq_fsbl_bsp/system.mss
TRACE::2025-02-28.09:45:43::SCWPlatform::Trying to open the hw design at C:/Users/oparker/workspace/TPG/hw/design_1_wrapper.xsa
TRACE::2025-02-28.09:45:43::SCWPlatform::DSA given C:/Users/oparker/workspace/TPG/hw/design_1_wrapper.xsa
TRACE::2025-02-28.09:45:43::SCWPlatform::DSA absoulate path C:/Users/oparker/workspace/TPG/hw/design_1_wrapper.xsa
TRACE::2025-02-28.09:45:43::SCWPlatform::DSA directory C:/Users/oparker/workspace/TPG/hw
TRACE::2025-02-28.09:45:43::SCWPlatform:: Platform Path C:/Users/oparker/workspace/TPG/hw/design_1_wrapper.xsa
TRACE::2025-02-28.09:45:43::SCWPlatform:: Unique name xilinx:zed::0.0
TRACE::2025-02-28.09:45:43::SCWPlatform::Trying to set the existing hwdb with name design_1_wrapper_1
TRACE::2025-02-28.09:45:43::SCWPlatform::Opened existing hwdb design_1_wrapper_1
TRACE::2025-02-28.09:45:43::SCWPlatform::Found the Hw Db part of the input DSA
TRACE::2025-02-28.09:45:43::SCWMssOS::Checking the sw design at  C:/Users/oparker/workspace/TPG/zynq_fsbl/zynq_fsbl_bsp/system.mss
TRACE::2025-02-28.09:45:43::SCWMssOS::DEBUG:  swdes dump  C:/Users/oparker/workspace/TPG/ps7_cortexa9_0/standalone_domain/bsp/system.mss|system_0||
C:/Users/oparker/workspace/TPG/zynq_fsbl/zynq_fsbl_bsp/system.mss|system||

TRACE::2025-02-28.09:45:43::SCWMssOS::Sw design exists and opened at  C:/Users/oparker/workspace/TPG/zynq_fsbl/zynq_fsbl_bsp/system.mss
TRACE::2025-02-28.09:45:43::SCWPlatform::Trying to open the hw design at C:/Users/oparker/workspace/TPG/hw/design_1_wrapper.xsa
TRACE::2025-02-28.09:45:43::SCWPlatform::DSA given C:/Users/oparker/workspace/TPG/hw/design_1_wrapper.xsa
TRACE::2025-02-28.09:45:43::SCWPlatform::DSA absoulate path C:/Users/oparker/workspace/TPG/hw/design_1_wrapper.xsa
TRACE::2025-02-28.09:45:43::SCWPlatform::DSA directory C:/Users/oparker/workspace/TPG/hw
TRACE::2025-02-28.09:45:43::SCWPlatform:: Platform Path C:/Users/oparker/workspace/TPG/hw/design_1_wrapper.xsa
TRACE::2025-02-28.09:45:43::SCWPlatform:: Unique name xilinx:zed::0.0
TRACE::2025-02-28.09:45:43::SCWPlatform::Trying to set the existing hwdb with name design_1_wrapper_1
TRACE::2025-02-28.09:45:43::SCWPlatform::Opened existing hwdb design_1_wrapper_1
TRACE::2025-02-28.09:45:43::SCWPlatform::Found the Hw Db part of the input DSA
TRACE::2025-02-28.09:45:43::SCWMssOS::Checking the sw design at  C:/Users/oparker/workspace/TPG/zynq_fsbl/zynq_fsbl_bsp/system.mss
TRACE::2025-02-28.09:45:43::SCWMssOS::DEBUG:  swdes dump  C:/Users/oparker/workspace/TPG/ps7_cortexa9_0/standalone_domain/bsp/system.mss|system_0||
C:/Users/oparker/workspace/TPG/zynq_fsbl/zynq_fsbl_bsp/system.mss|system||

TRACE::2025-02-28.09:45:43::SCWMssOS::Sw design exists and opened at  C:/Users/oparker/workspace/TPG/zynq_fsbl/zynq_fsbl_bsp/system.mss
TRACE::2025-02-28.09:45:43::SCWPlatform::Trying to open the hw design at C:/Users/oparker/workspace/TPG/hw/design_1_wrapper.xsa
TRACE::2025-02-28.09:45:43::SCWPlatform::DSA given C:/Users/oparker/workspace/TPG/hw/design_1_wrapper.xsa
TRACE::2025-02-28.09:45:43::SCWPlatform::DSA absoulate path C:/Users/oparker/workspace/TPG/hw/design_1_wrapper.xsa
TRACE::2025-02-28.09:45:43::SCWPlatform::DSA directory C:/Users/oparker/workspace/TPG/hw
TRACE::2025-02-28.09:45:43::SCWPlatform:: Platform Path C:/Users/oparker/workspace/TPG/hw/design_1_wrapper.xsa
TRACE::2025-02-28.09:45:43::SCWPlatform:: Unique name xilinx:zed::0.0
TRACE::2025-02-28.09:45:43::SCWPlatform::Trying to set the existing hwdb with name design_1_wrapper_1
TRACE::2025-02-28.09:45:43::SCWPlatform::Opened existing hwdb design_1_wrapper_1
TRACE::2025-02-28.09:45:43::SCWPlatform::Found the Hw Db part of the input DSA
TRACE::2025-02-28.09:45:43::SCWMssOS::Checking the sw design at  C:/Users/oparker/workspace/TPG/ps7_cortexa9_0/standalone_domain/bsp/system.mss
TRACE::2025-02-28.09:45:43::SCWMssOS::DEBUG:  swdes dump  C:/Users/oparker/workspace/TPG/ps7_cortexa9_0/standalone_domain/bsp/system.mss|system_0||
C:/Users/oparker/workspace/TPG/zynq_fsbl/zynq_fsbl_bsp/system.mss|system||

TRACE::2025-02-28.09:45:43::SCWMssOS::Sw design exists and opened at  C:/Users/oparker/workspace/TPG/ps7_cortexa9_0/standalone_domain/bsp/system.mss
TRACE::2025-02-28.09:45:43::SCWPlatform::Trying to open the hw design at C:/Users/oparker/workspace/TPG/hw/design_1_wrapper.xsa
TRACE::2025-02-28.09:45:43::SCWPlatform::DSA given C:/Users/oparker/workspace/TPG/hw/design_1_wrapper.xsa
TRACE::2025-02-28.09:45:43::SCWPlatform::DSA absoulate path C:/Users/oparker/workspace/TPG/hw/design_1_wrapper.xsa
TRACE::2025-02-28.09:45:43::SCWPlatform::DSA directory C:/Users/oparker/workspace/TPG/hw
TRACE::2025-02-28.09:45:43::SCWPlatform:: Platform Path C:/Users/oparker/workspace/TPG/hw/design_1_wrapper.xsa
TRACE::2025-02-28.09:45:43::SCWPlatform:: Unique name xilinx:zed::0.0
TRACE::2025-02-28.09:45:43::SCWPlatform::Trying to set the existing hwdb with name design_1_wrapper_1
TRACE::2025-02-28.09:45:43::SCWPlatform::Opened existing hwdb design_1_wrapper_1
TRACE::2025-02-28.09:45:43::SCWPlatform::Found the Hw Db part of the input DSA
TRACE::2025-02-28.09:45:43::SCWMssOS::Checking the sw design at  C:/Users/oparker/workspace/TPG/ps7_cortexa9_0/standalone_domain/bsp/system.mss
TRACE::2025-02-28.09:45:43::SCWMssOS::DEBUG:  swdes dump  C:/Users/oparker/workspace/TPG/ps7_cortexa9_0/standalone_domain/bsp/system.mss|system_0||
C:/Users/oparker/workspace/TPG/zynq_fsbl/zynq_fsbl_bsp/system.mss|system||

TRACE::2025-02-28.09:45:43::SCWMssOS::Sw design exists and opened at  C:/Users/oparker/workspace/TPG/ps7_cortexa9_0/standalone_domain/bsp/system.mss
TRACE::2025-02-28.09:45:43::SCWPlatform::Trying to open the hw design at C:/Users/oparker/workspace/TPG/hw/design_1_wrapper.xsa
TRACE::2025-02-28.09:45:43::SCWPlatform::DSA given C:/Users/oparker/workspace/TPG/hw/design_1_wrapper.xsa
TRACE::2025-02-28.09:45:43::SCWPlatform::DSA absoulate path C:/Users/oparker/workspace/TPG/hw/design_1_wrapper.xsa
TRACE::2025-02-28.09:45:43::SCWPlatform::DSA directory C:/Users/oparker/workspace/TPG/hw
TRACE::2025-02-28.09:45:43::SCWPlatform:: Platform Path C:/Users/oparker/workspace/TPG/hw/design_1_wrapper.xsa
TRACE::2025-02-28.09:45:43::SCWPlatform:: Unique name xilinx:zed::0.0
TRACE::2025-02-28.09:45:43::SCWPlatform::Trying to set the existing hwdb with name design_1_wrapper_1
TRACE::2025-02-28.09:45:43::SCWPlatform::Opened existing hwdb design_1_wrapper_1
TRACE::2025-02-28.09:45:43::SCWPlatform::Found the Hw Db part of the input DSA
TRACE::2025-02-28.09:45:43::SCWMssOS::Checking the sw design at  C:/Users/oparker/workspace/TPG/ps7_cortexa9_0/standalone_domain/bsp/system.mss
TRACE::2025-02-28.09:45:43::SCWMssOS::DEBUG:  swdes dump  C:/Users/oparker/workspace/TPG/ps7_cortexa9_0/standalone_domain/bsp/system.mss|system_0||
C:/Users/oparker/workspace/TPG/zynq_fsbl/zynq_fsbl_bsp/system.mss|system||

TRACE::2025-02-28.09:45:43::SCWMssOS::Sw design exists and opened at  C:/Users/oparker/workspace/TPG/ps7_cortexa9_0/standalone_domain/bsp/system.mss
TRACE::2025-02-28.09:45:43::SCWWriter::formatted JSON is {
	"platformName":	"TPG",
	"sprVersion":	"2.0",
	"mode":	"gui",
	"dsaType":	"Fixed",
	"platformDesc":	"TPG",
	"platHandOff":	"C:/Users/oparker/cpre488-mp2/project_1/design_1_wrapper.xsa",
	"platIntHandOff":	"<platformDir>/hw/design_1_wrapper.xsa",
	"deviceType":	"zynq",
	"platIsPrebuiltAutogen":	"false",
	"platIsNoBootBsp":	"false",
	"platFsblTarget":	"ps7_cortexa9_0",
	"hasFsblMakeHasChanges":	"false",
	"hasPmufwMakeHasChanges":	"false",
	"fsblExtraCompilerFlags":	"-MMD -MP       -mcpu=cortex-a9 -mfpu=vfpv3 -mfloat-abi=hard ",
	"platPreBuiltFlag":	false,
	"platformSamplesDir":	"",
	"platActiveSys":	"TPG",
	"systems":	[{
			"systemName":	"TPG",
			"systemDesc":	"TPG",
			"sysIsBootAutoGen":	"true",
			"systemDispName":	"TPG",
			"sysActiveDom":	"standalone_domain",
			"sysDefaultDom":	"standalone_domain",
			"domains":	[{
					"domainName":	"zynq_fsbl",
					"domainDispName":	"zynq_fsbl",
					"domainDesc":	"FSBL Application BSP - Auto Generated.",
					"processors":	"ps7_cortexa9_0",
					"os":	"standalone",
					"sdxOs":	"standalone",
					"debugEnable":	"",
					"domRuntimes":	["cpp"],
					"swRepo":	"",
					"mssOsVer":	"7.2",
					"mssFile":	"",
					"md5Digest":	"158a679dab493f3308b1d2cbafc496b0",
					"compatibleApp":	"zynq_fsbl",
					"domType":	"bootDomain",
					"appSettings":	{
						"appCompilerFlags":	"",
						"appLinkerFlags":	""
					},
					"addedLibs":	["xilffs:4.3", "xilrsa:1.6"],
					"libOptions":	{
						"libsContainingOptions":	[]
					},
					"prebuiltLibs":	{
						"prebuiltIncPath":	[],
						"prebuiltLibPath":	[]
					},
					"isolation":	{
					}
				}, {
					"domainName":	"standalone_domain",
					"domainDispName":	"standalone_domain",
					"domainDesc":	"standalone_domain",
					"processors":	"ps7_cortexa9_0",
					"os":	"standalone",
					"sdxOs":	"standalone",
					"qemuArgs":	"C:/Xilinx/Vitis/2020.1/data/emulation/platforms/zynq/qemu/qemu_args.txt",
					"qemuData":	"C:/Xilinx/Vitis/2020.1/data/emulation/platforms/zynq/qemu/",
					"debugEnable":	"False",
					"domRuntimes":	["cpp"],
					"swRepo":	"",
					"mssOsVer":	"7.2",
					"mssFile":	"",
					"md5Digest":	"85ba41434c82914f0e9e24fa6ddcf962",
					"compatibleApp":	"",
					"domType":	"mssDomain",
					"appSettings":	{
						"appCompilerFlags":	"",
						"appLinkerFlags":	""
					},
					"addedLibs":	[],
					"libOptions":	{
						"libsContainingOptions":	[]
					},
					"prebuiltLibs":	{
						"prebuiltIncPath":	[],
						"prebuiltLibPath":	[]
					},
					"isolation":	{
					}
				}]
		}]
}
KEYINFO::2025-02-28.09:45:43::SCWPlatform::updated the xpfm file.
TRACE::2025-02-28.09:45:43::SCWPlatform::Trying to open the hw design at C:/Users/oparker/workspace/TPG/hw/design_1_wrapper.xsa
TRACE::2025-02-28.09:45:43::SCWPlatform::DSA given C:/Users/oparker/workspace/TPG/hw/design_1_wrapper.xsa
TRACE::2025-02-28.09:45:43::SCWPlatform::DSA absoulate path C:/Users/oparker/workspace/TPG/hw/design_1_wrapper.xsa
TRACE::2025-02-28.09:45:43::SCWPlatform::DSA directory C:/Users/oparker/workspace/TPG/hw
TRACE::2025-02-28.09:45:43::SCWPlatform:: Platform Path C:/Users/oparker/workspace/TPG/hw/design_1_wrapper.xsa
TRACE::2025-02-28.09:45:43::SCWPlatform:: Unique name xilinx:zed::0.0
TRACE::2025-02-28.09:45:43::SCWPlatform::Trying to set the existing hwdb with name design_1_wrapper_1
TRACE::2025-02-28.09:45:43::SCWPlatform::Opened existing hwdb design_1_wrapper_1
TRACE::2025-02-28.09:45:43::SCWPlatform::Found the Hw Db part of the input DSA
TRACE::2025-02-28.09:45:43::SCWMssOS::Checking the sw design at  C:/Users/oparker/workspace/TPG/ps7_cortexa9_0/standalone_domain/bsp/system.mss
TRACE::2025-02-28.09:45:43::SCWMssOS::DEBUG:  swdes dump  C:/Users/oparker/workspace/TPG/ps7_cortexa9_0/standalone_domain/bsp/system.mss|system_0||
C:/Users/oparker/workspace/TPG/zynq_fsbl/zynq_fsbl_bsp/system.mss|system||

TRACE::2025-02-28.09:45:43::SCWMssOS::Sw design exists and opened at  C:/Users/oparker/workspace/TPG/ps7_cortexa9_0/standalone_domain/bsp/system.mss
TRACE::2025-02-28.09:45:43::SCWMssOS::Saving the mss changes C:/Users/oparker/workspace/TPG/zynq_fsbl/zynq_fsbl_bsp/system.mss
TRACE::2025-02-28.09:45:43::SCWMssOS::Found a swdesign opened with the mssfile.
TRACE::2025-02-28.09:45:43::SCWMssOS::Completed writemss as part of save.
TRACE::2025-02-28.09:45:43::SCWMssOS::Commit changes completed.
TRACE::2025-02-28.09:45:43::SCWMssOS::Saving the mss changes C:/Users/oparker/workspace/TPG/ps7_cortexa9_0/standalone_domain/bsp/system.mss
TRACE::2025-02-28.09:45:43::SCWMssOS::Found a swdesign opened with the mssfile.
TRACE::2025-02-28.09:45:43::SCWMssOS::Completed writemss as part of save.
TRACE::2025-02-28.09:45:43::SCWMssOS::Commit changes completed.
TRACE::2025-02-28.09:45:43::SCWPlatform::Trying to open the hw design at C:/Users/oparker/workspace/TPG/hw/design_1_wrapper.xsa
TRACE::2025-02-28.09:45:43::SCWPlatform::DSA given C:/Users/oparker/workspace/TPG/hw/design_1_wrapper.xsa
TRACE::2025-02-28.09:45:43::SCWPlatform::DSA absoulate path C:/Users/oparker/workspace/TPG/hw/design_1_wrapper.xsa
TRACE::2025-02-28.09:45:43::SCWPlatform::DSA directory C:/Users/oparker/workspace/TPG/hw
TRACE::2025-02-28.09:45:43::SCWPlatform:: Platform Path C:/Users/oparker/workspace/TPG/hw/design_1_wrapper.xsa
TRACE::2025-02-28.09:45:43::SCWPlatform:: Unique name xilinx:zed::0.0
TRACE::2025-02-28.09:45:43::SCWPlatform::Trying to set the existing hwdb with name design_1_wrapper_1
TRACE::2025-02-28.09:45:43::SCWPlatform::Opened existing hwdb design_1_wrapper_1
TRACE::2025-02-28.09:45:43::SCWPlatform::Found the Hw Db part of the input DSA
TRACE::2025-02-28.09:45:43::SCWMssOS::Checking the sw design at  C:/Users/oparker/workspace/TPG/zynq_fsbl/zynq_fsbl_bsp/system.mss
TRACE::2025-02-28.09:45:43::SCWMssOS::DEBUG:  swdes dump  C:/Users/oparker/workspace/TPG/ps7_cortexa9_0/standalone_domain/bsp/system.mss|system_0||
C:/Users/oparker/workspace/TPG/zynq_fsbl/zynq_fsbl_bsp/system.mss|system||

TRACE::2025-02-28.09:45:43::SCWMssOS::Sw design exists and opened at  C:/Users/oparker/workspace/TPG/zynq_fsbl/zynq_fsbl_bsp/system.mss
TRACE::2025-02-28.09:45:43::SCWPlatform::Trying to open the hw design at C:/Users/oparker/workspace/TPG/hw/design_1_wrapper.xsa
TRACE::2025-02-28.09:45:43::SCWPlatform::DSA given C:/Users/oparker/workspace/TPG/hw/design_1_wrapper.xsa
TRACE::2025-02-28.09:45:43::SCWPlatform::DSA absoulate path C:/Users/oparker/workspace/TPG/hw/design_1_wrapper.xsa
TRACE::2025-02-28.09:45:43::SCWPlatform::DSA directory C:/Users/oparker/workspace/TPG/hw
TRACE::2025-02-28.09:45:43::SCWPlatform:: Platform Path C:/Users/oparker/workspace/TPG/hw/design_1_wrapper.xsa
TRACE::2025-02-28.09:45:43::SCWPlatform:: Unique name xilinx:zed::0.0
TRACE::2025-02-28.09:45:43::SCWPlatform::Trying to set the existing hwdb with name design_1_wrapper_1
TRACE::2025-02-28.09:45:43::SCWPlatform::Opened existing hwdb design_1_wrapper_1
TRACE::2025-02-28.09:45:43::SCWPlatform::Found the Hw Db part of the input DSA
TRACE::2025-02-28.09:45:43::SCWMssOS::Checking the sw design at  C:/Users/oparker/workspace/TPG/zynq_fsbl/zynq_fsbl_bsp/system.mss
TRACE::2025-02-28.09:45:43::SCWMssOS::DEBUG:  swdes dump  C:/Users/oparker/workspace/TPG/ps7_cortexa9_0/standalone_domain/bsp/system.mss|system_0||
C:/Users/oparker/workspace/TPG/zynq_fsbl/zynq_fsbl_bsp/system.mss|system||

TRACE::2025-02-28.09:45:43::SCWMssOS::Sw design exists and opened at  C:/Users/oparker/workspace/TPG/zynq_fsbl/zynq_fsbl_bsp/system.mss
TRACE::2025-02-28.09:45:43::SCWPlatform::Trying to open the hw design at C:/Users/oparker/workspace/TPG/hw/design_1_wrapper.xsa
TRACE::2025-02-28.09:45:43::SCWPlatform::DSA given C:/Users/oparker/workspace/TPG/hw/design_1_wrapper.xsa
TRACE::2025-02-28.09:45:43::SCWPlatform::DSA absoulate path C:/Users/oparker/workspace/TPG/hw/design_1_wrapper.xsa
TRACE::2025-02-28.09:45:43::SCWPlatform::DSA directory C:/Users/oparker/workspace/TPG/hw
TRACE::2025-02-28.09:45:43::SCWPlatform:: Platform Path C:/Users/oparker/workspace/TPG/hw/design_1_wrapper.xsa
TRACE::2025-02-28.09:45:43::SCWPlatform:: Unique name xilinx:zed::0.0
TRACE::2025-02-28.09:45:43::SCWPlatform::Trying to set the existing hwdb with name design_1_wrapper_1
TRACE::2025-02-28.09:45:43::SCWPlatform::Opened existing hwdb design_1_wrapper_1
TRACE::2025-02-28.09:45:43::SCWPlatform::Found the Hw Db part of the input DSA
TRACE::2025-02-28.09:45:43::SCWMssOS::Checking the sw design at  C:/Users/oparker/workspace/TPG/zynq_fsbl/zynq_fsbl_bsp/system.mss
TRACE::2025-02-28.09:45:43::SCWMssOS::DEBUG:  swdes dump  C:/Users/oparker/workspace/TPG/ps7_cortexa9_0/standalone_domain/bsp/system.mss|system_0||
C:/Users/oparker/workspace/TPG/zynq_fsbl/zynq_fsbl_bsp/system.mss|system||

TRACE::2025-02-28.09:45:43::SCWMssOS::Sw design exists and opened at  C:/Users/oparker/workspace/TPG/zynq_fsbl/zynq_fsbl_bsp/system.mss
TRACE::2025-02-28.09:45:43::SCWPlatform::Trying to open the hw design at C:/Users/oparker/workspace/TPG/hw/design_1_wrapper.xsa
TRACE::2025-02-28.09:45:43::SCWPlatform::DSA given C:/Users/oparker/workspace/TPG/hw/design_1_wrapper.xsa
TRACE::2025-02-28.09:45:43::SCWPlatform::DSA absoulate path C:/Users/oparker/workspace/TPG/hw/design_1_wrapper.xsa
TRACE::2025-02-28.09:45:43::SCWPlatform::DSA directory C:/Users/oparker/workspace/TPG/hw
TRACE::2025-02-28.09:45:43::SCWPlatform:: Platform Path C:/Users/oparker/workspace/TPG/hw/design_1_wrapper.xsa
TRACE::2025-02-28.09:45:43::SCWPlatform:: Unique name xilinx:zed::0.0
TRACE::2025-02-28.09:45:43::SCWPlatform::Trying to set the existing hwdb with name design_1_wrapper_1
TRACE::2025-02-28.09:45:43::SCWPlatform::Opened existing hwdb design_1_wrapper_1
TRACE::2025-02-28.09:45:43::SCWPlatform::Found the Hw Db part of the input DSA
TRACE::2025-02-28.09:45:43::SCWMssOS::Checking the sw design at  C:/Users/oparker/workspace/TPG/ps7_cortexa9_0/standalone_domain/bsp/system.mss
TRACE::2025-02-28.09:45:43::SCWMssOS::DEBUG:  swdes dump  C:/Users/oparker/workspace/TPG/ps7_cortexa9_0/standalone_domain/bsp/system.mss|system_0||
C:/Users/oparker/workspace/TPG/zynq_fsbl/zynq_fsbl_bsp/system.mss|system||

TRACE::2025-02-28.09:45:43::SCWMssOS::Sw design exists and opened at  C:/Users/oparker/workspace/TPG/ps7_cortexa9_0/standalone_domain/bsp/system.mss
TRACE::2025-02-28.09:45:43::SCWPlatform::Trying to open the hw design at C:/Users/oparker/workspace/TPG/hw/design_1_wrapper.xsa
TRACE::2025-02-28.09:45:43::SCWPlatform::DSA given C:/Users/oparker/workspace/TPG/hw/design_1_wrapper.xsa
TRACE::2025-02-28.09:45:43::SCWPlatform::DSA absoulate path C:/Users/oparker/workspace/TPG/hw/design_1_wrapper.xsa
TRACE::2025-02-28.09:45:43::SCWPlatform::DSA directory C:/Users/oparker/workspace/TPG/hw
TRACE::2025-02-28.09:45:43::SCWPlatform:: Platform Path C:/Users/oparker/workspace/TPG/hw/design_1_wrapper.xsa
TRACE::2025-02-28.09:45:43::SCWPlatform:: Unique name xilinx:zed::0.0
TRACE::2025-02-28.09:45:43::SCWPlatform::Trying to set the existing hwdb with name design_1_wrapper_1
TRACE::2025-02-28.09:45:43::SCWPlatform::Opened existing hwdb design_1_wrapper_1
TRACE::2025-02-28.09:45:43::SCWPlatform::Found the Hw Db part of the input DSA
TRACE::2025-02-28.09:45:43::SCWMssOS::Checking the sw design at  C:/Users/oparker/workspace/TPG/ps7_cortexa9_0/standalone_domain/bsp/system.mss
TRACE::2025-02-28.09:45:43::SCWMssOS::DEBUG:  swdes dump  C:/Users/oparker/workspace/TPG/ps7_cortexa9_0/standalone_domain/bsp/system.mss|system_0||
C:/Users/oparker/workspace/TPG/zynq_fsbl/zynq_fsbl_bsp/system.mss|system||

TRACE::2025-02-28.09:45:43::SCWMssOS::Sw design exists and opened at  C:/Users/oparker/workspace/TPG/ps7_cortexa9_0/standalone_domain/bsp/system.mss
TRACE::2025-02-28.09:45:43::SCWPlatform::Trying to open the hw design at C:/Users/oparker/workspace/TPG/hw/design_1_wrapper.xsa
TRACE::2025-02-28.09:45:43::SCWPlatform::DSA given C:/Users/oparker/workspace/TPG/hw/design_1_wrapper.xsa
TRACE::2025-02-28.09:45:43::SCWPlatform::DSA absoulate path C:/Users/oparker/workspace/TPG/hw/design_1_wrapper.xsa
TRACE::2025-02-28.09:45:43::SCWPlatform::DSA directory C:/Users/oparker/workspace/TPG/hw
TRACE::2025-02-28.09:45:43::SCWPlatform:: Platform Path C:/Users/oparker/workspace/TPG/hw/design_1_wrapper.xsa
TRACE::2025-02-28.09:45:43::SCWPlatform:: Unique name xilinx:zed::0.0
TRACE::2025-02-28.09:45:43::SCWPlatform::Trying to set the existing hwdb with name design_1_wrapper_1
TRACE::2025-02-28.09:45:43::SCWPlatform::Opened existing hwdb design_1_wrapper_1
TRACE::2025-02-28.09:45:43::SCWPlatform::Found the Hw Db part of the input DSA
TRACE::2025-02-28.09:45:43::SCWMssOS::Checking the sw design at  C:/Users/oparker/workspace/TPG/ps7_cortexa9_0/standalone_domain/bsp/system.mss
TRACE::2025-02-28.09:45:43::SCWMssOS::DEBUG:  swdes dump  C:/Users/oparker/workspace/TPG/ps7_cortexa9_0/standalone_domain/bsp/system.mss|system_0||
C:/Users/oparker/workspace/TPG/zynq_fsbl/zynq_fsbl_bsp/system.mss|system||

TRACE::2025-02-28.09:45:43::SCWMssOS::Sw design exists and opened at  C:/Users/oparker/workspace/TPG/ps7_cortexa9_0/standalone_domain/bsp/system.mss
TRACE::2025-02-28.09:45:43::SCWWriter::formatted JSON is {
	"platformName":	"TPG",
	"sprVersion":	"2.0",
	"mode":	"gui",
	"dsaType":	"Fixed",
	"platformDesc":	"TPG",
	"platHandOff":	"C:/Users/oparker/cpre488-mp2/project_1/design_1_wrapper.xsa",
	"platIntHandOff":	"<platformDir>/hw/design_1_wrapper.xsa",
	"deviceType":	"zynq",
	"platIsPrebuiltAutogen":	"false",
	"platIsNoBootBsp":	"false",
	"platFsblTarget":	"ps7_cortexa9_0",
	"hasFsblMakeHasChanges":	"false",
	"hasPmufwMakeHasChanges":	"false",
	"fsblExtraCompilerFlags":	"-MMD -MP       -mcpu=cortex-a9 -mfpu=vfpv3 -mfloat-abi=hard ",
	"platPreBuiltFlag":	false,
	"platformSamplesDir":	"",
	"platActiveSys":	"TPG",
	"systems":	[{
			"systemName":	"TPG",
			"systemDesc":	"TPG",
			"sysIsBootAutoGen":	"true",
			"systemDispName":	"TPG",
			"sysActiveDom":	"standalone_domain",
			"sysDefaultDom":	"standalone_domain",
			"domains":	[{
					"domainName":	"zynq_fsbl",
					"domainDispName":	"zynq_fsbl",
					"domainDesc":	"FSBL Application BSP - Auto Generated.",
					"processors":	"ps7_cortexa9_0",
					"os":	"standalone",
					"sdxOs":	"standalone",
					"debugEnable":	"",
					"domRuntimes":	["cpp"],
					"swRepo":	"",
					"mssOsVer":	"7.2",
					"mssFile":	"",
					"md5Digest":	"158a679dab493f3308b1d2cbafc496b0",
					"compatibleApp":	"zynq_fsbl",
					"domType":	"bootDomain",
					"appSettings":	{
						"appCompilerFlags":	"",
						"appLinkerFlags":	""
					},
					"addedLibs":	["xilffs:4.3", "xilrsa:1.6"],
					"libOptions":	{
						"libsContainingOptions":	[]
					},
					"prebuiltLibs":	{
						"prebuiltIncPath":	[],
						"prebuiltLibPath":	[]
					},
					"isolation":	{
					}
				}, {
					"domainName":	"standalone_domain",
					"domainDispName":	"standalone_domain",
					"domainDesc":	"standalone_domain",
					"processors":	"ps7_cortexa9_0",
					"os":	"standalone",
					"sdxOs":	"standalone",
					"qemuArgs":	"C:/Xilinx/Vitis/2020.1/data/emulation/platforms/zynq/qemu/qemu_args.txt",
					"qemuData":	"C:/Xilinx/Vitis/2020.1/data/emulation/platforms/zynq/qemu/",
					"debugEnable":	"False",
					"domRuntimes":	["cpp"],
					"swRepo":	"",
					"mssOsVer":	"7.2",
					"mssFile":	"",
					"md5Digest":	"85ba41434c82914f0e9e24fa6ddcf962",
					"compatibleApp":	"",
					"domType":	"mssDomain",
					"appSettings":	{
						"appCompilerFlags":	"",
						"appLinkerFlags":	""
					},
					"addedLibs":	[],
					"libOptions":	{
						"libsContainingOptions":	[]
					},
					"prebuiltLibs":	{
						"prebuiltIncPath":	[],
						"prebuiltLibPath":	[]
					},
					"isolation":	{
					}
				}]
		}]
}
TRACE::2025-02-28.09:45:43::SCWPlatform::Trying to open the hw design at C:/Users/oparker/workspace/TPG/hw/design_1_wrapper.xsa
TRACE::2025-02-28.09:45:43::SCWPlatform::DSA given C:/Users/oparker/workspace/TPG/hw/design_1_wrapper.xsa
TRACE::2025-02-28.09:45:43::SCWPlatform::DSA absoulate path C:/Users/oparker/workspace/TPG/hw/design_1_wrapper.xsa
TRACE::2025-02-28.09:45:43::SCWPlatform::DSA directory C:/Users/oparker/workspace/TPG/hw
TRACE::2025-02-28.09:45:43::SCWPlatform:: Platform Path C:/Users/oparker/workspace/TPG/hw/design_1_wrapper.xsa
TRACE::2025-02-28.09:45:43::SCWPlatform:: Unique name xilinx:zed::0.0
TRACE::2025-02-28.09:45:43::SCWPlatform::Trying to set the existing hwdb with name design_1_wrapper_1
TRACE::2025-02-28.09:45:43::SCWPlatform::Opened existing hwdb design_1_wrapper_1
TRACE::2025-02-28.09:45:43::SCWPlatform::Found the Hw Db part of the input DSA
TRACE::2025-02-28.09:45:43::SCWMssOS::Checking the sw design at  C:/Users/oparker/workspace/TPG/ps7_cortexa9_0/standalone_domain/bsp/system.mss
TRACE::2025-02-28.09:45:43::SCWMssOS::DEBUG:  swdes dump  C:/Users/oparker/workspace/TPG/ps7_cortexa9_0/standalone_domain/bsp/system.mss|system_0||
C:/Users/oparker/workspace/TPG/zynq_fsbl/zynq_fsbl_bsp/system.mss|system||

TRACE::2025-02-28.09:45:43::SCWMssOS::Sw design exists and opened at  C:/Users/oparker/workspace/TPG/ps7_cortexa9_0/standalone_domain/bsp/system.mss
TRACE::2025-02-28.09:45:43::SCWPlatform::Trying to open the hw design at C:/Users/oparker/workspace/TPG/hw/design_1_wrapper.xsa
TRACE::2025-02-28.09:45:43::SCWPlatform::DSA given C:/Users/oparker/workspace/TPG/hw/design_1_wrapper.xsa
TRACE::2025-02-28.09:45:43::SCWPlatform::DSA absoulate path C:/Users/oparker/workspace/TPG/hw/design_1_wrapper.xsa
TRACE::2025-02-28.09:45:43::SCWPlatform::DSA directory C:/Users/oparker/workspace/TPG/hw
TRACE::2025-02-28.09:45:43::SCWPlatform:: Platform Path C:/Users/oparker/workspace/TPG/hw/design_1_wrapper.xsa
TRACE::2025-02-28.09:45:43::SCWPlatform:: Unique name xilinx:zed::0.0
TRACE::2025-02-28.09:45:43::SCWPlatform::Trying to set the existing hwdb with name design_1_wrapper_1
TRACE::2025-02-28.09:45:43::SCWPlatform::Opened existing hwdb design_1_wrapper_1
TRACE::2025-02-28.09:45:43::SCWPlatform::Found the Hw Db part of the input DSA
TRACE::2025-02-28.09:45:43::SCWMssOS::Checking the sw design at  C:/Users/oparker/workspace/TPG/ps7_cortexa9_0/standalone_domain/bsp/system.mss
TRACE::2025-02-28.09:45:43::SCWMssOS::DEBUG:  swdes dump  C:/Users/oparker/workspace/TPG/ps7_cortexa9_0/standalone_domain/bsp/system.mss|system_0||
C:/Users/oparker/workspace/TPG/zynq_fsbl/zynq_fsbl_bsp/system.mss|system||

TRACE::2025-02-28.09:45:43::SCWMssOS::Sw design exists and opened at  C:/Users/oparker/workspace/TPG/ps7_cortexa9_0/standalone_domain/bsp/system.mss
TRACE::2025-02-28.09:45:43::SCWPlatform::Trying to open the hw design at C:/Users/oparker/workspace/TPG/hw/design_1_wrapper.xsa
TRACE::2025-02-28.09:45:43::SCWPlatform::DSA given C:/Users/oparker/workspace/TPG/hw/design_1_wrapper.xsa
TRACE::2025-02-28.09:45:43::SCWPlatform::DSA absoulate path C:/Users/oparker/workspace/TPG/hw/design_1_wrapper.xsa
TRACE::2025-02-28.09:45:43::SCWPlatform::DSA directory C:/Users/oparker/workspace/TPG/hw
TRACE::2025-02-28.09:45:43::SCWPlatform:: Platform Path C:/Users/oparker/workspace/TPG/hw/design_1_wrapper.xsa
TRACE::2025-02-28.09:45:43::SCWPlatform:: Unique name xilinx:zed::0.0
TRACE::2025-02-28.09:45:43::SCWPlatform::Trying to set the existing hwdb with name design_1_wrapper_1
TRACE::2025-02-28.09:45:43::SCWPlatform::Opened existing hwdb design_1_wrapper_1
TRACE::2025-02-28.09:45:43::SCWPlatform::Found the Hw Db part of the input DSA
TRACE::2025-02-28.09:45:43::SCWMssOS::Checking the sw design at  C:/Users/oparker/workspace/TPG/ps7_cortexa9_0/standalone_domain/bsp/system.mss
TRACE::2025-02-28.09:45:43::SCWMssOS::DEBUG:  swdes dump  C:/Users/oparker/workspace/TPG/ps7_cortexa9_0/standalone_domain/bsp/system.mss|system_0||
C:/Users/oparker/workspace/TPG/zynq_fsbl/zynq_fsbl_bsp/system.mss|system||

TRACE::2025-02-28.09:45:43::SCWMssOS::Sw design exists and opened at  C:/Users/oparker/workspace/TPG/ps7_cortexa9_0/standalone_domain/bsp/system.mss
TRACE::2025-02-28.09:45:43::SCWMssOS::Saving the mss changes C:/Users/oparker/workspace/TPG/zynq_fsbl/zynq_fsbl_bsp/system.mss
TRACE::2025-02-28.09:45:43::SCWMssOS::Found a swdesign opened with the mssfile.
TRACE::2025-02-28.09:45:43::SCWMssOS::Completed writemss as part of save.
TRACE::2025-02-28.09:45:43::SCWMssOS::Commit changes completed.
TRACE::2025-02-28.09:45:43::SCWMssOS::Saving the mss changes C:/Users/oparker/workspace/TPG/ps7_cortexa9_0/standalone_domain/bsp/system.mss
TRACE::2025-02-28.09:45:43::SCWMssOS::Found a swdesign opened with the mssfile.
TRACE::2025-02-28.09:45:43::SCWMssOS::Completed writemss as part of save.
TRACE::2025-02-28.09:45:43::SCWMssOS::Commit changes completed.
TRACE::2025-02-28.09:45:43::SCWPlatform::Trying to open the hw design at C:/Users/oparker/workspace/TPG/hw/design_1_wrapper.xsa
TRACE::2025-02-28.09:45:43::SCWPlatform::DSA given C:/Users/oparker/workspace/TPG/hw/design_1_wrapper.xsa
TRACE::2025-02-28.09:45:43::SCWPlatform::DSA absoulate path C:/Users/oparker/workspace/TPG/hw/design_1_wrapper.xsa
TRACE::2025-02-28.09:45:43::SCWPlatform::DSA directory C:/Users/oparker/workspace/TPG/hw
TRACE::2025-02-28.09:45:43::SCWPlatform:: Platform Path C:/Users/oparker/workspace/TPG/hw/design_1_wrapper.xsa
TRACE::2025-02-28.09:45:43::SCWPlatform:: Unique name xilinx:zed::0.0
TRACE::2025-02-28.09:45:43::SCWPlatform::Trying to set the existing hwdb with name design_1_wrapper_1
TRACE::2025-02-28.09:45:43::SCWPlatform::Opened existing hwdb design_1_wrapper_1
TRACE::2025-02-28.09:45:43::SCWPlatform::Found the Hw Db part of the input DSA
TRACE::2025-02-28.09:45:43::SCWMssOS::Checking the sw design at  C:/Users/oparker/workspace/TPG/zynq_fsbl/zynq_fsbl_bsp/system.mss
TRACE::2025-02-28.09:45:43::SCWMssOS::DEBUG:  swdes dump  C:/Users/oparker/workspace/TPG/ps7_cortexa9_0/standalone_domain/bsp/system.mss|system_0||
C:/Users/oparker/workspace/TPG/zynq_fsbl/zynq_fsbl_bsp/system.mss|system||

TRACE::2025-02-28.09:45:43::SCWMssOS::Sw design exists and opened at  C:/Users/oparker/workspace/TPG/zynq_fsbl/zynq_fsbl_bsp/system.mss
TRACE::2025-02-28.09:45:43::SCWPlatform::Trying to open the hw design at C:/Users/oparker/workspace/TPG/hw/design_1_wrapper.xsa
TRACE::2025-02-28.09:45:43::SCWPlatform::DSA given C:/Users/oparker/workspace/TPG/hw/design_1_wrapper.xsa
TRACE::2025-02-28.09:45:43::SCWPlatform::DSA absoulate path C:/Users/oparker/workspace/TPG/hw/design_1_wrapper.xsa
TRACE::2025-02-28.09:45:43::SCWPlatform::DSA directory C:/Users/oparker/workspace/TPG/hw
TRACE::2025-02-28.09:45:43::SCWPlatform:: Platform Path C:/Users/oparker/workspace/TPG/hw/design_1_wrapper.xsa
TRACE::2025-02-28.09:45:43::SCWPlatform:: Unique name xilinx:zed::0.0
TRACE::2025-02-28.09:45:43::SCWPlatform::Trying to set the existing hwdb with name design_1_wrapper_1
TRACE::2025-02-28.09:45:43::SCWPlatform::Opened existing hwdb design_1_wrapper_1
TRACE::2025-02-28.09:45:43::SCWPlatform::Found the Hw Db part of the input DSA
TRACE::2025-02-28.09:45:43::SCWMssOS::Checking the sw design at  C:/Users/oparker/workspace/TPG/zynq_fsbl/zynq_fsbl_bsp/system.mss
TRACE::2025-02-28.09:45:43::SCWMssOS::DEBUG:  swdes dump  C:/Users/oparker/workspace/TPG/ps7_cortexa9_0/standalone_domain/bsp/system.mss|system_0||
C:/Users/oparker/workspace/TPG/zynq_fsbl/zynq_fsbl_bsp/system.mss|system||

TRACE::2025-02-28.09:45:43::SCWMssOS::Sw design exists and opened at  C:/Users/oparker/workspace/TPG/zynq_fsbl/zynq_fsbl_bsp/system.mss
TRACE::2025-02-28.09:45:43::SCWPlatform::Trying to open the hw design at C:/Users/oparker/workspace/TPG/hw/design_1_wrapper.xsa
TRACE::2025-02-28.09:45:43::SCWPlatform::DSA given C:/Users/oparker/workspace/TPG/hw/design_1_wrapper.xsa
TRACE::2025-02-28.09:45:43::SCWPlatform::DSA absoulate path C:/Users/oparker/workspace/TPG/hw/design_1_wrapper.xsa
TRACE::2025-02-28.09:45:43::SCWPlatform::DSA directory C:/Users/oparker/workspace/TPG/hw
TRACE::2025-02-28.09:45:43::SCWPlatform:: Platform Path C:/Users/oparker/workspace/TPG/hw/design_1_wrapper.xsa
TRACE::2025-02-28.09:45:43::SCWPlatform:: Unique name xilinx:zed::0.0
TRACE::2025-02-28.09:45:43::SCWPlatform::Trying to set the existing hwdb with name design_1_wrapper_1
TRACE::2025-02-28.09:45:43::SCWPlatform::Opened existing hwdb design_1_wrapper_1
TRACE::2025-02-28.09:45:43::SCWPlatform::Found the Hw Db part of the input DSA
TRACE::2025-02-28.09:45:43::SCWMssOS::Checking the sw design at  C:/Users/oparker/workspace/TPG/zynq_fsbl/zynq_fsbl_bsp/system.mss
TRACE::2025-02-28.09:45:43::SCWMssOS::DEBUG:  swdes dump  C:/Users/oparker/workspace/TPG/ps7_cortexa9_0/standalone_domain/bsp/system.mss|system_0||
C:/Users/oparker/workspace/TPG/zynq_fsbl/zynq_fsbl_bsp/system.mss|system||

TRACE::2025-02-28.09:45:43::SCWMssOS::Sw design exists and opened at  C:/Users/oparker/workspace/TPG/zynq_fsbl/zynq_fsbl_bsp/system.mss
TRACE::2025-02-28.09:45:43::SCWPlatform::Trying to open the hw design at C:/Users/oparker/workspace/TPG/hw/design_1_wrapper.xsa
TRACE::2025-02-28.09:45:43::SCWPlatform::DSA given C:/Users/oparker/workspace/TPG/hw/design_1_wrapper.xsa
TRACE::2025-02-28.09:45:43::SCWPlatform::DSA absoulate path C:/Users/oparker/workspace/TPG/hw/design_1_wrapper.xsa
TRACE::2025-02-28.09:45:43::SCWPlatform::DSA directory C:/Users/oparker/workspace/TPG/hw
TRACE::2025-02-28.09:45:43::SCWPlatform:: Platform Path C:/Users/oparker/workspace/TPG/hw/design_1_wrapper.xsa
TRACE::2025-02-28.09:45:43::SCWPlatform:: Unique name xilinx:zed::0.0
TRACE::2025-02-28.09:45:43::SCWPlatform::Trying to set the existing hwdb with name design_1_wrapper_1
TRACE::2025-02-28.09:45:43::SCWPlatform::Opened existing hwdb design_1_wrapper_1
TRACE::2025-02-28.09:45:43::SCWPlatform::Found the Hw Db part of the input DSA
TRACE::2025-02-28.09:45:43::SCWMssOS::Checking the sw design at  C:/Users/oparker/workspace/TPG/ps7_cortexa9_0/standalone_domain/bsp/system.mss
TRACE::2025-02-28.09:45:43::SCWMssOS::DEBUG:  swdes dump  C:/Users/oparker/workspace/TPG/ps7_cortexa9_0/standalone_domain/bsp/system.mss|system_0||
C:/Users/oparker/workspace/TPG/zynq_fsbl/zynq_fsbl_bsp/system.mss|system||

TRACE::2025-02-28.09:45:43::SCWMssOS::Sw design exists and opened at  C:/Users/oparker/workspace/TPG/ps7_cortexa9_0/standalone_domain/bsp/system.mss
TRACE::2025-02-28.09:45:43::SCWPlatform::Trying to open the hw design at C:/Users/oparker/workspace/TPG/hw/design_1_wrapper.xsa
TRACE::2025-02-28.09:45:43::SCWPlatform::DSA given C:/Users/oparker/workspace/TPG/hw/design_1_wrapper.xsa
TRACE::2025-02-28.09:45:43::SCWPlatform::DSA absoulate path C:/Users/oparker/workspace/TPG/hw/design_1_wrapper.xsa
TRACE::2025-02-28.09:45:43::SCWPlatform::DSA directory C:/Users/oparker/workspace/TPG/hw
TRACE::2025-02-28.09:45:43::SCWPlatform:: Platform Path C:/Users/oparker/workspace/TPG/hw/design_1_wrapper.xsa
TRACE::2025-02-28.09:45:43::SCWPlatform:: Unique name xilinx:zed::0.0
TRACE::2025-02-28.09:45:43::SCWPlatform::Trying to set the existing hwdb with name design_1_wrapper_1
TRACE::2025-02-28.09:45:43::SCWPlatform::Opened existing hwdb design_1_wrapper_1
TRACE::2025-02-28.09:45:43::SCWPlatform::Found the Hw Db part of the input DSA
TRACE::2025-02-28.09:45:43::SCWMssOS::Checking the sw design at  C:/Users/oparker/workspace/TPG/ps7_cortexa9_0/standalone_domain/bsp/system.mss
TRACE::2025-02-28.09:45:43::SCWMssOS::DEBUG:  swdes dump  C:/Users/oparker/workspace/TPG/ps7_cortexa9_0/standalone_domain/bsp/system.mss|system_0||
C:/Users/oparker/workspace/TPG/zynq_fsbl/zynq_fsbl_bsp/system.mss|system||

TRACE::2025-02-28.09:45:43::SCWMssOS::Sw design exists and opened at  C:/Users/oparker/workspace/TPG/ps7_cortexa9_0/standalone_domain/bsp/system.mss
TRACE::2025-02-28.09:45:43::SCWPlatform::Trying to open the hw design at C:/Users/oparker/workspace/TPG/hw/design_1_wrapper.xsa
TRACE::2025-02-28.09:45:43::SCWPlatform::DSA given C:/Users/oparker/workspace/TPG/hw/design_1_wrapper.xsa
TRACE::2025-02-28.09:45:43::SCWPlatform::DSA absoulate path C:/Users/oparker/workspace/TPG/hw/design_1_wrapper.xsa
TRACE::2025-02-28.09:45:43::SCWPlatform::DSA directory C:/Users/oparker/workspace/TPG/hw
TRACE::2025-02-28.09:45:43::SCWPlatform:: Platform Path C:/Users/oparker/workspace/TPG/hw/design_1_wrapper.xsa
TRACE::2025-02-28.09:45:43::SCWPlatform:: Unique name xilinx:zed::0.0
TRACE::2025-02-28.09:45:43::SCWPlatform::Trying to set the existing hwdb with name design_1_wrapper_1
TRACE::2025-02-28.09:45:43::SCWPlatform::Opened existing hwdb design_1_wrapper_1
TRACE::2025-02-28.09:45:43::SCWPlatform::Found the Hw Db part of the input DSA
TRACE::2025-02-28.09:45:43::SCWMssOS::Checking the sw design at  C:/Users/oparker/workspace/TPG/ps7_cortexa9_0/standalone_domain/bsp/system.mss
TRACE::2025-02-28.09:45:43::SCWMssOS::DEBUG:  swdes dump  C:/Users/oparker/workspace/TPG/ps7_cortexa9_0/standalone_domain/bsp/system.mss|system_0||
C:/Users/oparker/workspace/TPG/zynq_fsbl/zynq_fsbl_bsp/system.mss|system||

TRACE::2025-02-28.09:45:43::SCWMssOS::Sw design exists and opened at  C:/Users/oparker/workspace/TPG/ps7_cortexa9_0/standalone_domain/bsp/system.mss
TRACE::2025-02-28.09:45:43::SCWWriter::formatted JSON is {
	"platformName":	"TPG",
	"sprVersion":	"2.0",
	"mode":	"gui",
	"dsaType":	"Fixed",
	"platformDesc":	"TPG",
	"platHandOff":	"C:/Users/oparker/cpre488-mp2/project_1/design_1_wrapper.xsa",
	"platIntHandOff":	"<platformDir>/hw/design_1_wrapper.xsa",
	"deviceType":	"zynq",
	"platIsPrebuiltAutogen":	"false",
	"platIsNoBootBsp":	"false",
	"platFsblTarget":	"ps7_cortexa9_0",
	"hasFsblMakeHasChanges":	"false",
	"hasPmufwMakeHasChanges":	"false",
	"fsblExtraCompilerFlags":	"-MMD -MP       -mcpu=cortex-a9 -mfpu=vfpv3 -mfloat-abi=hard ",
	"platPreBuiltFlag":	false,
	"platformSamplesDir":	"",
	"platActiveSys":	"TPG",
	"systems":	[{
			"systemName":	"TPG",
			"systemDesc":	"TPG",
			"sysIsBootAutoGen":	"true",
			"systemDispName":	"TPG",
			"sysActiveDom":	"standalone_domain",
			"sysDefaultDom":	"standalone_domain",
			"domains":	[{
					"domainName":	"zynq_fsbl",
					"domainDispName":	"zynq_fsbl",
					"domainDesc":	"FSBL Application BSP - Auto Generated.",
					"processors":	"ps7_cortexa9_0",
					"os":	"standalone",
					"sdxOs":	"standalone",
					"debugEnable":	"",
					"domRuntimes":	["cpp"],
					"swRepo":	"",
					"mssOsVer":	"7.2",
					"mssFile":	"",
					"md5Digest":	"158a679dab493f3308b1d2cbafc496b0",
					"compatibleApp":	"zynq_fsbl",
					"domType":	"bootDomain",
					"appSettings":	{
						"appCompilerFlags":	"",
						"appLinkerFlags":	""
					},
					"addedLibs":	["xilffs:4.3", "xilrsa:1.6"],
					"libOptions":	{
						"libsContainingOptions":	[]
					},
					"prebuiltLibs":	{
						"prebuiltIncPath":	[],
						"prebuiltLibPath":	[]
					},
					"isolation":	{
					}
				}, {
					"domainName":	"standalone_domain",
					"domainDispName":	"standalone on ps7_cortexa9_0",
					"domainDesc":	"standalone_domain",
					"processors":	"ps7_cortexa9_0",
					"os":	"standalone",
					"sdxOs":	"standalone",
					"qemuArgs":	"C:/Xilinx/Vitis/2020.1/data/emulation/platforms/zynq/qemu/qemu_args.txt",
					"qemuData":	"C:/Xilinx/Vitis/2020.1/data/emulation/platforms/zynq/qemu/",
					"debugEnable":	"False",
					"domRuntimes":	["cpp"],
					"swRepo":	"",
					"mssOsVer":	"7.2",
					"mssFile":	"",
					"md5Digest":	"85ba41434c82914f0e9e24fa6ddcf962",
					"compatibleApp":	"",
					"domType":	"mssDomain",
					"appSettings":	{
						"appCompilerFlags":	"",
						"appLinkerFlags":	""
					},
					"addedLibs":	[],
					"libOptions":	{
						"libsContainingOptions":	[]
					},
					"prebuiltLibs":	{
						"prebuiltIncPath":	[],
						"prebuiltLibPath":	[]
					},
					"isolation":	{
					}
				}]
		}]
}
TRACE::2025-02-28.09:45:43::SCWMssOS::Saving the mss changes C:/Users/oparker/workspace/TPG/zynq_fsbl/zynq_fsbl_bsp/system.mss
TRACE::2025-02-28.09:45:43::SCWMssOS::Found a swdesign opened with the mssfile.
TRACE::2025-02-28.09:45:43::SCWMssOS::Completed writemss as part of save.
TRACE::2025-02-28.09:45:43::SCWMssOS::Commit changes completed.
TRACE::2025-02-28.09:45:43::SCWMssOS::Saving the mss changes C:/Users/oparker/workspace/TPG/ps7_cortexa9_0/standalone_domain/bsp/system.mss
TRACE::2025-02-28.09:45:43::SCWMssOS::Found a swdesign opened with the mssfile.
TRACE::2025-02-28.09:45:43::SCWMssOS::Completed writemss as part of save.
TRACE::2025-02-28.09:45:43::SCWMssOS::Commit changes completed.
TRACE::2025-02-28.09:45:43::SCWPlatform::Trying to open the hw design at C:/Users/oparker/workspace/TPG/hw/design_1_wrapper.xsa
TRACE::2025-02-28.09:45:43::SCWPlatform::DSA given C:/Users/oparker/workspace/TPG/hw/design_1_wrapper.xsa
TRACE::2025-02-28.09:45:43::SCWPlatform::DSA absoulate path C:/Users/oparker/workspace/TPG/hw/design_1_wrapper.xsa
TRACE::2025-02-28.09:45:43::SCWPlatform::DSA directory C:/Users/oparker/workspace/TPG/hw
TRACE::2025-02-28.09:45:43::SCWPlatform:: Platform Path C:/Users/oparker/workspace/TPG/hw/design_1_wrapper.xsa
TRACE::2025-02-28.09:45:43::SCWPlatform:: Unique name xilinx:zed::0.0
TRACE::2025-02-28.09:45:43::SCWPlatform::Trying to set the existing hwdb with name design_1_wrapper_1
TRACE::2025-02-28.09:45:43::SCWPlatform::Opened existing hwdb design_1_wrapper_1
TRACE::2025-02-28.09:45:43::SCWPlatform::Found the Hw Db part of the input DSA
TRACE::2025-02-28.09:45:43::SCWMssOS::Checking the sw design at  C:/Users/oparker/workspace/TPG/zynq_fsbl/zynq_fsbl_bsp/system.mss
TRACE::2025-02-28.09:45:43::SCWMssOS::DEBUG:  swdes dump  C:/Users/oparker/workspace/TPG/ps7_cortexa9_0/standalone_domain/bsp/system.mss|system_0||
C:/Users/oparker/workspace/TPG/zynq_fsbl/zynq_fsbl_bsp/system.mss|system||

TRACE::2025-02-28.09:45:43::SCWMssOS::Sw design exists and opened at  C:/Users/oparker/workspace/TPG/zynq_fsbl/zynq_fsbl_bsp/system.mss
TRACE::2025-02-28.09:45:43::SCWPlatform::Trying to open the hw design at C:/Users/oparker/workspace/TPG/hw/design_1_wrapper.xsa
TRACE::2025-02-28.09:45:43::SCWPlatform::DSA given C:/Users/oparker/workspace/TPG/hw/design_1_wrapper.xsa
TRACE::2025-02-28.09:45:43::SCWPlatform::DSA absoulate path C:/Users/oparker/workspace/TPG/hw/design_1_wrapper.xsa
TRACE::2025-02-28.09:45:43::SCWPlatform::DSA directory C:/Users/oparker/workspace/TPG/hw
TRACE::2025-02-28.09:45:43::SCWPlatform:: Platform Path C:/Users/oparker/workspace/TPG/hw/design_1_wrapper.xsa
TRACE::2025-02-28.09:45:43::SCWPlatform:: Unique name xilinx:zed::0.0
TRACE::2025-02-28.09:45:43::SCWPlatform::Trying to set the existing hwdb with name design_1_wrapper_1
TRACE::2025-02-28.09:45:43::SCWPlatform::Opened existing hwdb design_1_wrapper_1
TRACE::2025-02-28.09:45:43::SCWPlatform::Found the Hw Db part of the input DSA
TRACE::2025-02-28.09:45:43::SCWMssOS::Checking the sw design at  C:/Users/oparker/workspace/TPG/zynq_fsbl/zynq_fsbl_bsp/system.mss
TRACE::2025-02-28.09:45:43::SCWMssOS::DEBUG:  swdes dump  C:/Users/oparker/workspace/TPG/ps7_cortexa9_0/standalone_domain/bsp/system.mss|system_0||
C:/Users/oparker/workspace/TPG/zynq_fsbl/zynq_fsbl_bsp/system.mss|system||

TRACE::2025-02-28.09:45:43::SCWMssOS::Sw design exists and opened at  C:/Users/oparker/workspace/TPG/zynq_fsbl/zynq_fsbl_bsp/system.mss
TRACE::2025-02-28.09:45:43::SCWPlatform::Trying to open the hw design at C:/Users/oparker/workspace/TPG/hw/design_1_wrapper.xsa
TRACE::2025-02-28.09:45:43::SCWPlatform::DSA given C:/Users/oparker/workspace/TPG/hw/design_1_wrapper.xsa
TRACE::2025-02-28.09:45:43::SCWPlatform::DSA absoulate path C:/Users/oparker/workspace/TPG/hw/design_1_wrapper.xsa
TRACE::2025-02-28.09:45:43::SCWPlatform::DSA directory C:/Users/oparker/workspace/TPG/hw
TRACE::2025-02-28.09:45:43::SCWPlatform:: Platform Path C:/Users/oparker/workspace/TPG/hw/design_1_wrapper.xsa
TRACE::2025-02-28.09:45:43::SCWPlatform:: Unique name xilinx:zed::0.0
TRACE::2025-02-28.09:45:43::SCWPlatform::Trying to set the existing hwdb with name design_1_wrapper_1
TRACE::2025-02-28.09:45:43::SCWPlatform::Opened existing hwdb design_1_wrapper_1
TRACE::2025-02-28.09:45:43::SCWPlatform::Found the Hw Db part of the input DSA
TRACE::2025-02-28.09:45:43::SCWMssOS::Checking the sw design at  C:/Users/oparker/workspace/TPG/zynq_fsbl/zynq_fsbl_bsp/system.mss
TRACE::2025-02-28.09:45:43::SCWMssOS::DEBUG:  swdes dump  C:/Users/oparker/workspace/TPG/ps7_cortexa9_0/standalone_domain/bsp/system.mss|system_0||
C:/Users/oparker/workspace/TPG/zynq_fsbl/zynq_fsbl_bsp/system.mss|system||

TRACE::2025-02-28.09:45:43::SCWMssOS::Sw design exists and opened at  C:/Users/oparker/workspace/TPG/zynq_fsbl/zynq_fsbl_bsp/system.mss
TRACE::2025-02-28.09:45:43::SCWPlatform::Trying to open the hw design at C:/Users/oparker/workspace/TPG/hw/design_1_wrapper.xsa
TRACE::2025-02-28.09:45:43::SCWPlatform::DSA given C:/Users/oparker/workspace/TPG/hw/design_1_wrapper.xsa
TRACE::2025-02-28.09:45:43::SCWPlatform::DSA absoulate path C:/Users/oparker/workspace/TPG/hw/design_1_wrapper.xsa
TRACE::2025-02-28.09:45:43::SCWPlatform::DSA directory C:/Users/oparker/workspace/TPG/hw
TRACE::2025-02-28.09:45:43::SCWPlatform:: Platform Path C:/Users/oparker/workspace/TPG/hw/design_1_wrapper.xsa
TRACE::2025-02-28.09:45:43::SCWPlatform:: Unique name xilinx:zed::0.0
TRACE::2025-02-28.09:45:43::SCWPlatform::Trying to set the existing hwdb with name design_1_wrapper_1
TRACE::2025-02-28.09:45:43::SCWPlatform::Opened existing hwdb design_1_wrapper_1
TRACE::2025-02-28.09:45:43::SCWPlatform::Found the Hw Db part of the input DSA
TRACE::2025-02-28.09:45:43::SCWMssOS::Checking the sw design at  C:/Users/oparker/workspace/TPG/ps7_cortexa9_0/standalone_domain/bsp/system.mss
TRACE::2025-02-28.09:45:43::SCWMssOS::DEBUG:  swdes dump  C:/Users/oparker/workspace/TPG/ps7_cortexa9_0/standalone_domain/bsp/system.mss|system_0||
C:/Users/oparker/workspace/TPG/zynq_fsbl/zynq_fsbl_bsp/system.mss|system||

TRACE::2025-02-28.09:45:43::SCWMssOS::Sw design exists and opened at  C:/Users/oparker/workspace/TPG/ps7_cortexa9_0/standalone_domain/bsp/system.mss
TRACE::2025-02-28.09:45:43::SCWPlatform::Trying to open the hw design at C:/Users/oparker/workspace/TPG/hw/design_1_wrapper.xsa
TRACE::2025-02-28.09:45:43::SCWPlatform::DSA given C:/Users/oparker/workspace/TPG/hw/design_1_wrapper.xsa
TRACE::2025-02-28.09:45:43::SCWPlatform::DSA absoulate path C:/Users/oparker/workspace/TPG/hw/design_1_wrapper.xsa
TRACE::2025-02-28.09:45:43::SCWPlatform::DSA directory C:/Users/oparker/workspace/TPG/hw
TRACE::2025-02-28.09:45:43::SCWPlatform:: Platform Path C:/Users/oparker/workspace/TPG/hw/design_1_wrapper.xsa
TRACE::2025-02-28.09:45:43::SCWPlatform:: Unique name xilinx:zed::0.0
TRACE::2025-02-28.09:45:43::SCWPlatform::Trying to set the existing hwdb with name design_1_wrapper_1
TRACE::2025-02-28.09:45:43::SCWPlatform::Opened existing hwdb design_1_wrapper_1
TRACE::2025-02-28.09:45:43::SCWPlatform::Found the Hw Db part of the input DSA
TRACE::2025-02-28.09:45:43::SCWMssOS::Checking the sw design at  C:/Users/oparker/workspace/TPG/ps7_cortexa9_0/standalone_domain/bsp/system.mss
TRACE::2025-02-28.09:45:43::SCWMssOS::DEBUG:  swdes dump  C:/Users/oparker/workspace/TPG/ps7_cortexa9_0/standalone_domain/bsp/system.mss|system_0||
C:/Users/oparker/workspace/TPG/zynq_fsbl/zynq_fsbl_bsp/system.mss|system||

TRACE::2025-02-28.09:45:43::SCWMssOS::Sw design exists and opened at  C:/Users/oparker/workspace/TPG/ps7_cortexa9_0/standalone_domain/bsp/system.mss
TRACE::2025-02-28.09:45:43::SCWPlatform::Trying to open the hw design at C:/Users/oparker/workspace/TPG/hw/design_1_wrapper.xsa
TRACE::2025-02-28.09:45:43::SCWPlatform::DSA given C:/Users/oparker/workspace/TPG/hw/design_1_wrapper.xsa
TRACE::2025-02-28.09:45:43::SCWPlatform::DSA absoulate path C:/Users/oparker/workspace/TPG/hw/design_1_wrapper.xsa
TRACE::2025-02-28.09:45:43::SCWPlatform::DSA directory C:/Users/oparker/workspace/TPG/hw
TRACE::2025-02-28.09:45:43::SCWPlatform:: Platform Path C:/Users/oparker/workspace/TPG/hw/design_1_wrapper.xsa
TRACE::2025-02-28.09:45:43::SCWPlatform:: Unique name xilinx:zed::0.0
TRACE::2025-02-28.09:45:43::SCWPlatform::Trying to set the existing hwdb with name design_1_wrapper_1
TRACE::2025-02-28.09:45:43::SCWPlatform::Opened existing hwdb design_1_wrapper_1
TRACE::2025-02-28.09:45:43::SCWPlatform::Found the Hw Db part of the input DSA
TRACE::2025-02-28.09:45:43::SCWMssOS::Checking the sw design at  C:/Users/oparker/workspace/TPG/ps7_cortexa9_0/standalone_domain/bsp/system.mss
TRACE::2025-02-28.09:45:43::SCWMssOS::DEBUG:  swdes dump  C:/Users/oparker/workspace/TPG/ps7_cortexa9_0/standalone_domain/bsp/system.mss|system_0||
C:/Users/oparker/workspace/TPG/zynq_fsbl/zynq_fsbl_bsp/system.mss|system||

TRACE::2025-02-28.09:45:43::SCWMssOS::Sw design exists and opened at  C:/Users/oparker/workspace/TPG/ps7_cortexa9_0/standalone_domain/bsp/system.mss
TRACE::2025-02-28.09:45:43::SCWWriter::formatted JSON is {
	"platformName":	"TPG",
	"sprVersion":	"2.0",
	"mode":	"gui",
	"dsaType":	"Fixed",
	"platformDesc":	"TPG",
	"platHandOff":	"C:/Users/oparker/cpre488-mp2/project_1/design_1_wrapper.xsa",
	"platIntHandOff":	"<platformDir>/hw/design_1_wrapper.xsa",
	"deviceType":	"zynq",
	"platIsPrebuiltAutogen":	"false",
	"platIsNoBootBsp":	"false",
	"platFsblTarget":	"ps7_cortexa9_0",
	"hasFsblMakeHasChanges":	"false",
	"hasPmufwMakeHasChanges":	"false",
	"fsblExtraCompilerFlags":	"-MMD -MP       -mcpu=cortex-a9 -mfpu=vfpv3 -mfloat-abi=hard ",
	"platPreBuiltFlag":	false,
	"platformSamplesDir":	"",
	"platActiveSys":	"TPG",
	"systems":	[{
			"systemName":	"TPG",
			"systemDesc":	"TPG",
			"sysIsBootAutoGen":	"true",
			"systemDispName":	"TPG",
			"sysActiveDom":	"standalone_domain",
			"sysDefaultDom":	"standalone_domain",
			"domains":	[{
					"domainName":	"zynq_fsbl",
					"domainDispName":	"zynq_fsbl",
					"domainDesc":	"FSBL Application BSP - Auto Generated.",
					"processors":	"ps7_cortexa9_0",
					"os":	"standalone",
					"sdxOs":	"standalone",
					"debugEnable":	"",
					"domRuntimes":	["cpp"],
					"swRepo":	"",
					"mssOsVer":	"7.2",
					"mssFile":	"",
					"md5Digest":	"158a679dab493f3308b1d2cbafc496b0",
					"compatibleApp":	"zynq_fsbl",
					"domType":	"bootDomain",
					"appSettings":	{
						"appCompilerFlags":	"",
						"appLinkerFlags":	""
					},
					"addedLibs":	["xilffs:4.3", "xilrsa:1.6"],
					"libOptions":	{
						"libsContainingOptions":	[]
					},
					"prebuiltLibs":	{
						"prebuiltIncPath":	[],
						"prebuiltLibPath":	[]
					},
					"isolation":	{
					}
				}, {
					"domainName":	"standalone_domain",
					"domainDispName":	"standalone on ps7_cortexa9_0",
					"domainDesc":	"standalone_domain",
					"processors":	"ps7_cortexa9_0",
					"os":	"standalone",
					"sdxOs":	"standalone",
					"qemuArgs":	"C:/Xilinx/Vitis/2020.1/data/emulation/platforms/zynq/qemu/qemu_args.txt",
					"qemuData":	"C:/Xilinx/Vitis/2020.1/data/emulation/platforms/zynq/qemu/",
					"debugEnable":	"False",
					"domRuntimes":	["cpp"],
					"swRepo":	"",
					"mssOsVer":	"7.2",
					"mssFile":	"",
					"md5Digest":	"85ba41434c82914f0e9e24fa6ddcf962",
					"compatibleApp":	"",
					"domType":	"mssDomain",
					"appSettings":	{
						"appCompilerFlags":	"",
						"appLinkerFlags":	""
					},
					"addedLibs":	[],
					"libOptions":	{
						"libsContainingOptions":	[]
					},
					"prebuiltLibs":	{
						"prebuiltIncPath":	[],
						"prebuiltLibPath":	[]
					},
					"isolation":	{
					}
				}]
		}]
}
TRACE::2025-02-28.09:45:43::SCWPlatform::Clearing the existing platform
TRACE::2025-02-28.09:45:43::SCWSystem::Clearing the existing sysconfig
TRACE::2025-02-28.09:45:43::SCWBDomain::clearing the fsbl build
TRACE::2025-02-28.09:45:43::SCWMssOS::Removing the swdes entry for  C:/Users/oparker/workspace/TPG/zynq_fsbl/zynq_fsbl_bsp/system.mss
TRACE::2025-02-28.09:45:43::SCWMssOS::Removing the swdes entry for  C:/Users/oparker/workspace/TPG/ps7_cortexa9_0/standalone_domain/bsp/system.mss
TRACE::2025-02-28.09:45:43::SCWSystem::Clearing the domains completed.
TRACE::2025-02-28.09:45:43::SCWPlatform::Clearing the opened hw db.
TRACE::2025-02-28.09:45:43::SCWPlatform::DSA given C:/Users/oparker/workspace/TPG/hw/design_1_wrapper.xsa
TRACE::2025-02-28.09:45:43::SCWPlatform::DSA absoulate path C:/Users/oparker/workspace/TPG/hw/design_1_wrapper.xsa
TRACE::2025-02-28.09:45:43::SCWPlatform:: Platform location is C:/Users/oparker/workspace/TPG/hw
TRACE::2025-02-28.09:45:43::SCWPlatform:: Platform Path C:/Users/oparker/workspace/TPG/hw/design_1_wrapper.xsa
TRACE::2025-02-28.09:45:43::SCWPlatform:: Unique name xilinx:zed::0.0
TRACE::2025-02-28.09:45:43::SCWPlatform::Removing the HwDB with name C:/Users/oparker/workspace/TPG/hw/design_1_wrapper.xsa
TRACE::2025-02-28.09:45:43::SCWPlatform::Trying to open the hw design at C:/Users/oparker/workspace/TPG/hw/design_1_wrapper.xsa
TRACE::2025-02-28.09:45:43::SCWPlatform::DSA given C:/Users/oparker/workspace/TPG/hw/design_1_wrapper.xsa
TRACE::2025-02-28.09:45:43::SCWPlatform::DSA absoulate path C:/Users/oparker/workspace/TPG/hw/design_1_wrapper.xsa
TRACE::2025-02-28.09:45:43::SCWPlatform::DSA directory C:/Users/oparker/workspace/TPG/hw
TRACE::2025-02-28.09:45:43::SCWPlatform:: Platform Path C:/Users/oparker/workspace/TPG/hw/design_1_wrapper.xsa
TRACE::2025-02-28.09:45:43::SCWPlatform:: Unique name xilinx:zed::0.0
TRACE::2025-02-28.09:45:43::SCWPlatform::Do not have an existing db opened. 
TRACE::2025-02-28.09:45:45::SCWPlatform::Opened new HwDB with name design_1_wrapper_2
TRACE::2025-02-28.09:45:45::SCWReader::Active system found as  TPG
TRACE::2025-02-28.09:45:45::SCWReader::Handling sysconfig TPG
TRACE::2025-02-28.09:45:45::SCWDomain::checking for install qemu data   : 
TRACE::2025-02-28.09:45:45::SCWDomain:: Using the QEMU Data from install at  : C:/Xilinx/Vitis/2020.1/data/emulation/platforms/zynq/qemu/
TRACE::2025-02-28.09:45:45::SCWDomain:: Using the QEMU args  from install at  : C:/Xilinx/Vitis/2020.1/data/emulation/platforms/zynq/qemu/qemu_args.txt
TRACE::2025-02-28.09:45:45::SCWPlatform::Trying to open the hw design at C:/Users/oparker/workspace/TPG/hw/design_1_wrapper.xsa
TRACE::2025-02-28.09:45:45::SCWPlatform::DSA given C:/Users/oparker/workspace/TPG/hw/design_1_wrapper.xsa
TRACE::2025-02-28.09:45:45::SCWPlatform::DSA absoulate path C:/Users/oparker/workspace/TPG/hw/design_1_wrapper.xsa
TRACE::2025-02-28.09:45:45::SCWPlatform::DSA directory C:/Users/oparker/workspace/TPG/hw
TRACE::2025-02-28.09:45:45::SCWPlatform:: Platform Path C:/Users/oparker/workspace/TPG/hw/design_1_wrapper.xsa
TRACE::2025-02-28.09:45:45::SCWPlatform:: Unique name xilinx:zed::0.0
TRACE::2025-02-28.09:45:45::SCWPlatform::Trying to set the existing hwdb with name design_1_wrapper_2
TRACE::2025-02-28.09:45:45::SCWPlatform::Opened existing hwdb design_1_wrapper_2
TRACE::2025-02-28.09:45:45::SCWPlatform::Found the Hw Db part of the input DSA
TRACE::2025-02-28.09:45:45::SCWPlatform::Trying to open the hw design at C:/Users/oparker/workspace/TPG/hw/design_1_wrapper.xsa
TRACE::2025-02-28.09:45:45::SCWPlatform::DSA given C:/Users/oparker/workspace/TPG/hw/design_1_wrapper.xsa
TRACE::2025-02-28.09:45:45::SCWPlatform::DSA absoulate path C:/Users/oparker/workspace/TPG/hw/design_1_wrapper.xsa
TRACE::2025-02-28.09:45:45::SCWPlatform::DSA directory C:/Users/oparker/workspace/TPG/hw
TRACE::2025-02-28.09:45:45::SCWPlatform:: Platform Path C:/Users/oparker/workspace/TPG/hw/design_1_wrapper.xsa
TRACE::2025-02-28.09:45:45::SCWPlatform:: Unique name xilinx:zed::0.0
TRACE::2025-02-28.09:45:45::SCWPlatform::Trying to set the existing hwdb with name design_1_wrapper_2
TRACE::2025-02-28.09:45:45::SCWPlatform::Opened existing hwdb design_1_wrapper_2
TRACE::2025-02-28.09:45:45::SCWPlatform::Found the Hw Db part of the input DSA
TRACE::2025-02-28.09:45:45::SCWPlatform::Trying to open the hw design at C:/Users/oparker/workspace/TPG/hw/design_1_wrapper.xsa
TRACE::2025-02-28.09:45:45::SCWPlatform::DSA given C:/Users/oparker/workspace/TPG/hw/design_1_wrapper.xsa
TRACE::2025-02-28.09:45:45::SCWPlatform::DSA absoulate path C:/Users/oparker/workspace/TPG/hw/design_1_wrapper.xsa
TRACE::2025-02-28.09:45:45::SCWPlatform::DSA directory C:/Users/oparker/workspace/TPG/hw
TRACE::2025-02-28.09:45:45::SCWPlatform:: Platform Path C:/Users/oparker/workspace/TPG/hw/design_1_wrapper.xsa
TRACE::2025-02-28.09:45:45::SCWPlatform:: Unique name xilinx:zed::0.0
TRACE::2025-02-28.09:45:45::SCWPlatform::Trying to set the existing hwdb with name design_1_wrapper_2
TRACE::2025-02-28.09:45:45::SCWPlatform::Opened existing hwdb design_1_wrapper_2
TRACE::2025-02-28.09:45:45::SCWPlatform::Found the Hw Db part of the input DSA
TRACE::2025-02-28.09:45:45::SCWReader::Boot application domain added for zynq_fsbl
TRACE::2025-02-28.09:45:45::SCWPlatform::Trying to open the hw design at C:/Users/oparker/workspace/TPG/hw/design_1_wrapper.xsa
TRACE::2025-02-28.09:45:45::SCWPlatform::DSA given C:/Users/oparker/workspace/TPG/hw/design_1_wrapper.xsa
TRACE::2025-02-28.09:45:45::SCWPlatform::DSA absoulate path C:/Users/oparker/workspace/TPG/hw/design_1_wrapper.xsa
TRACE::2025-02-28.09:45:45::SCWPlatform::DSA directory C:/Users/oparker/workspace/TPG/hw
TRACE::2025-02-28.09:45:45::SCWPlatform:: Platform Path C:/Users/oparker/workspace/TPG/hw/design_1_wrapper.xsa
TRACE::2025-02-28.09:45:45::SCWPlatform:: Unique name xilinx:zed::0.0
TRACE::2025-02-28.09:45:45::SCWPlatform::Trying to set the existing hwdb with name design_1_wrapper_2
TRACE::2025-02-28.09:45:45::SCWPlatform::Opened existing hwdb design_1_wrapper_2
TRACE::2025-02-28.09:45:45::SCWPlatform::Found the Hw Db part of the input DSA
TRACE::2025-02-28.09:45:45::SCWMssOS::Checking the sw design at  C:/Users/oparker/workspace/TPG/zynq_fsbl/zynq_fsbl_bsp/system.mss
TRACE::2025-02-28.09:45:45::SCWMssOS::DEBUG:  swdes dump  
TRACE::2025-02-28.09:45:45::SCWMssOS::No sw design opened at  C:/Users/oparker/workspace/TPG/zynq_fsbl/zynq_fsbl_bsp/system.mss
TRACE::2025-02-28.09:45:45::SCWMssOS::mss exists loading the mss file  C:/Users/oparker/workspace/TPG/zynq_fsbl/zynq_fsbl_bsp/system.mss
TRACE::2025-02-28.09:45:45::SCWMssOS::Opened the sw design from mss  C:/Users/oparker/workspace/TPG/zynq_fsbl/zynq_fsbl_bsp/system.mss
TRACE::2025-02-28.09:45:45::SCWMssOS::Adding the swdes entry C:/Users/oparker/workspace/TPG/zynq_fsbl/zynq_fsbl_bsp/system.mss with des name system
TRACE::2025-02-28.09:45:45::SCWMssOS::updating the scw layer about changes
TRACE::2025-02-28.09:45:45::SCWMssOS::Opened the sw design.  C:/Users/oparker/workspace/TPG/zynq_fsbl/zynq_fsbl_bsp/system.mss
TRACE::2025-02-28.09:45:45::SCWPlatform::Trying to open the hw design at C:/Users/oparker/workspace/TPG/hw/design_1_wrapper.xsa
TRACE::2025-02-28.09:45:45::SCWPlatform::DSA given C:/Users/oparker/workspace/TPG/hw/design_1_wrapper.xsa
TRACE::2025-02-28.09:45:45::SCWPlatform::DSA absoulate path C:/Users/oparker/workspace/TPG/hw/design_1_wrapper.xsa
TRACE::2025-02-28.09:45:45::SCWPlatform::DSA directory C:/Users/oparker/workspace/TPG/hw
TRACE::2025-02-28.09:45:45::SCWPlatform:: Platform Path C:/Users/oparker/workspace/TPG/hw/design_1_wrapper.xsa
TRACE::2025-02-28.09:45:45::SCWPlatform:: Unique name xilinx:zed::0.0
TRACE::2025-02-28.09:45:45::SCWPlatform::Trying to set the existing hwdb with name design_1_wrapper_2
TRACE::2025-02-28.09:45:45::SCWPlatform::Opened existing hwdb design_1_wrapper_2
TRACE::2025-02-28.09:45:45::SCWPlatform::Found the Hw Db part of the input DSA
TRACE::2025-02-28.09:45:45::SCWMssOS::Checking the sw design at  C:/Users/oparker/workspace/TPG/zynq_fsbl/zynq_fsbl_bsp/system.mss
TRACE::2025-02-28.09:45:45::SCWMssOS::DEBUG:  swdes dump  C:/Users/oparker/workspace/TPG/zynq_fsbl/zynq_fsbl_bsp/system.mss|system||

TRACE::2025-02-28.09:45:45::SCWMssOS::Sw design exists and opened at  C:/Users/oparker/workspace/TPG/zynq_fsbl/zynq_fsbl_bsp/system.mss
TRACE::2025-02-28.09:45:45::SCWMssOS:: library already available in sw design:  xilffs:4.3
TRACE::2025-02-28.09:45:45::SCWPlatform::Trying to open the hw design at C:/Users/oparker/workspace/TPG/hw/design_1_wrapper.xsa
TRACE::2025-02-28.09:45:45::SCWPlatform::DSA given C:/Users/oparker/workspace/TPG/hw/design_1_wrapper.xsa
TRACE::2025-02-28.09:45:45::SCWPlatform::DSA absoulate path C:/Users/oparker/workspace/TPG/hw/design_1_wrapper.xsa
TRACE::2025-02-28.09:45:45::SCWPlatform::DSA directory C:/Users/oparker/workspace/TPG/hw
TRACE::2025-02-28.09:45:45::SCWPlatform:: Platform Path C:/Users/oparker/workspace/TPG/hw/design_1_wrapper.xsa
TRACE::2025-02-28.09:45:45::SCWPlatform:: Unique name xilinx:zed::0.0
TRACE::2025-02-28.09:45:45::SCWPlatform::Trying to set the existing hwdb with name design_1_wrapper_2
TRACE::2025-02-28.09:45:45::SCWPlatform::Opened existing hwdb design_1_wrapper_2
TRACE::2025-02-28.09:45:45::SCWPlatform::Found the Hw Db part of the input DSA
TRACE::2025-02-28.09:45:45::SCWMssOS::Checking the sw design at  C:/Users/oparker/workspace/TPG/zynq_fsbl/zynq_fsbl_bsp/system.mss
TRACE::2025-02-28.09:45:45::SCWMssOS::DEBUG:  swdes dump  C:/Users/oparker/workspace/TPG/zynq_fsbl/zynq_fsbl_bsp/system.mss|system||

TRACE::2025-02-28.09:45:45::SCWMssOS::Sw design exists and opened at  C:/Users/oparker/workspace/TPG/zynq_fsbl/zynq_fsbl_bsp/system.mss
TRACE::2025-02-28.09:45:45::SCWMssOS:: library already available in sw design:  xilrsa:1.6
TRACE::2025-02-28.09:45:45::SCWMssOS::Saving the mss changes C:/Users/oparker/workspace/TPG/zynq_fsbl/zynq_fsbl_bsp/system.mss
TRACE::2025-02-28.09:45:45::SCWMssOS::Found a swdesign opened with the mssfile.
TRACE::2025-02-28.09:45:45::SCWMssOS::Completed writemss as part of save.
TRACE::2025-02-28.09:45:45::SCWMssOS::Commit changes completed.
TRACE::2025-02-28.09:45:45::SCWReader::Adding prebuilt librarypaths as   
TRACE::2025-02-28.09:45:45::SCWReader::Adding prebuilt incpaths  as   
TRACE::2025-02-28.09:45:45::SCWPlatform::Trying to open the hw design at C:/Users/oparker/workspace/TPG/hw/design_1_wrapper.xsa
TRACE::2025-02-28.09:45:45::SCWPlatform::DSA given C:/Users/oparker/workspace/TPG/hw/design_1_wrapper.xsa
TRACE::2025-02-28.09:45:45::SCWPlatform::DSA absoulate path C:/Users/oparker/workspace/TPG/hw/design_1_wrapper.xsa
TRACE::2025-02-28.09:45:45::SCWPlatform::DSA directory C:/Users/oparker/workspace/TPG/hw
TRACE::2025-02-28.09:45:45::SCWPlatform:: Platform Path C:/Users/oparker/workspace/TPG/hw/design_1_wrapper.xsa
TRACE::2025-02-28.09:45:45::SCWPlatform:: Unique name xilinx:zed::0.0
TRACE::2025-02-28.09:45:45::SCWPlatform::Trying to set the existing hwdb with name design_1_wrapper_2
TRACE::2025-02-28.09:45:45::SCWPlatform::Opened existing hwdb design_1_wrapper_2
TRACE::2025-02-28.09:45:45::SCWPlatform::Found the Hw Db part of the input DSA
TRACE::2025-02-28.09:45:45::SCWMssOS::Checking the sw design at  C:/Users/oparker/workspace/TPG/zynq_fsbl/zynq_fsbl_bsp/system.mss
TRACE::2025-02-28.09:45:45::SCWMssOS::DEBUG:  swdes dump  C:/Users/oparker/workspace/TPG/zynq_fsbl/zynq_fsbl_bsp/system.mss|system||

TRACE::2025-02-28.09:45:45::SCWMssOS::Sw design exists and opened at  C:/Users/oparker/workspace/TPG/zynq_fsbl/zynq_fsbl_bsp/system.mss
TRACE::2025-02-28.09:45:45::SCWReader::No isolation master present  
TRACE::2025-02-28.09:45:45::SCWDomain::checking for install qemu data   : 
TRACE::2025-02-28.09:45:45::SCWDomain:: Using the QEMU Data from install at  : C:/Xilinx/Vitis/2020.1/data/emulation/platforms/zynq/qemu/
TRACE::2025-02-28.09:45:45::SCWDomain:: Using the QEMU args  from install at  : C:/Xilinx/Vitis/2020.1/data/emulation/platforms/zynq/qemu/qemu_args.txt
TRACE::2025-02-28.09:45:45::SCWPlatform::Trying to open the hw design at C:/Users/oparker/workspace/TPG/hw/design_1_wrapper.xsa
TRACE::2025-02-28.09:45:45::SCWPlatform::DSA given C:/Users/oparker/workspace/TPG/hw/design_1_wrapper.xsa
TRACE::2025-02-28.09:45:45::SCWPlatform::DSA absoulate path C:/Users/oparker/workspace/TPG/hw/design_1_wrapper.xsa
TRACE::2025-02-28.09:45:45::SCWPlatform::DSA directory C:/Users/oparker/workspace/TPG/hw
TRACE::2025-02-28.09:45:45::SCWPlatform:: Platform Path C:/Users/oparker/workspace/TPG/hw/design_1_wrapper.xsa
TRACE::2025-02-28.09:45:45::SCWPlatform:: Unique name xilinx:zed::0.0
TRACE::2025-02-28.09:45:45::SCWPlatform::Trying to set the existing hwdb with name design_1_wrapper_2
TRACE::2025-02-28.09:45:45::SCWPlatform::Opened existing hwdb design_1_wrapper_2
TRACE::2025-02-28.09:45:45::SCWPlatform::Found the Hw Db part of the input DSA
TRACE::2025-02-28.09:45:45::SCWPlatform::Trying to open the hw design at C:/Users/oparker/workspace/TPG/hw/design_1_wrapper.xsa
TRACE::2025-02-28.09:45:45::SCWPlatform::DSA given C:/Users/oparker/workspace/TPG/hw/design_1_wrapper.xsa
TRACE::2025-02-28.09:45:45::SCWPlatform::DSA absoulate path C:/Users/oparker/workspace/TPG/hw/design_1_wrapper.xsa
TRACE::2025-02-28.09:45:45::SCWPlatform::DSA directory C:/Users/oparker/workspace/TPG/hw
TRACE::2025-02-28.09:45:45::SCWPlatform:: Platform Path C:/Users/oparker/workspace/TPG/hw/design_1_wrapper.xsa
TRACE::2025-02-28.09:45:45::SCWPlatform:: Unique name xilinx:zed::0.0
TRACE::2025-02-28.09:45:45::SCWPlatform::Trying to set the existing hwdb with name design_1_wrapper_2
TRACE::2025-02-28.09:45:45::SCWPlatform::Opened existing hwdb design_1_wrapper_2
TRACE::2025-02-28.09:45:45::SCWPlatform::Found the Hw Db part of the input DSA
TRACE::2025-02-28.09:45:45::SCWPlatform::Trying to open the hw design at C:/Users/oparker/workspace/TPG/hw/design_1_wrapper.xsa
TRACE::2025-02-28.09:45:45::SCWPlatform::DSA given C:/Users/oparker/workspace/TPG/hw/design_1_wrapper.xsa
TRACE::2025-02-28.09:45:45::SCWPlatform::DSA absoulate path C:/Users/oparker/workspace/TPG/hw/design_1_wrapper.xsa
TRACE::2025-02-28.09:45:45::SCWPlatform::DSA directory C:/Users/oparker/workspace/TPG/hw
TRACE::2025-02-28.09:45:45::SCWPlatform:: Platform Path C:/Users/oparker/workspace/TPG/hw/design_1_wrapper.xsa
TRACE::2025-02-28.09:45:45::SCWPlatform:: Unique name xilinx:zed::0.0
TRACE::2025-02-28.09:45:45::SCWPlatform::Trying to set the existing hwdb with name design_1_wrapper_2
TRACE::2025-02-28.09:45:45::SCWPlatform::Opened existing hwdb design_1_wrapper_2
TRACE::2025-02-28.09:45:45::SCWPlatform::Found the Hw Db part of the input DSA
TRACE::2025-02-28.09:45:45::SCWMssOS::Checking the sw design at  C:/Users/oparker/workspace/TPG/ps7_cortexa9_0/standalone_domain/bsp/system.mss
TRACE::2025-02-28.09:45:45::SCWMssOS::DEBUG:  swdes dump  C:/Users/oparker/workspace/TPG/zynq_fsbl/zynq_fsbl_bsp/system.mss|system||

TRACE::2025-02-28.09:45:45::SCWMssOS::No sw design opened at  C:/Users/oparker/workspace/TPG/ps7_cortexa9_0/standalone_domain/bsp/system.mss
TRACE::2025-02-28.09:45:45::SCWMssOS::mss exists loading the mss file  C:/Users/oparker/workspace/TPG/ps7_cortexa9_0/standalone_domain/bsp/system.mss
TRACE::2025-02-28.09:45:45::SCWMssOS::Opened the sw design from mss  C:/Users/oparker/workspace/TPG/ps7_cortexa9_0/standalone_domain/bsp/system.mss
TRACE::2025-02-28.09:45:45::SCWMssOS::Adding the swdes entry C:/Users/oparker/workspace/TPG/ps7_cortexa9_0/standalone_domain/bsp/system.mss with des name system_0
TRACE::2025-02-28.09:45:45::SCWMssOS::updating the scw layer about changes
TRACE::2025-02-28.09:45:45::SCWMssOS::Opened the sw design.  C:/Users/oparker/workspace/TPG/ps7_cortexa9_0/standalone_domain/bsp/system.mss
TRACE::2025-02-28.09:45:45::SCWMssOS::Saving the mss changes C:/Users/oparker/workspace/TPG/ps7_cortexa9_0/standalone_domain/bsp/system.mss
TRACE::2025-02-28.09:45:45::SCWMssOS::Found a swdesign opened with the mssfile.
TRACE::2025-02-28.09:45:45::SCWMssOS::Completed writemss as part of save.
TRACE::2025-02-28.09:45:45::SCWMssOS::Commit changes completed.
TRACE::2025-02-28.09:45:45::SCWReader::Adding prebuilt librarypaths as   
TRACE::2025-02-28.09:45:45::SCWReader::Adding prebuilt incpaths  as   
TRACE::2025-02-28.09:45:45::SCWPlatform::Trying to open the hw design at C:/Users/oparker/workspace/TPG/hw/design_1_wrapper.xsa
TRACE::2025-02-28.09:45:45::SCWPlatform::DSA given C:/Users/oparker/workspace/TPG/hw/design_1_wrapper.xsa
TRACE::2025-02-28.09:45:45::SCWPlatform::DSA absoulate path C:/Users/oparker/workspace/TPG/hw/design_1_wrapper.xsa
TRACE::2025-02-28.09:45:45::SCWPlatform::DSA directory C:/Users/oparker/workspace/TPG/hw
TRACE::2025-02-28.09:45:45::SCWPlatform:: Platform Path C:/Users/oparker/workspace/TPG/hw/design_1_wrapper.xsa
TRACE::2025-02-28.09:45:45::SCWPlatform:: Unique name xilinx:zed::0.0
TRACE::2025-02-28.09:45:45::SCWPlatform::Trying to set the existing hwdb with name design_1_wrapper_2
TRACE::2025-02-28.09:45:45::SCWPlatform::Opened existing hwdb design_1_wrapper_2
TRACE::2025-02-28.09:45:45::SCWPlatform::Found the Hw Db part of the input DSA
TRACE::2025-02-28.09:45:45::SCWMssOS::Checking the sw design at  C:/Users/oparker/workspace/TPG/ps7_cortexa9_0/standalone_domain/bsp/system.mss
TRACE::2025-02-28.09:45:45::SCWMssOS::DEBUG:  swdes dump  C:/Users/oparker/workspace/TPG/ps7_cortexa9_0/standalone_domain/bsp/system.mss|system_0||
C:/Users/oparker/workspace/TPG/zynq_fsbl/zynq_fsbl_bsp/system.mss|system||

TRACE::2025-02-28.09:45:45::SCWMssOS::Sw design exists and opened at  C:/Users/oparker/workspace/TPG/ps7_cortexa9_0/standalone_domain/bsp/system.mss
TRACE::2025-02-28.09:45:45::SCWReader::No isolation master present  
TRACE::2025-02-28.09:51:30::SCWMssOS::Saving the mss changes C:/Users/oparker/workspace/TPG/zynq_fsbl/zynq_fsbl_bsp/system.mss
TRACE::2025-02-28.09:51:30::SCWMssOS::Found a swdesign opened with the mssfile.
TRACE::2025-02-28.09:51:30::SCWMssOS::Completed writemss as part of save.
TRACE::2025-02-28.09:51:30::SCWMssOS::Commit changes completed.
TRACE::2025-02-28.09:51:30::SCWMssOS::Saving the mss changes C:/Users/oparker/workspace/TPG/ps7_cortexa9_0/standalone_domain/bsp/system.mss
TRACE::2025-02-28.09:51:30::SCWMssOS::Found a swdesign opened with the mssfile.
TRACE::2025-02-28.09:51:30::SCWMssOS::Completed writemss as part of save.
TRACE::2025-02-28.09:51:30::SCWMssOS::Commit changes completed.
TRACE::2025-02-28.09:51:30::SCWPlatform::Trying to open the hw design at C:/Users/oparker/workspace/TPG/hw/design_1_wrapper.xsa
TRACE::2025-02-28.09:51:30::SCWPlatform::DSA given C:/Users/oparker/workspace/TPG/hw/design_1_wrapper.xsa
TRACE::2025-02-28.09:51:30::SCWPlatform::DSA absoulate path C:/Users/oparker/workspace/TPG/hw/design_1_wrapper.xsa
TRACE::2025-02-28.09:51:30::SCWPlatform::DSA directory C:/Users/oparker/workspace/TPG/hw
TRACE::2025-02-28.09:51:30::SCWPlatform:: Platform Path C:/Users/oparker/workspace/TPG/hw/design_1_wrapper.xsa
TRACE::2025-02-28.09:51:30::SCWPlatform:: Unique name xilinx:zed::0.0
TRACE::2025-02-28.09:51:30::SCWPlatform::Trying to set the existing hwdb with name design_1_wrapper_2
TRACE::2025-02-28.09:51:30::SCWPlatform::Opened existing hwdb design_1_wrapper_2
TRACE::2025-02-28.09:51:30::SCWPlatform::Found the Hw Db part of the input DSA
TRACE::2025-02-28.09:51:30::SCWMssOS::Checking the sw design at  C:/Users/oparker/workspace/TPG/zynq_fsbl/zynq_fsbl_bsp/system.mss
TRACE::2025-02-28.09:51:30::SCWMssOS::DEBUG:  swdes dump  C:/Users/oparker/workspace/TPG/ps7_cortexa9_0/standalone_domain/bsp/system.mss|system_0||
C:/Users/oparker/workspace/TPG/zynq_fsbl/zynq_fsbl_bsp/system.mss|system||
C:/Users/oparker/workspace/design_1_wrapper/ps7_cortexa9_0/domain_ps7_cortexa9_0/bsp/system.mss|system_2||
C:/Users/oparker/workspace/design_1_wrapper/zynq_fsbl/zynq_fsbl_bsp/system.mss|system_1||

TRACE::2025-02-28.09:51:30::SCWMssOS::Sw design exists and opened at  C:/Users/oparker/workspace/TPG/zynq_fsbl/zynq_fsbl_bsp/system.mss
TRACE::2025-02-28.09:51:30::SCWPlatform::Trying to open the hw design at C:/Users/oparker/workspace/TPG/hw/design_1_wrapper.xsa
TRACE::2025-02-28.09:51:30::SCWPlatform::DSA given C:/Users/oparker/workspace/TPG/hw/design_1_wrapper.xsa
TRACE::2025-02-28.09:51:30::SCWPlatform::DSA absoulate path C:/Users/oparker/workspace/TPG/hw/design_1_wrapper.xsa
TRACE::2025-02-28.09:51:30::SCWPlatform::DSA directory C:/Users/oparker/workspace/TPG/hw
TRACE::2025-02-28.09:51:30::SCWPlatform:: Platform Path C:/Users/oparker/workspace/TPG/hw/design_1_wrapper.xsa
TRACE::2025-02-28.09:51:30::SCWPlatform:: Unique name xilinx:zed::0.0
TRACE::2025-02-28.09:51:30::SCWPlatform::Trying to set the existing hwdb with name design_1_wrapper_2
TRACE::2025-02-28.09:51:30::SCWPlatform::Opened existing hwdb design_1_wrapper_2
TRACE::2025-02-28.09:51:30::SCWPlatform::Found the Hw Db part of the input DSA
TRACE::2025-02-28.09:51:30::SCWMssOS::Checking the sw design at  C:/Users/oparker/workspace/TPG/ps7_cortexa9_0/standalone_domain/bsp/system.mss
TRACE::2025-02-28.09:51:30::SCWMssOS::DEBUG:  swdes dump  C:/Users/oparker/workspace/TPG/ps7_cortexa9_0/standalone_domain/bsp/system.mss|system_0||
C:/Users/oparker/workspace/TPG/zynq_fsbl/zynq_fsbl_bsp/system.mss|system||
C:/Users/oparker/workspace/design_1_wrapper/ps7_cortexa9_0/domain_ps7_cortexa9_0/bsp/system.mss|system_2||
C:/Users/oparker/workspace/design_1_wrapper/zynq_fsbl/zynq_fsbl_bsp/system.mss|system_1||

TRACE::2025-02-28.09:51:30::SCWMssOS::Sw design exists and opened at  C:/Users/oparker/workspace/TPG/ps7_cortexa9_0/standalone_domain/bsp/system.mss
TRACE::2025-02-28.09:51:30::SCWWriter::formatted JSON is {
	"platformName":	"TPG",
	"sprVersion":	"2.0",
	"mode":	"gui",
	"dsaType":	"Fixed",
	"platformDesc":	"TPG",
	"platHandOff":	"C:/Users/oparker/cpre488-mp2/project_1/design_1_wrapper.xsa",
	"platIntHandOff":	"<platformDir>/hw/design_1_wrapper.xsa",
	"deviceType":	"zynq",
	"platIsPrebuiltAutogen":	"false",
	"platIsNoBootBsp":	"false",
	"hasFsblMakeHasChanges":	"false",
	"hasPmufwMakeHasChanges":	"false",
	"fsblExtraCompilerFlags":	"-MMD -MP       -mcpu=cortex-a9 -mfpu=vfpv3 -mfloat-abi=hard ",
	"platPreBuiltFlag":	false,
	"platformSamplesDir":	"",
	"platActiveSys":	"TPG",
	"systems":	[{
			"systemName":	"TPG",
			"systemDesc":	"TPG",
			"sysIsBootAutoGen":	"true",
			"systemDispName":	"TPG",
			"sysActiveDom":	"zynq_fsbl",
			"sysDefaultDom":	"standalone_domain",
			"domains":	[{
					"domainName":	"zynq_fsbl",
					"domainDispName":	"zynq_fsbl",
					"domainDesc":	"FSBL Application BSP - Auto Generated.",
					"processors":	"ps7_cortexa9_0",
					"os":	"standalone",
					"sdxOs":	"standalone",
					"debugEnable":	"",
					"domRuntimes":	["cpp"],
					"swRepo":	"",
					"mssOsVer":	"7.2",
					"mssFile":	"",
					"md5Digest":	"158a679dab493f3308b1d2cbafc496b0",
					"compatibleApp":	"zynq_fsbl",
					"domType":	"bootDomain",
					"appSettings":	{
						"appCompilerFlags":	"",
						"appLinkerFlags":	""
					},
					"addedLibs":	["xilffs:4.3", "xilrsa:1.6"],
					"libOptions":	{
						"libsContainingOptions":	[]
					},
					"prebuiltLibs":	{
						"prebuiltIncPath":	[],
						"prebuiltLibPath":	[]
					},
					"isolation":	{
					}
				}, {
					"domainName":	"standalone_domain",
					"domainDispName":	"standalone on ps7_cortexa9_0",
					"domainDesc":	"standalone_domain",
					"processors":	"ps7_cortexa9_0",
					"os":	"standalone",
					"sdxOs":	"standalone",
					"qemuArgs":	"C:/Xilinx/Vitis/2020.1/data/emulation/platforms/zynq/qemu/qemu_args.txt",
					"qemuData":	"C:/Xilinx/Vitis/2020.1/data/emulation/platforms/zynq/qemu/",
					"debugEnable":	"False",
					"domRuntimes":	["cpp"],
					"swRepo":	"",
					"mssOsVer":	"7.2",
					"mssFile":	"",
					"md5Digest":	"85ba41434c82914f0e9e24fa6ddcf962",
					"compatibleApp":	"",
					"domType":	"mssDomain",
					"appSettings":	{
						"appCompilerFlags":	"",
						"appLinkerFlags":	""
					},
					"addedLibs":	[],
					"libOptions":	{
						"libsContainingOptions":	[]
					},
					"prebuiltLibs":	{
						"prebuiltIncPath":	[],
						"prebuiltLibPath":	[]
					},
					"isolation":	{
					}
				}]
		}]
}
TRACE::2025-02-28.09:51:30::SCWMssOS::Saving the mss changes C:/Users/oparker/workspace/TPG/zynq_fsbl/zynq_fsbl_bsp/system.mss
TRACE::2025-02-28.09:51:30::SCWMssOS::Found a swdesign opened with the mssfile.
TRACE::2025-02-28.09:51:30::SCWMssOS::Completed writemss as part of save.
TRACE::2025-02-28.09:51:30::SCWMssOS::Commit changes completed.
TRACE::2025-02-28.09:51:30::SCWPlatform::Trying to open the hw design at C:/Users/oparker/workspace/TPG/hw/design_1_wrapper.xsa
TRACE::2025-02-28.09:51:30::SCWPlatform::DSA given C:/Users/oparker/workspace/TPG/hw/design_1_wrapper.xsa
TRACE::2025-02-28.09:51:30::SCWPlatform::DSA absoulate path C:/Users/oparker/workspace/TPG/hw/design_1_wrapper.xsa
TRACE::2025-02-28.09:51:30::SCWPlatform::DSA directory C:/Users/oparker/workspace/TPG/hw
TRACE::2025-02-28.09:51:30::SCWPlatform:: Platform Path C:/Users/oparker/workspace/TPG/hw/design_1_wrapper.xsa
TRACE::2025-02-28.09:51:30::SCWPlatform:: Unique name xilinx:zed::0.0
TRACE::2025-02-28.09:51:30::SCWPlatform::Trying to set the existing hwdb with name design_1_wrapper_2
TRACE::2025-02-28.09:51:30::SCWPlatform::Opened existing hwdb design_1_wrapper_2
TRACE::2025-02-28.09:51:30::SCWPlatform::Found the Hw Db part of the input DSA
TRACE::2025-02-28.09:51:30::SCWMssOS::Checking the sw design at  C:/Users/oparker/workspace/TPG/zynq_fsbl/zynq_fsbl_bsp/system.mss
TRACE::2025-02-28.09:51:30::SCWMssOS::DEBUG:  swdes dump  C:/Users/oparker/workspace/TPG/ps7_cortexa9_0/standalone_domain/bsp/system.mss|system_0||
C:/Users/oparker/workspace/TPG/zynq_fsbl/zynq_fsbl_bsp/system.mss|system||
C:/Users/oparker/workspace/design_1_wrapper/ps7_cortexa9_0/domain_ps7_cortexa9_0/bsp/system.mss|system_2||
C:/Users/oparker/workspace/design_1_wrapper/zynq_fsbl/zynq_fsbl_bsp/system.mss|system_1||

TRACE::2025-02-28.09:51:30::SCWMssOS::Sw design exists and opened at  C:/Users/oparker/workspace/TPG/zynq_fsbl/zynq_fsbl_bsp/system.mss
TRACE::2025-02-28.09:51:30::SCWMssOS::Removing the swdes entry for  C:/Users/oparker/workspace/TPG/zynq_fsbl/zynq_fsbl_bsp/system.mss
TRACE::2025-02-28.09:51:30::SCWMssOS::Saving the mss changes C:/Users/oparker/workspace/TPG/zynq_fsbl/zynq_fsbl_bsp/system.mss
TRACE::2025-02-28.09:51:30::SCWMssOS::Adding the swdes entry, mss present, able to open swdb C:/Users/oparker/workspace/TPG/zynq_fsbl/zynq_fsbl_bsp/system.mss with des name system
TRACE::2025-02-28.09:51:30::SCWMssOS::Writing the mss file completed C:/Users/oparker/workspace/TPG/zynq_fsbl/zynq_fsbl_bsp/system.mss
TRACE::2025-02-28.09:51:30::SCWMssOS::Commit changes completed.
TRACE::2025-02-28.09:51:30::SCWMssOS::Saving the mss changes C:/Users/oparker/workspace/TPG/ps7_cortexa9_0/standalone_domain/bsp/system.mss
TRACE::2025-02-28.09:51:30::SCWMssOS::Found a swdesign opened with the mssfile.
TRACE::2025-02-28.09:51:30::SCWMssOS::Completed writemss as part of save.
TRACE::2025-02-28.09:51:30::SCWMssOS::Commit changes completed.
TRACE::2025-02-28.09:51:30::SCWPlatform::Trying to open the hw design at C:/Users/oparker/workspace/TPG/hw/design_1_wrapper.xsa
TRACE::2025-02-28.09:51:30::SCWPlatform::DSA given C:/Users/oparker/workspace/TPG/hw/design_1_wrapper.xsa
TRACE::2025-02-28.09:51:30::SCWPlatform::DSA absoulate path C:/Users/oparker/workspace/TPG/hw/design_1_wrapper.xsa
TRACE::2025-02-28.09:51:30::SCWPlatform::DSA directory C:/Users/oparker/workspace/TPG/hw
TRACE::2025-02-28.09:51:30::SCWPlatform:: Platform Path C:/Users/oparker/workspace/TPG/hw/design_1_wrapper.xsa
TRACE::2025-02-28.09:51:30::SCWPlatform:: Unique name xilinx:zed::0.0
TRACE::2025-02-28.09:51:30::SCWPlatform::Trying to set the existing hwdb with name design_1_wrapper_2
TRACE::2025-02-28.09:51:30::SCWPlatform::Opened existing hwdb design_1_wrapper_2
TRACE::2025-02-28.09:51:30::SCWPlatform::Found the Hw Db part of the input DSA
TRACE::2025-02-28.09:51:30::SCWMssOS::Checking the sw design at  C:/Users/oparker/workspace/TPG/zynq_fsbl/zynq_fsbl_bsp/system.mss
TRACE::2025-02-28.09:51:30::SCWMssOS::DEBUG:  swdes dump  C:/Users/oparker/workspace/TPG/ps7_cortexa9_0/standalone_domain/bsp/system.mss|system_0||
C:/Users/oparker/workspace/TPG/zynq_fsbl/zynq_fsbl_bsp/system.mss|system||
C:/Users/oparker/workspace/design_1_wrapper/ps7_cortexa9_0/domain_ps7_cortexa9_0/bsp/system.mss|system_2||
C:/Users/oparker/workspace/design_1_wrapper/zynq_fsbl/zynq_fsbl_bsp/system.mss|system_1||

TRACE::2025-02-28.09:51:30::SCWMssOS::Sw design exists and opened at  C:/Users/oparker/workspace/TPG/zynq_fsbl/zynq_fsbl_bsp/system.mss
TRACE::2025-02-28.09:51:30::SCWPlatform::Trying to open the hw design at C:/Users/oparker/workspace/TPG/hw/design_1_wrapper.xsa
TRACE::2025-02-28.09:51:30::SCWPlatform::DSA given C:/Users/oparker/workspace/TPG/hw/design_1_wrapper.xsa
TRACE::2025-02-28.09:51:30::SCWPlatform::DSA absoulate path C:/Users/oparker/workspace/TPG/hw/design_1_wrapper.xsa
TRACE::2025-02-28.09:51:30::SCWPlatform::DSA directory C:/Users/oparker/workspace/TPG/hw
TRACE::2025-02-28.09:51:30::SCWPlatform:: Platform Path C:/Users/oparker/workspace/TPG/hw/design_1_wrapper.xsa
TRACE::2025-02-28.09:51:30::SCWPlatform:: Unique name xilinx:zed::0.0
TRACE::2025-02-28.09:51:30::SCWPlatform::Trying to set the existing hwdb with name design_1_wrapper_2
TRACE::2025-02-28.09:51:30::SCWPlatform::Opened existing hwdb design_1_wrapper_2
TRACE::2025-02-28.09:51:30::SCWPlatform::Found the Hw Db part of the input DSA
TRACE::2025-02-28.09:51:30::SCWMssOS::Checking the sw design at  C:/Users/oparker/workspace/TPG/ps7_cortexa9_0/standalone_domain/bsp/system.mss
TRACE::2025-02-28.09:51:30::SCWMssOS::DEBUG:  swdes dump  C:/Users/oparker/workspace/TPG/ps7_cortexa9_0/standalone_domain/bsp/system.mss|system_0||
C:/Users/oparker/workspace/TPG/zynq_fsbl/zynq_fsbl_bsp/system.mss|system||
C:/Users/oparker/workspace/design_1_wrapper/ps7_cortexa9_0/domain_ps7_cortexa9_0/bsp/system.mss|system_2||
C:/Users/oparker/workspace/design_1_wrapper/zynq_fsbl/zynq_fsbl_bsp/system.mss|system_1||

TRACE::2025-02-28.09:51:30::SCWMssOS::Sw design exists and opened at  C:/Users/oparker/workspace/TPG/ps7_cortexa9_0/standalone_domain/bsp/system.mss
TRACE::2025-02-28.09:51:30::SCWWriter::formatted JSON is {
	"platformName":	"TPG",
	"sprVersion":	"2.0",
	"mode":	"gui",
	"dsaType":	"Fixed",
	"platformDesc":	"TPG",
	"platHandOff":	"C:/Users/oparker/cpre488-mp2/project_1/design_1_wrapper.xsa",
	"platIntHandOff":	"<platformDir>/hw/design_1_wrapper.xsa",
	"deviceType":	"zynq",
	"platIsPrebuiltAutogen":	"false",
	"platIsNoBootBsp":	"false",
	"hasFsblMakeHasChanges":	"false",
	"hasPmufwMakeHasChanges":	"false",
	"fsblExtraCompilerFlags":	"-MMD -MP       -mcpu=cortex-a9 -mfpu=vfpv3 -mfloat-abi=hard ",
	"platPreBuiltFlag":	false,
	"platformSamplesDir":	"",
	"platActiveSys":	"TPG",
	"systems":	[{
			"systemName":	"TPG",
			"systemDesc":	"TPG",
			"sysIsBootAutoGen":	"true",
			"systemDispName":	"TPG",
			"sysActiveDom":	"standalone_domain",
			"sysDefaultDom":	"standalone_domain",
			"domains":	[{
					"domainName":	"zynq_fsbl",
					"domainDispName":	"zynq_fsbl",
					"domainDesc":	"FSBL Application BSP - Auto Generated.",
					"processors":	"ps7_cortexa9_0",
					"os":	"standalone",
					"sdxOs":	"standalone",
					"debugEnable":	"",
					"domRuntimes":	["cpp"],
					"swRepo":	"",
					"mssOsVer":	"7.2",
					"mssFile":	"",
					"md5Digest":	"158a679dab493f3308b1d2cbafc496b0",
					"compatibleApp":	"zynq_fsbl",
					"domType":	"bootDomain",
					"appSettings":	{
						"appCompilerFlags":	"",
						"appLinkerFlags":	""
					},
					"addedLibs":	["xilffs:4.3", "xilrsa:1.6"],
					"libOptions":	{
						"libsContainingOptions":	[]
					},
					"prebuiltLibs":	{
						"prebuiltIncPath":	[],
						"prebuiltLibPath":	[]
					},
					"isolation":	{
					}
				}, {
					"domainName":	"standalone_domain",
					"domainDispName":	"standalone on ps7_cortexa9_0",
					"domainDesc":	"standalone_domain",
					"processors":	"ps7_cortexa9_0",
					"os":	"standalone",
					"sdxOs":	"standalone",
					"qemuArgs":	"C:/Xilinx/Vitis/2020.1/data/emulation/platforms/zynq/qemu/qemu_args.txt",
					"qemuData":	"C:/Xilinx/Vitis/2020.1/data/emulation/platforms/zynq/qemu/",
					"debugEnable":	"False",
					"domRuntimes":	["cpp"],
					"swRepo":	"",
					"mssOsVer":	"7.2",
					"mssFile":	"",
					"md5Digest":	"85ba41434c82914f0e9e24fa6ddcf962",
					"compatibleApp":	"",
					"domType":	"mssDomain",
					"appSettings":	{
						"appCompilerFlags":	"",
						"appLinkerFlags":	""
					},
					"addedLibs":	[],
					"libOptions":	{
						"libsContainingOptions":	[]
					},
					"prebuiltLibs":	{
						"prebuiltIncPath":	[],
						"prebuiltLibPath":	[]
					},
					"isolation":	{
					}
				}]
		}]
}
TRACE::2025-02-28.09:51:30::SCWMssOS::Saving the mss changes C:/Users/oparker/workspace/TPG/ps7_cortexa9_0/standalone_domain/bsp/system.mss
TRACE::2025-02-28.09:51:30::SCWMssOS::Found a swdesign opened with the mssfile.
TRACE::2025-02-28.09:51:30::SCWMssOS::Completed writemss as part of save.
TRACE::2025-02-28.09:51:30::SCWMssOS::Commit changes completed.
TRACE::2025-02-28.09:51:30::SCWPlatform::Trying to open the hw design at C:/Users/oparker/workspace/TPG/hw/design_1_wrapper.xsa
TRACE::2025-02-28.09:51:30::SCWPlatform::DSA given C:/Users/oparker/workspace/TPG/hw/design_1_wrapper.xsa
TRACE::2025-02-28.09:51:30::SCWPlatform::DSA absoulate path C:/Users/oparker/workspace/TPG/hw/design_1_wrapper.xsa
TRACE::2025-02-28.09:51:30::SCWPlatform::DSA directory C:/Users/oparker/workspace/TPG/hw
TRACE::2025-02-28.09:51:30::SCWPlatform:: Platform Path C:/Users/oparker/workspace/TPG/hw/design_1_wrapper.xsa
TRACE::2025-02-28.09:51:30::SCWPlatform:: Unique name xilinx:zed::0.0
TRACE::2025-02-28.09:51:30::SCWPlatform::Trying to set the existing hwdb with name design_1_wrapper_2
TRACE::2025-02-28.09:51:30::SCWPlatform::Opened existing hwdb design_1_wrapper_2
TRACE::2025-02-28.09:51:30::SCWPlatform::Found the Hw Db part of the input DSA
TRACE::2025-02-28.09:51:30::SCWMssOS::Checking the sw design at  C:/Users/oparker/workspace/TPG/ps7_cortexa9_0/standalone_domain/bsp/system.mss
TRACE::2025-02-28.09:51:30::SCWMssOS::DEBUG:  swdes dump  C:/Users/oparker/workspace/TPG/ps7_cortexa9_0/standalone_domain/bsp/system.mss|system_0||
C:/Users/oparker/workspace/TPG/zynq_fsbl/zynq_fsbl_bsp/system.mss|system||
C:/Users/oparker/workspace/design_1_wrapper/ps7_cortexa9_0/domain_ps7_cortexa9_0/bsp/system.mss|system_2||
C:/Users/oparker/workspace/design_1_wrapper/zynq_fsbl/zynq_fsbl_bsp/system.mss|system_1||

TRACE::2025-02-28.09:51:30::SCWMssOS::Sw design exists and opened at  C:/Users/oparker/workspace/TPG/ps7_cortexa9_0/standalone_domain/bsp/system.mss
TRACE::2025-02-28.09:51:30::SCWMssOS::Removing the swdes entry for  C:/Users/oparker/workspace/TPG/ps7_cortexa9_0/standalone_domain/bsp/system.mss
TRACE::2025-02-28.09:51:39::SCWMssOS::Saving the mss changes C:/Users/oparker/workspace/TPG/zynq_fsbl/zynq_fsbl_bsp/system.mss
TRACE::2025-02-28.09:51:39::SCWMssOS::Found a swdesign opened with the mssfile.
TRACE::2025-02-28.09:51:39::SCWMssOS::Completed writemss as part of save.
TRACE::2025-02-28.09:51:39::SCWMssOS::Commit changes completed.
TRACE::2025-02-28.09:51:39::SCWMssOS::Saving the mss changes C:/Users/oparker/workspace/TPG/ps7_cortexa9_0/standalone_domain/bsp/system.mss
TRACE::2025-02-28.09:51:39::SCWMssOS::Adding the swdes entry, mss present, able to open swdb C:/Users/oparker/workspace/TPG/ps7_cortexa9_0/standalone_domain/bsp/system.mss with des name system_1
TRACE::2025-02-28.09:51:39::SCWMssOS::Writing the mss file completed C:/Users/oparker/workspace/TPG/ps7_cortexa9_0/standalone_domain/bsp/system.mss
TRACE::2025-02-28.09:51:39::SCWMssOS::Commit changes completed.
TRACE::2025-02-28.09:51:39::SCWPlatform::Trying to open the hw design at C:/Users/oparker/workspace/TPG/hw/design_1_wrapper.xsa
TRACE::2025-02-28.09:51:39::SCWPlatform::DSA given C:/Users/oparker/workspace/TPG/hw/design_1_wrapper.xsa
TRACE::2025-02-28.09:51:39::SCWPlatform::DSA absoulate path C:/Users/oparker/workspace/TPG/hw/design_1_wrapper.xsa
TRACE::2025-02-28.09:51:39::SCWPlatform::DSA directory C:/Users/oparker/workspace/TPG/hw
TRACE::2025-02-28.09:51:39::SCWPlatform:: Platform Path C:/Users/oparker/workspace/TPG/hw/design_1_wrapper.xsa
TRACE::2025-02-28.09:51:39::SCWPlatform:: Unique name xilinx:zed::0.0
TRACE::2025-02-28.09:51:39::SCWPlatform::Trying to set the existing hwdb with name design_1_wrapper_2
TRACE::2025-02-28.09:51:39::SCWPlatform::Opened existing hwdb design_1_wrapper_2
TRACE::2025-02-28.09:51:39::SCWPlatform::Found the Hw Db part of the input DSA
TRACE::2025-02-28.09:51:39::SCWMssOS::Checking the sw design at  C:/Users/oparker/workspace/TPG/zynq_fsbl/zynq_fsbl_bsp/system.mss
TRACE::2025-02-28.09:51:39::SCWMssOS::DEBUG:  swdes dump  C:/Users/oparker/workspace/TPG/ps7_cortexa9_0/standalone_domain/bsp/system.mss|system_1||
C:/Users/oparker/workspace/TPG/zynq_fsbl/zynq_fsbl_bsp/system.mss|system||
C:/Users/oparker/workspace/design_1_wrapper/zynq_fsbl/zynq_fsbl_bsp/system.mss|system_0||

TRACE::2025-02-28.09:51:39::SCWMssOS::Sw design exists and opened at  C:/Users/oparker/workspace/TPG/zynq_fsbl/zynq_fsbl_bsp/system.mss
TRACE::2025-02-28.09:51:39::SCWPlatform::Trying to open the hw design at C:/Users/oparker/workspace/TPG/hw/design_1_wrapper.xsa
TRACE::2025-02-28.09:51:39::SCWPlatform::DSA given C:/Users/oparker/workspace/TPG/hw/design_1_wrapper.xsa
TRACE::2025-02-28.09:51:39::SCWPlatform::DSA absoulate path C:/Users/oparker/workspace/TPG/hw/design_1_wrapper.xsa
TRACE::2025-02-28.09:51:39::SCWPlatform::DSA directory C:/Users/oparker/workspace/TPG/hw
TRACE::2025-02-28.09:51:39::SCWPlatform:: Platform Path C:/Users/oparker/workspace/TPG/hw/design_1_wrapper.xsa
TRACE::2025-02-28.09:51:39::SCWPlatform:: Unique name xilinx:zed::0.0
TRACE::2025-02-28.09:51:39::SCWPlatform::Trying to set the existing hwdb with name design_1_wrapper_2
TRACE::2025-02-28.09:51:39::SCWPlatform::Opened existing hwdb design_1_wrapper_2
TRACE::2025-02-28.09:51:39::SCWPlatform::Found the Hw Db part of the input DSA
TRACE::2025-02-28.09:51:39::SCWMssOS::Checking the sw design at  C:/Users/oparker/workspace/TPG/ps7_cortexa9_0/standalone_domain/bsp/system.mss
TRACE::2025-02-28.09:51:39::SCWMssOS::DEBUG:  swdes dump  C:/Users/oparker/workspace/TPG/ps7_cortexa9_0/standalone_domain/bsp/system.mss|system_1||
C:/Users/oparker/workspace/TPG/zynq_fsbl/zynq_fsbl_bsp/system.mss|system||
C:/Users/oparker/workspace/design_1_wrapper/zynq_fsbl/zynq_fsbl_bsp/system.mss|system_0||

TRACE::2025-02-28.09:51:39::SCWMssOS::Sw design exists and opened at  C:/Users/oparker/workspace/TPG/ps7_cortexa9_0/standalone_domain/bsp/system.mss
TRACE::2025-02-28.09:51:39::SCWWriter::formatted JSON is {
	"platformName":	"TPG",
	"sprVersion":	"2.0",
	"mode":	"gui",
	"dsaType":	"Fixed",
	"platformDesc":	"TPG",
	"platHandOff":	"C:/Users/oparker/cpre488-mp2/project_1/design_1_wrapper.xsa",
	"platIntHandOff":	"<platformDir>/hw/design_1_wrapper.xsa",
	"deviceType":	"zynq",
	"platIsPrebuiltAutogen":	"false",
	"platIsNoBootBsp":	"false",
	"hasFsblMakeHasChanges":	"false",
	"hasPmufwMakeHasChanges":	"false",
	"fsblExtraCompilerFlags":	"-MMD -MP       -mcpu=cortex-a9 -mfpu=vfpv3 -mfloat-abi=hard ",
	"platPreBuiltFlag":	false,
	"platformSamplesDir":	"",
	"platActiveSys":	"TPG",
	"systems":	[{
			"systemName":	"TPG",
			"systemDesc":	"TPG",
			"sysIsBootAutoGen":	"true",
			"systemDispName":	"TPG",
			"sysActiveDom":	"zynq_fsbl",
			"sysDefaultDom":	"standalone_domain",
			"domains":	[{
					"domainName":	"zynq_fsbl",
					"domainDispName":	"zynq_fsbl",
					"domainDesc":	"FSBL Application BSP - Auto Generated.",
					"processors":	"ps7_cortexa9_0",
					"os":	"standalone",
					"sdxOs":	"standalone",
					"debugEnable":	"",
					"domRuntimes":	["cpp"],
					"swRepo":	"",
					"mssOsVer":	"7.2",
					"mssFile":	"",
					"md5Digest":	"158a679dab493f3308b1d2cbafc496b0",
					"compatibleApp":	"zynq_fsbl",
					"domType":	"bootDomain",
					"appSettings":	{
						"appCompilerFlags":	"",
						"appLinkerFlags":	""
					},
					"addedLibs":	["xilffs:4.3", "xilrsa:1.6"],
					"libOptions":	{
						"libsContainingOptions":	[]
					},
					"prebuiltLibs":	{
						"prebuiltIncPath":	[],
						"prebuiltLibPath":	[]
					},
					"isolation":	{
					}
				}, {
					"domainName":	"standalone_domain",
					"domainDispName":	"standalone on ps7_cortexa9_0",
					"domainDesc":	"standalone_domain",
					"processors":	"ps7_cortexa9_0",
					"os":	"standalone",
					"sdxOs":	"standalone",
					"qemuArgs":	"C:/Xilinx/Vitis/2020.1/data/emulation/platforms/zynq/qemu/qemu_args.txt",
					"qemuData":	"C:/Xilinx/Vitis/2020.1/data/emulation/platforms/zynq/qemu/",
					"debugEnable":	"False",
					"domRuntimes":	["cpp"],
					"swRepo":	"",
					"mssOsVer":	"7.2",
					"mssFile":	"",
					"md5Digest":	"85ba41434c82914f0e9e24fa6ddcf962",
					"compatibleApp":	"",
					"domType":	"mssDomain",
					"appSettings":	{
						"appCompilerFlags":	"",
						"appLinkerFlags":	""
					},
					"addedLibs":	[],
					"libOptions":	{
						"libsContainingOptions":	[]
					},
					"prebuiltLibs":	{
						"prebuiltIncPath":	[],
						"prebuiltLibPath":	[]
					},
					"isolation":	{
					}
				}]
		}]
}
TRACE::2025-02-28.09:51:39::SCWMssOS::Saving the mss changes C:/Users/oparker/workspace/TPG/zynq_fsbl/zynq_fsbl_bsp/system.mss
TRACE::2025-02-28.09:51:39::SCWMssOS::Found a swdesign opened with the mssfile.
TRACE::2025-02-28.09:51:39::SCWMssOS::Completed writemss as part of save.
TRACE::2025-02-28.09:51:39::SCWMssOS::Commit changes completed.
TRACE::2025-02-28.09:51:39::SCWPlatform::Trying to open the hw design at C:/Users/oparker/workspace/TPG/hw/design_1_wrapper.xsa
TRACE::2025-02-28.09:51:39::SCWPlatform::DSA given C:/Users/oparker/workspace/TPG/hw/design_1_wrapper.xsa
TRACE::2025-02-28.09:51:39::SCWPlatform::DSA absoulate path C:/Users/oparker/workspace/TPG/hw/design_1_wrapper.xsa
TRACE::2025-02-28.09:51:39::SCWPlatform::DSA directory C:/Users/oparker/workspace/TPG/hw
TRACE::2025-02-28.09:51:39::SCWPlatform:: Platform Path C:/Users/oparker/workspace/TPG/hw/design_1_wrapper.xsa
TRACE::2025-02-28.09:51:39::SCWPlatform:: Unique name xilinx:zed::0.0
TRACE::2025-02-28.09:51:39::SCWPlatform::Trying to set the existing hwdb with name design_1_wrapper_2
TRACE::2025-02-28.09:51:39::SCWPlatform::Opened existing hwdb design_1_wrapper_2
TRACE::2025-02-28.09:51:39::SCWPlatform::Found the Hw Db part of the input DSA
TRACE::2025-02-28.09:51:39::SCWMssOS::Checking the sw design at  C:/Users/oparker/workspace/TPG/zynq_fsbl/zynq_fsbl_bsp/system.mss
TRACE::2025-02-28.09:51:39::SCWMssOS::DEBUG:  swdes dump  C:/Users/oparker/workspace/TPG/ps7_cortexa9_0/standalone_domain/bsp/system.mss|system_1||
C:/Users/oparker/workspace/TPG/zynq_fsbl/zynq_fsbl_bsp/system.mss|system||
C:/Users/oparker/workspace/design_1_wrapper/zynq_fsbl/zynq_fsbl_bsp/system.mss|system_0||

TRACE::2025-02-28.09:51:39::SCWMssOS::Sw design exists and opened at  C:/Users/oparker/workspace/TPG/zynq_fsbl/zynq_fsbl_bsp/system.mss
TRACE::2025-02-28.09:51:39::SCWMssOS::Removing the swdes entry for  C:/Users/oparker/workspace/TPG/zynq_fsbl/zynq_fsbl_bsp/system.mss
TRACE::2025-02-28.09:51:39::SCWMssOS::Saving the mss changes C:/Users/oparker/workspace/TPG/zynq_fsbl/zynq_fsbl_bsp/system.mss
TRACE::2025-02-28.09:51:39::SCWMssOS::Adding the swdes entry, mss present, able to open swdb C:/Users/oparker/workspace/TPG/zynq_fsbl/zynq_fsbl_bsp/system.mss with des name system
TRACE::2025-02-28.09:51:39::SCWMssOS::Writing the mss file completed C:/Users/oparker/workspace/TPG/zynq_fsbl/zynq_fsbl_bsp/system.mss
TRACE::2025-02-28.09:51:39::SCWMssOS::Commit changes completed.
TRACE::2025-02-28.09:51:39::SCWMssOS::Saving the mss changes C:/Users/oparker/workspace/TPG/ps7_cortexa9_0/standalone_domain/bsp/system.mss
TRACE::2025-02-28.09:51:39::SCWMssOS::Found a swdesign opened with the mssfile.
TRACE::2025-02-28.09:51:39::SCWMssOS::Completed writemss as part of save.
TRACE::2025-02-28.09:51:39::SCWMssOS::Commit changes completed.
TRACE::2025-02-28.09:51:39::SCWPlatform::Trying to open the hw design at C:/Users/oparker/workspace/TPG/hw/design_1_wrapper.xsa
TRACE::2025-02-28.09:51:39::SCWPlatform::DSA given C:/Users/oparker/workspace/TPG/hw/design_1_wrapper.xsa
TRACE::2025-02-28.09:51:39::SCWPlatform::DSA absoulate path C:/Users/oparker/workspace/TPG/hw/design_1_wrapper.xsa
TRACE::2025-02-28.09:51:39::SCWPlatform::DSA directory C:/Users/oparker/workspace/TPG/hw
TRACE::2025-02-28.09:51:39::SCWPlatform:: Platform Path C:/Users/oparker/workspace/TPG/hw/design_1_wrapper.xsa
TRACE::2025-02-28.09:51:39::SCWPlatform:: Unique name xilinx:zed::0.0
TRACE::2025-02-28.09:51:39::SCWPlatform::Trying to set the existing hwdb with name design_1_wrapper_2
TRACE::2025-02-28.09:51:39::SCWPlatform::Opened existing hwdb design_1_wrapper_2
TRACE::2025-02-28.09:51:39::SCWPlatform::Found the Hw Db part of the input DSA
TRACE::2025-02-28.09:51:39::SCWMssOS::Checking the sw design at  C:/Users/oparker/workspace/TPG/zynq_fsbl/zynq_fsbl_bsp/system.mss
TRACE::2025-02-28.09:51:39::SCWMssOS::DEBUG:  swdes dump  C:/Users/oparker/workspace/TPG/ps7_cortexa9_0/standalone_domain/bsp/system.mss|system_1||
C:/Users/oparker/workspace/TPG/zynq_fsbl/zynq_fsbl_bsp/system.mss|system||
C:/Users/oparker/workspace/design_1_wrapper/zynq_fsbl/zynq_fsbl_bsp/system.mss|system_0||

TRACE::2025-02-28.09:51:39::SCWMssOS::Sw design exists and opened at  C:/Users/oparker/workspace/TPG/zynq_fsbl/zynq_fsbl_bsp/system.mss
TRACE::2025-02-28.09:51:39::SCWPlatform::Trying to open the hw design at C:/Users/oparker/workspace/TPG/hw/design_1_wrapper.xsa
TRACE::2025-02-28.09:51:39::SCWPlatform::DSA given C:/Users/oparker/workspace/TPG/hw/design_1_wrapper.xsa
TRACE::2025-02-28.09:51:39::SCWPlatform::DSA absoulate path C:/Users/oparker/workspace/TPG/hw/design_1_wrapper.xsa
TRACE::2025-02-28.09:51:39::SCWPlatform::DSA directory C:/Users/oparker/workspace/TPG/hw
TRACE::2025-02-28.09:51:39::SCWPlatform:: Platform Path C:/Users/oparker/workspace/TPG/hw/design_1_wrapper.xsa
TRACE::2025-02-28.09:51:39::SCWPlatform:: Unique name xilinx:zed::0.0
TRACE::2025-02-28.09:51:39::SCWPlatform::Trying to set the existing hwdb with name design_1_wrapper_2
TRACE::2025-02-28.09:51:39::SCWPlatform::Opened existing hwdb design_1_wrapper_2
TRACE::2025-02-28.09:51:39::SCWPlatform::Found the Hw Db part of the input DSA
TRACE::2025-02-28.09:51:39::SCWMssOS::Checking the sw design at  C:/Users/oparker/workspace/TPG/ps7_cortexa9_0/standalone_domain/bsp/system.mss
TRACE::2025-02-28.09:51:39::SCWMssOS::DEBUG:  swdes dump  C:/Users/oparker/workspace/TPG/ps7_cortexa9_0/standalone_domain/bsp/system.mss|system_1||
C:/Users/oparker/workspace/TPG/zynq_fsbl/zynq_fsbl_bsp/system.mss|system||
C:/Users/oparker/workspace/design_1_wrapper/zynq_fsbl/zynq_fsbl_bsp/system.mss|system_0||

TRACE::2025-02-28.09:51:39::SCWMssOS::Sw design exists and opened at  C:/Users/oparker/workspace/TPG/ps7_cortexa9_0/standalone_domain/bsp/system.mss
TRACE::2025-02-28.09:51:39::SCWWriter::formatted JSON is {
	"platformName":	"TPG",
	"sprVersion":	"2.0",
	"mode":	"gui",
	"dsaType":	"Fixed",
	"platformDesc":	"TPG",
	"platHandOff":	"C:/Users/oparker/cpre488-mp2/project_1/design_1_wrapper.xsa",
	"platIntHandOff":	"<platformDir>/hw/design_1_wrapper.xsa",
	"deviceType":	"zynq",
	"platIsPrebuiltAutogen":	"false",
	"platIsNoBootBsp":	"false",
	"hasFsblMakeHasChanges":	"false",
	"hasPmufwMakeHasChanges":	"false",
	"fsblExtraCompilerFlags":	"-MMD -MP       -mcpu=cortex-a9 -mfpu=vfpv3 -mfloat-abi=hard ",
	"platPreBuiltFlag":	false,
	"platformSamplesDir":	"",
	"platActiveSys":	"TPG",
	"systems":	[{
			"systemName":	"TPG",
			"systemDesc":	"TPG",
			"sysIsBootAutoGen":	"true",
			"systemDispName":	"TPG",
			"sysActiveDom":	"standalone_domain",
			"sysDefaultDom":	"standalone_domain",
			"domains":	[{
					"domainName":	"zynq_fsbl",
					"domainDispName":	"zynq_fsbl",
					"domainDesc":	"FSBL Application BSP - Auto Generated.",
					"processors":	"ps7_cortexa9_0",
					"os":	"standalone",
					"sdxOs":	"standalone",
					"debugEnable":	"",
					"domRuntimes":	["cpp"],
					"swRepo":	"",
					"mssOsVer":	"7.2",
					"mssFile":	"",
					"md5Digest":	"158a679dab493f3308b1d2cbafc496b0",
					"compatibleApp":	"zynq_fsbl",
					"domType":	"bootDomain",
					"appSettings":	{
						"appCompilerFlags":	"",
						"appLinkerFlags":	""
					},
					"addedLibs":	["xilffs:4.3", "xilrsa:1.6"],
					"libOptions":	{
						"libsContainingOptions":	[]
					},
					"prebuiltLibs":	{
						"prebuiltIncPath":	[],
						"prebuiltLibPath":	[]
					},
					"isolation":	{
					}
				}, {
					"domainName":	"standalone_domain",
					"domainDispName":	"standalone on ps7_cortexa9_0",
					"domainDesc":	"standalone_domain",
					"processors":	"ps7_cortexa9_0",
					"os":	"standalone",
					"sdxOs":	"standalone",
					"qemuArgs":	"C:/Xilinx/Vitis/2020.1/data/emulation/platforms/zynq/qemu/qemu_args.txt",
					"qemuData":	"C:/Xilinx/Vitis/2020.1/data/emulation/platforms/zynq/qemu/",
					"debugEnable":	"False",
					"domRuntimes":	["cpp"],
					"swRepo":	"",
					"mssOsVer":	"7.2",
					"mssFile":	"",
					"md5Digest":	"85ba41434c82914f0e9e24fa6ddcf962",
					"compatibleApp":	"",
					"domType":	"mssDomain",
					"appSettings":	{
						"appCompilerFlags":	"",
						"appLinkerFlags":	""
					},
					"addedLibs":	[],
					"libOptions":	{
						"libsContainingOptions":	[]
					},
					"prebuiltLibs":	{
						"prebuiltIncPath":	[],
						"prebuiltLibPath":	[]
					},
					"isolation":	{
					}
				}]
		}]
}
TRACE::2025-02-28.09:51:39::SCWMssOS::Saving the mss changes C:/Users/oparker/workspace/TPG/ps7_cortexa9_0/standalone_domain/bsp/system.mss
TRACE::2025-02-28.09:51:39::SCWMssOS::Found a swdesign opened with the mssfile.
TRACE::2025-02-28.09:51:39::SCWMssOS::Completed writemss as part of save.
TRACE::2025-02-28.09:51:39::SCWMssOS::Commit changes completed.
TRACE::2025-02-28.09:51:39::SCWPlatform::Trying to open the hw design at C:/Users/oparker/workspace/TPG/hw/design_1_wrapper.xsa
TRACE::2025-02-28.09:51:39::SCWPlatform::DSA given C:/Users/oparker/workspace/TPG/hw/design_1_wrapper.xsa
TRACE::2025-02-28.09:51:39::SCWPlatform::DSA absoulate path C:/Users/oparker/workspace/TPG/hw/design_1_wrapper.xsa
TRACE::2025-02-28.09:51:39::SCWPlatform::DSA directory C:/Users/oparker/workspace/TPG/hw
TRACE::2025-02-28.09:51:39::SCWPlatform:: Platform Path C:/Users/oparker/workspace/TPG/hw/design_1_wrapper.xsa
TRACE::2025-02-28.09:51:39::SCWPlatform:: Unique name xilinx:zed::0.0
TRACE::2025-02-28.09:51:39::SCWPlatform::Trying to set the existing hwdb with name design_1_wrapper_2
TRACE::2025-02-28.09:51:39::SCWPlatform::Opened existing hwdb design_1_wrapper_2
TRACE::2025-02-28.09:51:39::SCWPlatform::Found the Hw Db part of the input DSA
TRACE::2025-02-28.09:51:39::SCWMssOS::Checking the sw design at  C:/Users/oparker/workspace/TPG/ps7_cortexa9_0/standalone_domain/bsp/system.mss
TRACE::2025-02-28.09:51:39::SCWMssOS::DEBUG:  swdes dump  C:/Users/oparker/workspace/TPG/ps7_cortexa9_0/standalone_domain/bsp/system.mss|system_1||
C:/Users/oparker/workspace/TPG/zynq_fsbl/zynq_fsbl_bsp/system.mss|system||
C:/Users/oparker/workspace/design_1_wrapper/zynq_fsbl/zynq_fsbl_bsp/system.mss|system_0||

TRACE::2025-02-28.09:51:39::SCWMssOS::Sw design exists and opened at  C:/Users/oparker/workspace/TPG/ps7_cortexa9_0/standalone_domain/bsp/system.mss
TRACE::2025-02-28.09:51:39::SCWMssOS::Removing the swdes entry for  C:/Users/oparker/workspace/TPG/ps7_cortexa9_0/standalone_domain/bsp/system.mss
TRACE::2025-02-28.09:51:39::SCWMssOS::Saving the mss changes C:/Users/oparker/workspace/TPG/zynq_fsbl/zynq_fsbl_bsp/system.mss
TRACE::2025-02-28.09:51:39::SCWMssOS::Found a swdesign opened with the mssfile.
TRACE::2025-02-28.09:51:39::SCWMssOS::Completed writemss as part of save.
TRACE::2025-02-28.09:51:39::SCWMssOS::Commit changes completed.
TRACE::2025-02-28.09:51:39::SCWMssOS::Saving the mss changes C:/Users/oparker/workspace/TPG/ps7_cortexa9_0/standalone_domain/bsp/system.mss
TRACE::2025-02-28.09:51:39::SCWMssOS::Adding the swdes entry, mss present, able to open swdb C:/Users/oparker/workspace/TPG/ps7_cortexa9_0/standalone_domain/bsp/system.mss with des name system_1
TRACE::2025-02-28.09:51:39::SCWMssOS::Writing the mss file completed C:/Users/oparker/workspace/TPG/ps7_cortexa9_0/standalone_domain/bsp/system.mss
TRACE::2025-02-28.09:51:39::SCWMssOS::Commit changes completed.
TRACE::2025-02-28.09:51:39::SCWPlatform::Trying to open the hw design at C:/Users/oparker/workspace/TPG/hw/design_1_wrapper.xsa
TRACE::2025-02-28.09:51:39::SCWPlatform::DSA given C:/Users/oparker/workspace/TPG/hw/design_1_wrapper.xsa
TRACE::2025-02-28.09:51:39::SCWPlatform::DSA absoulate path C:/Users/oparker/workspace/TPG/hw/design_1_wrapper.xsa
TRACE::2025-02-28.09:51:39::SCWPlatform::DSA directory C:/Users/oparker/workspace/TPG/hw
TRACE::2025-02-28.09:51:39::SCWPlatform:: Platform Path C:/Users/oparker/workspace/TPG/hw/design_1_wrapper.xsa
TRACE::2025-02-28.09:51:39::SCWPlatform:: Unique name xilinx:zed::0.0
TRACE::2025-02-28.09:51:39::SCWPlatform::Trying to set the existing hwdb with name design_1_wrapper_2
TRACE::2025-02-28.09:51:39::SCWPlatform::Opened existing hwdb design_1_wrapper_2
TRACE::2025-02-28.09:51:39::SCWPlatform::Found the Hw Db part of the input DSA
TRACE::2025-02-28.09:51:39::SCWMssOS::Checking the sw design at  C:/Users/oparker/workspace/TPG/zynq_fsbl/zynq_fsbl_bsp/system.mss
TRACE::2025-02-28.09:51:39::SCWMssOS::DEBUG:  swdes dump  C:/Users/oparker/workspace/TPG/ps7_cortexa9_0/standalone_domain/bsp/system.mss|system_1||
C:/Users/oparker/workspace/TPG/zynq_fsbl/zynq_fsbl_bsp/system.mss|system||
C:/Users/oparker/workspace/design_1_wrapper/zynq_fsbl/zynq_fsbl_bsp/system.mss|system_0||

TRACE::2025-02-28.09:51:39::SCWMssOS::Sw design exists and opened at  C:/Users/oparker/workspace/TPG/zynq_fsbl/zynq_fsbl_bsp/system.mss
TRACE::2025-02-28.09:51:39::SCWPlatform::Trying to open the hw design at C:/Users/oparker/workspace/TPG/hw/design_1_wrapper.xsa
TRACE::2025-02-28.09:51:39::SCWPlatform::DSA given C:/Users/oparker/workspace/TPG/hw/design_1_wrapper.xsa
TRACE::2025-02-28.09:51:39::SCWPlatform::DSA absoulate path C:/Users/oparker/workspace/TPG/hw/design_1_wrapper.xsa
TRACE::2025-02-28.09:51:39::SCWPlatform::DSA directory C:/Users/oparker/workspace/TPG/hw
TRACE::2025-02-28.09:51:39::SCWPlatform:: Platform Path C:/Users/oparker/workspace/TPG/hw/design_1_wrapper.xsa
TRACE::2025-02-28.09:51:39::SCWPlatform:: Unique name xilinx:zed::0.0
TRACE::2025-02-28.09:51:39::SCWPlatform::Trying to set the existing hwdb with name design_1_wrapper_2
TRACE::2025-02-28.09:51:39::SCWPlatform::Opened existing hwdb design_1_wrapper_2
TRACE::2025-02-28.09:51:39::SCWPlatform::Found the Hw Db part of the input DSA
TRACE::2025-02-28.09:51:39::SCWMssOS::Checking the sw design at  C:/Users/oparker/workspace/TPG/ps7_cortexa9_0/standalone_domain/bsp/system.mss
TRACE::2025-02-28.09:51:39::SCWMssOS::DEBUG:  swdes dump  C:/Users/oparker/workspace/TPG/ps7_cortexa9_0/standalone_domain/bsp/system.mss|system_1||
C:/Users/oparker/workspace/TPG/zynq_fsbl/zynq_fsbl_bsp/system.mss|system||
C:/Users/oparker/workspace/design_1_wrapper/zynq_fsbl/zynq_fsbl_bsp/system.mss|system_0||

TRACE::2025-02-28.09:51:39::SCWMssOS::Sw design exists and opened at  C:/Users/oparker/workspace/TPG/ps7_cortexa9_0/standalone_domain/bsp/system.mss
TRACE::2025-02-28.09:51:39::SCWWriter::formatted JSON is {
	"platformName":	"TPG",
	"sprVersion":	"2.0",
	"mode":	"gui",
	"dsaType":	"Fixed",
	"platformDesc":	"TPG",
	"platHandOff":	"C:/Users/oparker/cpre488-mp2/project_1/design_1_wrapper.xsa",
	"platIntHandOff":	"<platformDir>/hw/design_1_wrapper.xsa",
	"deviceType":	"zynq",
	"platIsPrebuiltAutogen":	"false",
	"platIsNoBootBsp":	"false",
	"hasFsblMakeHasChanges":	"false",
	"hasPmufwMakeHasChanges":	"false",
	"fsblExtraCompilerFlags":	"-MMD -MP       -mcpu=cortex-a9 -mfpu=vfpv3 -mfloat-abi=hard ",
	"platPreBuiltFlag":	false,
	"platformSamplesDir":	"",
	"platActiveSys":	"TPG",
	"systems":	[{
			"systemName":	"TPG",
			"systemDesc":	"TPG",
			"sysIsBootAutoGen":	"true",
			"systemDispName":	"TPG",
			"sysActiveDom":	"zynq_fsbl",
			"sysDefaultDom":	"standalone_domain",
			"domains":	[{
					"domainName":	"zynq_fsbl",
					"domainDispName":	"zynq_fsbl",
					"domainDesc":	"FSBL Application BSP - Auto Generated.",
					"processors":	"ps7_cortexa9_0",
					"os":	"standalone",
					"sdxOs":	"standalone",
					"debugEnable":	"",
					"domRuntimes":	["cpp"],
					"swRepo":	"",
					"mssOsVer":	"7.2",
					"mssFile":	"",
					"md5Digest":	"158a679dab493f3308b1d2cbafc496b0",
					"compatibleApp":	"zynq_fsbl",
					"domType":	"bootDomain",
					"appSettings":	{
						"appCompilerFlags":	"",
						"appLinkerFlags":	""
					},
					"addedLibs":	["xilffs:4.3", "xilrsa:1.6"],
					"libOptions":	{
						"libsContainingOptions":	[]
					},
					"prebuiltLibs":	{
						"prebuiltIncPath":	[],
						"prebuiltLibPath":	[]
					},
					"isolation":	{
					}
				}, {
					"domainName":	"standalone_domain",
					"domainDispName":	"standalone on ps7_cortexa9_0",
					"domainDesc":	"standalone_domain",
					"processors":	"ps7_cortexa9_0",
					"os":	"standalone",
					"sdxOs":	"standalone",
					"qemuArgs":	"C:/Xilinx/Vitis/2020.1/data/emulation/platforms/zynq/qemu/qemu_args.txt",
					"qemuData":	"C:/Xilinx/Vitis/2020.1/data/emulation/platforms/zynq/qemu/",
					"debugEnable":	"False",
					"domRuntimes":	["cpp"],
					"swRepo":	"",
					"mssOsVer":	"7.2",
					"mssFile":	"",
					"md5Digest":	"85ba41434c82914f0e9e24fa6ddcf962",
					"compatibleApp":	"",
					"domType":	"mssDomain",
					"appSettings":	{
						"appCompilerFlags":	"",
						"appLinkerFlags":	""
					},
					"addedLibs":	[],
					"libOptions":	{
						"libsContainingOptions":	[]
					},
					"prebuiltLibs":	{
						"prebuiltIncPath":	[],
						"prebuiltLibPath":	[]
					},
					"isolation":	{
					}
				}]
		}]
}
TRACE::2025-02-28.09:51:39::SCWMssOS::Saving the mss changes C:/Users/oparker/workspace/TPG/zynq_fsbl/zynq_fsbl_bsp/system.mss
TRACE::2025-02-28.09:51:39::SCWMssOS::Found a swdesign opened with the mssfile.
TRACE::2025-02-28.09:51:39::SCWMssOS::Completed writemss as part of save.
TRACE::2025-02-28.09:51:39::SCWMssOS::Commit changes completed.
TRACE::2025-02-28.09:51:39::SCWPlatform::Trying to open the hw design at C:/Users/oparker/workspace/TPG/hw/design_1_wrapper.xsa
TRACE::2025-02-28.09:51:39::SCWPlatform::DSA given C:/Users/oparker/workspace/TPG/hw/design_1_wrapper.xsa
TRACE::2025-02-28.09:51:39::SCWPlatform::DSA absoulate path C:/Users/oparker/workspace/TPG/hw/design_1_wrapper.xsa
TRACE::2025-02-28.09:51:39::SCWPlatform::DSA directory C:/Users/oparker/workspace/TPG/hw
TRACE::2025-02-28.09:51:39::SCWPlatform:: Platform Path C:/Users/oparker/workspace/TPG/hw/design_1_wrapper.xsa
TRACE::2025-02-28.09:51:39::SCWPlatform:: Unique name xilinx:zed::0.0
TRACE::2025-02-28.09:51:39::SCWPlatform::Trying to set the existing hwdb with name design_1_wrapper_2
TRACE::2025-02-28.09:51:39::SCWPlatform::Opened existing hwdb design_1_wrapper_2
TRACE::2025-02-28.09:51:39::SCWPlatform::Found the Hw Db part of the input DSA
TRACE::2025-02-28.09:51:39::SCWMssOS::Checking the sw design at  C:/Users/oparker/workspace/TPG/zynq_fsbl/zynq_fsbl_bsp/system.mss
TRACE::2025-02-28.09:51:39::SCWMssOS::DEBUG:  swdes dump  C:/Users/oparker/workspace/TPG/ps7_cortexa9_0/standalone_domain/bsp/system.mss|system_1||
C:/Users/oparker/workspace/TPG/zynq_fsbl/zynq_fsbl_bsp/system.mss|system||
C:/Users/oparker/workspace/design_1_wrapper/zynq_fsbl/zynq_fsbl_bsp/system.mss|system_0||

TRACE::2025-02-28.09:51:39::SCWMssOS::Sw design exists and opened at  C:/Users/oparker/workspace/TPG/zynq_fsbl/zynq_fsbl_bsp/system.mss
TRACE::2025-02-28.09:51:39::SCWMssOS::Removing the swdes entry for  C:/Users/oparker/workspace/TPG/zynq_fsbl/zynq_fsbl_bsp/system.mss
TRACE::2025-02-28.09:51:39::SCWMssOS::Saving the mss changes C:/Users/oparker/workspace/TPG/zynq_fsbl/zynq_fsbl_bsp/system.mss
TRACE::2025-02-28.09:51:39::SCWMssOS::Adding the swdes entry, mss present, able to open swdb C:/Users/oparker/workspace/TPG/zynq_fsbl/zynq_fsbl_bsp/system.mss with des name system
TRACE::2025-02-28.09:51:39::SCWMssOS::Writing the mss file completed C:/Users/oparker/workspace/TPG/zynq_fsbl/zynq_fsbl_bsp/system.mss
TRACE::2025-02-28.09:51:39::SCWMssOS::Commit changes completed.
TRACE::2025-02-28.09:51:39::SCWMssOS::Saving the mss changes C:/Users/oparker/workspace/TPG/ps7_cortexa9_0/standalone_domain/bsp/system.mss
TRACE::2025-02-28.09:51:39::SCWMssOS::Found a swdesign opened with the mssfile.
TRACE::2025-02-28.09:51:39::SCWMssOS::Completed writemss as part of save.
TRACE::2025-02-28.09:51:39::SCWMssOS::Commit changes completed.
TRACE::2025-02-28.09:51:39::SCWPlatform::Trying to open the hw design at C:/Users/oparker/workspace/TPG/hw/design_1_wrapper.xsa
TRACE::2025-02-28.09:51:39::SCWPlatform::DSA given C:/Users/oparker/workspace/TPG/hw/design_1_wrapper.xsa
TRACE::2025-02-28.09:51:39::SCWPlatform::DSA absoulate path C:/Users/oparker/workspace/TPG/hw/design_1_wrapper.xsa
TRACE::2025-02-28.09:51:39::SCWPlatform::DSA directory C:/Users/oparker/workspace/TPG/hw
TRACE::2025-02-28.09:51:39::SCWPlatform:: Platform Path C:/Users/oparker/workspace/TPG/hw/design_1_wrapper.xsa
TRACE::2025-02-28.09:51:39::SCWPlatform:: Unique name xilinx:zed::0.0
TRACE::2025-02-28.09:51:39::SCWPlatform::Trying to set the existing hwdb with name design_1_wrapper_2
TRACE::2025-02-28.09:51:39::SCWPlatform::Opened existing hwdb design_1_wrapper_2
TRACE::2025-02-28.09:51:39::SCWPlatform::Found the Hw Db part of the input DSA
TRACE::2025-02-28.09:51:39::SCWMssOS::Checking the sw design at  C:/Users/oparker/workspace/TPG/zynq_fsbl/zynq_fsbl_bsp/system.mss
TRACE::2025-02-28.09:51:39::SCWMssOS::DEBUG:  swdes dump  C:/Users/oparker/workspace/TPG/ps7_cortexa9_0/standalone_domain/bsp/system.mss|system_1||
C:/Users/oparker/workspace/TPG/zynq_fsbl/zynq_fsbl_bsp/system.mss|system||
C:/Users/oparker/workspace/design_1_wrapper/zynq_fsbl/zynq_fsbl_bsp/system.mss|system_0||

TRACE::2025-02-28.09:51:39::SCWMssOS::Sw design exists and opened at  C:/Users/oparker/workspace/TPG/zynq_fsbl/zynq_fsbl_bsp/system.mss
TRACE::2025-02-28.09:51:39::SCWPlatform::Trying to open the hw design at C:/Users/oparker/workspace/TPG/hw/design_1_wrapper.xsa
TRACE::2025-02-28.09:51:39::SCWPlatform::DSA given C:/Users/oparker/workspace/TPG/hw/design_1_wrapper.xsa
TRACE::2025-02-28.09:51:39::SCWPlatform::DSA absoulate path C:/Users/oparker/workspace/TPG/hw/design_1_wrapper.xsa
TRACE::2025-02-28.09:51:39::SCWPlatform::DSA directory C:/Users/oparker/workspace/TPG/hw
TRACE::2025-02-28.09:51:39::SCWPlatform:: Platform Path C:/Users/oparker/workspace/TPG/hw/design_1_wrapper.xsa
TRACE::2025-02-28.09:51:39::SCWPlatform:: Unique name xilinx:zed::0.0
TRACE::2025-02-28.09:51:39::SCWPlatform::Trying to set the existing hwdb with name design_1_wrapper_2
TRACE::2025-02-28.09:51:39::SCWPlatform::Opened existing hwdb design_1_wrapper_2
TRACE::2025-02-28.09:51:39::SCWPlatform::Found the Hw Db part of the input DSA
TRACE::2025-02-28.09:51:39::SCWMssOS::Checking the sw design at  C:/Users/oparker/workspace/TPG/ps7_cortexa9_0/standalone_domain/bsp/system.mss
TRACE::2025-02-28.09:51:39::SCWMssOS::DEBUG:  swdes dump  C:/Users/oparker/workspace/TPG/ps7_cortexa9_0/standalone_domain/bsp/system.mss|system_1||
C:/Users/oparker/workspace/TPG/zynq_fsbl/zynq_fsbl_bsp/system.mss|system||
C:/Users/oparker/workspace/design_1_wrapper/zynq_fsbl/zynq_fsbl_bsp/system.mss|system_0||

TRACE::2025-02-28.09:51:39::SCWMssOS::Sw design exists and opened at  C:/Users/oparker/workspace/TPG/ps7_cortexa9_0/standalone_domain/bsp/system.mss
TRACE::2025-02-28.09:51:39::SCWWriter::formatted JSON is {
	"platformName":	"TPG",
	"sprVersion":	"2.0",
	"mode":	"gui",
	"dsaType":	"Fixed",
	"platformDesc":	"TPG",
	"platHandOff":	"C:/Users/oparker/cpre488-mp2/project_1/design_1_wrapper.xsa",
	"platIntHandOff":	"<platformDir>/hw/design_1_wrapper.xsa",
	"deviceType":	"zynq",
	"platIsPrebuiltAutogen":	"false",
	"platIsNoBootBsp":	"false",
	"hasFsblMakeHasChanges":	"false",
	"hasPmufwMakeHasChanges":	"false",
	"fsblExtraCompilerFlags":	"-MMD -MP       -mcpu=cortex-a9 -mfpu=vfpv3 -mfloat-abi=hard ",
	"platPreBuiltFlag":	false,
	"platformSamplesDir":	"",
	"platActiveSys":	"TPG",
	"systems":	[{
			"systemName":	"TPG",
			"systemDesc":	"TPG",
			"sysIsBootAutoGen":	"true",
			"systemDispName":	"TPG",
			"sysActiveDom":	"standalone_domain",
			"sysDefaultDom":	"standalone_domain",
			"domains":	[{
					"domainName":	"zynq_fsbl",
					"domainDispName":	"zynq_fsbl",
					"domainDesc":	"FSBL Application BSP - Auto Generated.",
					"processors":	"ps7_cortexa9_0",
					"os":	"standalone",
					"sdxOs":	"standalone",
					"debugEnable":	"",
					"domRuntimes":	["cpp"],
					"swRepo":	"",
					"mssOsVer":	"7.2",
					"mssFile":	"",
					"md5Digest":	"158a679dab493f3308b1d2cbafc496b0",
					"compatibleApp":	"zynq_fsbl",
					"domType":	"bootDomain",
					"appSettings":	{
						"appCompilerFlags":	"",
						"appLinkerFlags":	""
					},
					"addedLibs":	["xilffs:4.3", "xilrsa:1.6"],
					"libOptions":	{
						"libsContainingOptions":	[]
					},
					"prebuiltLibs":	{
						"prebuiltIncPath":	[],
						"prebuiltLibPath":	[]
					},
					"isolation":	{
					}
				}, {
					"domainName":	"standalone_domain",
					"domainDispName":	"standalone on ps7_cortexa9_0",
					"domainDesc":	"standalone_domain",
					"processors":	"ps7_cortexa9_0",
					"os":	"standalone",
					"sdxOs":	"standalone",
					"qemuArgs":	"C:/Xilinx/Vitis/2020.1/data/emulation/platforms/zynq/qemu/qemu_args.txt",
					"qemuData":	"C:/Xilinx/Vitis/2020.1/data/emulation/platforms/zynq/qemu/",
					"debugEnable":	"False",
					"domRuntimes":	["cpp"],
					"swRepo":	"",
					"mssOsVer":	"7.2",
					"mssFile":	"",
					"md5Digest":	"85ba41434c82914f0e9e24fa6ddcf962",
					"compatibleApp":	"",
					"domType":	"mssDomain",
					"appSettings":	{
						"appCompilerFlags":	"",
						"appLinkerFlags":	""
					},
					"addedLibs":	[],
					"libOptions":	{
						"libsContainingOptions":	[]
					},
					"prebuiltLibs":	{
						"prebuiltIncPath":	[],
						"prebuiltLibPath":	[]
					},
					"isolation":	{
					}
				}]
		}]
}
TRACE::2025-02-28.09:51:39::SCWMssOS::Saving the mss changes C:/Users/oparker/workspace/TPG/ps7_cortexa9_0/standalone_domain/bsp/system.mss
TRACE::2025-02-28.09:51:39::SCWMssOS::Found a swdesign opened with the mssfile.
TRACE::2025-02-28.09:51:39::SCWMssOS::Completed writemss as part of save.
TRACE::2025-02-28.09:51:39::SCWMssOS::Commit changes completed.
TRACE::2025-02-28.09:51:39::SCWPlatform::Trying to open the hw design at C:/Users/oparker/workspace/TPG/hw/design_1_wrapper.xsa
TRACE::2025-02-28.09:51:39::SCWPlatform::DSA given C:/Users/oparker/workspace/TPG/hw/design_1_wrapper.xsa
TRACE::2025-02-28.09:51:39::SCWPlatform::DSA absoulate path C:/Users/oparker/workspace/TPG/hw/design_1_wrapper.xsa
TRACE::2025-02-28.09:51:39::SCWPlatform::DSA directory C:/Users/oparker/workspace/TPG/hw
TRACE::2025-02-28.09:51:39::SCWPlatform:: Platform Path C:/Users/oparker/workspace/TPG/hw/design_1_wrapper.xsa
TRACE::2025-02-28.09:51:39::SCWPlatform:: Unique name xilinx:zed::0.0
TRACE::2025-02-28.09:51:39::SCWPlatform::Trying to set the existing hwdb with name design_1_wrapper_2
TRACE::2025-02-28.09:51:39::SCWPlatform::Opened existing hwdb design_1_wrapper_2
TRACE::2025-02-28.09:51:39::SCWPlatform::Found the Hw Db part of the input DSA
TRACE::2025-02-28.09:51:39::SCWMssOS::Checking the sw design at  C:/Users/oparker/workspace/TPG/ps7_cortexa9_0/standalone_domain/bsp/system.mss
TRACE::2025-02-28.09:51:39::SCWMssOS::DEBUG:  swdes dump  C:/Users/oparker/workspace/TPG/ps7_cortexa9_0/standalone_domain/bsp/system.mss|system_1||
C:/Users/oparker/workspace/TPG/zynq_fsbl/zynq_fsbl_bsp/system.mss|system||
C:/Users/oparker/workspace/design_1_wrapper/zynq_fsbl/zynq_fsbl_bsp/system.mss|system_0||

TRACE::2025-02-28.09:51:39::SCWMssOS::Sw design exists and opened at  C:/Users/oparker/workspace/TPG/ps7_cortexa9_0/standalone_domain/bsp/system.mss
TRACE::2025-02-28.09:51:39::SCWMssOS::Removing the swdes entry for  C:/Users/oparker/workspace/TPG/ps7_cortexa9_0/standalone_domain/bsp/system.mss
TRACE::2025-02-28.09:51:42::SCWMssOS::Saving the mss changes C:/Users/oparker/workspace/TPG/zynq_fsbl/zynq_fsbl_bsp/system.mss
TRACE::2025-02-28.09:51:42::SCWMssOS::Found a swdesign opened with the mssfile.
TRACE::2025-02-28.09:51:42::SCWMssOS::Completed writemss as part of save.
TRACE::2025-02-28.09:51:42::SCWMssOS::Commit changes completed.
TRACE::2025-02-28.09:51:42::SCWMssOS::Saving the mss changes C:/Users/oparker/workspace/TPG/ps7_cortexa9_0/standalone_domain/bsp/system.mss
TRACE::2025-02-28.09:51:42::SCWMssOS::Adding the swdes entry, mss present, able to open swdb C:/Users/oparker/workspace/TPG/ps7_cortexa9_0/standalone_domain/bsp/system.mss with des name system_1
TRACE::2025-02-28.09:51:42::SCWMssOS::Writing the mss file completed C:/Users/oparker/workspace/TPG/ps7_cortexa9_0/standalone_domain/bsp/system.mss
TRACE::2025-02-28.09:51:42::SCWMssOS::Commit changes completed.
TRACE::2025-02-28.09:51:42::SCWPlatform::Trying to open the hw design at C:/Users/oparker/workspace/TPG/hw/design_1_wrapper.xsa
TRACE::2025-02-28.09:51:42::SCWPlatform::DSA given C:/Users/oparker/workspace/TPG/hw/design_1_wrapper.xsa
TRACE::2025-02-28.09:51:42::SCWPlatform::DSA absoulate path C:/Users/oparker/workspace/TPG/hw/design_1_wrapper.xsa
TRACE::2025-02-28.09:51:42::SCWPlatform::DSA directory C:/Users/oparker/workspace/TPG/hw
TRACE::2025-02-28.09:51:42::SCWPlatform:: Platform Path C:/Users/oparker/workspace/TPG/hw/design_1_wrapper.xsa
TRACE::2025-02-28.09:51:42::SCWPlatform:: Unique name xilinx:zed::0.0
TRACE::2025-02-28.09:51:42::SCWPlatform::Trying to set the existing hwdb with name design_1_wrapper_2
TRACE::2025-02-28.09:51:42::SCWPlatform::Opened existing hwdb design_1_wrapper_2
TRACE::2025-02-28.09:51:42::SCWPlatform::Found the Hw Db part of the input DSA
TRACE::2025-02-28.09:51:42::SCWMssOS::Checking the sw design at  C:/Users/oparker/workspace/TPG/zynq_fsbl/zynq_fsbl_bsp/system.mss
TRACE::2025-02-28.09:51:42::SCWMssOS::DEBUG:  swdes dump  C:/Users/oparker/workspace/TPG/ps7_cortexa9_0/standalone_domain/bsp/system.mss|system_1||
C:/Users/oparker/workspace/TPG/zynq_fsbl/zynq_fsbl_bsp/system.mss|system||
C:/Users/oparker/workspace/design_1_wrapper/zynq_fsbl/zynq_fsbl_bsp/system.mss|system_0||

TRACE::2025-02-28.09:51:42::SCWMssOS::Sw design exists and opened at  C:/Users/oparker/workspace/TPG/zynq_fsbl/zynq_fsbl_bsp/system.mss
TRACE::2025-02-28.09:51:42::SCWPlatform::Trying to open the hw design at C:/Users/oparker/workspace/TPG/hw/design_1_wrapper.xsa
TRACE::2025-02-28.09:51:42::SCWPlatform::DSA given C:/Users/oparker/workspace/TPG/hw/design_1_wrapper.xsa
TRACE::2025-02-28.09:51:42::SCWPlatform::DSA absoulate path C:/Users/oparker/workspace/TPG/hw/design_1_wrapper.xsa
TRACE::2025-02-28.09:51:42::SCWPlatform::DSA directory C:/Users/oparker/workspace/TPG/hw
TRACE::2025-02-28.09:51:42::SCWPlatform:: Platform Path C:/Users/oparker/workspace/TPG/hw/design_1_wrapper.xsa
TRACE::2025-02-28.09:51:42::SCWPlatform:: Unique name xilinx:zed::0.0
TRACE::2025-02-28.09:51:42::SCWPlatform::Trying to set the existing hwdb with name design_1_wrapper_2
TRACE::2025-02-28.09:51:42::SCWPlatform::Opened existing hwdb design_1_wrapper_2
TRACE::2025-02-28.09:51:42::SCWPlatform::Found the Hw Db part of the input DSA
TRACE::2025-02-28.09:51:42::SCWMssOS::Checking the sw design at  C:/Users/oparker/workspace/TPG/ps7_cortexa9_0/standalone_domain/bsp/system.mss
TRACE::2025-02-28.09:51:42::SCWMssOS::DEBUG:  swdes dump  C:/Users/oparker/workspace/TPG/ps7_cortexa9_0/standalone_domain/bsp/system.mss|system_1||
C:/Users/oparker/workspace/TPG/zynq_fsbl/zynq_fsbl_bsp/system.mss|system||
C:/Users/oparker/workspace/design_1_wrapper/zynq_fsbl/zynq_fsbl_bsp/system.mss|system_0||

TRACE::2025-02-28.09:51:42::SCWMssOS::Sw design exists and opened at  C:/Users/oparker/workspace/TPG/ps7_cortexa9_0/standalone_domain/bsp/system.mss
TRACE::2025-02-28.09:51:42::SCWWriter::formatted JSON is {
	"platformName":	"TPG",
	"sprVersion":	"2.0",
	"mode":	"gui",
	"dsaType":	"Fixed",
	"platformDesc":	"TPG",
	"platHandOff":	"C:/Users/oparker/cpre488-mp2/project_1/design_1_wrapper.xsa",
	"platIntHandOff":	"<platformDir>/hw/design_1_wrapper.xsa",
	"deviceType":	"zynq",
	"platIsPrebuiltAutogen":	"false",
	"platIsNoBootBsp":	"false",
	"hasFsblMakeHasChanges":	"false",
	"hasPmufwMakeHasChanges":	"false",
	"fsblExtraCompilerFlags":	"-MMD -MP       -mcpu=cortex-a9 -mfpu=vfpv3 -mfloat-abi=hard ",
	"platPreBuiltFlag":	false,
	"platformSamplesDir":	"",
	"platActiveSys":	"TPG",
	"systems":	[{
			"systemName":	"TPG",
			"systemDesc":	"TPG",
			"sysIsBootAutoGen":	"true",
			"systemDispName":	"TPG",
			"sysActiveDom":	"zynq_fsbl",
			"sysDefaultDom":	"standalone_domain",
			"domains":	[{
					"domainName":	"zynq_fsbl",
					"domainDispName":	"zynq_fsbl",
					"domainDesc":	"FSBL Application BSP - Auto Generated.",
					"processors":	"ps7_cortexa9_0",
					"os":	"standalone",
					"sdxOs":	"standalone",
					"debugEnable":	"",
					"domRuntimes":	["cpp"],
					"swRepo":	"",
					"mssOsVer":	"7.2",
					"mssFile":	"",
					"md5Digest":	"158a679dab493f3308b1d2cbafc496b0",
					"compatibleApp":	"zynq_fsbl",
					"domType":	"bootDomain",
					"appSettings":	{
						"appCompilerFlags":	"",
						"appLinkerFlags":	""
					},
					"addedLibs":	["xilffs:4.3", "xilrsa:1.6"],
					"libOptions":	{
						"libsContainingOptions":	[]
					},
					"prebuiltLibs":	{
						"prebuiltIncPath":	[],
						"prebuiltLibPath":	[]
					},
					"isolation":	{
					}
				}, {
					"domainName":	"standalone_domain",
					"domainDispName":	"standalone on ps7_cortexa9_0",
					"domainDesc":	"standalone_domain",
					"processors":	"ps7_cortexa9_0",
					"os":	"standalone",
					"sdxOs":	"standalone",
					"qemuArgs":	"C:/Xilinx/Vitis/2020.1/data/emulation/platforms/zynq/qemu/qemu_args.txt",
					"qemuData":	"C:/Xilinx/Vitis/2020.1/data/emulation/platforms/zynq/qemu/",
					"debugEnable":	"False",
					"domRuntimes":	["cpp"],
					"swRepo":	"",
					"mssOsVer":	"7.2",
					"mssFile":	"",
					"md5Digest":	"85ba41434c82914f0e9e24fa6ddcf962",
					"compatibleApp":	"",
					"domType":	"mssDomain",
					"appSettings":	{
						"appCompilerFlags":	"",
						"appLinkerFlags":	""
					},
					"addedLibs":	[],
					"libOptions":	{
						"libsContainingOptions":	[]
					},
					"prebuiltLibs":	{
						"prebuiltIncPath":	[],
						"prebuiltLibPath":	[]
					},
					"isolation":	{
					}
				}]
		}]
}
TRACE::2025-02-28.09:51:42::SCWMssOS::Saving the mss changes C:/Users/oparker/workspace/TPG/zynq_fsbl/zynq_fsbl_bsp/system.mss
TRACE::2025-02-28.09:51:42::SCWMssOS::Found a swdesign opened with the mssfile.
TRACE::2025-02-28.09:51:42::SCWMssOS::Completed writemss as part of save.
TRACE::2025-02-28.09:51:42::SCWMssOS::Commit changes completed.
TRACE::2025-02-28.09:51:42::SCWPlatform::Trying to open the hw design at C:/Users/oparker/workspace/TPG/hw/design_1_wrapper.xsa
TRACE::2025-02-28.09:51:42::SCWPlatform::DSA given C:/Users/oparker/workspace/TPG/hw/design_1_wrapper.xsa
TRACE::2025-02-28.09:51:42::SCWPlatform::DSA absoulate path C:/Users/oparker/workspace/TPG/hw/design_1_wrapper.xsa
TRACE::2025-02-28.09:51:42::SCWPlatform::DSA directory C:/Users/oparker/workspace/TPG/hw
TRACE::2025-02-28.09:51:42::SCWPlatform:: Platform Path C:/Users/oparker/workspace/TPG/hw/design_1_wrapper.xsa
TRACE::2025-02-28.09:51:42::SCWPlatform:: Unique name xilinx:zed::0.0
TRACE::2025-02-28.09:51:42::SCWPlatform::Trying to set the existing hwdb with name design_1_wrapper_2
TRACE::2025-02-28.09:51:42::SCWPlatform::Opened existing hwdb design_1_wrapper_2
TRACE::2025-02-28.09:51:42::SCWPlatform::Found the Hw Db part of the input DSA
TRACE::2025-02-28.09:51:42::SCWMssOS::Checking the sw design at  C:/Users/oparker/workspace/TPG/zynq_fsbl/zynq_fsbl_bsp/system.mss
TRACE::2025-02-28.09:51:42::SCWMssOS::DEBUG:  swdes dump  C:/Users/oparker/workspace/TPG/ps7_cortexa9_0/standalone_domain/bsp/system.mss|system_1||
C:/Users/oparker/workspace/TPG/zynq_fsbl/zynq_fsbl_bsp/system.mss|system||
C:/Users/oparker/workspace/design_1_wrapper/zynq_fsbl/zynq_fsbl_bsp/system.mss|system_0||

TRACE::2025-02-28.09:51:42::SCWMssOS::Sw design exists and opened at  C:/Users/oparker/workspace/TPG/zynq_fsbl/zynq_fsbl_bsp/system.mss
TRACE::2025-02-28.09:51:42::SCWMssOS::Removing the swdes entry for  C:/Users/oparker/workspace/TPG/zynq_fsbl/zynq_fsbl_bsp/system.mss
TRACE::2025-02-28.09:51:42::SCWMssOS::Saving the mss changes C:/Users/oparker/workspace/TPG/zynq_fsbl/zynq_fsbl_bsp/system.mss
TRACE::2025-02-28.09:51:42::SCWMssOS::Adding the swdes entry, mss present, able to open swdb C:/Users/oparker/workspace/TPG/zynq_fsbl/zynq_fsbl_bsp/system.mss with des name system
TRACE::2025-02-28.09:51:42::SCWMssOS::Writing the mss file completed C:/Users/oparker/workspace/TPG/zynq_fsbl/zynq_fsbl_bsp/system.mss
TRACE::2025-02-28.09:51:42::SCWMssOS::Commit changes completed.
TRACE::2025-02-28.09:51:42::SCWMssOS::Saving the mss changes C:/Users/oparker/workspace/TPG/ps7_cortexa9_0/standalone_domain/bsp/system.mss
TRACE::2025-02-28.09:51:42::SCWMssOS::Found a swdesign opened with the mssfile.
TRACE::2025-02-28.09:51:42::SCWMssOS::Completed writemss as part of save.
TRACE::2025-02-28.09:51:42::SCWMssOS::Commit changes completed.
TRACE::2025-02-28.09:51:42::SCWPlatform::Trying to open the hw design at C:/Users/oparker/workspace/TPG/hw/design_1_wrapper.xsa
TRACE::2025-02-28.09:51:42::SCWPlatform::DSA given C:/Users/oparker/workspace/TPG/hw/design_1_wrapper.xsa
TRACE::2025-02-28.09:51:42::SCWPlatform::DSA absoulate path C:/Users/oparker/workspace/TPG/hw/design_1_wrapper.xsa
TRACE::2025-02-28.09:51:42::SCWPlatform::DSA directory C:/Users/oparker/workspace/TPG/hw
TRACE::2025-02-28.09:51:42::SCWPlatform:: Platform Path C:/Users/oparker/workspace/TPG/hw/design_1_wrapper.xsa
TRACE::2025-02-28.09:51:42::SCWPlatform:: Unique name xilinx:zed::0.0
TRACE::2025-02-28.09:51:42::SCWPlatform::Trying to set the existing hwdb with name design_1_wrapper_2
TRACE::2025-02-28.09:51:42::SCWPlatform::Opened existing hwdb design_1_wrapper_2
TRACE::2025-02-28.09:51:42::SCWPlatform::Found the Hw Db part of the input DSA
TRACE::2025-02-28.09:51:42::SCWMssOS::Checking the sw design at  C:/Users/oparker/workspace/TPG/zynq_fsbl/zynq_fsbl_bsp/system.mss
TRACE::2025-02-28.09:51:42::SCWMssOS::DEBUG:  swdes dump  C:/Users/oparker/workspace/TPG/ps7_cortexa9_0/standalone_domain/bsp/system.mss|system_1||
C:/Users/oparker/workspace/TPG/zynq_fsbl/zynq_fsbl_bsp/system.mss|system||
C:/Users/oparker/workspace/design_1_wrapper/zynq_fsbl/zynq_fsbl_bsp/system.mss|system_0||

TRACE::2025-02-28.09:51:42::SCWMssOS::Sw design exists and opened at  C:/Users/oparker/workspace/TPG/zynq_fsbl/zynq_fsbl_bsp/system.mss
TRACE::2025-02-28.09:51:42::SCWPlatform::Trying to open the hw design at C:/Users/oparker/workspace/TPG/hw/design_1_wrapper.xsa
TRACE::2025-02-28.09:51:42::SCWPlatform::DSA given C:/Users/oparker/workspace/TPG/hw/design_1_wrapper.xsa
TRACE::2025-02-28.09:51:42::SCWPlatform::DSA absoulate path C:/Users/oparker/workspace/TPG/hw/design_1_wrapper.xsa
TRACE::2025-02-28.09:51:42::SCWPlatform::DSA directory C:/Users/oparker/workspace/TPG/hw
TRACE::2025-02-28.09:51:42::SCWPlatform:: Platform Path C:/Users/oparker/workspace/TPG/hw/design_1_wrapper.xsa
TRACE::2025-02-28.09:51:42::SCWPlatform:: Unique name xilinx:zed::0.0
TRACE::2025-02-28.09:51:42::SCWPlatform::Trying to set the existing hwdb with name design_1_wrapper_2
TRACE::2025-02-28.09:51:42::SCWPlatform::Opened existing hwdb design_1_wrapper_2
TRACE::2025-02-28.09:51:42::SCWPlatform::Found the Hw Db part of the input DSA
TRACE::2025-02-28.09:51:42::SCWMssOS::Checking the sw design at  C:/Users/oparker/workspace/TPG/ps7_cortexa9_0/standalone_domain/bsp/system.mss
TRACE::2025-02-28.09:51:42::SCWMssOS::DEBUG:  swdes dump  C:/Users/oparker/workspace/TPG/ps7_cortexa9_0/standalone_domain/bsp/system.mss|system_1||
C:/Users/oparker/workspace/TPG/zynq_fsbl/zynq_fsbl_bsp/system.mss|system||
C:/Users/oparker/workspace/design_1_wrapper/zynq_fsbl/zynq_fsbl_bsp/system.mss|system_0||

TRACE::2025-02-28.09:51:42::SCWMssOS::Sw design exists and opened at  C:/Users/oparker/workspace/TPG/ps7_cortexa9_0/standalone_domain/bsp/system.mss
TRACE::2025-02-28.09:51:42::SCWWriter::formatted JSON is {
	"platformName":	"TPG",
	"sprVersion":	"2.0",
	"mode":	"gui",
	"dsaType":	"Fixed",
	"platformDesc":	"TPG",
	"platHandOff":	"C:/Users/oparker/cpre488-mp2/project_1/design_1_wrapper.xsa",
	"platIntHandOff":	"<platformDir>/hw/design_1_wrapper.xsa",
	"deviceType":	"zynq",
	"platIsPrebuiltAutogen":	"false",
	"platIsNoBootBsp":	"false",
	"hasFsblMakeHasChanges":	"false",
	"hasPmufwMakeHasChanges":	"false",
	"fsblExtraCompilerFlags":	"-MMD -MP       -mcpu=cortex-a9 -mfpu=vfpv3 -mfloat-abi=hard ",
	"platPreBuiltFlag":	false,
	"platformSamplesDir":	"",
	"platActiveSys":	"TPG",
	"systems":	[{
			"systemName":	"TPG",
			"systemDesc":	"TPG",
			"sysIsBootAutoGen":	"true",
			"systemDispName":	"TPG",
			"sysActiveDom":	"standalone_domain",
			"sysDefaultDom":	"standalone_domain",
			"domains":	[{
					"domainName":	"zynq_fsbl",
					"domainDispName":	"zynq_fsbl",
					"domainDesc":	"FSBL Application BSP - Auto Generated.",
					"processors":	"ps7_cortexa9_0",
					"os":	"standalone",
					"sdxOs":	"standalone",
					"debugEnable":	"",
					"domRuntimes":	["cpp"],
					"swRepo":	"",
					"mssOsVer":	"7.2",
					"mssFile":	"",
					"md5Digest":	"158a679dab493f3308b1d2cbafc496b0",
					"compatibleApp":	"zynq_fsbl",
					"domType":	"bootDomain",
					"appSettings":	{
						"appCompilerFlags":	"",
						"appLinkerFlags":	""
					},
					"addedLibs":	["xilffs:4.3", "xilrsa:1.6"],
					"libOptions":	{
						"libsContainingOptions":	[]
					},
					"prebuiltLibs":	{
						"prebuiltIncPath":	[],
						"prebuiltLibPath":	[]
					},
					"isolation":	{
					}
				}, {
					"domainName":	"standalone_domain",
					"domainDispName":	"standalone on ps7_cortexa9_0",
					"domainDesc":	"standalone_domain",
					"processors":	"ps7_cortexa9_0",
					"os":	"standalone",
					"sdxOs":	"standalone",
					"qemuArgs":	"C:/Xilinx/Vitis/2020.1/data/emulation/platforms/zynq/qemu/qemu_args.txt",
					"qemuData":	"C:/Xilinx/Vitis/2020.1/data/emulation/platforms/zynq/qemu/",
					"debugEnable":	"False",
					"domRuntimes":	["cpp"],
					"swRepo":	"",
					"mssOsVer":	"7.2",
					"mssFile":	"",
					"md5Digest":	"85ba41434c82914f0e9e24fa6ddcf962",
					"compatibleApp":	"",
					"domType":	"mssDomain",
					"appSettings":	{
						"appCompilerFlags":	"",
						"appLinkerFlags":	""
					},
					"addedLibs":	[],
					"libOptions":	{
						"libsContainingOptions":	[]
					},
					"prebuiltLibs":	{
						"prebuiltIncPath":	[],
						"prebuiltLibPath":	[]
					},
					"isolation":	{
					}
				}]
		}]
}
TRACE::2025-02-28.09:51:42::SCWMssOS::Saving the mss changes C:/Users/oparker/workspace/TPG/ps7_cortexa9_0/standalone_domain/bsp/system.mss
TRACE::2025-02-28.09:51:42::SCWMssOS::Found a swdesign opened with the mssfile.
TRACE::2025-02-28.09:51:42::SCWMssOS::Completed writemss as part of save.
TRACE::2025-02-28.09:51:42::SCWMssOS::Commit changes completed.
TRACE::2025-02-28.09:51:42::SCWPlatform::Trying to open the hw design at C:/Users/oparker/workspace/TPG/hw/design_1_wrapper.xsa
TRACE::2025-02-28.09:51:42::SCWPlatform::DSA given C:/Users/oparker/workspace/TPG/hw/design_1_wrapper.xsa
TRACE::2025-02-28.09:51:42::SCWPlatform::DSA absoulate path C:/Users/oparker/workspace/TPG/hw/design_1_wrapper.xsa
TRACE::2025-02-28.09:51:42::SCWPlatform::DSA directory C:/Users/oparker/workspace/TPG/hw
TRACE::2025-02-28.09:51:42::SCWPlatform:: Platform Path C:/Users/oparker/workspace/TPG/hw/design_1_wrapper.xsa
TRACE::2025-02-28.09:51:42::SCWPlatform:: Unique name xilinx:zed::0.0
TRACE::2025-02-28.09:51:42::SCWPlatform::Trying to set the existing hwdb with name design_1_wrapper_2
TRACE::2025-02-28.09:51:42::SCWPlatform::Opened existing hwdb design_1_wrapper_2
TRACE::2025-02-28.09:51:42::SCWPlatform::Found the Hw Db part of the input DSA
TRACE::2025-02-28.09:51:42::SCWMssOS::Checking the sw design at  C:/Users/oparker/workspace/TPG/ps7_cortexa9_0/standalone_domain/bsp/system.mss
TRACE::2025-02-28.09:51:42::SCWMssOS::DEBUG:  swdes dump  C:/Users/oparker/workspace/TPG/ps7_cortexa9_0/standalone_domain/bsp/system.mss|system_1||
C:/Users/oparker/workspace/TPG/zynq_fsbl/zynq_fsbl_bsp/system.mss|system||
C:/Users/oparker/workspace/design_1_wrapper/zynq_fsbl/zynq_fsbl_bsp/system.mss|system_0||

TRACE::2025-02-28.09:51:42::SCWMssOS::Sw design exists and opened at  C:/Users/oparker/workspace/TPG/ps7_cortexa9_0/standalone_domain/bsp/system.mss
TRACE::2025-02-28.09:51:42::SCWMssOS::Removing the swdes entry for  C:/Users/oparker/workspace/TPG/ps7_cortexa9_0/standalone_domain/bsp/system.mss
TRACE::2025-02-28.09:56:06::SCWBDomain::System Command Ran  C:&  cd  C:/Users/oparker/workspace/TPG/zynq_fsbl & make clean
TRACE::2025-02-28.09:56:06::SCWBDomain::rm -rf  sd.o  nand.o  nor.o  image_mover.o  md5.o  fsbl_hooks.o  main.o  rsa.o  qspi.o  ps7_init.o  pcap.o  fsbl_handoff.o zynq
TRACE::2025-02-28.09:56:06::SCWBDomain::_fsbl_bsp/ps7_cortexa9_0/lib/libxil.a executable.elf *.o

ERROR::2025-02-28.09:56:06::SCWSystem::Error in Processing the domain zynq_fsbl
LOG::2025-02-28.10:16:47::SCWPlatform::Started generating the artifacts platform TPG
TRACE::2025-02-28.10:16:47::SCWPlatform::Sanity checking of platform is completed
LOG::2025-02-28.10:16:47::SCWPlatform::Started generating the artifacts for system configuration TPG
LOG::2025-02-28.10:16:47::SCWSystem::Checking the domain zynq_fsbl
LOG::2025-02-28.10:16:47::SCWSystem::Doing application build for :  zynq_fsbl
TRACE::2025-02-28.10:16:47::SCWBDomain::Not a forced makefile updation, No changes are present. 
TRACE::2025-02-28.10:16:47::SCWDomain::Building the domain as part of full build :  zynq_fsbl
TRACE::2025-02-28.10:16:47::SCWPlatform::Trying to open the hw design at C:/Users/oparker/workspace/TPG/hw/design_1_wrapper.xsa
TRACE::2025-02-28.10:16:47::SCWPlatform::DSA given C:/Users/oparker/workspace/TPG/hw/design_1_wrapper.xsa
TRACE::2025-02-28.10:16:47::SCWPlatform::DSA absoulate path C:/Users/oparker/workspace/TPG/hw/design_1_wrapper.xsa
TRACE::2025-02-28.10:16:47::SCWPlatform::DSA directory C:/Users/oparker/workspace/TPG/hw
TRACE::2025-02-28.10:16:47::SCWPlatform:: Platform Path C:/Users/oparker/workspace/TPG/hw/design_1_wrapper.xsa
TRACE::2025-02-28.10:16:47::SCWPlatform:: Unique name xilinx:zed::0.0
TRACE::2025-02-28.10:16:47::SCWPlatform::Trying to set the existing hwdb with name design_1_wrapper_2
TRACE::2025-02-28.10:16:47::SCWPlatform::Opened existing hwdb design_1_wrapper_2
TRACE::2025-02-28.10:16:47::SCWPlatform::Found the Hw Db part of the input DSA
TRACE::2025-02-28.10:16:47::SCWMssOS::Checking the sw design at  C:/Users/oparker/workspace/TPG/zynq_fsbl/zynq_fsbl_bsp/system.mss
TRACE::2025-02-28.10:16:47::SCWMssOS::DEBUG:  swdes dump  C:/Users/oparker/workspace/TPG/zynq_fsbl/zynq_fsbl_bsp/system.mss|system||
C:/Users/oparker/workspace/design_1_wrapper/ps7_cortexa9_0/domain_ps7_cortexa9_0/bsp/system.mss|system_1||
C:/Users/oparker/workspace/design_1_wrapper/zynq_fsbl/zynq_fsbl_bsp/system.mss|system_0||

TRACE::2025-02-28.10:16:47::SCWMssOS::Sw design exists and opened at  C:/Users/oparker/workspace/TPG/zynq_fsbl/zynq_fsbl_bsp/system.mss
TRACE::2025-02-28.10:16:47::SCWBDomain::Completed writing the mss file at C:/Users/oparker/workspace/TPG/zynq_fsbl/zynq_fsbl_bsp
TRACE::2025-02-28.10:16:47::SCWBDomain::bsp generated is upto date with the mss file. Skipping bsp generation.
TRACE::2025-02-28.10:16:47::SCWBDomain::Not a forced makefile updation, No changes are present. 
TRACE::2025-02-28.10:16:47::SCWBDomain::System Command Ran  C:&  cd  C:/Users/oparker/workspace/TPG/zynq_fsbl & make 
TRACE::2025-02-28.10:16:47::SCWBDomain::make -C zynq_fsbl_bsp

TRACE::2025-02-28.10:16:47::SCWBDomain::make[1]: Entering directory 'C:/Users/oparker/workspace/TPG/zynq_fsbl/zynq_fsbl_bsp'

TRACE::2025-02-28.10:16:47::SCWBDomain::"Running Make include in ps7_cortexa9_0/libsrc/axivdma_v6_7/src"

TRACE::2025-02-28.10:16:47::SCWBDomain::make -C ps7_cortexa9_0/libsrc/axivdma_v6_7/src -s include  "SHELL=CMD" "COMPILER=arm-none-eabi-gcc" "ASSEMBLER=arm-none-eabi-as
TRACE::2025-02-28.10:16:47::SCWBDomain::" "ARCHIVER=arm-none-eabi-ar" "COMPILER_FLAGS=  -O2 -c" "EXTRA_COMPILER_FLAGS=-mcpu=cortex-a9 -mfpu=vfpv3 -mfloat-abi=hard -nos
TRACE::2025-02-28.10:16:47::SCWBDomain::tartfiles -g -Wall -Wextra"

TRACE::2025-02-28.10:16:47::SCWBDomain::make[2]: Entering directory 'C:/Users/oparker/workspace/TPG/zynq_fsbl/zynq_fsbl_bsp/ps7_cortexa9_0/libsrc/axivdma_v6_7/src'

TRACE::2025-02-28.10:16:47::SCWBDomain::make[2]: Leaving directory 'C:/Users/oparker/workspace/TPG/zynq_fsbl/zynq_fsbl_bsp/ps7_cortexa9_0/libsrc/axivdma_v6_7/src'

TRACE::2025-02-28.10:16:47::SCWBDomain::"Running Make include in ps7_cortexa9_0/libsrc/coresightps_dcc_v1_7/src"

TRACE::2025-02-28.10:16:47::SCWBDomain::make -C ps7_cortexa9_0/libsrc/coresightps_dcc_v1_7/src -s include  "SHELL=CMD" "COMPILER=arm-none-eabi-gcc" "ASSEMBLER=arm-none
TRACE::2025-02-28.10:16:47::SCWBDomain::-eabi-as" "ARCHIVER=arm-none-eabi-ar" "COMPILER_FLAGS=  -O2 -c" "EXTRA_COMPILER_FLAGS=-mcpu=cortex-a9 -mfpu=vfpv3 -mfloat-abi=h
TRACE::2025-02-28.10:16:47::SCWBDomain::ard -nostartfiles -g -Wall -Wextra"

TRACE::2025-02-28.10:16:47::SCWBDomain::make[2]: Entering directory 'C:/Users/oparker/workspace/TPG/zynq_fsbl/zynq_fsbl_bsp/ps7_cortexa9_0/libsrc/coresightps_dcc_v1_7/
TRACE::2025-02-28.10:16:47::SCWBDomain::src'

TRACE::2025-02-28.10:16:47::SCWBDomain::make[2]: Leaving directory 'C:/Users/oparker/workspace/TPG/zynq_fsbl/zynq_fsbl_bsp/ps7_cortexa9_0/libsrc/coresightps_dcc_v1_7/s
TRACE::2025-02-28.10:16:47::SCWBDomain::rc'

TRACE::2025-02-28.10:16:47::SCWBDomain::"Running Make include in ps7_cortexa9_0/libsrc/cpu_cortexa9_v2_9/src"

TRACE::2025-02-28.10:16:47::SCWBDomain::make -C ps7_cortexa9_0/libsrc/cpu_cortexa9_v2_9/src -s include  "SHELL=CMD" "COMPILER=arm-none-eabi-gcc" "ASSEMBLER=arm-none-ea
TRACE::2025-02-28.10:16:47::SCWBDomain::bi-as" "ARCHIVER=arm-none-eabi-ar" "COMPILER_FLAGS=  -O2 -c" "EXTRA_COMPILER_FLAGS=-mcpu=cortex-a9 -mfpu=vfpv3 -mfloat-abi=hard
TRACE::2025-02-28.10:16:47::SCWBDomain:: -nostartfiles -g -Wall -Wextra"

TRACE::2025-02-28.10:16:47::SCWBDomain::make[2]: Entering directory 'C:/Users/oparker/workspace/TPG/zynq_fsbl/zynq_fsbl_bsp/ps7_cortexa9_0/libsrc/cpu_cortexa9_v2_9/src
TRACE::2025-02-28.10:16:47::SCWBDomain::'

TRACE::2025-02-28.10:16:48::SCWBDomain::make[2]: Leaving directory 'C:/Users/oparker/workspace/TPG/zynq_fsbl/zynq_fsbl_bsp/ps7_cortexa9_0/libsrc/cpu_cortexa9_v2_9/src'
TRACE::2025-02-28.10:16:48::SCWBDomain::

TRACE::2025-02-28.10:16:48::SCWBDomain::"Running Make include in ps7_cortexa9_0/libsrc/ddrps_v1_1/src"

TRACE::2025-02-28.10:16:48::SCWBDomain::make -C ps7_cortexa9_0/libsrc/ddrps_v1_1/src -s include  "SHELL=CMD" "COMPILER=arm-none-eabi-gcc" "ASSEMBLER=arm-none-eabi-as" 
TRACE::2025-02-28.10:16:48::SCWBDomain::"ARCHIVER=arm-none-eabi-ar" "COMPILER_FLAGS=  -O2 -c" "EXTRA_COMPILER_FLAGS=-mcpu=cortex-a9 -mfpu=vfpv3 -mfloat-abi=hard -nosta
TRACE::2025-02-28.10:16:48::SCWBDomain::rtfiles -g -Wall -Wextra"

TRACE::2025-02-28.10:16:48::SCWBDomain::make[2]: Entering directory 'C:/Users/oparker/workspace/TPG/zynq_fsbl/zynq_fsbl_bsp/ps7_cortexa9_0/libsrc/ddrps_v1_1/src'

TRACE::2025-02-28.10:16:48::SCWBDomain::make[2]: Leaving directory 'C:/Users/oparker/workspace/TPG/zynq_fsbl/zynq_fsbl_bsp/ps7_cortexa9_0/libsrc/ddrps_v1_1/src'

TRACE::2025-02-28.10:16:48::SCWBDomain::"Running Make include in ps7_cortexa9_0/libsrc/devcfg_v3_6/src"

TRACE::2025-02-28.10:16:48::SCWBDomain::make -C ps7_cortexa9_0/libsrc/devcfg_v3_6/src -s include  "SHELL=CMD" "COMPILER=arm-none-eabi-gcc" "ASSEMBLER=arm-none-eabi-as"
TRACE::2025-02-28.10:16:48::SCWBDomain:: "ARCHIVER=arm-none-eabi-ar" "COMPILER_FLAGS=  -O2 -c" "EXTRA_COMPILER_FLAGS=-mcpu=cortex-a9 -mfpu=vfpv3 -mfloat-abi=hard -nost
TRACE::2025-02-28.10:16:48::SCWBDomain::artfiles -g -Wall -Wextra"

TRACE::2025-02-28.10:16:48::SCWBDomain::make[2]: Entering directory 'C:/Users/oparker/workspace/TPG/zynq_fsbl/zynq_fsbl_bsp/ps7_cortexa9_0/libsrc/devcfg_v3_6/src'

TRACE::2025-02-28.10:16:48::SCWBDomain::make[2]: Leaving directory 'C:/Users/oparker/workspace/TPG/zynq_fsbl/zynq_fsbl_bsp/ps7_cortexa9_0/libsrc/devcfg_v3_6/src'

TRACE::2025-02-28.10:16:48::SCWBDomain::"Running Make include in ps7_cortexa9_0/libsrc/dmaps_v2_6/src"

TRACE::2025-02-28.10:16:48::SCWBDomain::make -C ps7_cortexa9_0/libsrc/dmaps_v2_6/src -s include  "SHELL=CMD" "COMPILER=arm-none-eabi-gcc" "ASSEMBLER=arm-none-eabi-as" 
TRACE::2025-02-28.10:16:48::SCWBDomain::"ARCHIVER=arm-none-eabi-ar" "COMPILER_FLAGS=  -O2 -c" "EXTRA_COMPILER_FLAGS=-mcpu=cortex-a9 -mfpu=vfpv3 -mfloat-abi=hard -nosta
TRACE::2025-02-28.10:16:48::SCWBDomain::rtfiles -g -Wall -Wextra"

TRACE::2025-02-28.10:16:48::SCWBDomain::make[2]: Entering directory 'C:/Users/oparker/workspace/TPG/zynq_fsbl/zynq_fsbl_bsp/ps7_cortexa9_0/libsrc/dmaps_v2_6/src'

TRACE::2025-02-28.10:16:48::SCWBDomain::make[2]: Leaving directory 'C:/Users/oparker/workspace/TPG/zynq_fsbl/zynq_fsbl_bsp/ps7_cortexa9_0/libsrc/dmaps_v2_6/src'

TRACE::2025-02-28.10:16:48::SCWBDomain::"Running Make include in ps7_cortexa9_0/libsrc/emacps_v3_11/src"

TRACE::2025-02-28.10:16:48::SCWBDomain::make -C ps7_cortexa9_0/libsrc/emacps_v3_11/src -s include  "SHELL=CMD" "COMPILER=arm-none-eabi-gcc" "ASSEMBLER=arm-none-eabi-as
TRACE::2025-02-28.10:16:48::SCWBDomain::" "ARCHIVER=arm-none-eabi-ar" "COMPILER_FLAGS=  -O2 -c" "EXTRA_COMPILER_FLAGS=-mcpu=cortex-a9 -mfpu=vfpv3 -mfloat-abi=hard -nos
TRACE::2025-02-28.10:16:48::SCWBDomain::tartfiles -g -Wall -Wextra"

TRACE::2025-02-28.10:16:48::SCWBDomain::make[2]: Entering directory 'C:/Users/oparker/workspace/TPG/zynq_fsbl/zynq_fsbl_bsp/ps7_cortexa9_0/libsrc/emacps_v3_11/src'

TRACE::2025-02-28.10:16:48::SCWBDomain::make[2]: Leaving directory 'C:/Users/oparker/workspace/TPG/zynq_fsbl/zynq_fsbl_bsp/ps7_cortexa9_0/libsrc/emacps_v3_11/src'

TRACE::2025-02-28.10:16:48::SCWBDomain::"Running Make include in ps7_cortexa9_0/libsrc/gpiops_v3_7/src"

TRACE::2025-02-28.10:16:48::SCWBDomain::make -C ps7_cortexa9_0/libsrc/gpiops_v3_7/src -s include  "SHELL=CMD" "COMPILER=arm-none-eabi-gcc" "ASSEMBLER=arm-none-eabi-as"
TRACE::2025-02-28.10:16:48::SCWBDomain:: "ARCHIVER=arm-none-eabi-ar" "COMPILER_FLAGS=  -O2 -c" "EXTRA_COMPILER_FLAGS=-mcpu=cortex-a9 -mfpu=vfpv3 -mfloat-abi=hard -nost
TRACE::2025-02-28.10:16:48::SCWBDomain::artfiles -g -Wall -Wextra"

TRACE::2025-02-28.10:16:48::SCWBDomain::make[2]: Entering directory 'C:/Users/oparker/workspace/TPG/zynq_fsbl/zynq_fsbl_bsp/ps7_cortexa9_0/libsrc/gpiops_v3_7/src'

TRACE::2025-02-28.10:16:48::SCWBDomain::make[2]: Leaving directory 'C:/Users/oparker/workspace/TPG/zynq_fsbl/zynq_fsbl_bsp/ps7_cortexa9_0/libsrc/gpiops_v3_7/src'

TRACE::2025-02-28.10:16:48::SCWBDomain::"Running Make include in ps7_cortexa9_0/libsrc/iic_v3_6/src"

TRACE::2025-02-28.10:16:48::SCWBDomain::make -C ps7_cortexa9_0/libsrc/iic_v3_6/src -s include  "SHELL=CMD" "COMPILER=arm-none-eabi-gcc" "ASSEMBLER=arm-none-eabi-as" "A
TRACE::2025-02-28.10:16:48::SCWBDomain::RCHIVER=arm-none-eabi-ar" "COMPILER_FLAGS=  -O2 -c" "EXTRA_COMPILER_FLAGS=-mcpu=cortex-a9 -mfpu=vfpv3 -mfloat-abi=hard -nostart
TRACE::2025-02-28.10:16:48::SCWBDomain::files -g -Wall -Wextra"

TRACE::2025-02-28.10:16:48::SCWBDomain::make[2]: Entering directory 'C:/Users/oparker/workspace/TPG/zynq_fsbl/zynq_fsbl_bsp/ps7_cortexa9_0/libsrc/iic_v3_6/src'

TRACE::2025-02-28.10:16:48::SCWBDomain::make[2]: Leaving directory 'C:/Users/oparker/workspace/TPG/zynq_fsbl/zynq_fsbl_bsp/ps7_cortexa9_0/libsrc/iic_v3_6/src'

TRACE::2025-02-28.10:16:48::SCWBDomain::"Running Make include in ps7_cortexa9_0/libsrc/qspips_v3_7/src"

TRACE::2025-02-28.10:16:48::SCWBDomain::make -C ps7_cortexa9_0/libsrc/qspips_v3_7/src -s include  "SHELL=CMD" "COMPILER=arm-none-eabi-gcc" "ASSEMBLER=arm-none-eabi-as"
TRACE::2025-02-28.10:16:48::SCWBDomain:: "ARCHIVER=arm-none-eabi-ar" "COMPILER_FLAGS=  -O2 -c" "EXTRA_COMPILER_FLAGS=-mcpu=cortex-a9 -mfpu=vfpv3 -mfloat-abi=hard -nost
TRACE::2025-02-28.10:16:48::SCWBDomain::artfiles -g -Wall -Wextra"

TRACE::2025-02-28.10:16:48::SCWBDomain::make[2]: Entering directory 'C:/Users/oparker/workspace/TPG/zynq_fsbl/zynq_fsbl_bsp/ps7_cortexa9_0/libsrc/qspips_v3_7/src'

TRACE::2025-02-28.10:16:48::SCWBDomain::make[2]: Leaving directory 'C:/Users/oparker/workspace/TPG/zynq_fsbl/zynq_fsbl_bsp/ps7_cortexa9_0/libsrc/qspips_v3_7/src'

TRACE::2025-02-28.10:16:48::SCWBDomain::"Running Make include in ps7_cortexa9_0/libsrc/scugic_v4_2/src"

TRACE::2025-02-28.10:16:48::SCWBDomain::make -C ps7_cortexa9_0/libsrc/scugic_v4_2/src -s include  "SHELL=CMD" "COMPILER=arm-none-eabi-gcc" "ASSEMBLER=arm-none-eabi-as"
TRACE::2025-02-28.10:16:48::SCWBDomain:: "ARCHIVER=arm-none-eabi-ar" "COMPILER_FLAGS=  -O2 -c" "EXTRA_COMPILER_FLAGS=-mcpu=cortex-a9 -mfpu=vfpv3 -mfloat-abi=hard -nost
TRACE::2025-02-28.10:16:48::SCWBDomain::artfiles -g -Wall -Wextra"

TRACE::2025-02-28.10:16:48::SCWBDomain::make[2]: Entering directory 'C:/Users/oparker/workspace/TPG/zynq_fsbl/zynq_fsbl_bsp/ps7_cortexa9_0/libsrc/scugic_v4_2/src'

TRACE::2025-02-28.10:16:48::SCWBDomain::make[2]: Leaving directory 'C:/Users/oparker/workspace/TPG/zynq_fsbl/zynq_fsbl_bsp/ps7_cortexa9_0/libsrc/scugic_v4_2/src'

TRACE::2025-02-28.10:16:48::SCWBDomain::"Running Make include in ps7_cortexa9_0/libsrc/scutimer_v2_2/src"

TRACE::2025-02-28.10:16:48::SCWBDomain::make -C ps7_cortexa9_0/libsrc/scutimer_v2_2/src -s include  "SHELL=CMD" "COMPILER=arm-none-eabi-gcc" "ASSEMBLER=arm-none-eabi-a
TRACE::2025-02-28.10:16:48::SCWBDomain::s" "ARCHIVER=arm-none-eabi-ar" "COMPILER_FLAGS=  -O2 -c" "EXTRA_COMPILER_FLAGS=-mcpu=cortex-a9 -mfpu=vfpv3 -mfloat-abi=hard -no
TRACE::2025-02-28.10:16:48::SCWBDomain::startfiles -g -Wall -Wextra"

TRACE::2025-02-28.10:16:48::SCWBDomain::make[2]: Entering directory 'C:/Users/oparker/workspace/TPG/zynq_fsbl/zynq_fsbl_bsp/ps7_cortexa9_0/libsrc/scutimer_v2_2/src'

TRACE::2025-02-28.10:16:48::SCWBDomain::make[2]: Leaving directory 'C:/Users/oparker/workspace/TPG/zynq_fsbl/zynq_fsbl_bsp/ps7_cortexa9_0/libsrc/scutimer_v2_2/src'

TRACE::2025-02-28.10:16:48::SCWBDomain::"Running Make include in ps7_cortexa9_0/libsrc/scuwdt_v2_2/src"

TRACE::2025-02-28.10:16:48::SCWBDomain::make -C ps7_cortexa9_0/libsrc/scuwdt_v2_2/src -s include  "SHELL=CMD" "COMPILER=arm-none-eabi-gcc" "ASSEMBLER=arm-none-eabi-as"
TRACE::2025-02-28.10:16:48::SCWBDomain:: "ARCHIVER=arm-none-eabi-ar" "COMPILER_FLAGS=  -O2 -c" "EXTRA_COMPILER_FLAGS=-mcpu=cortex-a9 -mfpu=vfpv3 -mfloat-abi=hard -nost
TRACE::2025-02-28.10:16:48::SCWBDomain::artfiles -g -Wall -Wextra"

TRACE::2025-02-28.10:16:48::SCWBDomain::make[2]: Entering directory 'C:/Users/oparker/workspace/TPG/zynq_fsbl/zynq_fsbl_bsp/ps7_cortexa9_0/libsrc/scuwdt_v2_2/src'

TRACE::2025-02-28.10:16:48::SCWBDomain::make[2]: Leaving directory 'C:/Users/oparker/workspace/TPG/zynq_fsbl/zynq_fsbl_bsp/ps7_cortexa9_0/libsrc/scuwdt_v2_2/src'

TRACE::2025-02-28.10:16:48::SCWBDomain::"Running Make include in ps7_cortexa9_0/libsrc/sdps_v3_9/src"

TRACE::2025-02-28.10:16:48::SCWBDomain::make -C ps7_cortexa9_0/libsrc/sdps_v3_9/src -s include  "SHELL=CMD" "COMPILER=arm-none-eabi-gcc" "ASSEMBLER=arm-none-eabi-as" "
TRACE::2025-02-28.10:16:48::SCWBDomain::ARCHIVER=arm-none-eabi-ar" "COMPILER_FLAGS=  -O2 -c" "EXTRA_COMPILER_FLAGS=-mcpu=cortex-a9 -mfpu=vfpv3 -mfloat-abi=hard -nostar
TRACE::2025-02-28.10:16:48::SCWBDomain::tfiles -g -Wall -Wextra"

TRACE::2025-02-28.10:16:48::SCWBDomain::make[2]: Entering directory 'C:/Users/oparker/workspace/TPG/zynq_fsbl/zynq_fsbl_bsp/ps7_cortexa9_0/libsrc/sdps_v3_9/src'

TRACE::2025-02-28.10:16:48::SCWBDomain::make[2]: Leaving directory 'C:/Users/oparker/workspace/TPG/zynq_fsbl/zynq_fsbl_bsp/ps7_cortexa9_0/libsrc/sdps_v3_9/src'

TRACE::2025-02-28.10:16:48::SCWBDomain::"Running Make include in ps7_cortexa9_0/libsrc/standalone_v7_2/src"

TRACE::2025-02-28.10:16:48::SCWBDomain::make -C ps7_cortexa9_0/libsrc/standalone_v7_2/src -s include  "SHELL=CMD" "COMPILER=arm-none-eabi-gcc" "ASSEMBLER=arm-none-eabi
TRACE::2025-02-28.10:16:48::SCWBDomain::-as" "ARCHIVER=arm-none-eabi-ar" "COMPILER_FLAGS=  -O2 -c" "EXTRA_COMPILER_FLAGS=-mcpu=cortex-a9 -mfpu=vfpv3 -mfloat-abi=hard -
TRACE::2025-02-28.10:16:48::SCWBDomain::nostartfiles -g -Wall -Wextra"

TRACE::2025-02-28.10:16:48::SCWBDomain::make[2]: Entering directory 'C:/Users/oparker/workspace/TPG/zynq_fsbl/zynq_fsbl_bsp/ps7_cortexa9_0/libsrc/standalone_v7_2/src'

TRACE::2025-02-28.10:16:48::SCWBDomain::make[3]: Entering directory 'C:/Users/oparker/workspace/TPG/zynq_fsbl/zynq_fsbl_bsp/ps7_cortexa9_0/libsrc/standalone_v7_2/src/p
TRACE::2025-02-28.10:16:48::SCWBDomain::rofile'

TRACE::2025-02-28.10:16:48::SCWBDomain::make[3]: Leaving directory 'C:/Users/oparker/workspace/TPG/zynq_fsbl/zynq_fsbl_bsp/ps7_cortexa9_0/libsrc/standalone_v7_2/src/pr
TRACE::2025-02-28.10:16:48::SCWBDomain::ofile'

TRACE::2025-02-28.10:16:48::SCWBDomain::make[2]: Leaving directory 'C:/Users/oparker/workspace/TPG/zynq_fsbl/zynq_fsbl_bsp/ps7_cortexa9_0/libsrc/standalone_v7_2/src'

TRACE::2025-02-28.10:16:48::SCWBDomain::"Running Make include in ps7_cortexa9_0/libsrc/ttcps_v3_11/src"

TRACE::2025-02-28.10:16:48::SCWBDomain::make -C ps7_cortexa9_0/libsrc/ttcps_v3_11/src -s include  "SHELL=CMD" "COMPILER=arm-none-eabi-gcc" "ASSEMBLER=arm-none-eabi-as"
TRACE::2025-02-28.10:16:48::SCWBDomain:: "ARCHIVER=arm-none-eabi-ar" "COMPILER_FLAGS=  -O2 -c" "EXTRA_COMPILER_FLAGS=-mcpu=cortex-a9 -mfpu=vfpv3 -mfloat-abi=hard -nost
TRACE::2025-02-28.10:16:48::SCWBDomain::artfiles -g -Wall -Wextra"

TRACE::2025-02-28.10:16:48::SCWBDomain::make[2]: Entering directory 'C:/Users/oparker/workspace/TPG/zynq_fsbl/zynq_fsbl_bsp/ps7_cortexa9_0/libsrc/ttcps_v3_11/src'

TRACE::2025-02-28.10:16:48::SCWBDomain::make[2]: Leaving directory 'C:/Users/oparker/workspace/TPG/zynq_fsbl/zynq_fsbl_bsp/ps7_cortexa9_0/libsrc/ttcps_v3_11/src'

TRACE::2025-02-28.10:16:48::SCWBDomain::"Running Make include in ps7_cortexa9_0/libsrc/uartps_v3_9/src"

TRACE::2025-02-28.10:16:48::SCWBDomain::make -C ps7_cortexa9_0/libsrc/uartps_v3_9/src -s include  "SHELL=CMD" "COMPILER=arm-none-eabi-gcc" "ASSEMBLER=arm-none-eabi-as"
TRACE::2025-02-28.10:16:48::SCWBDomain:: "ARCHIVER=arm-none-eabi-ar" "COMPILER_FLAGS=  -O2 -c" "EXTRA_COMPILER_FLAGS=-mcpu=cortex-a9 -mfpu=vfpv3 -mfloat-abi=hard -nost
TRACE::2025-02-28.10:16:48::SCWBDomain::artfiles -g -Wall -Wextra"

TRACE::2025-02-28.10:16:48::SCWBDomain::make[2]: Entering directory 'C:/Users/oparker/workspace/TPG/zynq_fsbl/zynq_fsbl_bsp/ps7_cortexa9_0/libsrc/uartps_v3_9/src'

TRACE::2025-02-28.10:16:48::SCWBDomain::make[2]: Leaving directory 'C:/Users/oparker/workspace/TPG/zynq_fsbl/zynq_fsbl_bsp/ps7_cortexa9_0/libsrc/uartps_v3_9/src'

TRACE::2025-02-28.10:16:48::SCWBDomain::"Running Make include in ps7_cortexa9_0/libsrc/usbps_v2_5/src"

TRACE::2025-02-28.10:16:48::SCWBDomain::make -C ps7_cortexa9_0/libsrc/usbps_v2_5/src -s include  "SHELL=CMD" "COMPILER=arm-none-eabi-gcc" "ASSEMBLER=arm-none-eabi-as" 
TRACE::2025-02-28.10:16:48::SCWBDomain::"ARCHIVER=arm-none-eabi-ar" "COMPILER_FLAGS=  -O2 -c" "EXTRA_COMPILER_FLAGS=-mcpu=cortex-a9 -mfpu=vfpv3 -mfloat-abi=hard -nosta
TRACE::2025-02-28.10:16:48::SCWBDomain::rtfiles -g -Wall -Wextra"

TRACE::2025-02-28.10:16:48::SCWBDomain::make[2]: Entering directory 'C:/Users/oparker/workspace/TPG/zynq_fsbl/zynq_fsbl_bsp/ps7_cortexa9_0/libsrc/usbps_v2_5/src'

TRACE::2025-02-28.10:16:49::SCWBDomain::make[2]: Leaving directory 'C:/Users/oparker/workspace/TPG/zynq_fsbl/zynq_fsbl_bsp/ps7_cortexa9_0/libsrc/usbps_v2_5/src'

TRACE::2025-02-28.10:16:49::SCWBDomain::"Running Make include in ps7_cortexa9_0/libsrc/vtc_v8_2/src"

TRACE::2025-02-28.10:16:49::SCWBDomain::make -C ps7_cortexa9_0/libsrc/vtc_v8_2/src -s include  "SHELL=CMD" "COMPILER=arm-none-eabi-gcc" "ASSEMBLER=arm-none-eabi-as" "A
TRACE::2025-02-28.10:16:49::SCWBDomain::RCHIVER=arm-none-eabi-ar" "COMPILER_FLAGS=  -O2 -c" "EXTRA_COMPILER_FLAGS=-mcpu=cortex-a9 -mfpu=vfpv3 -mfloat-abi=hard -nostart
TRACE::2025-02-28.10:16:49::SCWBDomain::files -g -Wall -Wextra"

TRACE::2025-02-28.10:16:49::SCWBDomain::make[2]: Entering directory 'C:/Users/oparker/workspace/TPG/zynq_fsbl/zynq_fsbl_bsp/ps7_cortexa9_0/libsrc/vtc_v8_2/src'

TRACE::2025-02-28.10:16:49::SCWBDomain::make[2]: Leaving directory 'C:/Users/oparker/workspace/TPG/zynq_fsbl/zynq_fsbl_bsp/ps7_cortexa9_0/libsrc/vtc_v8_2/src'

TRACE::2025-02-28.10:16:49::SCWBDomain::"Running Make include in ps7_cortexa9_0/libsrc/xadcps_v2_4/src"

TRACE::2025-02-28.10:16:49::SCWBDomain::make -C ps7_cortexa9_0/libsrc/xadcps_v2_4/src -s include  "SHELL=CMD" "COMPILER=arm-none-eabi-gcc" "ASSEMBLER=arm-none-eabi-as"
TRACE::2025-02-28.10:16:49::SCWBDomain:: "ARCHIVER=arm-none-eabi-ar" "COMPILER_FLAGS=  -O2 -c" "EXTRA_COMPILER_FLAGS=-mcpu=cortex-a9 -mfpu=vfpv3 -mfloat-abi=hard -nost
TRACE::2025-02-28.10:16:49::SCWBDomain::artfiles -g -Wall -Wextra"

TRACE::2025-02-28.10:16:49::SCWBDomain::make[2]: Entering directory 'C:/Users/oparker/workspace/TPG/zynq_fsbl/zynq_fsbl_bsp/ps7_cortexa9_0/libsrc/xadcps_v2_4/src'

TRACE::2025-02-28.10:16:49::SCWBDomain::make[2]: Leaving directory 'C:/Users/oparker/workspace/TPG/zynq_fsbl/zynq_fsbl_bsp/ps7_cortexa9_0/libsrc/xadcps_v2_4/src'

TRACE::2025-02-28.10:16:49::SCWBDomain::"Running Make include in ps7_cortexa9_0/libsrc/xilffs_v4_3/src"

TRACE::2025-02-28.10:16:49::SCWBDomain::make -C ps7_cortexa9_0/libsrc/xilffs_v4_3/src -s include  "SHELL=CMD" "COMPILER=arm-none-eabi-gcc" "ASSEMBLER=arm-none-eabi-as"
TRACE::2025-02-28.10:16:49::SCWBDomain:: "ARCHIVER=arm-none-eabi-ar" "COMPILER_FLAGS=  -O2 -c" "EXTRA_COMPILER_FLAGS=-mcpu=cortex-a9 -mfpu=vfpv3 -mfloat-abi=hard -nost
TRACE::2025-02-28.10:16:49::SCWBDomain::artfiles -g -Wall -Wextra"

TRACE::2025-02-28.10:16:49::SCWBDomain::make[2]: Entering directory 'C:/Users/oparker/workspace/TPG/zynq_fsbl/zynq_fsbl_bsp/ps7_cortexa9_0/libsrc/xilffs_v4_3/src'

TRACE::2025-02-28.10:16:49::SCWBDomain::make[2]: Leaving directory 'C:/Users/oparker/workspace/TPG/zynq_fsbl/zynq_fsbl_bsp/ps7_cortexa9_0/libsrc/xilffs_v4_3/src'

TRACE::2025-02-28.10:16:49::SCWBDomain::"Running Make include in ps7_cortexa9_0/libsrc/xilrsa_v1_6/src"

TRACE::2025-02-28.10:16:49::SCWBDomain::make -C ps7_cortexa9_0/libsrc/xilrsa_v1_6/src -s include  "SHELL=CMD" "COMPILER=arm-none-eabi-gcc" "ASSEMBLER=arm-none-eabi-as"
TRACE::2025-02-28.10:16:49::SCWBDomain:: "ARCHIVER=arm-none-eabi-ar" "COMPILER_FLAGS=  -O2 -c" "EXTRA_COMPILER_FLAGS=-mcpu=cortex-a9 -mfpu=vfpv3 -mfloat-abi=hard -nost
TRACE::2025-02-28.10:16:49::SCWBDomain::artfiles -g -Wall -Wextra"

TRACE::2025-02-28.10:16:49::SCWBDomain::make[2]: Entering directory 'C:/Users/oparker/workspace/TPG/zynq_fsbl/zynq_fsbl_bsp/ps7_cortexa9_0/libsrc/xilrsa_v1_6/src'

TRACE::2025-02-28.10:16:49::SCWBDomain::make[2]: Leaving directory 'C:/Users/oparker/workspace/TPG/zynq_fsbl/zynq_fsbl_bsp/ps7_cortexa9_0/libsrc/xilrsa_v1_6/src'

TRACE::2025-02-28.10:16:49::SCWBDomain::"Running Make libs in ps7_cortexa9_0/libsrc/axivdma_v6_7/src"

TRACE::2025-02-28.10:16:49::SCWBDomain::make -C ps7_cortexa9_0/libsrc/axivdma_v6_7/src -s libs  "SHELL=CMD" "COMPILER=arm-none-eabi-gcc" "ASSEMBLER=arm-none-eabi-as" "
TRACE::2025-02-28.10:16:49::SCWBDomain::ARCHIVER=arm-none-eabi-ar" "COMPILER_FLAGS=  -O2 -c" "EXTRA_COMPILER_FLAGS=-mcpu=cortex-a9 -mfpu=vfpv3 -mfloat-abi=hard -nostar
TRACE::2025-02-28.10:16:49::SCWBDomain::tfiles -g -Wall -Wextra"

TRACE::2025-02-28.10:16:49::SCWBDomain::make[2]: Entering directory 'C:/Users/oparker/workspace/TPG/zynq_fsbl/zynq_fsbl_bsp/ps7_cortexa9_0/libsrc/axivdma_v6_7/src'

TRACE::2025-02-28.10:16:49::SCWBDomain::"Compiling axivdma"

TRACE::2025-02-28.10:16:49::SCWBDomain::make[2]: Leaving directory 'C:/Users/oparker/workspace/TPG/zynq_fsbl/zynq_fsbl_bsp/ps7_cortexa9_0/libsrc/axivdma_v6_7/src'

TRACE::2025-02-28.10:16:49::SCWBDomain::"Running Make libs in ps7_cortexa9_0/libsrc/coresightps_dcc_v1_7/src"

TRACE::2025-02-28.10:16:49::SCWBDomain::make -C ps7_cortexa9_0/libsrc/coresightps_dcc_v1_7/src -s libs  "SHELL=CMD" "COMPILER=arm-none-eabi-gcc" "ASSEMBLER=arm-none-ea
TRACE::2025-02-28.10:16:49::SCWBDomain::bi-as" "ARCHIVER=arm-none-eabi-ar" "COMPILER_FLAGS=  -O2 -c" "EXTRA_COMPILER_FLAGS=-mcpu=cortex-a9 -mfpu=vfpv3 -mfloat-abi=hard
TRACE::2025-02-28.10:16:49::SCWBDomain:: -nostartfiles -g -Wall -Wextra"

TRACE::2025-02-28.10:16:49::SCWBDomain::make[2]: Entering directory 'C:/Users/oparker/workspace/TPG/zynq_fsbl/zynq_fsbl_bsp/ps7_cortexa9_0/libsrc/coresightps_dcc_v1_7/
TRACE::2025-02-28.10:16:49::SCWBDomain::src'

TRACE::2025-02-28.10:16:49::SCWBDomain::"Compiling coresightps_dcc"

TRACE::2025-02-28.10:16:50::SCWBDomain::make[2]: Leaving directory 'C:/Users/oparker/workspace/TPG/zynq_fsbl/zynq_fsbl_bsp/ps7_cortexa9_0/libsrc/coresightps_dcc_v1_7/s
TRACE::2025-02-28.10:16:50::SCWBDomain::rc'

TRACE::2025-02-28.10:16:50::SCWBDomain::"Running Make libs in ps7_cortexa9_0/libsrc/cpu_cortexa9_v2_9/src"

TRACE::2025-02-28.10:16:50::SCWBDomain::make -C ps7_cortexa9_0/libsrc/cpu_cortexa9_v2_9/src -s libs  "SHELL=CMD" "COMPILER=arm-none-eabi-gcc" "ASSEMBLER=arm-none-eabi-
TRACE::2025-02-28.10:16:50::SCWBDomain::as" "ARCHIVER=arm-none-eabi-ar" "COMPILER_FLAGS=  -O2 -c" "EXTRA_COMPILER_FLAGS=-mcpu=cortex-a9 -mfpu=vfpv3 -mfloat-abi=hard -n
TRACE::2025-02-28.10:16:50::SCWBDomain::ostartfiles -g -Wall -Wextra"

TRACE::2025-02-28.10:16:50::SCWBDomain::make[2]: Entering directory 'C:/Users/oparker/workspace/TPG/zynq_fsbl/zynq_fsbl_bsp/ps7_cortexa9_0/libsrc/cpu_cortexa9_v2_9/src
TRACE::2025-02-28.10:16:50::SCWBDomain::'

TRACE::2025-02-28.10:16:50::SCWBDomain::"Compiling cpu_cortexa9"

TRACE::2025-02-28.10:16:50::SCWBDomain::make[2]: Leaving directory 'C:/Users/oparker/workspace/TPG/zynq_fsbl/zynq_fsbl_bsp/ps7_cortexa9_0/libsrc/cpu_cortexa9_v2_9/src'
TRACE::2025-02-28.10:16:50::SCWBDomain::

TRACE::2025-02-28.10:16:50::SCWBDomain::"Running Make libs in ps7_cortexa9_0/libsrc/ddrps_v1_1/src"

TRACE::2025-02-28.10:16:50::SCWBDomain::make -C ps7_cortexa9_0/libsrc/ddrps_v1_1/src -s libs  "SHELL=CMD" "COMPILER=arm-none-eabi-gcc" "ASSEMBLER=arm-none-eabi-as" "AR
TRACE::2025-02-28.10:16:50::SCWBDomain::CHIVER=arm-none-eabi-ar" "COMPILER_FLAGS=  -O2 -c" "EXTRA_COMPILER_FLAGS=-mcpu=cortex-a9 -mfpu=vfpv3 -mfloat-abi=hard -nostartf
TRACE::2025-02-28.10:16:50::SCWBDomain::iles -g -Wall -Wextra"

TRACE::2025-02-28.10:16:50::SCWBDomain::make[2]: Entering directory 'C:/Users/oparker/workspace/TPG/zynq_fsbl/zynq_fsbl_bsp/ps7_cortexa9_0/libsrc/ddrps_v1_1/src'

TRACE::2025-02-28.10:16:50::SCWBDomain::"Compiling ddrps"

TRACE::2025-02-28.10:16:50::SCWBDomain::make[2]: Leaving directory 'C:/Users/oparker/workspace/TPG/zynq_fsbl/zynq_fsbl_bsp/ps7_cortexa9_0/libsrc/ddrps_v1_1/src'

TRACE::2025-02-28.10:16:50::SCWBDomain::"Running Make libs in ps7_cortexa9_0/libsrc/devcfg_v3_6/src"

TRACE::2025-02-28.10:16:50::SCWBDomain::make -C ps7_cortexa9_0/libsrc/devcfg_v3_6/src -s libs  "SHELL=CMD" "COMPILER=arm-none-eabi-gcc" "ASSEMBLER=arm-none-eabi-as" "A
TRACE::2025-02-28.10:16:50::SCWBDomain::RCHIVER=arm-none-eabi-ar" "COMPILER_FLAGS=  -O2 -c" "EXTRA_COMPILER_FLAGS=-mcpu=cortex-a9 -mfpu=vfpv3 -mfloat-abi=hard -nostart
TRACE::2025-02-28.10:16:50::SCWBDomain::files -g -Wall -Wextra"

TRACE::2025-02-28.10:16:50::SCWBDomain::make[2]: Entering directory 'C:/Users/oparker/workspace/TPG/zynq_fsbl/zynq_fsbl_bsp/ps7_cortexa9_0/libsrc/devcfg_v3_6/src'

TRACE::2025-02-28.10:16:50::SCWBDomain::"Compiling devcfg"

TRACE::2025-02-28.10:16:50::SCWBDomain::make[2]: Leaving directory 'C:/Users/oparker/workspace/TPG/zynq_fsbl/zynq_fsbl_bsp/ps7_cortexa9_0/libsrc/devcfg_v3_6/src'

TRACE::2025-02-28.10:16:50::SCWBDomain::"Running Make libs in ps7_cortexa9_0/libsrc/dmaps_v2_6/src"

TRACE::2025-02-28.10:16:50::SCWBDomain::make -C ps7_cortexa9_0/libsrc/dmaps_v2_6/src -s libs  "SHELL=CMD" "COMPILER=arm-none-eabi-gcc" "ASSEMBLER=arm-none-eabi-as" "AR
TRACE::2025-02-28.10:16:50::SCWBDomain::CHIVER=arm-none-eabi-ar" "COMPILER_FLAGS=  -O2 -c" "EXTRA_COMPILER_FLAGS=-mcpu=cortex-a9 -mfpu=vfpv3 -mfloat-abi=hard -nostartf
TRACE::2025-02-28.10:16:50::SCWBDomain::iles -g -Wall -Wextra"

TRACE::2025-02-28.10:16:50::SCWBDomain::make[2]: Entering directory 'C:/Users/oparker/workspace/TPG/zynq_fsbl/zynq_fsbl_bsp/ps7_cortexa9_0/libsrc/dmaps_v2_6/src'

TRACE::2025-02-28.10:16:50::SCWBDomain::"Compiling dmaps"

TRACE::2025-02-28.10:16:51::SCWBDomain::make[2]: Leaving directory 'C:/Users/oparker/workspace/TPG/zynq_fsbl/zynq_fsbl_bsp/ps7_cortexa9_0/libsrc/dmaps_v2_6/src'

TRACE::2025-02-28.10:16:51::SCWBDomain::"Running Make libs in ps7_cortexa9_0/libsrc/emacps_v3_11/src"

TRACE::2025-02-28.10:16:51::SCWBDomain::make -C ps7_cortexa9_0/libsrc/emacps_v3_11/src -s libs  "SHELL=CMD" "COMPILER=arm-none-eabi-gcc" "ASSEMBLER=arm-none-eabi-as" "
TRACE::2025-02-28.10:16:51::SCWBDomain::ARCHIVER=arm-none-eabi-ar" "COMPILER_FLAGS=  -O2 -c" "EXTRA_COMPILER_FLAGS=-mcpu=cortex-a9 -mfpu=vfpv3 -mfloat-abi=hard -nostar
TRACE::2025-02-28.10:16:51::SCWBDomain::tfiles -g -Wall -Wextra"

TRACE::2025-02-28.10:16:51::SCWBDomain::make[2]: Entering directory 'C:/Users/oparker/workspace/TPG/zynq_fsbl/zynq_fsbl_bsp/ps7_cortexa9_0/libsrc/emacps_v3_11/src'

TRACE::2025-02-28.10:16:51::SCWBDomain::"Compiling emacps"

TRACE::2025-02-28.10:16:51::SCWBDomain::make[2]: Leaving directory 'C:/Users/oparker/workspace/TPG/zynq_fsbl/zynq_fsbl_bsp/ps7_cortexa9_0/libsrc/emacps_v3_11/src'

TRACE::2025-02-28.10:16:51::SCWBDomain::"Running Make libs in ps7_cortexa9_0/libsrc/gpiops_v3_7/src"

TRACE::2025-02-28.10:16:51::SCWBDomain::make -C ps7_cortexa9_0/libsrc/gpiops_v3_7/src -s libs  "SHELL=CMD" "COMPILER=arm-none-eabi-gcc" "ASSEMBLER=arm-none-eabi-as" "A
TRACE::2025-02-28.10:16:51::SCWBDomain::RCHIVER=arm-none-eabi-ar" "COMPILER_FLAGS=  -O2 -c" "EXTRA_COMPILER_FLAGS=-mcpu=cortex-a9 -mfpu=vfpv3 -mfloat-abi=hard -nostart
TRACE::2025-02-28.10:16:51::SCWBDomain::files -g -Wall -Wextra"

TRACE::2025-02-28.10:16:51::SCWBDomain::make[2]: Entering directory 'C:/Users/oparker/workspace/TPG/zynq_fsbl/zynq_fsbl_bsp/ps7_cortexa9_0/libsrc/gpiops_v3_7/src'

TRACE::2025-02-28.10:16:51::SCWBDomain::"Compiling gpiops"

TRACE::2025-02-28.10:16:52::SCWBDomain::make[2]: Leaving directory 'C:/Users/oparker/workspace/TPG/zynq_fsbl/zynq_fsbl_bsp/ps7_cortexa9_0/libsrc/gpiops_v3_7/src'

TRACE::2025-02-28.10:16:52::SCWBDomain::"Running Make libs in ps7_cortexa9_0/libsrc/iic_v3_6/src"

TRACE::2025-02-28.10:16:52::SCWBDomain::make -C ps7_cortexa9_0/libsrc/iic_v3_6/src -s libs  "SHELL=CMD" "COMPILER=arm-none-eabi-gcc" "ASSEMBLER=arm-none-eabi-as" "ARCH
TRACE::2025-02-28.10:16:52::SCWBDomain::IVER=arm-none-eabi-ar" "COMPILER_FLAGS=  -O2 -c" "EXTRA_COMPILER_FLAGS=-mcpu=cortex-a9 -mfpu=vfpv3 -mfloat-abi=hard -nostartfil
TRACE::2025-02-28.10:16:52::SCWBDomain::es -g -Wall -Wextra"

TRACE::2025-02-28.10:16:52::SCWBDomain::make[2]: Entering directory 'C:/Users/oparker/workspace/TPG/zynq_fsbl/zynq_fsbl_bsp/ps7_cortexa9_0/libsrc/iic_v3_6/src'

TRACE::2025-02-28.10:16:52::SCWBDomain::"Compiling iic"

TRACE::2025-02-28.10:16:53::SCWBDomain::make[2]: Leaving directory 'C:/Users/oparker/workspace/TPG/zynq_fsbl/zynq_fsbl_bsp/ps7_cortexa9_0/libsrc/iic_v3_6/src'

TRACE::2025-02-28.10:16:53::SCWBDomain::"Running Make libs in ps7_cortexa9_0/libsrc/qspips_v3_7/src"

TRACE::2025-02-28.10:16:53::SCWBDomain::make -C ps7_cortexa9_0/libsrc/qspips_v3_7/src -s libs  "SHELL=CMD" "COMPILER=arm-none-eabi-gcc" "ASSEMBLER=arm-none-eabi-as" "A
TRACE::2025-02-28.10:16:53::SCWBDomain::RCHIVER=arm-none-eabi-ar" "COMPILER_FLAGS=  -O2 -c" "EXTRA_COMPILER_FLAGS=-mcpu=cortex-a9 -mfpu=vfpv3 -mfloat-abi=hard -nostart
TRACE::2025-02-28.10:16:53::SCWBDomain::files -g -Wall -Wextra"

TRACE::2025-02-28.10:16:53::SCWBDomain::make[2]: Entering directory 'C:/Users/oparker/workspace/TPG/zynq_fsbl/zynq_fsbl_bsp/ps7_cortexa9_0/libsrc/qspips_v3_7/src'

TRACE::2025-02-28.10:16:53::SCWBDomain::"Compiling qspips"

TRACE::2025-02-28.10:16:54::SCWBDomain::make[2]: Leaving directory 'C:/Users/oparker/workspace/TPG/zynq_fsbl/zynq_fsbl_bsp/ps7_cortexa9_0/libsrc/qspips_v3_7/src'

TRACE::2025-02-28.10:16:54::SCWBDomain::"Running Make libs in ps7_cortexa9_0/libsrc/scugic_v4_2/src"

TRACE::2025-02-28.10:16:54::SCWBDomain::make -C ps7_cortexa9_0/libsrc/scugic_v4_2/src -s libs  "SHELL=CMD" "COMPILER=arm-none-eabi-gcc" "ASSEMBLER=arm-none-eabi-as" "A
TRACE::2025-02-28.10:16:54::SCWBDomain::RCHIVER=arm-none-eabi-ar" "COMPILER_FLAGS=  -O2 -c" "EXTRA_COMPILER_FLAGS=-mcpu=cortex-a9 -mfpu=vfpv3 -mfloat-abi=hard -nostart
TRACE::2025-02-28.10:16:54::SCWBDomain::files -g -Wall -Wextra"

TRACE::2025-02-28.10:16:54::SCWBDomain::make[2]: Entering directory 'C:/Users/oparker/workspace/TPG/zynq_fsbl/zynq_fsbl_bsp/ps7_cortexa9_0/libsrc/scugic_v4_2/src'

TRACE::2025-02-28.10:16:54::SCWBDomain::"Compiling scugic"

TRACE::2025-02-28.10:16:54::SCWBDomain::make[2]: Leaving directory 'C:/Users/oparker/workspace/TPG/zynq_fsbl/zynq_fsbl_bsp/ps7_cortexa9_0/libsrc/scugic_v4_2/src'

TRACE::2025-02-28.10:16:54::SCWBDomain::"Running Make libs in ps7_cortexa9_0/libsrc/scutimer_v2_2/src"

TRACE::2025-02-28.10:16:54::SCWBDomain::make -C ps7_cortexa9_0/libsrc/scutimer_v2_2/src -s libs  "SHELL=CMD" "COMPILER=arm-none-eabi-gcc" "ASSEMBLER=arm-none-eabi-as" 
TRACE::2025-02-28.10:16:54::SCWBDomain::"ARCHIVER=arm-none-eabi-ar" "COMPILER_FLAGS=  -O2 -c" "EXTRA_COMPILER_FLAGS=-mcpu=cortex-a9 -mfpu=vfpv3 -mfloat-abi=hard -nosta
TRACE::2025-02-28.10:16:54::SCWBDomain::rtfiles -g -Wall -Wextra"

TRACE::2025-02-28.10:16:54::SCWBDomain::make[2]: Entering directory 'C:/Users/oparker/workspace/TPG/zynq_fsbl/zynq_fsbl_bsp/ps7_cortexa9_0/libsrc/scutimer_v2_2/src'

TRACE::2025-02-28.10:16:54::SCWBDomain::"Compiling scutimer"

TRACE::2025-02-28.10:16:54::SCWBDomain::make[2]: Leaving directory 'C:/Users/oparker/workspace/TPG/zynq_fsbl/zynq_fsbl_bsp/ps7_cortexa9_0/libsrc/scutimer_v2_2/src'

TRACE::2025-02-28.10:16:54::SCWBDomain::"Running Make libs in ps7_cortexa9_0/libsrc/scuwdt_v2_2/src"

TRACE::2025-02-28.10:16:55::SCWBDomain::make -C ps7_cortexa9_0/libsrc/scuwdt_v2_2/src -s libs  "SHELL=CMD" "COMPILER=arm-none-eabi-gcc" "ASSEMBLER=arm-none-eabi-as" "A
TRACE::2025-02-28.10:16:55::SCWBDomain::RCHIVER=arm-none-eabi-ar" "COMPILER_FLAGS=  -O2 -c" "EXTRA_COMPILER_FLAGS=-mcpu=cortex-a9 -mfpu=vfpv3 -mfloat-abi=hard -nostart
TRACE::2025-02-28.10:16:55::SCWBDomain::files -g -Wall -Wextra"

TRACE::2025-02-28.10:16:55::SCWBDomain::make[2]: Entering directory 'C:/Users/oparker/workspace/TPG/zynq_fsbl/zynq_fsbl_bsp/ps7_cortexa9_0/libsrc/scuwdt_v2_2/src'

TRACE::2025-02-28.10:16:55::SCWBDomain::"Compiling scuwdt"

TRACE::2025-02-28.10:16:55::SCWBDomain::make[2]: Leaving directory 'C:/Users/oparker/workspace/TPG/zynq_fsbl/zynq_fsbl_bsp/ps7_cortexa9_0/libsrc/scuwdt_v2_2/src'

TRACE::2025-02-28.10:16:55::SCWBDomain::"Running Make libs in ps7_cortexa9_0/libsrc/sdps_v3_9/src"

TRACE::2025-02-28.10:16:55::SCWBDomain::make -C ps7_cortexa9_0/libsrc/sdps_v3_9/src -s libs  "SHELL=CMD" "COMPILER=arm-none-eabi-gcc" "ASSEMBLER=arm-none-eabi-as" "ARC
TRACE::2025-02-28.10:16:55::SCWBDomain::HIVER=arm-none-eabi-ar" "COMPILER_FLAGS=  -O2 -c" "EXTRA_COMPILER_FLAGS=-mcpu=cortex-a9 -mfpu=vfpv3 -mfloat-abi=hard -nostartfi
TRACE::2025-02-28.10:16:55::SCWBDomain::les -g -Wall -Wextra"

TRACE::2025-02-28.10:16:55::SCWBDomain::make[2]: Entering directory 'C:/Users/oparker/workspace/TPG/zynq_fsbl/zynq_fsbl_bsp/ps7_cortexa9_0/libsrc/sdps_v3_9/src'

TRACE::2025-02-28.10:16:55::SCWBDomain::"Compiling sdps"

TRACE::2025-02-28.10:16:56::SCWBDomain::make[2]: Leaving directory 'C:/Users/oparker/workspace/TPG/zynq_fsbl/zynq_fsbl_bsp/ps7_cortexa9_0/libsrc/sdps_v3_9/src'

TRACE::2025-02-28.10:16:56::SCWBDomain::"Running Make libs in ps7_cortexa9_0/libsrc/standalone_v7_2/src"

TRACE::2025-02-28.10:16:56::SCWBDomain::make -C ps7_cortexa9_0/libsrc/standalone_v7_2/src -s libs  "SHELL=CMD" "COMPILER=arm-none-eabi-gcc" "ASSEMBLER=arm-none-eabi-as
TRACE::2025-02-28.10:16:56::SCWBDomain::" "ARCHIVER=arm-none-eabi-ar" "COMPILER_FLAGS=  -O2 -c" "EXTRA_COMPILER_FLAGS=-mcpu=cortex-a9 -mfpu=vfpv3 -mfloat-abi=hard -nos
TRACE::2025-02-28.10:16:56::SCWBDomain::tartfiles -g -Wall -Wextra"

TRACE::2025-02-28.10:16:56::SCWBDomain::make[2]: Entering directory 'C:/Users/oparker/workspace/TPG/zynq_fsbl/zynq_fsbl_bsp/ps7_cortexa9_0/libsrc/standalone_v7_2/src'

TRACE::2025-02-28.10:16:56::SCWBDomain::"Compiling standalone"

TRACE::2025-02-28.10:16:58::SCWBDomain::make[3]: Entering directory 'C:/Users/oparker/workspace/TPG/zynq_fsbl/zynq_fsbl_bsp/ps7_cortexa9_0/libsrc/standalone_v7_2/src/p
TRACE::2025-02-28.10:16:58::SCWBDomain::rofile'

TRACE::2025-02-28.10:16:58::SCWBDomain::make[3]: Leaving directory 'C:/Users/oparker/workspace/TPG/zynq_fsbl/zynq_fsbl_bsp/ps7_cortexa9_0/libsrc/standalone_v7_2/src/pr
TRACE::2025-02-28.10:16:58::SCWBDomain::ofile'

TRACE::2025-02-28.10:16:58::SCWBDomain::make[2]: Leaving directory 'C:/Users/oparker/workspace/TPG/zynq_fsbl/zynq_fsbl_bsp/ps7_cortexa9_0/libsrc/standalone_v7_2/src'

TRACE::2025-02-28.10:16:58::SCWBDomain::"Running Make libs in ps7_cortexa9_0/libsrc/ttcps_v3_11/src"

TRACE::2025-02-28.10:16:58::SCWBDomain::make -C ps7_cortexa9_0/libsrc/ttcps_v3_11/src -s libs  "SHELL=CMD" "COMPILER=arm-none-eabi-gcc" "ASSEMBLER=arm-none-eabi-as" "A
TRACE::2025-02-28.10:16:58::SCWBDomain::RCHIVER=arm-none-eabi-ar" "COMPILER_FLAGS=  -O2 -c" "EXTRA_COMPILER_FLAGS=-mcpu=cortex-a9 -mfpu=vfpv3 -mfloat-abi=hard -nostart
TRACE::2025-02-28.10:16:58::SCWBDomain::files -g -Wall -Wextra"

TRACE::2025-02-28.10:16:58::SCWBDomain::make[2]: Entering directory 'C:/Users/oparker/workspace/TPG/zynq_fsbl/zynq_fsbl_bsp/ps7_cortexa9_0/libsrc/ttcps_v3_11/src'

TRACE::2025-02-28.10:16:58::SCWBDomain::"Compiling ttcps"

TRACE::2025-02-28.10:16:58::SCWBDomain::make[2]: Leaving directory 'C:/Users/oparker/workspace/TPG/zynq_fsbl/zynq_fsbl_bsp/ps7_cortexa9_0/libsrc/ttcps_v3_11/src'

TRACE::2025-02-28.10:16:58::SCWBDomain::"Running Make libs in ps7_cortexa9_0/libsrc/uartps_v3_9/src"

TRACE::2025-02-28.10:16:58::SCWBDomain::make -C ps7_cortexa9_0/libsrc/uartps_v3_9/src -s libs  "SHELL=CMD" "COMPILER=arm-none-eabi-gcc" "ASSEMBLER=arm-none-eabi-as" "A
TRACE::2025-02-28.10:16:58::SCWBDomain::RCHIVER=arm-none-eabi-ar" "COMPILER_FLAGS=  -O2 -c" "EXTRA_COMPILER_FLAGS=-mcpu=cortex-a9 -mfpu=vfpv3 -mfloat-abi=hard -nostart
TRACE::2025-02-28.10:16:58::SCWBDomain::files -g -Wall -Wextra"

TRACE::2025-02-28.10:16:58::SCWBDomain::make[2]: Entering directory 'C:/Users/oparker/workspace/TPG/zynq_fsbl/zynq_fsbl_bsp/ps7_cortexa9_0/libsrc/uartps_v3_9/src'

TRACE::2025-02-28.10:16:58::SCWBDomain::"Compiling uartps"

TRACE::2025-02-28.10:16:59::SCWBDomain::make[2]: Leaving directory 'C:/Users/oparker/workspace/TPG/zynq_fsbl/zynq_fsbl_bsp/ps7_cortexa9_0/libsrc/uartps_v3_9/src'

TRACE::2025-02-28.10:16:59::SCWBDomain::"Running Make libs in ps7_cortexa9_0/libsrc/usbps_v2_5/src"

TRACE::2025-02-28.10:16:59::SCWBDomain::make -C ps7_cortexa9_0/libsrc/usbps_v2_5/src -s libs  "SHELL=CMD" "COMPILER=arm-none-eabi-gcc" "ASSEMBLER=arm-none-eabi-as" "AR
TRACE::2025-02-28.10:16:59::SCWBDomain::CHIVER=arm-none-eabi-ar" "COMPILER_FLAGS=  -O2 -c" "EXTRA_COMPILER_FLAGS=-mcpu=cortex-a9 -mfpu=vfpv3 -mfloat-abi=hard -nostartf
TRACE::2025-02-28.10:16:59::SCWBDomain::iles -g -Wall -Wextra"

TRACE::2025-02-28.10:16:59::SCWBDomain::make[2]: Entering directory 'C:/Users/oparker/workspace/TPG/zynq_fsbl/zynq_fsbl_bsp/ps7_cortexa9_0/libsrc/usbps_v2_5/src'

TRACE::2025-02-28.10:16:59::SCWBDomain::"Compiling usbps"

TRACE::2025-02-28.10:16:59::SCWBDomain::make[2]: Leaving directory 'C:/Users/oparker/workspace/TPG/zynq_fsbl/zynq_fsbl_bsp/ps7_cortexa9_0/libsrc/usbps_v2_5/src'

TRACE::2025-02-28.10:16:59::SCWBDomain::"Running Make libs in ps7_cortexa9_0/libsrc/vtc_v8_2/src"

TRACE::2025-02-28.10:16:59::SCWBDomain::make -C ps7_cortexa9_0/libsrc/vtc_v8_2/src -s libs  "SHELL=CMD" "COMPILER=arm-none-eabi-gcc" "ASSEMBLER=arm-none-eabi-as" "ARCH
TRACE::2025-02-28.10:16:59::SCWBDomain::IVER=arm-none-eabi-ar" "COMPILER_FLAGS=  -O2 -c" "EXTRA_COMPILER_FLAGS=-mcpu=cortex-a9 -mfpu=vfpv3 -mfloat-abi=hard -nostartfil
TRACE::2025-02-28.10:16:59::SCWBDomain::es -g -Wall -Wextra"

TRACE::2025-02-28.10:16:59::SCWBDomain::make[2]: Entering directory 'C:/Users/oparker/workspace/TPG/zynq_fsbl/zynq_fsbl_bsp/ps7_cortexa9_0/libsrc/vtc_v8_2/src'

TRACE::2025-02-28.10:16:59::SCWBDomain::"Compiling video timing controller"

TRACE::2025-02-28.10:17:00::SCWBDomain::make[3]: Entering directory 'C:/Users/oparker/workspace/TPG/zynq_fsbl/zynq_fsbl_bsp/ps7_cortexa9_0/libsrc/vtc_v8_2/src'

TRACE::2025-02-28.10:17:00::SCWBDomain::make[3]: Leaving directory 'C:/Users/oparker/workspace/TPG/zynq_fsbl/zynq_fsbl_bsp/ps7_cortexa9_0/libsrc/vtc_v8_2/src'

TRACE::2025-02-28.10:17:00::SCWBDomain::make[2]: Leaving directory 'C:/Users/oparker/workspace/TPG/zynq_fsbl/zynq_fsbl_bsp/ps7_cortexa9_0/libsrc/vtc_v8_2/src'

TRACE::2025-02-28.10:17:00::SCWBDomain::"Running Make libs in ps7_cortexa9_0/libsrc/xadcps_v2_4/src"

TRACE::2025-02-28.10:17:00::SCWBDomain::make -C ps7_cortexa9_0/libsrc/xadcps_v2_4/src -s libs  "SHELL=CMD" "COMPILER=arm-none-eabi-gcc" "ASSEMBLER=arm-none-eabi-as" "A
TRACE::2025-02-28.10:17:00::SCWBDomain::RCHIVER=arm-none-eabi-ar" "COMPILER_FLAGS=  -O2 -c" "EXTRA_COMPILER_FLAGS=-mcpu=cortex-a9 -mfpu=vfpv3 -mfloat-abi=hard -nostart
TRACE::2025-02-28.10:17:00::SCWBDomain::files -g -Wall -Wextra"

TRACE::2025-02-28.10:17:00::SCWBDomain::make[2]: Entering directory 'C:/Users/oparker/workspace/TPG/zynq_fsbl/zynq_fsbl_bsp/ps7_cortexa9_0/libsrc/xadcps_v2_4/src'

TRACE::2025-02-28.10:17:00::SCWBDomain::"Compiling xadcps"

TRACE::2025-02-28.10:17:00::SCWBDomain::make[2]: Leaving directory 'C:/Users/oparker/workspace/TPG/zynq_fsbl/zynq_fsbl_bsp/ps7_cortexa9_0/libsrc/xadcps_v2_4/src'

TRACE::2025-02-28.10:17:00::SCWBDomain::"Running Make libs in ps7_cortexa9_0/libsrc/xilffs_v4_3/src"

TRACE::2025-02-28.10:17:00::SCWBDomain::make -C ps7_cortexa9_0/libsrc/xilffs_v4_3/src -s libs  "SHELL=CMD" "COMPILER=arm-none-eabi-gcc" "ASSEMBLER=arm-none-eabi-as" "A
TRACE::2025-02-28.10:17:00::SCWBDomain::RCHIVER=arm-none-eabi-ar" "COMPILER_FLAGS=  -O2 -c" "EXTRA_COMPILER_FLAGS=-mcpu=cortex-a9 -mfpu=vfpv3 -mfloat-abi=hard -nostart
TRACE::2025-02-28.10:17:00::SCWBDomain::files -g -Wall -Wextra"

TRACE::2025-02-28.10:17:00::SCWBDomain::make[2]: Entering directory 'C:/Users/oparker/workspace/TPG/zynq_fsbl/zynq_fsbl_bsp/ps7_cortexa9_0/libsrc/xilffs_v4_3/src'

TRACE::2025-02-28.10:17:01::SCWBDomain::"Compiling XilFFs Library"

TRACE::2025-02-28.10:17:01::SCWBDomain::make[2]: Leaving directory 'C:/Users/oparker/workspace/TPG/zynq_fsbl/zynq_fsbl_bsp/ps7_cortexa9_0/libsrc/xilffs_v4_3/src'

TRACE::2025-02-28.10:17:01::SCWBDomain::"Running Make libs in ps7_cortexa9_0/libsrc/xilrsa_v1_6/src"

TRACE::2025-02-28.10:17:01::SCWBDomain::make -C ps7_cortexa9_0/libsrc/xilrsa_v1_6/src -s libs  "SHELL=CMD" "COMPILER=arm-none-eabi-gcc" "ASSEMBLER=arm-none-eabi-as" "A
TRACE::2025-02-28.10:17:01::SCWBDomain::RCHIVER=arm-none-eabi-ar" "COMPILER_FLAGS=  -O2 -c" "EXTRA_COMPILER_FLAGS=-mcpu=cortex-a9 -mfpu=vfpv3 -mfloat-abi=hard -nostart
TRACE::2025-02-28.10:17:01::SCWBDomain::files -g -Wall -Wextra"

TRACE::2025-02-28.10:17:01::SCWBDomain::make[2]: Entering directory 'C:/Users/oparker/workspace/TPG/zynq_fsbl/zynq_fsbl_bsp/ps7_cortexa9_0/libsrc/xilrsa_v1_6/src'

TRACE::2025-02-28.10:17:01::SCWBDomain::make[2]: Leaving directory 'C:/Users/oparker/workspace/TPG/zynq_fsbl/zynq_fsbl_bsp/ps7_cortexa9_0/libsrc/xilrsa_v1_6/src'

TRACE::2025-02-28.10:17:01::SCWBDomain::'Finished building libraries'

TRACE::2025-02-28.10:17:01::SCWBDomain::make[1]: Leaving directory 'C:/Users/oparker/workspace/TPG/zynq_fsbl/zynq_fsbl_bsp'

TRACE::2025-02-28.10:17:01::SCWBDomain::arm-none-eabi-gcc -MMD -MP       -mcpu=cortex-a9 -mfpu=vfpv3 -mfloat-abi=hard   -O2 -c -c sd.c -o sd.o -Izynq_fsbl_bsp/ps7_cort
TRACE::2025-02-28.10:17:01::SCWBDomain::exa9_0/include -I.

TRACE::2025-02-28.10:17:01::SCWBDomain::arm-none-eabi-gcc -MMD -MP       -mcpu=cortex-a9 -mfpu=vfpv3 -mfloat-abi=hard   -O2 -c -c nand.c -o nand.o -Izynq_fsbl_bsp/ps7_
TRACE::2025-02-28.10:17:01::SCWBDomain::cortexa9_0/include -I.

TRACE::2025-02-28.10:17:01::SCWBDomain::arm-none-eabi-gcc -MMD -MP       -mcpu=cortex-a9 -mfpu=vfpv3 -mfloat-abi=hard   -O2 -c -c nor.c -o nor.o -Izynq_fsbl_bsp/ps7_co
TRACE::2025-02-28.10:17:01::SCWBDomain::rtexa9_0/include -I.

TRACE::2025-02-28.10:17:01::SCWBDomain::arm-none-eabi-gcc -MMD -MP       -mcpu=cortex-a9 -mfpu=vfpv3 -mfloat-abi=hard   -O2 -c -c image_mover.c -o image_mover.o -Izynq
TRACE::2025-02-28.10:17:01::SCWBDomain::_fsbl_bsp/ps7_cortexa9_0/include -I.

TRACE::2025-02-28.10:17:02::SCWBDomain::arm-none-eabi-gcc -MMD -MP       -mcpu=cortex-a9 -mfpu=vfpv3 -mfloat-abi=hard   -O2 -c -c md5.c -o md5.o -Izynq_fsbl_bsp/ps7_co
TRACE::2025-02-28.10:17:02::SCWBDomain::rtexa9_0/include -I.

TRACE::2025-02-28.10:17:02::SCWBDomain::arm-none-eabi-gcc -MMD -MP       -mcpu=cortex-a9 -mfpu=vfpv3 -mfloat-abi=hard   -O2 -c -c fsbl_hooks.c -o fsbl_hooks.o -Izynq_f
TRACE::2025-02-28.10:17:02::SCWBDomain::sbl_bsp/ps7_cortexa9_0/include -I.

TRACE::2025-02-28.10:17:02::SCWBDomain::arm-none-eabi-gcc -MMD -MP       -mcpu=cortex-a9 -mfpu=vfpv3 -mfloat-abi=hard   -O2 -c -c main.c -o main.o -Izynq_fsbl_bsp/ps7_
TRACE::2025-02-28.10:17:02::SCWBDomain::cortexa9_0/include -I.

TRACE::2025-02-28.10:17:02::SCWBDomain::arm-none-eabi-gcc -MMD -MP       -mcpu=cortex-a9 -mfpu=vfpv3 -mfloat-abi=hard   -O2 -c -c rsa.c -o rsa.o -Izynq_fsbl_bsp/ps7_co
TRACE::2025-02-28.10:17:02::SCWBDomain::rtexa9_0/include -I.

TRACE::2025-02-28.10:17:02::SCWBDomain::arm-none-eabi-gcc -MMD -MP       -mcpu=cortex-a9 -mfpu=vfpv3 -mfloat-abi=hard   -O2 -c -c qspi.c -o qspi.o -Izynq_fsbl_bsp/ps7_
TRACE::2025-02-28.10:17:02::SCWBDomain::cortexa9_0/include -I.

TRACE::2025-02-28.10:17:02::SCWBDomain::arm-none-eabi-gcc -MMD -MP       -mcpu=cortex-a9 -mfpu=vfpv3 -mfloat-abi=hard   -O2 -c -c ps7_init.c -o ps7_init.o -Izynq_fsbl_
TRACE::2025-02-28.10:17:02::SCWBDomain::bsp/ps7_cortexa9_0/include -I.

TRACE::2025-02-28.10:17:02::SCWBDomain::arm-none-eabi-gcc -MMD -MP       -mcpu=cortex-a9 -mfpu=vfpv3 -mfloat-abi=hard   -O2 -c -c pcap.c -o pcap.o -Izynq_fsbl_bsp/ps7_
TRACE::2025-02-28.10:17:02::SCWBDomain::cortexa9_0/include -I.

TRACE::2025-02-28.10:17:02::SCWBDomain::arm-none-eabi-gcc -MMD -MP       -mcpu=cortex-a9 -mfpu=vfpv3 -mfloat-abi=hard   -O2 -c -c fsbl_handoff.S -o fsbl_handoff.o -Izy
TRACE::2025-02-28.10:17:02::SCWBDomain::nq_fsbl_bsp/ps7_cortexa9_0/include -I.

TRACE::2025-02-28.10:17:02::SCWBDomain::arm-none-eabi-gcc -o executable.elf  sd.o  nand.o  nor.o  image_mover.o  md5.o  fsbl_hooks.o  main.o  rsa.o  qspi.o  ps7_init.o
TRACE::2025-02-28.10:17:02::SCWBDomain::  pcap.o  fsbl_handoff.o -MMD -MP       -mcpu=cortex-a9 -mfpu=vfpv3 -mfloat-abi=hard   -mcpu=cortex-a9 -mfpu=vfpv3 -mfloat-abi=
TRACE::2025-02-28.10:17:02::SCWBDomain::hard -Wl,-build-id=none -specs=Xilinx.spec  -lrsa -Wl,--start-group,-lxil,-lgcc,-lc,--end-group -Wl,--start-group,-lxilffs,-lxi
TRACE::2025-02-28.10:17:02::SCWBDomain::l,-lgcc,-lc,--end-group -Wl,--start-group,-lrsa,-lxil,-lgcc,-lc,--end-group                                          -Wl,--gc-s
TRACE::2025-02-28.10:17:02::SCWBDomain::ections -Lzynq_fsbl_bsp/ps7_cortexa9_0/lib -L./ -Tlscript.ld

LOG::2025-02-28.10:17:02::SCWSystem::Checking the domain standalone_domain
LOG::2025-02-28.10:17:02::SCWSystem::Not a boot domain 
LOG::2025-02-28.10:17:02::SCWSystem::Started Processing the domain standalone_domain
TRACE::2025-02-28.10:17:02::SCWDomain::Generating domain artifcats
TRACE::2025-02-28.10:17:02::SCWMssOS::Generating standalone artifcats
TRACE::2025-02-28.10:17:02::SCWMssOS::Copying the qemu file from  C:/Xilinx/Vitis/2020.1/data/emulation/platforms/zynq/qemu/qemu_args.txt To C:/Users/oparker/workspace/TPG/export/TPG/sw/TPG/qemu/
TRACE::2025-02-28.10:17:02::SCWMssOS::Copying the qemu file from  C:/Xilinx/Vitis/2020.1/data/emulation/platforms/zynq/qemu/qemu_args.txt To C:/Users/oparker/workspace/TPG/export/TPG/sw/TPG/standalone_domain/qemu/
TRACE::2025-02-28.10:17:02::SCWMssOS:: Copying the user libraries. 
TRACE::2025-02-28.10:17:02::SCWPlatform::Trying to open the hw design at C:/Users/oparker/workspace/TPG/hw/design_1_wrapper.xsa
TRACE::2025-02-28.10:17:02::SCWPlatform::DSA given C:/Users/oparker/workspace/TPG/hw/design_1_wrapper.xsa
TRACE::2025-02-28.10:17:02::SCWPlatform::DSA absoulate path C:/Users/oparker/workspace/TPG/hw/design_1_wrapper.xsa
TRACE::2025-02-28.10:17:02::SCWPlatform::DSA directory C:/Users/oparker/workspace/TPG/hw
TRACE::2025-02-28.10:17:02::SCWPlatform:: Platform Path C:/Users/oparker/workspace/TPG/hw/design_1_wrapper.xsa
TRACE::2025-02-28.10:17:02::SCWPlatform:: Unique name xilinx:zed::0.0
TRACE::2025-02-28.10:17:02::SCWPlatform::Trying to set the existing hwdb with name design_1_wrapper_2
TRACE::2025-02-28.10:17:02::SCWPlatform::Opened existing hwdb design_1_wrapper_2
TRACE::2025-02-28.10:17:02::SCWPlatform::Found the Hw Db part of the input DSA
TRACE::2025-02-28.10:17:02::SCWMssOS::Checking the sw design at  C:/Users/oparker/workspace/TPG/ps7_cortexa9_0/standalone_domain/bsp/system.mss
TRACE::2025-02-28.10:17:02::SCWMssOS::DEBUG:  swdes dump  C:/Users/oparker/workspace/TPG/zynq_fsbl/zynq_fsbl_bsp/system.mss|system||
C:/Users/oparker/workspace/design_1_wrapper/ps7_cortexa9_0/domain_ps7_cortexa9_0/bsp/system.mss|system_1||
C:/Users/oparker/workspace/design_1_wrapper/zynq_fsbl/zynq_fsbl_bsp/system.mss|system_0||

TRACE::2025-02-28.10:17:02::SCWMssOS::No sw design opened at  C:/Users/oparker/workspace/TPG/ps7_cortexa9_0/standalone_domain/bsp/system.mss
TRACE::2025-02-28.10:17:02::SCWMssOS::mss exists loading the mss file  C:/Users/oparker/workspace/TPG/ps7_cortexa9_0/standalone_domain/bsp/system.mss
TRACE::2025-02-28.10:17:02::SCWMssOS::Opened the sw design from mss  C:/Users/oparker/workspace/TPG/ps7_cortexa9_0/standalone_domain/bsp/system.mss
TRACE::2025-02-28.10:17:02::SCWMssOS::Adding the swdes entry C:/Users/oparker/workspace/TPG/ps7_cortexa9_0/standalone_domain/bsp/system.mss with des name system_2
TRACE::2025-02-28.10:17:02::SCWMssOS::updating the scw layer about changes
TRACE::2025-02-28.10:17:02::SCWMssOS::Opened the sw design.  C:/Users/oparker/workspace/TPG/ps7_cortexa9_0/standalone_domain/bsp/system.mss
TRACE::2025-02-28.10:17:02::SCWMssOS::Completed writing the mss file at C:/Users/oparker/workspace/TPG/ps7_cortexa9_0/standalone_domain/bsp
TRACE::2025-02-28.10:17:02::SCWMssOS::Mss edits present, copying mssfile into export location C:/Users/oparker/workspace/TPG/ps7_cortexa9_0/standalone_domain/bsp/system.mss
TRACE::2025-02-28.10:17:02::SCWMssOS::bsp generated is upto date with the mss file. Skipping bsp generation.
TRACE::2025-02-28.10:17:02::SCWMssOS::BSP is already built. skipping the bsp build ... 
TRACE::2025-02-28.10:17:02::SCWDomain::Building the domain as part of full build :  standalone_domain
TRACE::2025-02-28.10:17:02::SCWMssOS::doing bsp build ... 
TRACE::2025-02-28.10:17:02::SCWMssOS::System Command Ran  C: & cd  C:/Users/oparker/workspace/TPG/ps7_cortexa9_0/standalone_domain/bsp & make 
TRACE::2025-02-28.10:17:02::SCWMssOS::"Running Make include in ps7_cortexa9_0/libsrc/axivdma_v6_7/src"

TRACE::2025-02-28.10:17:02::SCWMssOS::make -C ps7_cortexa9_0/libsrc/axivdma_v6_7/src -s include  "SHELL=CMD" "COMPILER=arm-none-eabi-gcc" "ASSEMBLER=arm-none-eabi-as
TRACE::2025-02-28.10:17:02::SCWMssOS::" "ARCHIVER=arm-none-eabi-ar" "COMPILER_FLAGS=  -O2 -c" "EXTRA_COMPILER_FLAGS=-mcpu=cortex-a9 -mfpu=vfpv3 -mfloat-abi=hard -nos
TRACE::2025-02-28.10:17:02::SCWMssOS::tartfiles -g -Wall -Wextra"

TRACE::2025-02-28.10:17:02::SCWMssOS::"Running Make include in ps7_cortexa9_0/libsrc/coresightps_dcc_v1_7/src"

TRACE::2025-02-28.10:17:02::SCWMssOS::make -C ps7_cortexa9_0/libsrc/coresightps_dcc_v1_7/src -s include  "SHELL=CMD" "COMPILER=arm-none-eabi-gcc" "ASSEMBLER=arm-none
TRACE::2025-02-28.10:17:02::SCWMssOS::-eabi-as" "ARCHIVER=arm-none-eabi-ar" "COMPILER_FLAGS=  -O2 -c" "EXTRA_COMPILER_FLAGS=-mcpu=cortex-a9 -mfpu=vfpv3 -mfloat-abi=h
TRACE::2025-02-28.10:17:02::SCWMssOS::ard -nostartfiles -g -Wall -Wextra"

TRACE::2025-02-28.10:17:02::SCWMssOS::"Running Make include in ps7_cortexa9_0/libsrc/cpu_cortexa9_v2_9/src"

TRACE::2025-02-28.10:17:02::SCWMssOS::make -C ps7_cortexa9_0/libsrc/cpu_cortexa9_v2_9/src -s include  "SHELL=CMD" "COMPILER=arm-none-eabi-gcc" "ASSEMBLER=arm-none-ea
TRACE::2025-02-28.10:17:02::SCWMssOS::bi-as" "ARCHIVER=arm-none-eabi-ar" "COMPILER_FLAGS=  -O2 -c" "EXTRA_COMPILER_FLAGS=-mcpu=cortex-a9 -mfpu=vfpv3 -mfloat-abi=hard
TRACE::2025-02-28.10:17:02::SCWMssOS:: -nostartfiles -g -Wall -Wextra"

TRACE::2025-02-28.10:17:02::SCWMssOS::"Running Make include in ps7_cortexa9_0/libsrc/ddrps_v1_1/src"

TRACE::2025-02-28.10:17:02::SCWMssOS::make -C ps7_cortexa9_0/libsrc/ddrps_v1_1/src -s include  "SHELL=CMD" "COMPILER=arm-none-eabi-gcc" "ASSEMBLER=arm-none-eabi-as" 
TRACE::2025-02-28.10:17:02::SCWMssOS::"ARCHIVER=arm-none-eabi-ar" "COMPILER_FLAGS=  -O2 -c" "EXTRA_COMPILER_FLAGS=-mcpu=cortex-a9 -mfpu=vfpv3 -mfloat-abi=hard -nosta
TRACE::2025-02-28.10:17:02::SCWMssOS::rtfiles -g -Wall -Wextra"

TRACE::2025-02-28.10:17:02::SCWMssOS::"Running Make include in ps7_cortexa9_0/libsrc/devcfg_v3_6/src"

TRACE::2025-02-28.10:17:02::SCWMssOS::make -C ps7_cortexa9_0/libsrc/devcfg_v3_6/src -s include  "SHELL=CMD" "COMPILER=arm-none-eabi-gcc" "ASSEMBLER=arm-none-eabi-as"
TRACE::2025-02-28.10:17:02::SCWMssOS:: "ARCHIVER=arm-none-eabi-ar" "COMPILER_FLAGS=  -O2 -c" "EXTRA_COMPILER_FLAGS=-mcpu=cortex-a9 -mfpu=vfpv3 -mfloat-abi=hard -nost
TRACE::2025-02-28.10:17:02::SCWMssOS::artfiles -g -Wall -Wextra"

TRACE::2025-02-28.10:17:03::SCWMssOS::"Running Make include in ps7_cortexa9_0/libsrc/dmaps_v2_6/src"

TRACE::2025-02-28.10:17:03::SCWMssOS::make -C ps7_cortexa9_0/libsrc/dmaps_v2_6/src -s include  "SHELL=CMD" "COMPILER=arm-none-eabi-gcc" "ASSEMBLER=arm-none-eabi-as" 
TRACE::2025-02-28.10:17:03::SCWMssOS::"ARCHIVER=arm-none-eabi-ar" "COMPILER_FLAGS=  -O2 -c" "EXTRA_COMPILER_FLAGS=-mcpu=cortex-a9 -mfpu=vfpv3 -mfloat-abi=hard -nosta
TRACE::2025-02-28.10:17:03::SCWMssOS::rtfiles -g -Wall -Wextra"

TRACE::2025-02-28.10:17:03::SCWMssOS::"Running Make include in ps7_cortexa9_0/libsrc/emacps_v3_11/src"

TRACE::2025-02-28.10:17:03::SCWMssOS::make -C ps7_cortexa9_0/libsrc/emacps_v3_11/src -s include  "SHELL=CMD" "COMPILER=arm-none-eabi-gcc" "ASSEMBLER=arm-none-eabi-as
TRACE::2025-02-28.10:17:03::SCWMssOS::" "ARCHIVER=arm-none-eabi-ar" "COMPILER_FLAGS=  -O2 -c" "EXTRA_COMPILER_FLAGS=-mcpu=cortex-a9 -mfpu=vfpv3 -mfloat-abi=hard -nos
TRACE::2025-02-28.10:17:03::SCWMssOS::tartfiles -g -Wall -Wextra"

TRACE::2025-02-28.10:17:03::SCWMssOS::"Running Make include in ps7_cortexa9_0/libsrc/gpiops_v3_7/src"

TRACE::2025-02-28.10:17:03::SCWMssOS::make -C ps7_cortexa9_0/libsrc/gpiops_v3_7/src -s include  "SHELL=CMD" "COMPILER=arm-none-eabi-gcc" "ASSEMBLER=arm-none-eabi-as"
TRACE::2025-02-28.10:17:03::SCWMssOS:: "ARCHIVER=arm-none-eabi-ar" "COMPILER_FLAGS=  -O2 -c" "EXTRA_COMPILER_FLAGS=-mcpu=cortex-a9 -mfpu=vfpv3 -mfloat-abi=hard -nost
TRACE::2025-02-28.10:17:03::SCWMssOS::artfiles -g -Wall -Wextra"

TRACE::2025-02-28.10:17:03::SCWMssOS::"Running Make include in ps7_cortexa9_0/libsrc/iic_v3_6/src"

TRACE::2025-02-28.10:17:03::SCWMssOS::make -C ps7_cortexa9_0/libsrc/iic_v3_6/src -s include  "SHELL=CMD" "COMPILER=arm-none-eabi-gcc" "ASSEMBLER=arm-none-eabi-as" "A
TRACE::2025-02-28.10:17:03::SCWMssOS::RCHIVER=arm-none-eabi-ar" "COMPILER_FLAGS=  -O2 -c" "EXTRA_COMPILER_FLAGS=-mcpu=cortex-a9 -mfpu=vfpv3 -mfloat-abi=hard -nostart
TRACE::2025-02-28.10:17:03::SCWMssOS::files -g -Wall -Wextra"

TRACE::2025-02-28.10:17:03::SCWMssOS::"Running Make include in ps7_cortexa9_0/libsrc/qspips_v3_7/src"

TRACE::2025-02-28.10:17:03::SCWMssOS::make -C ps7_cortexa9_0/libsrc/qspips_v3_7/src -s include  "SHELL=CMD" "COMPILER=arm-none-eabi-gcc" "ASSEMBLER=arm-none-eabi-as"
TRACE::2025-02-28.10:17:03::SCWMssOS:: "ARCHIVER=arm-none-eabi-ar" "COMPILER_FLAGS=  -O2 -c" "EXTRA_COMPILER_FLAGS=-mcpu=cortex-a9 -mfpu=vfpv3 -mfloat-abi=hard -nost
TRACE::2025-02-28.10:17:03::SCWMssOS::artfiles -g -Wall -Wextra"

TRACE::2025-02-28.10:17:03::SCWMssOS::"Running Make include in ps7_cortexa9_0/libsrc/scugic_v4_2/src"

TRACE::2025-02-28.10:17:03::SCWMssOS::make -C ps7_cortexa9_0/libsrc/scugic_v4_2/src -s include  "SHELL=CMD" "COMPILER=arm-none-eabi-gcc" "ASSEMBLER=arm-none-eabi-as"
TRACE::2025-02-28.10:17:03::SCWMssOS:: "ARCHIVER=arm-none-eabi-ar" "COMPILER_FLAGS=  -O2 -c" "EXTRA_COMPILER_FLAGS=-mcpu=cortex-a9 -mfpu=vfpv3 -mfloat-abi=hard -nost
TRACE::2025-02-28.10:17:03::SCWMssOS::artfiles -g -Wall -Wextra"

TRACE::2025-02-28.10:17:03::SCWMssOS::"Running Make include in ps7_cortexa9_0/libsrc/scutimer_v2_2/src"

TRACE::2025-02-28.10:17:03::SCWMssOS::make -C ps7_cortexa9_0/libsrc/scutimer_v2_2/src -s include  "SHELL=CMD" "COMPILER=arm-none-eabi-gcc" "ASSEMBLER=arm-none-eabi-a
TRACE::2025-02-28.10:17:03::SCWMssOS::s" "ARCHIVER=arm-none-eabi-ar" "COMPILER_FLAGS=  -O2 -c" "EXTRA_COMPILER_FLAGS=-mcpu=cortex-a9 -mfpu=vfpv3 -mfloat-abi=hard -no
TRACE::2025-02-28.10:17:03::SCWMssOS::startfiles -g -Wall -Wextra"

TRACE::2025-02-28.10:17:03::SCWMssOS::"Running Make include in ps7_cortexa9_0/libsrc/scuwdt_v2_2/src"

TRACE::2025-02-28.10:17:03::SCWMssOS::make -C ps7_cortexa9_0/libsrc/scuwdt_v2_2/src -s include  "SHELL=CMD" "COMPILER=arm-none-eabi-gcc" "ASSEMBLER=arm-none-eabi-as"
TRACE::2025-02-28.10:17:03::SCWMssOS:: "ARCHIVER=arm-none-eabi-ar" "COMPILER_FLAGS=  -O2 -c" "EXTRA_COMPILER_FLAGS=-mcpu=cortex-a9 -mfpu=vfpv3 -mfloat-abi=hard -nost
TRACE::2025-02-28.10:17:03::SCWMssOS::artfiles -g -Wall -Wextra"

TRACE::2025-02-28.10:17:03::SCWMssOS::"Running Make include in ps7_cortexa9_0/libsrc/sdps_v3_9/src"

TRACE::2025-02-28.10:17:03::SCWMssOS::make -C ps7_cortexa9_0/libsrc/sdps_v3_9/src -s include  "SHELL=CMD" "COMPILER=arm-none-eabi-gcc" "ASSEMBLER=arm-none-eabi-as" "
TRACE::2025-02-28.10:17:03::SCWMssOS::ARCHIVER=arm-none-eabi-ar" "COMPILER_FLAGS=  -O2 -c" "EXTRA_COMPILER_FLAGS=-mcpu=cortex-a9 -mfpu=vfpv3 -mfloat-abi=hard -nostar
TRACE::2025-02-28.10:17:03::SCWMssOS::tfiles -g -Wall -Wextra"

TRACE::2025-02-28.10:17:03::SCWMssOS::"Running Make include in ps7_cortexa9_0/libsrc/standalone_v7_2/src"

TRACE::2025-02-28.10:17:03::SCWMssOS::make -C ps7_cortexa9_0/libsrc/standalone_v7_2/src -s include  "SHELL=CMD" "COMPILER=arm-none-eabi-gcc" "ASSEMBLER=arm-none-eabi
TRACE::2025-02-28.10:17:03::SCWMssOS::-as" "ARCHIVER=arm-none-eabi-ar" "COMPILER_FLAGS=  -O2 -c" "EXTRA_COMPILER_FLAGS=-mcpu=cortex-a9 -mfpu=vfpv3 -mfloat-abi=hard -
TRACE::2025-02-28.10:17:03::SCWMssOS::nostartfiles -g -Wall -Wextra"

TRACE::2025-02-28.10:17:03::SCWMssOS::"Running Make include in ps7_cortexa9_0/libsrc/ttcps_v3_11/src"

TRACE::2025-02-28.10:17:03::SCWMssOS::make -C ps7_cortexa9_0/libsrc/ttcps_v3_11/src -s include  "SHELL=CMD" "COMPILER=arm-none-eabi-gcc" "ASSEMBLER=arm-none-eabi-as"
TRACE::2025-02-28.10:17:03::SCWMssOS:: "ARCHIVER=arm-none-eabi-ar" "COMPILER_FLAGS=  -O2 -c" "EXTRA_COMPILER_FLAGS=-mcpu=cortex-a9 -mfpu=vfpv3 -mfloat-abi=hard -nost
TRACE::2025-02-28.10:17:03::SCWMssOS::artfiles -g -Wall -Wextra"

TRACE::2025-02-28.10:17:03::SCWMssOS::"Running Make include in ps7_cortexa9_0/libsrc/uartps_v3_9/src"

TRACE::2025-02-28.10:17:03::SCWMssOS::make -C ps7_cortexa9_0/libsrc/uartps_v3_9/src -s include  "SHELL=CMD" "COMPILER=arm-none-eabi-gcc" "ASSEMBLER=arm-none-eabi-as"
TRACE::2025-02-28.10:17:03::SCWMssOS:: "ARCHIVER=arm-none-eabi-ar" "COMPILER_FLAGS=  -O2 -c" "EXTRA_COMPILER_FLAGS=-mcpu=cortex-a9 -mfpu=vfpv3 -mfloat-abi=hard -nost
TRACE::2025-02-28.10:17:03::SCWMssOS::artfiles -g -Wall -Wextra"

TRACE::2025-02-28.10:17:03::SCWMssOS::"Running Make include in ps7_cortexa9_0/libsrc/usbps_v2_5/src"

TRACE::2025-02-28.10:17:03::SCWMssOS::make -C ps7_cortexa9_0/libsrc/usbps_v2_5/src -s include  "SHELL=CMD" "COMPILER=arm-none-eabi-gcc" "ASSEMBLER=arm-none-eabi-as" 
TRACE::2025-02-28.10:17:03::SCWMssOS::"ARCHIVER=arm-none-eabi-ar" "COMPILER_FLAGS=  -O2 -c" "EXTRA_COMPILER_FLAGS=-mcpu=cortex-a9 -mfpu=vfpv3 -mfloat-abi=hard -nosta
TRACE::2025-02-28.10:17:03::SCWMssOS::rtfiles -g -Wall -Wextra"

TRACE::2025-02-28.10:17:03::SCWMssOS::"Running Make include in ps7_cortexa9_0/libsrc/vtc_v8_2/src"

TRACE::2025-02-28.10:17:03::SCWMssOS::make -C ps7_cortexa9_0/libsrc/vtc_v8_2/src -s include  "SHELL=CMD" "COMPILER=arm-none-eabi-gcc" "ASSEMBLER=arm-none-eabi-as" "A
TRACE::2025-02-28.10:17:03::SCWMssOS::RCHIVER=arm-none-eabi-ar" "COMPILER_FLAGS=  -O2 -c" "EXTRA_COMPILER_FLAGS=-mcpu=cortex-a9 -mfpu=vfpv3 -mfloat-abi=hard -nostart
TRACE::2025-02-28.10:17:03::SCWMssOS::files -g -Wall -Wextra"

TRACE::2025-02-28.10:17:04::SCWMssOS::"Running Make include in ps7_cortexa9_0/libsrc/xadcps_v2_4/src"

TRACE::2025-02-28.10:17:04::SCWMssOS::make -C ps7_cortexa9_0/libsrc/xadcps_v2_4/src -s include  "SHELL=CMD" "COMPILER=arm-none-eabi-gcc" "ASSEMBLER=arm-none-eabi-as"
TRACE::2025-02-28.10:17:04::SCWMssOS:: "ARCHIVER=arm-none-eabi-ar" "COMPILER_FLAGS=  -O2 -c" "EXTRA_COMPILER_FLAGS=-mcpu=cortex-a9 -mfpu=vfpv3 -mfloat-abi=hard -nost
TRACE::2025-02-28.10:17:04::SCWMssOS::artfiles -g -Wall -Wextra"

TRACE::2025-02-28.10:17:04::SCWMssOS::"Running Make libs in ps7_cortexa9_0/libsrc/axivdma_v6_7/src"

TRACE::2025-02-28.10:17:04::SCWMssOS::make -C ps7_cortexa9_0/libsrc/axivdma_v6_7/src -s libs  "SHELL=CMD" "COMPILER=arm-none-eabi-gcc" "ASSEMBLER=arm-none-eabi-as" "
TRACE::2025-02-28.10:17:04::SCWMssOS::ARCHIVER=arm-none-eabi-ar" "COMPILER_FLAGS=  -O2 -c" "EXTRA_COMPILER_FLAGS=-mcpu=cortex-a9 -mfpu=vfpv3 -mfloat-abi=hard -nostar
TRACE::2025-02-28.10:17:04::SCWMssOS::tfiles -g -Wall -Wextra"

TRACE::2025-02-28.10:17:04::SCWMssOS::"Compiling axivdma"

TRACE::2025-02-28.10:17:04::SCWMssOS::"Running Make libs in ps7_cortexa9_0/libsrc/coresightps_dcc_v1_7/src"

TRACE::2025-02-28.10:17:04::SCWMssOS::make -C ps7_cortexa9_0/libsrc/coresightps_dcc_v1_7/src -s libs  "SHELL=CMD" "COMPILER=arm-none-eabi-gcc" "ASSEMBLER=arm-none-ea
TRACE::2025-02-28.10:17:04::SCWMssOS::bi-as" "ARCHIVER=arm-none-eabi-ar" "COMPILER_FLAGS=  -O2 -c" "EXTRA_COMPILER_FLAGS=-mcpu=cortex-a9 -mfpu=vfpv3 -mfloat-abi=hard
TRACE::2025-02-28.10:17:04::SCWMssOS:: -nostartfiles -g -Wall -Wextra"

TRACE::2025-02-28.10:17:04::SCWMssOS::"Compiling coresightps_dcc"

TRACE::2025-02-28.10:17:04::SCWMssOS::"Running Make libs in ps7_cortexa9_0/libsrc/cpu_cortexa9_v2_9/src"

TRACE::2025-02-28.10:17:04::SCWMssOS::make -C ps7_cortexa9_0/libsrc/cpu_cortexa9_v2_9/src -s libs  "SHELL=CMD" "COMPILER=arm-none-eabi-gcc" "ASSEMBLER=arm-none-eabi-
TRACE::2025-02-28.10:17:04::SCWMssOS::as" "ARCHIVER=arm-none-eabi-ar" "COMPILER_FLAGS=  -O2 -c" "EXTRA_COMPILER_FLAGS=-mcpu=cortex-a9 -mfpu=vfpv3 -mfloat-abi=hard -n
TRACE::2025-02-28.10:17:04::SCWMssOS::ostartfiles -g -Wall -Wextra"

TRACE::2025-02-28.10:17:04::SCWMssOS::"Compiling cpu_cortexa9"

TRACE::2025-02-28.10:17:04::SCWMssOS::"Running Make libs in ps7_cortexa9_0/libsrc/ddrps_v1_1/src"

TRACE::2025-02-28.10:17:04::SCWMssOS::make -C ps7_cortexa9_0/libsrc/ddrps_v1_1/src -s libs  "SHELL=CMD" "COMPILER=arm-none-eabi-gcc" "ASSEMBLER=arm-none-eabi-as" "AR
TRACE::2025-02-28.10:17:04::SCWMssOS::CHIVER=arm-none-eabi-ar" "COMPILER_FLAGS=  -O2 -c" "EXTRA_COMPILER_FLAGS=-mcpu=cortex-a9 -mfpu=vfpv3 -mfloat-abi=hard -nostartf
TRACE::2025-02-28.10:17:04::SCWMssOS::iles -g -Wall -Wextra"

TRACE::2025-02-28.10:17:04::SCWMssOS::"Compiling ddrps"

TRACE::2025-02-28.10:17:05::SCWMssOS::"Running Make libs in ps7_cortexa9_0/libsrc/devcfg_v3_6/src"

TRACE::2025-02-28.10:17:05::SCWMssOS::make -C ps7_cortexa9_0/libsrc/devcfg_v3_6/src -s libs  "SHELL=CMD" "COMPILER=arm-none-eabi-gcc" "ASSEMBLER=arm-none-eabi-as" "A
TRACE::2025-02-28.10:17:05::SCWMssOS::RCHIVER=arm-none-eabi-ar" "COMPILER_FLAGS=  -O2 -c" "EXTRA_COMPILER_FLAGS=-mcpu=cortex-a9 -mfpu=vfpv3 -mfloat-abi=hard -nostart
TRACE::2025-02-28.10:17:05::SCWMssOS::files -g -Wall -Wextra"

TRACE::2025-02-28.10:17:05::SCWMssOS::"Compiling devcfg"

TRACE::2025-02-28.10:17:05::SCWMssOS::"Running Make libs in ps7_cortexa9_0/libsrc/dmaps_v2_6/src"

TRACE::2025-02-28.10:17:05::SCWMssOS::make -C ps7_cortexa9_0/libsrc/dmaps_v2_6/src -s libs  "SHELL=CMD" "COMPILER=arm-none-eabi-gcc" "ASSEMBLER=arm-none-eabi-as" "AR
TRACE::2025-02-28.10:17:05::SCWMssOS::CHIVER=arm-none-eabi-ar" "COMPILER_FLAGS=  -O2 -c" "EXTRA_COMPILER_FLAGS=-mcpu=cortex-a9 -mfpu=vfpv3 -mfloat-abi=hard -nostartf
TRACE::2025-02-28.10:17:05::SCWMssOS::iles -g -Wall -Wextra"

TRACE::2025-02-28.10:17:05::SCWMssOS::"Compiling dmaps"

TRACE::2025-02-28.10:17:06::SCWMssOS::"Running Make libs in ps7_cortexa9_0/libsrc/emacps_v3_11/src"

TRACE::2025-02-28.10:17:06::SCWMssOS::make -C ps7_cortexa9_0/libsrc/emacps_v3_11/src -s libs  "SHELL=CMD" "COMPILER=arm-none-eabi-gcc" "ASSEMBLER=arm-none-eabi-as" "
TRACE::2025-02-28.10:17:06::SCWMssOS::ARCHIVER=arm-none-eabi-ar" "COMPILER_FLAGS=  -O2 -c" "EXTRA_COMPILER_FLAGS=-mcpu=cortex-a9 -mfpu=vfpv3 -mfloat-abi=hard -nostar
TRACE::2025-02-28.10:17:06::SCWMssOS::tfiles -g -Wall -Wextra"

TRACE::2025-02-28.10:17:06::SCWMssOS::"Compiling emacps"

TRACE::2025-02-28.10:17:06::SCWMssOS::"Running Make libs in ps7_cortexa9_0/libsrc/gpiops_v3_7/src"

TRACE::2025-02-28.10:17:06::SCWMssOS::make -C ps7_cortexa9_0/libsrc/gpiops_v3_7/src -s libs  "SHELL=CMD" "COMPILER=arm-none-eabi-gcc" "ASSEMBLER=arm-none-eabi-as" "A
TRACE::2025-02-28.10:17:06::SCWMssOS::RCHIVER=arm-none-eabi-ar" "COMPILER_FLAGS=  -O2 -c" "EXTRA_COMPILER_FLAGS=-mcpu=cortex-a9 -mfpu=vfpv3 -mfloat-abi=hard -nostart
TRACE::2025-02-28.10:17:06::SCWMssOS::files -g -Wall -Wextra"

TRACE::2025-02-28.10:17:06::SCWMssOS::"Compiling gpiops"

TRACE::2025-02-28.10:17:07::SCWMssOS::"Running Make libs in ps7_cortexa9_0/libsrc/iic_v3_6/src"

TRACE::2025-02-28.10:17:07::SCWMssOS::make -C ps7_cortexa9_0/libsrc/iic_v3_6/src -s libs  "SHELL=CMD" "COMPILER=arm-none-eabi-gcc" "ASSEMBLER=arm-none-eabi-as" "ARCH
TRACE::2025-02-28.10:17:07::SCWMssOS::IVER=arm-none-eabi-ar" "COMPILER_FLAGS=  -O2 -c" "EXTRA_COMPILER_FLAGS=-mcpu=cortex-a9 -mfpu=vfpv3 -mfloat-abi=hard -nostartfil
TRACE::2025-02-28.10:17:07::SCWMssOS::es -g -Wall -Wextra"

TRACE::2025-02-28.10:17:07::SCWMssOS::"Compiling iic"

TRACE::2025-02-28.10:17:08::SCWMssOS::"Running Make libs in ps7_cortexa9_0/libsrc/qspips_v3_7/src"

TRACE::2025-02-28.10:17:08::SCWMssOS::make -C ps7_cortexa9_0/libsrc/qspips_v3_7/src -s libs  "SHELL=CMD" "COMPILER=arm-none-eabi-gcc" "ASSEMBLER=arm-none-eabi-as" "A
TRACE::2025-02-28.10:17:08::SCWMssOS::RCHIVER=arm-none-eabi-ar" "COMPILER_FLAGS=  -O2 -c" "EXTRA_COMPILER_FLAGS=-mcpu=cortex-a9 -mfpu=vfpv3 -mfloat-abi=hard -nostart
TRACE::2025-02-28.10:17:08::SCWMssOS::files -g -Wall -Wextra"

TRACE::2025-02-28.10:17:08::SCWMssOS::"Compiling qspips"

TRACE::2025-02-28.10:17:08::SCWMssOS::"Running Make libs in ps7_cortexa9_0/libsrc/scugic_v4_2/src"

TRACE::2025-02-28.10:17:08::SCWMssOS::make -C ps7_cortexa9_0/libsrc/scugic_v4_2/src -s libs  "SHELL=CMD" "COMPILER=arm-none-eabi-gcc" "ASSEMBLER=arm-none-eabi-as" "A
TRACE::2025-02-28.10:17:08::SCWMssOS::RCHIVER=arm-none-eabi-ar" "COMPILER_FLAGS=  -O2 -c" "EXTRA_COMPILER_FLAGS=-mcpu=cortex-a9 -mfpu=vfpv3 -mfloat-abi=hard -nostart
TRACE::2025-02-28.10:17:08::SCWMssOS::files -g -Wall -Wextra"

TRACE::2025-02-28.10:17:08::SCWMssOS::"Compiling scugic"

TRACE::2025-02-28.10:17:09::SCWMssOS::"Running Make libs in ps7_cortexa9_0/libsrc/scutimer_v2_2/src"

TRACE::2025-02-28.10:17:09::SCWMssOS::make -C ps7_cortexa9_0/libsrc/scutimer_v2_2/src -s libs  "SHELL=CMD" "COMPILER=arm-none-eabi-gcc" "ASSEMBLER=arm-none-eabi-as" 
TRACE::2025-02-28.10:17:09::SCWMssOS::"ARCHIVER=arm-none-eabi-ar" "COMPILER_FLAGS=  -O2 -c" "EXTRA_COMPILER_FLAGS=-mcpu=cortex-a9 -mfpu=vfpv3 -mfloat-abi=hard -nosta
TRACE::2025-02-28.10:17:09::SCWMssOS::rtfiles -g -Wall -Wextra"

TRACE::2025-02-28.10:17:09::SCWMssOS::"Compiling scutimer"

TRACE::2025-02-28.10:17:09::SCWMssOS::"Running Make libs in ps7_cortexa9_0/libsrc/scuwdt_v2_2/src"

TRACE::2025-02-28.10:17:09::SCWMssOS::make -C ps7_cortexa9_0/libsrc/scuwdt_v2_2/src -s libs  "SHELL=CMD" "COMPILER=arm-none-eabi-gcc" "ASSEMBLER=arm-none-eabi-as" "A
TRACE::2025-02-28.10:17:09::SCWMssOS::RCHIVER=arm-none-eabi-ar" "COMPILER_FLAGS=  -O2 -c" "EXTRA_COMPILER_FLAGS=-mcpu=cortex-a9 -mfpu=vfpv3 -mfloat-abi=hard -nostart
TRACE::2025-02-28.10:17:09::SCWMssOS::files -g -Wall -Wextra"

TRACE::2025-02-28.10:17:09::SCWMssOS::"Compiling scuwdt"

TRACE::2025-02-28.10:17:10::SCWMssOS::"Running Make libs in ps7_cortexa9_0/libsrc/sdps_v3_9/src"

TRACE::2025-02-28.10:17:10::SCWMssOS::make -C ps7_cortexa9_0/libsrc/sdps_v3_9/src -s libs  "SHELL=CMD" "COMPILER=arm-none-eabi-gcc" "ASSEMBLER=arm-none-eabi-as" "ARC
TRACE::2025-02-28.10:17:10::SCWMssOS::HIVER=arm-none-eabi-ar" "COMPILER_FLAGS=  -O2 -c" "EXTRA_COMPILER_FLAGS=-mcpu=cortex-a9 -mfpu=vfpv3 -mfloat-abi=hard -nostartfi
TRACE::2025-02-28.10:17:10::SCWMssOS::les -g -Wall -Wextra"

TRACE::2025-02-28.10:17:10::SCWMssOS::"Compiling sdps"

TRACE::2025-02-28.10:17:10::SCWMssOS::"Running Make libs in ps7_cortexa9_0/libsrc/standalone_v7_2/src"

TRACE::2025-02-28.10:17:10::SCWMssOS::make -C ps7_cortexa9_0/libsrc/standalone_v7_2/src -s libs  "SHELL=CMD" "COMPILER=arm-none-eabi-gcc" "ASSEMBLER=arm-none-eabi-as
TRACE::2025-02-28.10:17:10::SCWMssOS::" "ARCHIVER=arm-none-eabi-ar" "COMPILER_FLAGS=  -O2 -c" "EXTRA_COMPILER_FLAGS=-mcpu=cortex-a9 -mfpu=vfpv3 -mfloat-abi=hard -nos
TRACE::2025-02-28.10:17:10::SCWMssOS::tartfiles -g -Wall -Wextra"

TRACE::2025-02-28.10:17:10::SCWMssOS::"Compiling standalone"

TRACE::2025-02-28.10:17:12::SCWMssOS::"Running Make libs in ps7_cortexa9_0/libsrc/ttcps_v3_11/src"

TRACE::2025-02-28.10:17:12::SCWMssOS::make -C ps7_cortexa9_0/libsrc/ttcps_v3_11/src -s libs  "SHELL=CMD" "COMPILER=arm-none-eabi-gcc" "ASSEMBLER=arm-none-eabi-as" "A
TRACE::2025-02-28.10:17:12::SCWMssOS::RCHIVER=arm-none-eabi-ar" "COMPILER_FLAGS=  -O2 -c" "EXTRA_COMPILER_FLAGS=-mcpu=cortex-a9 -mfpu=vfpv3 -mfloat-abi=hard -nostart
TRACE::2025-02-28.10:17:12::SCWMssOS::files -g -Wall -Wextra"

TRACE::2025-02-28.10:17:13::SCWMssOS::"Compiling ttcps"

TRACE::2025-02-28.10:17:13::SCWMssOS::"Running Make libs in ps7_cortexa9_0/libsrc/uartps_v3_9/src"

TRACE::2025-02-28.10:17:13::SCWMssOS::make -C ps7_cortexa9_0/libsrc/uartps_v3_9/src -s libs  "SHELL=CMD" "COMPILER=arm-none-eabi-gcc" "ASSEMBLER=arm-none-eabi-as" "A
TRACE::2025-02-28.10:17:13::SCWMssOS::RCHIVER=arm-none-eabi-ar" "COMPILER_FLAGS=  -O2 -c" "EXTRA_COMPILER_FLAGS=-mcpu=cortex-a9 -mfpu=vfpv3 -mfloat-abi=hard -nostart
TRACE::2025-02-28.10:17:13::SCWMssOS::files -g -Wall -Wextra"

TRACE::2025-02-28.10:17:13::SCWMssOS::"Compiling uartps"

TRACE::2025-02-28.10:17:14::SCWMssOS::"Running Make libs in ps7_cortexa9_0/libsrc/usbps_v2_5/src"

TRACE::2025-02-28.10:17:14::SCWMssOS::make -C ps7_cortexa9_0/libsrc/usbps_v2_5/src -s libs  "SHELL=CMD" "COMPILER=arm-none-eabi-gcc" "ASSEMBLER=arm-none-eabi-as" "AR
TRACE::2025-02-28.10:17:14::SCWMssOS::CHIVER=arm-none-eabi-ar" "COMPILER_FLAGS=  -O2 -c" "EXTRA_COMPILER_FLAGS=-mcpu=cortex-a9 -mfpu=vfpv3 -mfloat-abi=hard -nostartf
TRACE::2025-02-28.10:17:14::SCWMssOS::iles -g -Wall -Wextra"

TRACE::2025-02-28.10:17:14::SCWMssOS::"Compiling usbps"

TRACE::2025-02-28.10:17:14::SCWMssOS::"Running Make libs in ps7_cortexa9_0/libsrc/vtc_v8_2/src"

TRACE::2025-02-28.10:17:14::SCWMssOS::make -C ps7_cortexa9_0/libsrc/vtc_v8_2/src -s libs  "SHELL=CMD" "COMPILER=arm-none-eabi-gcc" "ASSEMBLER=arm-none-eabi-as" "ARCH
TRACE::2025-02-28.10:17:14::SCWMssOS::IVER=arm-none-eabi-ar" "COMPILER_FLAGS=  -O2 -c" "EXTRA_COMPILER_FLAGS=-mcpu=cortex-a9 -mfpu=vfpv3 -mfloat-abi=hard -nostartfil
TRACE::2025-02-28.10:17:14::SCWMssOS::es -g -Wall -Wextra"

TRACE::2025-02-28.10:17:14::SCWMssOS::"Compiling video timing controller"

TRACE::2025-02-28.10:17:15::SCWMssOS::"Running Make libs in ps7_cortexa9_0/libsrc/xadcps_v2_4/src"

TRACE::2025-02-28.10:17:15::SCWMssOS::make -C ps7_cortexa9_0/libsrc/xadcps_v2_4/src -s libs  "SHELL=CMD" "COMPILER=arm-none-eabi-gcc" "ASSEMBLER=arm-none-eabi-as" "A
TRACE::2025-02-28.10:17:15::SCWMssOS::RCHIVER=arm-none-eabi-ar" "COMPILER_FLAGS=  -O2 -c" "EXTRA_COMPILER_FLAGS=-mcpu=cortex-a9 -mfpu=vfpv3 -mfloat-abi=hard -nostart
TRACE::2025-02-28.10:17:15::SCWMssOS::files -g -Wall -Wextra"

TRACE::2025-02-28.10:17:15::SCWMssOS::"Compiling xadcps"

TRACE::2025-02-28.10:17:15::SCWMssOS::'Finished building libraries'

TRACE::2025-02-28.10:17:15::SCWMssOS::Copying to export directory.
TRACE::2025-02-28.10:17:15::SCWMssOS:: Checking if to create the Supporting Applications
TRACE::2025-02-28.10:17:15::SCWMssOS:: No Linux domain exists, trying to generate FSBL 
LOG::2025-02-28.10:17:15::SCWSystem::Completed Processing the domain standalone_domain
LOG::2025-02-28.10:17:15::SCWSystem::Completed Processing the sysconfig TPG
LOG::2025-02-28.10:17:15::SCWPlatform::Completed generating the artifacts for system configuration TPG
TRACE::2025-02-28.10:17:15::SCWPlatform::Started preparing the platform 
TRACE::2025-02-28.10:17:15::SCWSystem::Writing the bif file for system config TPG
TRACE::2025-02-28.10:17:15::SCWSystem::dir created 
TRACE::2025-02-28.10:17:15::SCWSystem::Writing the bif 
TRACE::2025-02-28.10:17:15::SCWPlatform::Started writing the spfm file 
TRACE::2025-02-28.10:17:15::SCWPlatform::Started writing the xpfm file 
TRACE::2025-02-28.10:17:15::SCWPlatform::Completed generating the platform
TRACE::2025-02-28.10:17:15::SCWMssOS::Saving the mss changes C:/Users/oparker/workspace/TPG/zynq_fsbl/zynq_fsbl_bsp/system.mss
TRACE::2025-02-28.10:17:15::SCWMssOS::Found a swdesign opened with the mssfile.
TRACE::2025-02-28.10:17:15::SCWMssOS::Completed writemss as part of save.
TRACE::2025-02-28.10:17:15::SCWMssOS::Commit changes completed.
TRACE::2025-02-28.10:17:15::SCWMssOS::Saving the mss changes C:/Users/oparker/workspace/TPG/ps7_cortexa9_0/standalone_domain/bsp/system.mss
TRACE::2025-02-28.10:17:15::SCWMssOS::Found a swdesign opened with the mssfile.
TRACE::2025-02-28.10:17:15::SCWMssOS::Completed writemss as part of save.
TRACE::2025-02-28.10:17:15::SCWMssOS::Commit changes completed.
TRACE::2025-02-28.10:17:15::SCWPlatform::Trying to open the hw design at C:/Users/oparker/workspace/TPG/hw/design_1_wrapper.xsa
TRACE::2025-02-28.10:17:15::SCWPlatform::DSA given C:/Users/oparker/workspace/TPG/hw/design_1_wrapper.xsa
TRACE::2025-02-28.10:17:15::SCWPlatform::DSA absoulate path C:/Users/oparker/workspace/TPG/hw/design_1_wrapper.xsa
TRACE::2025-02-28.10:17:15::SCWPlatform::DSA directory C:/Users/oparker/workspace/TPG/hw
TRACE::2025-02-28.10:17:15::SCWPlatform:: Platform Path C:/Users/oparker/workspace/TPG/hw/design_1_wrapper.xsa
TRACE::2025-02-28.10:17:15::SCWPlatform:: Unique name xilinx:zed::0.0
TRACE::2025-02-28.10:17:15::SCWPlatform::Trying to set the existing hwdb with name design_1_wrapper_2
TRACE::2025-02-28.10:17:15::SCWPlatform::Opened existing hwdb design_1_wrapper_2
TRACE::2025-02-28.10:17:15::SCWPlatform::Found the Hw Db part of the input DSA
TRACE::2025-02-28.10:17:15::SCWMssOS::Checking the sw design at  C:/Users/oparker/workspace/TPG/zynq_fsbl/zynq_fsbl_bsp/system.mss
TRACE::2025-02-28.10:17:15::SCWMssOS::DEBUG:  swdes dump  C:/Users/oparker/workspace/TPG/ps7_cortexa9_0/standalone_domain/bsp/system.mss|system_2||
C:/Users/oparker/workspace/TPG/zynq_fsbl/zynq_fsbl_bsp/system.mss|system||
C:/Users/oparker/workspace/design_1_wrapper/ps7_cortexa9_0/domain_ps7_cortexa9_0/bsp/system.mss|system_1||
C:/Users/oparker/workspace/design_1_wrapper/zynq_fsbl/zynq_fsbl_bsp/system.mss|system_0||

TRACE::2025-02-28.10:17:15::SCWMssOS::Sw design exists and opened at  C:/Users/oparker/workspace/TPG/zynq_fsbl/zynq_fsbl_bsp/system.mss
TRACE::2025-02-28.10:17:15::SCWPlatform::Trying to open the hw design at C:/Users/oparker/workspace/TPG/hw/design_1_wrapper.xsa
TRACE::2025-02-28.10:17:15::SCWPlatform::DSA given C:/Users/oparker/workspace/TPG/hw/design_1_wrapper.xsa
TRACE::2025-02-28.10:17:15::SCWPlatform::DSA absoulate path C:/Users/oparker/workspace/TPG/hw/design_1_wrapper.xsa
TRACE::2025-02-28.10:17:15::SCWPlatform::DSA directory C:/Users/oparker/workspace/TPG/hw
TRACE::2025-02-28.10:17:15::SCWPlatform:: Platform Path C:/Users/oparker/workspace/TPG/hw/design_1_wrapper.xsa
TRACE::2025-02-28.10:17:15::SCWPlatform:: Unique name xilinx:zed::0.0
TRACE::2025-02-28.10:17:15::SCWPlatform::Trying to set the existing hwdb with name design_1_wrapper_2
TRACE::2025-02-28.10:17:15::SCWPlatform::Opened existing hwdb design_1_wrapper_2
TRACE::2025-02-28.10:17:15::SCWPlatform::Found the Hw Db part of the input DSA
TRACE::2025-02-28.10:17:15::SCWMssOS::Checking the sw design at  C:/Users/oparker/workspace/TPG/ps7_cortexa9_0/standalone_domain/bsp/system.mss
TRACE::2025-02-28.10:17:15::SCWMssOS::DEBUG:  swdes dump  C:/Users/oparker/workspace/TPG/ps7_cortexa9_0/standalone_domain/bsp/system.mss|system_2||
C:/Users/oparker/workspace/TPG/zynq_fsbl/zynq_fsbl_bsp/system.mss|system||
C:/Users/oparker/workspace/design_1_wrapper/ps7_cortexa9_0/domain_ps7_cortexa9_0/bsp/system.mss|system_1||
C:/Users/oparker/workspace/design_1_wrapper/zynq_fsbl/zynq_fsbl_bsp/system.mss|system_0||

TRACE::2025-02-28.10:17:15::SCWMssOS::Sw design exists and opened at  C:/Users/oparker/workspace/TPG/ps7_cortexa9_0/standalone_domain/bsp/system.mss
TRACE::2025-02-28.10:17:15::SCWWriter::formatted JSON is {
	"platformName":	"TPG",
	"sprVersion":	"2.0",
	"mode":	"gui",
	"dsaType":	"Fixed",
	"platformDesc":	"TPG",
	"platHandOff":	"C:/Users/oparker/cpre488-mp2/project_1/design_1_wrapper.xsa",
	"platIntHandOff":	"<platformDir>/hw/design_1_wrapper.xsa",
	"deviceType":	"zynq",
	"platIsPrebuiltAutogen":	"false",
	"platIsNoBootBsp":	"false",
	"hasFsblMakeHasChanges":	"false",
	"hasPmufwMakeHasChanges":	"false",
	"fsblExtraCompilerFlags":	"-MMD -MP       -mcpu=cortex-a9 -mfpu=vfpv3 -mfloat-abi=hard ",
	"platPreBuiltFlag":	false,
	"platformSamplesDir":	"",
	"platActiveSys":	"TPG",
	"systems":	[{
			"systemName":	"TPG",
			"systemDesc":	"TPG",
			"sysIsBootAutoGen":	"true",
			"systemDispName":	"TPG",
			"sysActiveDom":	"standalone_domain",
			"sysDefaultDom":	"standalone_domain",
			"domains":	[{
					"domainName":	"zynq_fsbl",
					"domainDispName":	"zynq_fsbl",
					"domainDesc":	"FSBL Application BSP - Auto Generated.",
					"processors":	"ps7_cortexa9_0",
					"os":	"standalone",
					"sdxOs":	"standalone",
					"debugEnable":	"",
					"domRuntimes":	["cpp"],
					"swRepo":	"",
					"mssOsVer":	"7.2",
					"mssFile":	"",
					"md5Digest":	"158a679dab493f3308b1d2cbafc496b0",
					"compatibleApp":	"zynq_fsbl",
					"domType":	"bootDomain",
					"appSettings":	{
						"appCompilerFlags":	"",
						"appLinkerFlags":	""
					},
					"addedLibs":	["xilffs:4.3", "xilrsa:1.6"],
					"libOptions":	{
						"libsContainingOptions":	[]
					},
					"prebuiltLibs":	{
						"prebuiltIncPath":	[],
						"prebuiltLibPath":	[]
					},
					"isolation":	{
					}
				}, {
					"domainName":	"standalone_domain",
					"domainDispName":	"standalone on ps7_cortexa9_0",
					"domainDesc":	"standalone_domain",
					"processors":	"ps7_cortexa9_0",
					"os":	"standalone",
					"sdxOs":	"standalone",
					"qemuArgs":	"C:/Xilinx/Vitis/2020.1/data/emulation/platforms/zynq/qemu/qemu_args.txt",
					"qemuData":	"C:/Xilinx/Vitis/2020.1/data/emulation/platforms/zynq/qemu/",
					"debugEnable":	"False",
					"domRuntimes":	["cpp"],
					"swRepo":	"",
					"mssOsVer":	"7.2",
					"mssFile":	"",
					"md5Digest":	"85ba41434c82914f0e9e24fa6ddcf962",
					"compatibleApp":	"",
					"domType":	"mssDomain",
					"appSettings":	{
						"appCompilerFlags":	"",
						"appLinkerFlags":	""
					},
					"addedLibs":	[],
					"libOptions":	{
						"libsContainingOptions":	[]
					},
					"prebuiltLibs":	{
						"prebuiltIncPath":	[],
						"prebuiltLibPath":	[]
					},
					"isolation":	{
					}
				}]
		}]
}
KEYINFO::2025-02-28.10:17:15::SCWPlatform::updated the xpfm file.
TRACE::2025-02-28.10:17:15::SCWPlatform::Trying to open the hw design at C:/Users/oparker/workspace/TPG/hw/design_1_wrapper.xsa
TRACE::2025-02-28.10:17:15::SCWPlatform::DSA given C:/Users/oparker/workspace/TPG/hw/design_1_wrapper.xsa
TRACE::2025-02-28.10:17:15::SCWPlatform::DSA absoulate path C:/Users/oparker/workspace/TPG/hw/design_1_wrapper.xsa
TRACE::2025-02-28.10:17:15::SCWPlatform::DSA directory C:/Users/oparker/workspace/TPG/hw
TRACE::2025-02-28.10:17:15::SCWPlatform:: Platform Path C:/Users/oparker/workspace/TPG/hw/design_1_wrapper.xsa
TRACE::2025-02-28.10:17:15::SCWPlatform:: Unique name xilinx:zed::0.0
TRACE::2025-02-28.10:17:15::SCWPlatform::Trying to set the existing hwdb with name design_1_wrapper_2
TRACE::2025-02-28.10:17:15::SCWPlatform::Opened existing hwdb design_1_wrapper_2
TRACE::2025-02-28.10:17:15::SCWPlatform::Found the Hw Db part of the input DSA
TRACE::2025-02-28.10:17:15::SCWMssOS::Checking the sw design at  C:/Users/oparker/workspace/TPG/ps7_cortexa9_0/standalone_domain/bsp/system.mss
TRACE::2025-02-28.10:17:15::SCWMssOS::DEBUG:  swdes dump  C:/Users/oparker/workspace/TPG/ps7_cortexa9_0/standalone_domain/bsp/system.mss|system_2||
C:/Users/oparker/workspace/TPG/zynq_fsbl/zynq_fsbl_bsp/system.mss|system||
C:/Users/oparker/workspace/design_1_wrapper/ps7_cortexa9_0/domain_ps7_cortexa9_0/bsp/system.mss|system_1||
C:/Users/oparker/workspace/design_1_wrapper/zynq_fsbl/zynq_fsbl_bsp/system.mss|system_0||

TRACE::2025-02-28.10:17:15::SCWMssOS::Sw design exists and opened at  C:/Users/oparker/workspace/TPG/ps7_cortexa9_0/standalone_domain/bsp/system.mss
TRACE::2025-02-28.10:17:19::SCWBDomain::System Command Ran  C:&  cd  C:/Users/oparker/workspace/TPG/zynq_fsbl & make clean
TRACE::2025-02-28.10:17:19::SCWBDomain::rm -rf  sd.o  nand.o  image_mover.o  md5.o  fsbl_hooks.o  main.o  nor.o  qspi.o  rsa.o  ps7_init.o  pcap.o  fsbl_handoff.o zynq
TRACE::2025-02-28.10:17:19::SCWBDomain::_fsbl_bsp/ps7_cortexa9_0/lib/libxil.a executable.elf *.o

TRACE::2025-02-28.10:17:19::SCWBDomain::System Command Ran  C:&  cd  C:/Users/oparker/workspace/TPG/zynq_fsbl/zynq_fsbl_bsp & make clean
TRACE::2025-02-28.10:17:19::SCWBDomain::make -C ps7_cortexa9_0/libsrc/axivdma_v6_7/src -s clean 

TRACE::2025-02-28.10:17:19::SCWBDomain::make -C ps7_cortexa9_0/libsrc/coresightps_dcc_v1_7/src -s clean 

TRACE::2025-02-28.10:17:19::SCWBDomain::make -C ps7_cortexa9_0/libsrc/cpu_cortexa9_v2_9/src -s clean 

TRACE::2025-02-28.10:17:19::SCWBDomain::make -C ps7_cortexa9_0/libsrc/ddrps_v1_1/src -s clean 

TRACE::2025-02-28.10:17:19::SCWBDomain::make -C ps7_cortexa9_0/libsrc/devcfg_v3_6/src -s clean 

TRACE::2025-02-28.10:17:19::SCWBDomain::make -C ps7_cortexa9_0/libsrc/dmaps_v2_6/src -s clean 

TRACE::2025-02-28.10:17:19::SCWBDomain::make -C ps7_cortexa9_0/libsrc/emacps_v3_11/src -s clean 

TRACE::2025-02-28.10:17:19::SCWBDomain::make -C ps7_cortexa9_0/libsrc/gpiops_v3_7/src -s clean 

TRACE::2025-02-28.10:17:19::SCWBDomain::make -C ps7_cortexa9_0/libsrc/iic_v3_6/src -s clean 

TRACE::2025-02-28.10:17:19::SCWBDomain::make -C ps7_cortexa9_0/libsrc/qspips_v3_7/src -s clean 

TRACE::2025-02-28.10:17:19::SCWBDomain::make -C ps7_cortexa9_0/libsrc/scugic_v4_2/src -s clean 

TRACE::2025-02-28.10:17:19::SCWBDomain::make -C ps7_cortexa9_0/libsrc/scutimer_v2_2/src -s clean 

TRACE::2025-02-28.10:17:19::SCWBDomain::make -C ps7_cortexa9_0/libsrc/scuwdt_v2_2/src -s clean 

TRACE::2025-02-28.10:17:19::SCWBDomain::make -C ps7_cortexa9_0/libsrc/sdps_v3_9/src -s clean 

TRACE::2025-02-28.10:17:19::SCWBDomain::make -C ps7_cortexa9_0/libsrc/standalone_v7_2/src -s clean 

TRACE::2025-02-28.10:17:19::SCWBDomain::make -C ps7_cortexa9_0/libsrc/ttcps_v3_11/src -s clean 

TRACE::2025-02-28.10:17:19::SCWBDomain::make -C ps7_cortexa9_0/libsrc/uartps_v3_9/src -s clean 

TRACE::2025-02-28.10:17:19::SCWBDomain::make -C ps7_cortexa9_0/libsrc/usbps_v2_5/src -s clean 

TRACE::2025-02-28.10:17:19::SCWBDomain::make -C ps7_cortexa9_0/libsrc/vtc_v8_2/src -s clean 

TRACE::2025-02-28.10:17:19::SCWBDomain::make -C ps7_cortexa9_0/libsrc/xadcps_v2_4/src -s clean 

TRACE::2025-02-28.10:17:19::SCWBDomain::make -C ps7_cortexa9_0/libsrc/xilffs_v4_3/src -s clean 

TRACE::2025-02-28.10:17:19::SCWBDomain::make -C ps7_cortexa9_0/libsrc/xilrsa_v1_6/src -s clean 

TRACE::2025-02-28.10:17:19::SCWBDomain::rm -f ps7_cortexa9_0/lib/libxil.a

TRACE::2025-02-28.10:17:19::SCWMssOS::cleaning the bsp 
TRACE::2025-02-28.10:17:19::SCWMssOS::System Command Ran  C: & cd  C:/Users/oparker/workspace/TPG/ps7_cortexa9_0/standalone_domain/bsp & make clean 
TRACE::2025-02-28.10:17:19::SCWMssOS::make -C ps7_cortexa9_0/libsrc/axivdma_v6_7/src -s clean 

TRACE::2025-02-28.10:17:19::SCWMssOS::make -C ps7_cortexa9_0/libsrc/coresightps_dcc_v1_7/src -s clean 

TRACE::2025-02-28.10:17:19::SCWMssOS::make -C ps7_cortexa9_0/libsrc/cpu_cortexa9_v2_9/src -s clean 

TRACE::2025-02-28.10:17:19::SCWMssOS::make -C ps7_cortexa9_0/libsrc/ddrps_v1_1/src -s clean 

TRACE::2025-02-28.10:17:19::SCWMssOS::make -C ps7_cortexa9_0/libsrc/devcfg_v3_6/src -s clean 

TRACE::2025-02-28.10:17:19::SCWMssOS::make -C ps7_cortexa9_0/libsrc/dmaps_v2_6/src -s clean 

TRACE::2025-02-28.10:17:19::SCWMssOS::make -C ps7_cortexa9_0/libsrc/emacps_v3_11/src -s clean 

TRACE::2025-02-28.10:17:19::SCWMssOS::make -C ps7_cortexa9_0/libsrc/gpiops_v3_7/src -s clean 

TRACE::2025-02-28.10:17:19::SCWMssOS::make -C ps7_cortexa9_0/libsrc/iic_v3_6/src -s clean 

TRACE::2025-02-28.10:17:19::SCWMssOS::make -C ps7_cortexa9_0/libsrc/qspips_v3_7/src -s clean 

TRACE::2025-02-28.10:17:19::SCWMssOS::make -C ps7_cortexa9_0/libsrc/scugic_v4_2/src -s clean 

TRACE::2025-02-28.10:17:20::SCWMssOS::make -C ps7_cortexa9_0/libsrc/scutimer_v2_2/src -s clean 

TRACE::2025-02-28.10:17:20::SCWMssOS::make -C ps7_cortexa9_0/libsrc/scuwdt_v2_2/src -s clean 

TRACE::2025-02-28.10:17:20::SCWMssOS::make -C ps7_cortexa9_0/libsrc/sdps_v3_9/src -s clean 

TRACE::2025-02-28.10:17:20::SCWMssOS::make -C ps7_cortexa9_0/libsrc/standalone_v7_2/src -s clean 

TRACE::2025-02-28.10:17:20::SCWMssOS::make -C ps7_cortexa9_0/libsrc/ttcps_v3_11/src -s clean 

TRACE::2025-02-28.10:17:20::SCWMssOS::make -C ps7_cortexa9_0/libsrc/uartps_v3_9/src -s clean 

TRACE::2025-02-28.10:17:20::SCWMssOS::make -C ps7_cortexa9_0/libsrc/usbps_v2_5/src -s clean 

TRACE::2025-02-28.10:17:20::SCWMssOS::make -C ps7_cortexa9_0/libsrc/vtc_v8_2/src -s clean 

TRACE::2025-02-28.10:17:20::SCWMssOS::make -C ps7_cortexa9_0/libsrc/xadcps_v2_4/src -s clean 

TRACE::2025-02-28.10:17:20::SCWMssOS::rm -f ps7_cortexa9_0/lib/libxil.a

LOG::2025-02-28.10:18:15::SCWPlatform::Started generating the artifacts platform TPG
TRACE::2025-02-28.10:18:15::SCWPlatform::Sanity checking of platform is completed
LOG::2025-02-28.10:18:15::SCWPlatform::Started generating the artifacts for system configuration TPG
LOG::2025-02-28.10:18:15::SCWSystem::Checking the domain zynq_fsbl
LOG::2025-02-28.10:18:15::SCWSystem::Doing application build for :  zynq_fsbl
TRACE::2025-02-28.10:18:15::SCWBDomain::Not a forced makefile updation, No changes are present. 
TRACE::2025-02-28.10:18:15::SCWDomain::Building the domain as part of full build :  zynq_fsbl
TRACE::2025-02-28.10:18:15::SCWPlatform::Trying to open the hw design at C:/Users/oparker/workspace/TPG/hw/design_1_wrapper.xsa
TRACE::2025-02-28.10:18:15::SCWPlatform::DSA given C:/Users/oparker/workspace/TPG/hw/design_1_wrapper.xsa
TRACE::2025-02-28.10:18:15::SCWPlatform::DSA absoulate path C:/Users/oparker/workspace/TPG/hw/design_1_wrapper.xsa
TRACE::2025-02-28.10:18:15::SCWPlatform::DSA directory C:/Users/oparker/workspace/TPG/hw
TRACE::2025-02-28.10:18:15::SCWPlatform:: Platform Path C:/Users/oparker/workspace/TPG/hw/design_1_wrapper.xsa
TRACE::2025-02-28.10:18:15::SCWPlatform:: Unique name xilinx:zed::0.0
TRACE::2025-02-28.10:18:15::SCWPlatform::Trying to set the existing hwdb with name design_1_wrapper_2
TRACE::2025-02-28.10:18:15::SCWPlatform::Opened existing hwdb design_1_wrapper_2
TRACE::2025-02-28.10:18:15::SCWPlatform::Found the Hw Db part of the input DSA
TRACE::2025-02-28.10:18:15::SCWMssOS::Checking the sw design at  C:/Users/oparker/workspace/TPG/zynq_fsbl/zynq_fsbl_bsp/system.mss
TRACE::2025-02-28.10:18:15::SCWMssOS::DEBUG:  swdes dump  C:/Users/oparker/workspace/TPG/ps7_cortexa9_0/standalone_domain/bsp/system.mss|system_2||
C:/Users/oparker/workspace/TPG/zynq_fsbl/zynq_fsbl_bsp/system.mss|system||
C:/Users/oparker/workspace/design_1_wrapper/ps7_cortexa9_0/domain_ps7_cortexa9_0/bsp/system.mss|system_1||
C:/Users/oparker/workspace/design_1_wrapper/zynq_fsbl/zynq_fsbl_bsp/system.mss|system_0||

TRACE::2025-02-28.10:18:15::SCWMssOS::Sw design exists and opened at  C:/Users/oparker/workspace/TPG/zynq_fsbl/zynq_fsbl_bsp/system.mss
TRACE::2025-02-28.10:18:15::SCWBDomain::Completed writing the mss file at C:/Users/oparker/workspace/TPG/zynq_fsbl/zynq_fsbl_bsp
TRACE::2025-02-28.10:18:15::SCWBDomain::bsp generated is upto date with the mss file. Skipping bsp generation.
TRACE::2025-02-28.10:18:15::SCWBDomain::Not a forced makefile updation, No changes are present. 
TRACE::2025-02-28.10:18:15::SCWBDomain::System Command Ran  C:&  cd  C:/Users/oparker/workspace/TPG/zynq_fsbl & make 
TRACE::2025-02-28.10:18:15::SCWBDomain::make -C zynq_fsbl_bsp

TRACE::2025-02-28.10:18:15::SCWBDomain::make[1]: Entering directory 'C:/Users/oparker/workspace/TPG/zynq_fsbl/zynq_fsbl_bsp'

TRACE::2025-02-28.10:18:15::SCWBDomain::"Running Make include in ps7_cortexa9_0/libsrc/axivdma_v6_7/src"

TRACE::2025-02-28.10:18:15::SCWBDomain::make -C ps7_cortexa9_0/libsrc/axivdma_v6_7/src -s include  "SHELL=CMD" "COMPILER=arm-none-eabi-gcc" "ASSEMBLER=arm-none-eabi-as
TRACE::2025-02-28.10:18:15::SCWBDomain::" "ARCHIVER=arm-none-eabi-ar" "COMPILER_FLAGS=  -O2 -c" "EXTRA_COMPILER_FLAGS=-mcpu=cortex-a9 -mfpu=vfpv3 -mfloat-abi=hard -nos
TRACE::2025-02-28.10:18:15::SCWBDomain::tartfiles -g -Wall -Wextra"

TRACE::2025-02-28.10:18:15::SCWBDomain::make[2]: Entering directory 'C:/Users/oparker/workspace/TPG/zynq_fsbl/zynq_fsbl_bsp/ps7_cortexa9_0/libsrc/axivdma_v6_7/src'

TRACE::2025-02-28.10:18:15::SCWBDomain::make[2]: Leaving directory 'C:/Users/oparker/workspace/TPG/zynq_fsbl/zynq_fsbl_bsp/ps7_cortexa9_0/libsrc/axivdma_v6_7/src'

TRACE::2025-02-28.10:18:15::SCWBDomain::"Running Make include in ps7_cortexa9_0/libsrc/coresightps_dcc_v1_7/src"

TRACE::2025-02-28.10:18:15::SCWBDomain::make -C ps7_cortexa9_0/libsrc/coresightps_dcc_v1_7/src -s include  "SHELL=CMD" "COMPILER=arm-none-eabi-gcc" "ASSEMBLER=arm-none
TRACE::2025-02-28.10:18:15::SCWBDomain::-eabi-as" "ARCHIVER=arm-none-eabi-ar" "COMPILER_FLAGS=  -O2 -c" "EXTRA_COMPILER_FLAGS=-mcpu=cortex-a9 -mfpu=vfpv3 -mfloat-abi=h
TRACE::2025-02-28.10:18:15::SCWBDomain::ard -nostartfiles -g -Wall -Wextra"

TRACE::2025-02-28.10:18:15::SCWBDomain::make[2]: Entering directory 'C:/Users/oparker/workspace/TPG/zynq_fsbl/zynq_fsbl_bsp/ps7_cortexa9_0/libsrc/coresightps_dcc_v1_7/
TRACE::2025-02-28.10:18:15::SCWBDomain::src'

TRACE::2025-02-28.10:18:15::SCWBDomain::make[2]: Leaving directory 'C:/Users/oparker/workspace/TPG/zynq_fsbl/zynq_fsbl_bsp/ps7_cortexa9_0/libsrc/coresightps_dcc_v1_7/s
TRACE::2025-02-28.10:18:15::SCWBDomain::rc'

TRACE::2025-02-28.10:18:15::SCWBDomain::"Running Make include in ps7_cortexa9_0/libsrc/cpu_cortexa9_v2_9/src"

TRACE::2025-02-28.10:18:15::SCWBDomain::make -C ps7_cortexa9_0/libsrc/cpu_cortexa9_v2_9/src -s include  "SHELL=CMD" "COMPILER=arm-none-eabi-gcc" "ASSEMBLER=arm-none-ea
TRACE::2025-02-28.10:18:15::SCWBDomain::bi-as" "ARCHIVER=arm-none-eabi-ar" "COMPILER_FLAGS=  -O2 -c" "EXTRA_COMPILER_FLAGS=-mcpu=cortex-a9 -mfpu=vfpv3 -mfloat-abi=hard
TRACE::2025-02-28.10:18:15::SCWBDomain:: -nostartfiles -g -Wall -Wextra"

TRACE::2025-02-28.10:18:15::SCWBDomain::make[2]: Entering directory 'C:/Users/oparker/workspace/TPG/zynq_fsbl/zynq_fsbl_bsp/ps7_cortexa9_0/libsrc/cpu_cortexa9_v2_9/src
TRACE::2025-02-28.10:18:15::SCWBDomain::'

TRACE::2025-02-28.10:18:15::SCWBDomain::make[2]: Leaving directory 'C:/Users/oparker/workspace/TPG/zynq_fsbl/zynq_fsbl_bsp/ps7_cortexa9_0/libsrc/cpu_cortexa9_v2_9/src'
TRACE::2025-02-28.10:18:15::SCWBDomain::

TRACE::2025-02-28.10:18:15::SCWBDomain::"Running Make include in ps7_cortexa9_0/libsrc/ddrps_v1_1/src"

TRACE::2025-02-28.10:18:15::SCWBDomain::make -C ps7_cortexa9_0/libsrc/ddrps_v1_1/src -s include  "SHELL=CMD" "COMPILER=arm-none-eabi-gcc" "ASSEMBLER=arm-none-eabi-as" 
TRACE::2025-02-28.10:18:15::SCWBDomain::"ARCHIVER=arm-none-eabi-ar" "COMPILER_FLAGS=  -O2 -c" "EXTRA_COMPILER_FLAGS=-mcpu=cortex-a9 -mfpu=vfpv3 -mfloat-abi=hard -nosta
TRACE::2025-02-28.10:18:15::SCWBDomain::rtfiles -g -Wall -Wextra"

TRACE::2025-02-28.10:18:15::SCWBDomain::make[2]: Entering directory 'C:/Users/oparker/workspace/TPG/zynq_fsbl/zynq_fsbl_bsp/ps7_cortexa9_0/libsrc/ddrps_v1_1/src'

TRACE::2025-02-28.10:18:15::SCWBDomain::make[2]: Leaving directory 'C:/Users/oparker/workspace/TPG/zynq_fsbl/zynq_fsbl_bsp/ps7_cortexa9_0/libsrc/ddrps_v1_1/src'

TRACE::2025-02-28.10:18:15::SCWBDomain::"Running Make include in ps7_cortexa9_0/libsrc/devcfg_v3_6/src"

TRACE::2025-02-28.10:18:15::SCWBDomain::make -C ps7_cortexa9_0/libsrc/devcfg_v3_6/src -s include  "SHELL=CMD" "COMPILER=arm-none-eabi-gcc" "ASSEMBLER=arm-none-eabi-as"
TRACE::2025-02-28.10:18:15::SCWBDomain:: "ARCHIVER=arm-none-eabi-ar" "COMPILER_FLAGS=  -O2 -c" "EXTRA_COMPILER_FLAGS=-mcpu=cortex-a9 -mfpu=vfpv3 -mfloat-abi=hard -nost
TRACE::2025-02-28.10:18:15::SCWBDomain::artfiles -g -Wall -Wextra"

TRACE::2025-02-28.10:18:15::SCWBDomain::make[2]: Entering directory 'C:/Users/oparker/workspace/TPG/zynq_fsbl/zynq_fsbl_bsp/ps7_cortexa9_0/libsrc/devcfg_v3_6/src'

TRACE::2025-02-28.10:18:15::SCWBDomain::make[2]: Leaving directory 'C:/Users/oparker/workspace/TPG/zynq_fsbl/zynq_fsbl_bsp/ps7_cortexa9_0/libsrc/devcfg_v3_6/src'

TRACE::2025-02-28.10:18:15::SCWBDomain::"Running Make include in ps7_cortexa9_0/libsrc/dmaps_v2_6/src"

TRACE::2025-02-28.10:18:15::SCWBDomain::make -C ps7_cortexa9_0/libsrc/dmaps_v2_6/src -s include  "SHELL=CMD" "COMPILER=arm-none-eabi-gcc" "ASSEMBLER=arm-none-eabi-as" 
TRACE::2025-02-28.10:18:15::SCWBDomain::"ARCHIVER=arm-none-eabi-ar" "COMPILER_FLAGS=  -O2 -c" "EXTRA_COMPILER_FLAGS=-mcpu=cortex-a9 -mfpu=vfpv3 -mfloat-abi=hard -nosta
TRACE::2025-02-28.10:18:15::SCWBDomain::rtfiles -g -Wall -Wextra"

TRACE::2025-02-28.10:18:15::SCWBDomain::make[2]: Entering directory 'C:/Users/oparker/workspace/TPG/zynq_fsbl/zynq_fsbl_bsp/ps7_cortexa9_0/libsrc/dmaps_v2_6/src'

TRACE::2025-02-28.10:18:15::SCWBDomain::make[2]: Leaving directory 'C:/Users/oparker/workspace/TPG/zynq_fsbl/zynq_fsbl_bsp/ps7_cortexa9_0/libsrc/dmaps_v2_6/src'

TRACE::2025-02-28.10:18:15::SCWBDomain::"Running Make include in ps7_cortexa9_0/libsrc/emacps_v3_11/src"

TRACE::2025-02-28.10:18:15::SCWBDomain::make -C ps7_cortexa9_0/libsrc/emacps_v3_11/src -s include  "SHELL=CMD" "COMPILER=arm-none-eabi-gcc" "ASSEMBLER=arm-none-eabi-as
TRACE::2025-02-28.10:18:15::SCWBDomain::" "ARCHIVER=arm-none-eabi-ar" "COMPILER_FLAGS=  -O2 -c" "EXTRA_COMPILER_FLAGS=-mcpu=cortex-a9 -mfpu=vfpv3 -mfloat-abi=hard -nos
TRACE::2025-02-28.10:18:15::SCWBDomain::tartfiles -g -Wall -Wextra"

TRACE::2025-02-28.10:18:15::SCWBDomain::make[2]: Entering directory 'C:/Users/oparker/workspace/TPG/zynq_fsbl/zynq_fsbl_bsp/ps7_cortexa9_0/libsrc/emacps_v3_11/src'

TRACE::2025-02-28.10:18:15::SCWBDomain::make[2]: Leaving directory 'C:/Users/oparker/workspace/TPG/zynq_fsbl/zynq_fsbl_bsp/ps7_cortexa9_0/libsrc/emacps_v3_11/src'

TRACE::2025-02-28.10:18:15::SCWBDomain::"Running Make include in ps7_cortexa9_0/libsrc/gpiops_v3_7/src"

TRACE::2025-02-28.10:18:15::SCWBDomain::make -C ps7_cortexa9_0/libsrc/gpiops_v3_7/src -s include  "SHELL=CMD" "COMPILER=arm-none-eabi-gcc" "ASSEMBLER=arm-none-eabi-as"
TRACE::2025-02-28.10:18:15::SCWBDomain:: "ARCHIVER=arm-none-eabi-ar" "COMPILER_FLAGS=  -O2 -c" "EXTRA_COMPILER_FLAGS=-mcpu=cortex-a9 -mfpu=vfpv3 -mfloat-abi=hard -nost
TRACE::2025-02-28.10:18:15::SCWBDomain::artfiles -g -Wall -Wextra"

TRACE::2025-02-28.10:18:15::SCWBDomain::make[2]: Entering directory 'C:/Users/oparker/workspace/TPG/zynq_fsbl/zynq_fsbl_bsp/ps7_cortexa9_0/libsrc/gpiops_v3_7/src'

TRACE::2025-02-28.10:18:15::SCWBDomain::make[2]: Leaving directory 'C:/Users/oparker/workspace/TPG/zynq_fsbl/zynq_fsbl_bsp/ps7_cortexa9_0/libsrc/gpiops_v3_7/src'

TRACE::2025-02-28.10:18:15::SCWBDomain::"Running Make include in ps7_cortexa9_0/libsrc/iic_v3_6/src"

TRACE::2025-02-28.10:18:15::SCWBDomain::make -C ps7_cortexa9_0/libsrc/iic_v3_6/src -s include  "SHELL=CMD" "COMPILER=arm-none-eabi-gcc" "ASSEMBLER=arm-none-eabi-as" "A
TRACE::2025-02-28.10:18:15::SCWBDomain::RCHIVER=arm-none-eabi-ar" "COMPILER_FLAGS=  -O2 -c" "EXTRA_COMPILER_FLAGS=-mcpu=cortex-a9 -mfpu=vfpv3 -mfloat-abi=hard -nostart
TRACE::2025-02-28.10:18:15::SCWBDomain::files -g -Wall -Wextra"

TRACE::2025-02-28.10:18:15::SCWBDomain::make[2]: Entering directory 'C:/Users/oparker/workspace/TPG/zynq_fsbl/zynq_fsbl_bsp/ps7_cortexa9_0/libsrc/iic_v3_6/src'

TRACE::2025-02-28.10:18:15::SCWBDomain::make[2]: Leaving directory 'C:/Users/oparker/workspace/TPG/zynq_fsbl/zynq_fsbl_bsp/ps7_cortexa9_0/libsrc/iic_v3_6/src'

TRACE::2025-02-28.10:18:15::SCWBDomain::"Running Make include in ps7_cortexa9_0/libsrc/qspips_v3_7/src"

TRACE::2025-02-28.10:18:15::SCWBDomain::make -C ps7_cortexa9_0/libsrc/qspips_v3_7/src -s include  "SHELL=CMD" "COMPILER=arm-none-eabi-gcc" "ASSEMBLER=arm-none-eabi-as"
TRACE::2025-02-28.10:18:15::SCWBDomain:: "ARCHIVER=arm-none-eabi-ar" "COMPILER_FLAGS=  -O2 -c" "EXTRA_COMPILER_FLAGS=-mcpu=cortex-a9 -mfpu=vfpv3 -mfloat-abi=hard -nost
TRACE::2025-02-28.10:18:15::SCWBDomain::artfiles -g -Wall -Wextra"

TRACE::2025-02-28.10:18:15::SCWBDomain::make[2]: Entering directory 'C:/Users/oparker/workspace/TPG/zynq_fsbl/zynq_fsbl_bsp/ps7_cortexa9_0/libsrc/qspips_v3_7/src'

TRACE::2025-02-28.10:18:15::SCWBDomain::make[2]: Leaving directory 'C:/Users/oparker/workspace/TPG/zynq_fsbl/zynq_fsbl_bsp/ps7_cortexa9_0/libsrc/qspips_v3_7/src'

TRACE::2025-02-28.10:18:16::SCWBDomain::"Running Make include in ps7_cortexa9_0/libsrc/scugic_v4_2/src"

TRACE::2025-02-28.10:18:16::SCWBDomain::make -C ps7_cortexa9_0/libsrc/scugic_v4_2/src -s include  "SHELL=CMD" "COMPILER=arm-none-eabi-gcc" "ASSEMBLER=arm-none-eabi-as"
TRACE::2025-02-28.10:18:16::SCWBDomain:: "ARCHIVER=arm-none-eabi-ar" "COMPILER_FLAGS=  -O2 -c" "EXTRA_COMPILER_FLAGS=-mcpu=cortex-a9 -mfpu=vfpv3 -mfloat-abi=hard -nost
TRACE::2025-02-28.10:18:16::SCWBDomain::artfiles -g -Wall -Wextra"

TRACE::2025-02-28.10:18:16::SCWBDomain::make[2]: Entering directory 'C:/Users/oparker/workspace/TPG/zynq_fsbl/zynq_fsbl_bsp/ps7_cortexa9_0/libsrc/scugic_v4_2/src'

TRACE::2025-02-28.10:18:16::SCWBDomain::make[2]: Leaving directory 'C:/Users/oparker/workspace/TPG/zynq_fsbl/zynq_fsbl_bsp/ps7_cortexa9_0/libsrc/scugic_v4_2/src'

TRACE::2025-02-28.10:18:16::SCWBDomain::"Running Make include in ps7_cortexa9_0/libsrc/scutimer_v2_2/src"

TRACE::2025-02-28.10:18:16::SCWBDomain::make -C ps7_cortexa9_0/libsrc/scutimer_v2_2/src -s include  "SHELL=CMD" "COMPILER=arm-none-eabi-gcc" "ASSEMBLER=arm-none-eabi-a
TRACE::2025-02-28.10:18:16::SCWBDomain::s" "ARCHIVER=arm-none-eabi-ar" "COMPILER_FLAGS=  -O2 -c" "EXTRA_COMPILER_FLAGS=-mcpu=cortex-a9 -mfpu=vfpv3 -mfloat-abi=hard -no
TRACE::2025-02-28.10:18:16::SCWBDomain::startfiles -g -Wall -Wextra"

TRACE::2025-02-28.10:18:16::SCWBDomain::make[2]: Entering directory 'C:/Users/oparker/workspace/TPG/zynq_fsbl/zynq_fsbl_bsp/ps7_cortexa9_0/libsrc/scutimer_v2_2/src'

TRACE::2025-02-28.10:18:16::SCWBDomain::make[2]: Leaving directory 'C:/Users/oparker/workspace/TPG/zynq_fsbl/zynq_fsbl_bsp/ps7_cortexa9_0/libsrc/scutimer_v2_2/src'

TRACE::2025-02-28.10:18:16::SCWBDomain::"Running Make include in ps7_cortexa9_0/libsrc/scuwdt_v2_2/src"

TRACE::2025-02-28.10:18:16::SCWBDomain::make -C ps7_cortexa9_0/libsrc/scuwdt_v2_2/src -s include  "SHELL=CMD" "COMPILER=arm-none-eabi-gcc" "ASSEMBLER=arm-none-eabi-as"
TRACE::2025-02-28.10:18:16::SCWBDomain:: "ARCHIVER=arm-none-eabi-ar" "COMPILER_FLAGS=  -O2 -c" "EXTRA_COMPILER_FLAGS=-mcpu=cortex-a9 -mfpu=vfpv3 -mfloat-abi=hard -nost
TRACE::2025-02-28.10:18:16::SCWBDomain::artfiles -g -Wall -Wextra"

TRACE::2025-02-28.10:18:16::SCWBDomain::make[2]: Entering directory 'C:/Users/oparker/workspace/TPG/zynq_fsbl/zynq_fsbl_bsp/ps7_cortexa9_0/libsrc/scuwdt_v2_2/src'

TRACE::2025-02-28.10:18:16::SCWBDomain::make[2]: Leaving directory 'C:/Users/oparker/workspace/TPG/zynq_fsbl/zynq_fsbl_bsp/ps7_cortexa9_0/libsrc/scuwdt_v2_2/src'

TRACE::2025-02-28.10:18:16::SCWBDomain::"Running Make include in ps7_cortexa9_0/libsrc/sdps_v3_9/src"

TRACE::2025-02-28.10:18:16::SCWBDomain::make -C ps7_cortexa9_0/libsrc/sdps_v3_9/src -s include  "SHELL=CMD" "COMPILER=arm-none-eabi-gcc" "ASSEMBLER=arm-none-eabi-as" "
TRACE::2025-02-28.10:18:16::SCWBDomain::ARCHIVER=arm-none-eabi-ar" "COMPILER_FLAGS=  -O2 -c" "EXTRA_COMPILER_FLAGS=-mcpu=cortex-a9 -mfpu=vfpv3 -mfloat-abi=hard -nostar
TRACE::2025-02-28.10:18:16::SCWBDomain::tfiles -g -Wall -Wextra"

TRACE::2025-02-28.10:18:16::SCWBDomain::make[2]: Entering directory 'C:/Users/oparker/workspace/TPG/zynq_fsbl/zynq_fsbl_bsp/ps7_cortexa9_0/libsrc/sdps_v3_9/src'

TRACE::2025-02-28.10:18:16::SCWBDomain::make[2]: Leaving directory 'C:/Users/oparker/workspace/TPG/zynq_fsbl/zynq_fsbl_bsp/ps7_cortexa9_0/libsrc/sdps_v3_9/src'

TRACE::2025-02-28.10:18:16::SCWBDomain::"Running Make include in ps7_cortexa9_0/libsrc/standalone_v7_2/src"

TRACE::2025-02-28.10:18:16::SCWBDomain::make -C ps7_cortexa9_0/libsrc/standalone_v7_2/src -s include  "SHELL=CMD" "COMPILER=arm-none-eabi-gcc" "ASSEMBLER=arm-none-eabi
TRACE::2025-02-28.10:18:16::SCWBDomain::-as" "ARCHIVER=arm-none-eabi-ar" "COMPILER_FLAGS=  -O2 -c" "EXTRA_COMPILER_FLAGS=-mcpu=cortex-a9 -mfpu=vfpv3 -mfloat-abi=hard -
TRACE::2025-02-28.10:18:16::SCWBDomain::nostartfiles -g -Wall -Wextra"

TRACE::2025-02-28.10:18:16::SCWBDomain::make[2]: Entering directory 'C:/Users/oparker/workspace/TPG/zynq_fsbl/zynq_fsbl_bsp/ps7_cortexa9_0/libsrc/standalone_v7_2/src'

TRACE::2025-02-28.10:18:16::SCWBDomain::make[3]: Entering directory 'C:/Users/oparker/workspace/TPG/zynq_fsbl/zynq_fsbl_bsp/ps7_cortexa9_0/libsrc/standalone_v7_2/src/p
TRACE::2025-02-28.10:18:16::SCWBDomain::rofile'

TRACE::2025-02-28.10:18:16::SCWBDomain::make[3]: Leaving directory 'C:/Users/oparker/workspace/TPG/zynq_fsbl/zynq_fsbl_bsp/ps7_cortexa9_0/libsrc/standalone_v7_2/src/pr
TRACE::2025-02-28.10:18:16::SCWBDomain::ofile'

TRACE::2025-02-28.10:18:16::SCWBDomain::make[2]: Leaving directory 'C:/Users/oparker/workspace/TPG/zynq_fsbl/zynq_fsbl_bsp/ps7_cortexa9_0/libsrc/standalone_v7_2/src'

TRACE::2025-02-28.10:18:16::SCWBDomain::"Running Make include in ps7_cortexa9_0/libsrc/ttcps_v3_11/src"

TRACE::2025-02-28.10:18:16::SCWBDomain::make -C ps7_cortexa9_0/libsrc/ttcps_v3_11/src -s include  "SHELL=CMD" "COMPILER=arm-none-eabi-gcc" "ASSEMBLER=arm-none-eabi-as"
TRACE::2025-02-28.10:18:16::SCWBDomain:: "ARCHIVER=arm-none-eabi-ar" "COMPILER_FLAGS=  -O2 -c" "EXTRA_COMPILER_FLAGS=-mcpu=cortex-a9 -mfpu=vfpv3 -mfloat-abi=hard -nost
TRACE::2025-02-28.10:18:16::SCWBDomain::artfiles -g -Wall -Wextra"

TRACE::2025-02-28.10:18:16::SCWBDomain::make[2]: Entering directory 'C:/Users/oparker/workspace/TPG/zynq_fsbl/zynq_fsbl_bsp/ps7_cortexa9_0/libsrc/ttcps_v3_11/src'

TRACE::2025-02-28.10:18:16::SCWBDomain::make[2]: Leaving directory 'C:/Users/oparker/workspace/TPG/zynq_fsbl/zynq_fsbl_bsp/ps7_cortexa9_0/libsrc/ttcps_v3_11/src'

TRACE::2025-02-28.10:18:16::SCWBDomain::"Running Make include in ps7_cortexa9_0/libsrc/uartps_v3_9/src"

TRACE::2025-02-28.10:18:16::SCWBDomain::make -C ps7_cortexa9_0/libsrc/uartps_v3_9/src -s include  "SHELL=CMD" "COMPILER=arm-none-eabi-gcc" "ASSEMBLER=arm-none-eabi-as"
TRACE::2025-02-28.10:18:16::SCWBDomain:: "ARCHIVER=arm-none-eabi-ar" "COMPILER_FLAGS=  -O2 -c" "EXTRA_COMPILER_FLAGS=-mcpu=cortex-a9 -mfpu=vfpv3 -mfloat-abi=hard -nost
TRACE::2025-02-28.10:18:16::SCWBDomain::artfiles -g -Wall -Wextra"

TRACE::2025-02-28.10:18:16::SCWBDomain::make[2]: Entering directory 'C:/Users/oparker/workspace/TPG/zynq_fsbl/zynq_fsbl_bsp/ps7_cortexa9_0/libsrc/uartps_v3_9/src'

TRACE::2025-02-28.10:18:16::SCWBDomain::make[2]: Leaving directory 'C:/Users/oparker/workspace/TPG/zynq_fsbl/zynq_fsbl_bsp/ps7_cortexa9_0/libsrc/uartps_v3_9/src'

TRACE::2025-02-28.10:18:16::SCWBDomain::"Running Make include in ps7_cortexa9_0/libsrc/usbps_v2_5/src"

TRACE::2025-02-28.10:18:16::SCWBDomain::make -C ps7_cortexa9_0/libsrc/usbps_v2_5/src -s include  "SHELL=CMD" "COMPILER=arm-none-eabi-gcc" "ASSEMBLER=arm-none-eabi-as" 
TRACE::2025-02-28.10:18:16::SCWBDomain::"ARCHIVER=arm-none-eabi-ar" "COMPILER_FLAGS=  -O2 -c" "EXTRA_COMPILER_FLAGS=-mcpu=cortex-a9 -mfpu=vfpv3 -mfloat-abi=hard -nosta
TRACE::2025-02-28.10:18:16::SCWBDomain::rtfiles -g -Wall -Wextra"

TRACE::2025-02-28.10:18:16::SCWBDomain::make[2]: Entering directory 'C:/Users/oparker/workspace/TPG/zynq_fsbl/zynq_fsbl_bsp/ps7_cortexa9_0/libsrc/usbps_v2_5/src'

TRACE::2025-02-28.10:18:16::SCWBDomain::make[2]: Leaving directory 'C:/Users/oparker/workspace/TPG/zynq_fsbl/zynq_fsbl_bsp/ps7_cortexa9_0/libsrc/usbps_v2_5/src'

TRACE::2025-02-28.10:18:16::SCWBDomain::"Running Make include in ps7_cortexa9_0/libsrc/vtc_v8_2/src"

TRACE::2025-02-28.10:18:16::SCWBDomain::make -C ps7_cortexa9_0/libsrc/vtc_v8_2/src -s include  "SHELL=CMD" "COMPILER=arm-none-eabi-gcc" "ASSEMBLER=arm-none-eabi-as" "A
TRACE::2025-02-28.10:18:16::SCWBDomain::RCHIVER=arm-none-eabi-ar" "COMPILER_FLAGS=  -O2 -c" "EXTRA_COMPILER_FLAGS=-mcpu=cortex-a9 -mfpu=vfpv3 -mfloat-abi=hard -nostart
TRACE::2025-02-28.10:18:16::SCWBDomain::files -g -Wall -Wextra"

TRACE::2025-02-28.10:18:16::SCWBDomain::make[2]: Entering directory 'C:/Users/oparker/workspace/TPG/zynq_fsbl/zynq_fsbl_bsp/ps7_cortexa9_0/libsrc/vtc_v8_2/src'

TRACE::2025-02-28.10:18:16::SCWBDomain::make[2]: Leaving directory 'C:/Users/oparker/workspace/TPG/zynq_fsbl/zynq_fsbl_bsp/ps7_cortexa9_0/libsrc/vtc_v8_2/src'

TRACE::2025-02-28.10:18:16::SCWBDomain::"Running Make include in ps7_cortexa9_0/libsrc/xadcps_v2_4/src"

TRACE::2025-02-28.10:18:16::SCWBDomain::make -C ps7_cortexa9_0/libsrc/xadcps_v2_4/src -s include  "SHELL=CMD" "COMPILER=arm-none-eabi-gcc" "ASSEMBLER=arm-none-eabi-as"
TRACE::2025-02-28.10:18:16::SCWBDomain:: "ARCHIVER=arm-none-eabi-ar" "COMPILER_FLAGS=  -O2 -c" "EXTRA_COMPILER_FLAGS=-mcpu=cortex-a9 -mfpu=vfpv3 -mfloat-abi=hard -nost
TRACE::2025-02-28.10:18:16::SCWBDomain::artfiles -g -Wall -Wextra"

TRACE::2025-02-28.10:18:16::SCWBDomain::make[2]: Entering directory 'C:/Users/oparker/workspace/TPG/zynq_fsbl/zynq_fsbl_bsp/ps7_cortexa9_0/libsrc/xadcps_v2_4/src'

TRACE::2025-02-28.10:18:16::SCWBDomain::make[2]: Leaving directory 'C:/Users/oparker/workspace/TPG/zynq_fsbl/zynq_fsbl_bsp/ps7_cortexa9_0/libsrc/xadcps_v2_4/src'

TRACE::2025-02-28.10:18:16::SCWBDomain::"Running Make include in ps7_cortexa9_0/libsrc/xilffs_v4_3/src"

TRACE::2025-02-28.10:18:16::SCWBDomain::make -C ps7_cortexa9_0/libsrc/xilffs_v4_3/src -s include  "SHELL=CMD" "COMPILER=arm-none-eabi-gcc" "ASSEMBLER=arm-none-eabi-as"
TRACE::2025-02-28.10:18:16::SCWBDomain:: "ARCHIVER=arm-none-eabi-ar" "COMPILER_FLAGS=  -O2 -c" "EXTRA_COMPILER_FLAGS=-mcpu=cortex-a9 -mfpu=vfpv3 -mfloat-abi=hard -nost
TRACE::2025-02-28.10:18:16::SCWBDomain::artfiles -g -Wall -Wextra"

TRACE::2025-02-28.10:18:16::SCWBDomain::make[2]: Entering directory 'C:/Users/oparker/workspace/TPG/zynq_fsbl/zynq_fsbl_bsp/ps7_cortexa9_0/libsrc/xilffs_v4_3/src'

TRACE::2025-02-28.10:18:16::SCWBDomain::make[2]: Leaving directory 'C:/Users/oparker/workspace/TPG/zynq_fsbl/zynq_fsbl_bsp/ps7_cortexa9_0/libsrc/xilffs_v4_3/src'

TRACE::2025-02-28.10:18:16::SCWBDomain::"Running Make include in ps7_cortexa9_0/libsrc/xilrsa_v1_6/src"

TRACE::2025-02-28.10:18:16::SCWBDomain::make -C ps7_cortexa9_0/libsrc/xilrsa_v1_6/src -s include  "SHELL=CMD" "COMPILER=arm-none-eabi-gcc" "ASSEMBLER=arm-none-eabi-as"
TRACE::2025-02-28.10:18:16::SCWBDomain:: "ARCHIVER=arm-none-eabi-ar" "COMPILER_FLAGS=  -O2 -c" "EXTRA_COMPILER_FLAGS=-mcpu=cortex-a9 -mfpu=vfpv3 -mfloat-abi=hard -nost
TRACE::2025-02-28.10:18:16::SCWBDomain::artfiles -g -Wall -Wextra"

TRACE::2025-02-28.10:18:16::SCWBDomain::make[2]: Entering directory 'C:/Users/oparker/workspace/TPG/zynq_fsbl/zynq_fsbl_bsp/ps7_cortexa9_0/libsrc/xilrsa_v1_6/src'

TRACE::2025-02-28.10:18:16::SCWBDomain::make[2]: Leaving directory 'C:/Users/oparker/workspace/TPG/zynq_fsbl/zynq_fsbl_bsp/ps7_cortexa9_0/libsrc/xilrsa_v1_6/src'

TRACE::2025-02-28.10:18:16::SCWBDomain::"Running Make libs in ps7_cortexa9_0/libsrc/axivdma_v6_7/src"

TRACE::2025-02-28.10:18:16::SCWBDomain::make -C ps7_cortexa9_0/libsrc/axivdma_v6_7/src -s libs  "SHELL=CMD" "COMPILER=arm-none-eabi-gcc" "ASSEMBLER=arm-none-eabi-as" "
TRACE::2025-02-28.10:18:16::SCWBDomain::ARCHIVER=arm-none-eabi-ar" "COMPILER_FLAGS=  -O2 -c" "EXTRA_COMPILER_FLAGS=-mcpu=cortex-a9 -mfpu=vfpv3 -mfloat-abi=hard -nostar
TRACE::2025-02-28.10:18:16::SCWBDomain::tfiles -g -Wall -Wextra"

TRACE::2025-02-28.10:18:16::SCWBDomain::make[2]: Entering directory 'C:/Users/oparker/workspace/TPG/zynq_fsbl/zynq_fsbl_bsp/ps7_cortexa9_0/libsrc/axivdma_v6_7/src'

TRACE::2025-02-28.10:18:16::SCWBDomain::"Compiling axivdma"

TRACE::2025-02-28.10:18:17::SCWBDomain::make[2]: Leaving directory 'C:/Users/oparker/workspace/TPG/zynq_fsbl/zynq_fsbl_bsp/ps7_cortexa9_0/libsrc/axivdma_v6_7/src'

TRACE::2025-02-28.10:18:17::SCWBDomain::"Running Make libs in ps7_cortexa9_0/libsrc/coresightps_dcc_v1_7/src"

TRACE::2025-02-28.10:18:17::SCWBDomain::make -C ps7_cortexa9_0/libsrc/coresightps_dcc_v1_7/src -s libs  "SHELL=CMD" "COMPILER=arm-none-eabi-gcc" "ASSEMBLER=arm-none-ea
TRACE::2025-02-28.10:18:17::SCWBDomain::bi-as" "ARCHIVER=arm-none-eabi-ar" "COMPILER_FLAGS=  -O2 -c" "EXTRA_COMPILER_FLAGS=-mcpu=cortex-a9 -mfpu=vfpv3 -mfloat-abi=hard
TRACE::2025-02-28.10:18:17::SCWBDomain:: -nostartfiles -g -Wall -Wextra"

TRACE::2025-02-28.10:18:17::SCWBDomain::make[2]: Entering directory 'C:/Users/oparker/workspace/TPG/zynq_fsbl/zynq_fsbl_bsp/ps7_cortexa9_0/libsrc/coresightps_dcc_v1_7/
TRACE::2025-02-28.10:18:17::SCWBDomain::src'

TRACE::2025-02-28.10:18:17::SCWBDomain::"Compiling coresightps_dcc"

TRACE::2025-02-28.10:18:17::SCWBDomain::make[2]: Leaving directory 'C:/Users/oparker/workspace/TPG/zynq_fsbl/zynq_fsbl_bsp/ps7_cortexa9_0/libsrc/coresightps_dcc_v1_7/s
TRACE::2025-02-28.10:18:17::SCWBDomain::rc'

TRACE::2025-02-28.10:18:17::SCWBDomain::"Running Make libs in ps7_cortexa9_0/libsrc/cpu_cortexa9_v2_9/src"

TRACE::2025-02-28.10:18:17::SCWBDomain::make -C ps7_cortexa9_0/libsrc/cpu_cortexa9_v2_9/src -s libs  "SHELL=CMD" "COMPILER=arm-none-eabi-gcc" "ASSEMBLER=arm-none-eabi-
TRACE::2025-02-28.10:18:17::SCWBDomain::as" "ARCHIVER=arm-none-eabi-ar" "COMPILER_FLAGS=  -O2 -c" "EXTRA_COMPILER_FLAGS=-mcpu=cortex-a9 -mfpu=vfpv3 -mfloat-abi=hard -n
TRACE::2025-02-28.10:18:17::SCWBDomain::ostartfiles -g -Wall -Wextra"

TRACE::2025-02-28.10:18:17::SCWBDomain::make[2]: Entering directory 'C:/Users/oparker/workspace/TPG/zynq_fsbl/zynq_fsbl_bsp/ps7_cortexa9_0/libsrc/cpu_cortexa9_v2_9/src
TRACE::2025-02-28.10:18:17::SCWBDomain::'

TRACE::2025-02-28.10:18:17::SCWBDomain::"Compiling cpu_cortexa9"

TRACE::2025-02-28.10:18:17::SCWBDomain::make[2]: Leaving directory 'C:/Users/oparker/workspace/TPG/zynq_fsbl/zynq_fsbl_bsp/ps7_cortexa9_0/libsrc/cpu_cortexa9_v2_9/src'
TRACE::2025-02-28.10:18:17::SCWBDomain::

TRACE::2025-02-28.10:18:17::SCWBDomain::"Running Make libs in ps7_cortexa9_0/libsrc/ddrps_v1_1/src"

TRACE::2025-02-28.10:18:17::SCWBDomain::make -C ps7_cortexa9_0/libsrc/ddrps_v1_1/src -s libs  "SHELL=CMD" "COMPILER=arm-none-eabi-gcc" "ASSEMBLER=arm-none-eabi-as" "AR
TRACE::2025-02-28.10:18:17::SCWBDomain::CHIVER=arm-none-eabi-ar" "COMPILER_FLAGS=  -O2 -c" "EXTRA_COMPILER_FLAGS=-mcpu=cortex-a9 -mfpu=vfpv3 -mfloat-abi=hard -nostartf
TRACE::2025-02-28.10:18:17::SCWBDomain::iles -g -Wall -Wextra"

TRACE::2025-02-28.10:18:17::SCWBDomain::make[2]: Entering directory 'C:/Users/oparker/workspace/TPG/zynq_fsbl/zynq_fsbl_bsp/ps7_cortexa9_0/libsrc/ddrps_v1_1/src'

TRACE::2025-02-28.10:18:17::SCWBDomain::"Compiling ddrps"

TRACE::2025-02-28.10:18:17::SCWBDomain::make[2]: Leaving directory 'C:/Users/oparker/workspace/TPG/zynq_fsbl/zynq_fsbl_bsp/ps7_cortexa9_0/libsrc/ddrps_v1_1/src'

TRACE::2025-02-28.10:18:17::SCWBDomain::"Running Make libs in ps7_cortexa9_0/libsrc/devcfg_v3_6/src"

TRACE::2025-02-28.10:18:17::SCWBDomain::make -C ps7_cortexa9_0/libsrc/devcfg_v3_6/src -s libs  "SHELL=CMD" "COMPILER=arm-none-eabi-gcc" "ASSEMBLER=arm-none-eabi-as" "A
TRACE::2025-02-28.10:18:17::SCWBDomain::RCHIVER=arm-none-eabi-ar" "COMPILER_FLAGS=  -O2 -c" "EXTRA_COMPILER_FLAGS=-mcpu=cortex-a9 -mfpu=vfpv3 -mfloat-abi=hard -nostart
TRACE::2025-02-28.10:18:17::SCWBDomain::files -g -Wall -Wextra"

TRACE::2025-02-28.10:18:17::SCWBDomain::make[2]: Entering directory 'C:/Users/oparker/workspace/TPG/zynq_fsbl/zynq_fsbl_bsp/ps7_cortexa9_0/libsrc/devcfg_v3_6/src'

TRACE::2025-02-28.10:18:17::SCWBDomain::"Compiling devcfg"

TRACE::2025-02-28.10:18:18::SCWBDomain::make[2]: Leaving directory 'C:/Users/oparker/workspace/TPG/zynq_fsbl/zynq_fsbl_bsp/ps7_cortexa9_0/libsrc/devcfg_v3_6/src'

TRACE::2025-02-28.10:18:18::SCWBDomain::"Running Make libs in ps7_cortexa9_0/libsrc/dmaps_v2_6/src"

TRACE::2025-02-28.10:18:18::SCWBDomain::make -C ps7_cortexa9_0/libsrc/dmaps_v2_6/src -s libs  "SHELL=CMD" "COMPILER=arm-none-eabi-gcc" "ASSEMBLER=arm-none-eabi-as" "AR
TRACE::2025-02-28.10:18:18::SCWBDomain::CHIVER=arm-none-eabi-ar" "COMPILER_FLAGS=  -O2 -c" "EXTRA_COMPILER_FLAGS=-mcpu=cortex-a9 -mfpu=vfpv3 -mfloat-abi=hard -nostartf
TRACE::2025-02-28.10:18:18::SCWBDomain::iles -g -Wall -Wextra"

TRACE::2025-02-28.10:18:18::SCWBDomain::make[2]: Entering directory 'C:/Users/oparker/workspace/TPG/zynq_fsbl/zynq_fsbl_bsp/ps7_cortexa9_0/libsrc/dmaps_v2_6/src'

TRACE::2025-02-28.10:18:18::SCWBDomain::"Compiling dmaps"

TRACE::2025-02-28.10:18:18::SCWBDomain::make[2]: Leaving directory 'C:/Users/oparker/workspace/TPG/zynq_fsbl/zynq_fsbl_bsp/ps7_cortexa9_0/libsrc/dmaps_v2_6/src'

TRACE::2025-02-28.10:18:18::SCWBDomain::"Running Make libs in ps7_cortexa9_0/libsrc/emacps_v3_11/src"

TRACE::2025-02-28.10:18:18::SCWBDomain::make -C ps7_cortexa9_0/libsrc/emacps_v3_11/src -s libs  "SHELL=CMD" "COMPILER=arm-none-eabi-gcc" "ASSEMBLER=arm-none-eabi-as" "
TRACE::2025-02-28.10:18:18::SCWBDomain::ARCHIVER=arm-none-eabi-ar" "COMPILER_FLAGS=  -O2 -c" "EXTRA_COMPILER_FLAGS=-mcpu=cortex-a9 -mfpu=vfpv3 -mfloat-abi=hard -nostar
TRACE::2025-02-28.10:18:18::SCWBDomain::tfiles -g -Wall -Wextra"

TRACE::2025-02-28.10:18:18::SCWBDomain::make[2]: Entering directory 'C:/Users/oparker/workspace/TPG/zynq_fsbl/zynq_fsbl_bsp/ps7_cortexa9_0/libsrc/emacps_v3_11/src'

TRACE::2025-02-28.10:18:18::SCWBDomain::"Compiling emacps"

TRACE::2025-02-28.10:18:19::SCWBDomain::make[2]: Leaving directory 'C:/Users/oparker/workspace/TPG/zynq_fsbl/zynq_fsbl_bsp/ps7_cortexa9_0/libsrc/emacps_v3_11/src'

TRACE::2025-02-28.10:18:19::SCWBDomain::"Running Make libs in ps7_cortexa9_0/libsrc/gpiops_v3_7/src"

TRACE::2025-02-28.10:18:19::SCWBDomain::make -C ps7_cortexa9_0/libsrc/gpiops_v3_7/src -s libs  "SHELL=CMD" "COMPILER=arm-none-eabi-gcc" "ASSEMBLER=arm-none-eabi-as" "A
TRACE::2025-02-28.10:18:19::SCWBDomain::RCHIVER=arm-none-eabi-ar" "COMPILER_FLAGS=  -O2 -c" "EXTRA_COMPILER_FLAGS=-mcpu=cortex-a9 -mfpu=vfpv3 -mfloat-abi=hard -nostart
TRACE::2025-02-28.10:18:19::SCWBDomain::files -g -Wall -Wextra"

TRACE::2025-02-28.10:18:19::SCWBDomain::make[2]: Entering directory 'C:/Users/oparker/workspace/TPG/zynq_fsbl/zynq_fsbl_bsp/ps7_cortexa9_0/libsrc/gpiops_v3_7/src'

TRACE::2025-02-28.10:18:19::SCWBDomain::"Compiling gpiops"

TRACE::2025-02-28.10:18:20::SCWBDomain::make[2]: Leaving directory 'C:/Users/oparker/workspace/TPG/zynq_fsbl/zynq_fsbl_bsp/ps7_cortexa9_0/libsrc/gpiops_v3_7/src'

TRACE::2025-02-28.10:18:20::SCWBDomain::"Running Make libs in ps7_cortexa9_0/libsrc/iic_v3_6/src"

TRACE::2025-02-28.10:18:20::SCWBDomain::make -C ps7_cortexa9_0/libsrc/iic_v3_6/src -s libs  "SHELL=CMD" "COMPILER=arm-none-eabi-gcc" "ASSEMBLER=arm-none-eabi-as" "ARCH
TRACE::2025-02-28.10:18:20::SCWBDomain::IVER=arm-none-eabi-ar" "COMPILER_FLAGS=  -O2 -c" "EXTRA_COMPILER_FLAGS=-mcpu=cortex-a9 -mfpu=vfpv3 -mfloat-abi=hard -nostartfil
TRACE::2025-02-28.10:18:20::SCWBDomain::es -g -Wall -Wextra"

TRACE::2025-02-28.10:18:20::SCWBDomain::make[2]: Entering directory 'C:/Users/oparker/workspace/TPG/zynq_fsbl/zynq_fsbl_bsp/ps7_cortexa9_0/libsrc/iic_v3_6/src'

TRACE::2025-02-28.10:18:20::SCWBDomain::"Compiling iic"

TRACE::2025-02-28.10:18:21::SCWBDomain::make[2]: Leaving directory 'C:/Users/oparker/workspace/TPG/zynq_fsbl/zynq_fsbl_bsp/ps7_cortexa9_0/libsrc/iic_v3_6/src'

TRACE::2025-02-28.10:18:21::SCWBDomain::"Running Make libs in ps7_cortexa9_0/libsrc/qspips_v3_7/src"

TRACE::2025-02-28.10:18:21::SCWBDomain::make -C ps7_cortexa9_0/libsrc/qspips_v3_7/src -s libs  "SHELL=CMD" "COMPILER=arm-none-eabi-gcc" "ASSEMBLER=arm-none-eabi-as" "A
TRACE::2025-02-28.10:18:21::SCWBDomain::RCHIVER=arm-none-eabi-ar" "COMPILER_FLAGS=  -O2 -c" "EXTRA_COMPILER_FLAGS=-mcpu=cortex-a9 -mfpu=vfpv3 -mfloat-abi=hard -nostart
TRACE::2025-02-28.10:18:21::SCWBDomain::files -g -Wall -Wextra"

TRACE::2025-02-28.10:18:21::SCWBDomain::make[2]: Entering directory 'C:/Users/oparker/workspace/TPG/zynq_fsbl/zynq_fsbl_bsp/ps7_cortexa9_0/libsrc/qspips_v3_7/src'

TRACE::2025-02-28.10:18:21::SCWBDomain::"Compiling qspips"

TRACE::2025-02-28.10:18:21::SCWBDomain::make[2]: Leaving directory 'C:/Users/oparker/workspace/TPG/zynq_fsbl/zynq_fsbl_bsp/ps7_cortexa9_0/libsrc/qspips_v3_7/src'

TRACE::2025-02-28.10:18:21::SCWBDomain::"Running Make libs in ps7_cortexa9_0/libsrc/scugic_v4_2/src"

TRACE::2025-02-28.10:18:21::SCWBDomain::make -C ps7_cortexa9_0/libsrc/scugic_v4_2/src -s libs  "SHELL=CMD" "COMPILER=arm-none-eabi-gcc" "ASSEMBLER=arm-none-eabi-as" "A
TRACE::2025-02-28.10:18:21::SCWBDomain::RCHIVER=arm-none-eabi-ar" "COMPILER_FLAGS=  -O2 -c" "EXTRA_COMPILER_FLAGS=-mcpu=cortex-a9 -mfpu=vfpv3 -mfloat-abi=hard -nostart
TRACE::2025-02-28.10:18:21::SCWBDomain::files -g -Wall -Wextra"

TRACE::2025-02-28.10:18:21::SCWBDomain::make[2]: Entering directory 'C:/Users/oparker/workspace/TPG/zynq_fsbl/zynq_fsbl_bsp/ps7_cortexa9_0/libsrc/scugic_v4_2/src'

TRACE::2025-02-28.10:18:21::SCWBDomain::"Compiling scugic"

TRACE::2025-02-28.10:18:22::SCWBDomain::make[2]: Leaving directory 'C:/Users/oparker/workspace/TPG/zynq_fsbl/zynq_fsbl_bsp/ps7_cortexa9_0/libsrc/scugic_v4_2/src'

TRACE::2025-02-28.10:18:22::SCWBDomain::"Running Make libs in ps7_cortexa9_0/libsrc/scutimer_v2_2/src"

TRACE::2025-02-28.10:18:22::SCWBDomain::make -C ps7_cortexa9_0/libsrc/scutimer_v2_2/src -s libs  "SHELL=CMD" "COMPILER=arm-none-eabi-gcc" "ASSEMBLER=arm-none-eabi-as" 
TRACE::2025-02-28.10:18:22::SCWBDomain::"ARCHIVER=arm-none-eabi-ar" "COMPILER_FLAGS=  -O2 -c" "EXTRA_COMPILER_FLAGS=-mcpu=cortex-a9 -mfpu=vfpv3 -mfloat-abi=hard -nosta
TRACE::2025-02-28.10:18:22::SCWBDomain::rtfiles -g -Wall -Wextra"

TRACE::2025-02-28.10:18:22::SCWBDomain::make[2]: Entering directory 'C:/Users/oparker/workspace/TPG/zynq_fsbl/zynq_fsbl_bsp/ps7_cortexa9_0/libsrc/scutimer_v2_2/src'

TRACE::2025-02-28.10:18:22::SCWBDomain::"Compiling scutimer"

TRACE::2025-02-28.10:18:22::SCWBDomain::make[2]: Leaving directory 'C:/Users/oparker/workspace/TPG/zynq_fsbl/zynq_fsbl_bsp/ps7_cortexa9_0/libsrc/scutimer_v2_2/src'

TRACE::2025-02-28.10:18:22::SCWBDomain::"Running Make libs in ps7_cortexa9_0/libsrc/scuwdt_v2_2/src"

TRACE::2025-02-28.10:18:22::SCWBDomain::make -C ps7_cortexa9_0/libsrc/scuwdt_v2_2/src -s libs  "SHELL=CMD" "COMPILER=arm-none-eabi-gcc" "ASSEMBLER=arm-none-eabi-as" "A
TRACE::2025-02-28.10:18:22::SCWBDomain::RCHIVER=arm-none-eabi-ar" "COMPILER_FLAGS=  -O2 -c" "EXTRA_COMPILER_FLAGS=-mcpu=cortex-a9 -mfpu=vfpv3 -mfloat-abi=hard -nostart
TRACE::2025-02-28.10:18:22::SCWBDomain::files -g -Wall -Wextra"

TRACE::2025-02-28.10:18:22::SCWBDomain::make[2]: Entering directory 'C:/Users/oparker/workspace/TPG/zynq_fsbl/zynq_fsbl_bsp/ps7_cortexa9_0/libsrc/scuwdt_v2_2/src'

TRACE::2025-02-28.10:18:22::SCWBDomain::"Compiling scuwdt"

TRACE::2025-02-28.10:18:22::SCWBDomain::make[2]: Leaving directory 'C:/Users/oparker/workspace/TPG/zynq_fsbl/zynq_fsbl_bsp/ps7_cortexa9_0/libsrc/scuwdt_v2_2/src'

TRACE::2025-02-28.10:18:22::SCWBDomain::"Running Make libs in ps7_cortexa9_0/libsrc/sdps_v3_9/src"

TRACE::2025-02-28.10:18:22::SCWBDomain::make -C ps7_cortexa9_0/libsrc/sdps_v3_9/src -s libs  "SHELL=CMD" "COMPILER=arm-none-eabi-gcc" "ASSEMBLER=arm-none-eabi-as" "ARC
TRACE::2025-02-28.10:18:22::SCWBDomain::HIVER=arm-none-eabi-ar" "COMPILER_FLAGS=  -O2 -c" "EXTRA_COMPILER_FLAGS=-mcpu=cortex-a9 -mfpu=vfpv3 -mfloat-abi=hard -nostartfi
TRACE::2025-02-28.10:18:22::SCWBDomain::les -g -Wall -Wextra"

TRACE::2025-02-28.10:18:22::SCWBDomain::make[2]: Entering directory 'C:/Users/oparker/workspace/TPG/zynq_fsbl/zynq_fsbl_bsp/ps7_cortexa9_0/libsrc/sdps_v3_9/src'

TRACE::2025-02-28.10:18:22::SCWBDomain::"Compiling sdps"

TRACE::2025-02-28.10:18:23::SCWBDomain::make[2]: Leaving directory 'C:/Users/oparker/workspace/TPG/zynq_fsbl/zynq_fsbl_bsp/ps7_cortexa9_0/libsrc/sdps_v3_9/src'

TRACE::2025-02-28.10:18:23::SCWBDomain::"Running Make libs in ps7_cortexa9_0/libsrc/standalone_v7_2/src"

TRACE::2025-02-28.10:18:23::SCWBDomain::make -C ps7_cortexa9_0/libsrc/standalone_v7_2/src -s libs  "SHELL=CMD" "COMPILER=arm-none-eabi-gcc" "ASSEMBLER=arm-none-eabi-as
TRACE::2025-02-28.10:18:23::SCWBDomain::" "ARCHIVER=arm-none-eabi-ar" "COMPILER_FLAGS=  -O2 -c" "EXTRA_COMPILER_FLAGS=-mcpu=cortex-a9 -mfpu=vfpv3 -mfloat-abi=hard -nos
TRACE::2025-02-28.10:18:23::SCWBDomain::tartfiles -g -Wall -Wextra"

TRACE::2025-02-28.10:18:23::SCWBDomain::make[2]: Entering directory 'C:/Users/oparker/workspace/TPG/zynq_fsbl/zynq_fsbl_bsp/ps7_cortexa9_0/libsrc/standalone_v7_2/src'

TRACE::2025-02-28.10:18:23::SCWBDomain::"Compiling standalone"

TRACE::2025-02-28.10:18:25::SCWBDomain::make[3]: Entering directory 'C:/Users/oparker/workspace/TPG/zynq_fsbl/zynq_fsbl_bsp/ps7_cortexa9_0/libsrc/standalone_v7_2/src/p
TRACE::2025-02-28.10:18:25::SCWBDomain::rofile'

TRACE::2025-02-28.10:18:25::SCWBDomain::make[3]: Leaving directory 'C:/Users/oparker/workspace/TPG/zynq_fsbl/zynq_fsbl_bsp/ps7_cortexa9_0/libsrc/standalone_v7_2/src/pr
TRACE::2025-02-28.10:18:25::SCWBDomain::ofile'

TRACE::2025-02-28.10:18:25::SCWBDomain::make[2]: Leaving directory 'C:/Users/oparker/workspace/TPG/zynq_fsbl/zynq_fsbl_bsp/ps7_cortexa9_0/libsrc/standalone_v7_2/src'

TRACE::2025-02-28.10:18:25::SCWBDomain::"Running Make libs in ps7_cortexa9_0/libsrc/ttcps_v3_11/src"

TRACE::2025-02-28.10:18:25::SCWBDomain::make -C ps7_cortexa9_0/libsrc/ttcps_v3_11/src -s libs  "SHELL=CMD" "COMPILER=arm-none-eabi-gcc" "ASSEMBLER=arm-none-eabi-as" "A
TRACE::2025-02-28.10:18:25::SCWBDomain::RCHIVER=arm-none-eabi-ar" "COMPILER_FLAGS=  -O2 -c" "EXTRA_COMPILER_FLAGS=-mcpu=cortex-a9 -mfpu=vfpv3 -mfloat-abi=hard -nostart
TRACE::2025-02-28.10:18:25::SCWBDomain::files -g -Wall -Wextra"

TRACE::2025-02-28.10:18:25::SCWBDomain::make[2]: Entering directory 'C:/Users/oparker/workspace/TPG/zynq_fsbl/zynq_fsbl_bsp/ps7_cortexa9_0/libsrc/ttcps_v3_11/src'

TRACE::2025-02-28.10:18:25::SCWBDomain::"Compiling ttcps"

TRACE::2025-02-28.10:18:25::SCWBDomain::make[2]: Leaving directory 'C:/Users/oparker/workspace/TPG/zynq_fsbl/zynq_fsbl_bsp/ps7_cortexa9_0/libsrc/ttcps_v3_11/src'

TRACE::2025-02-28.10:18:25::SCWBDomain::"Running Make libs in ps7_cortexa9_0/libsrc/uartps_v3_9/src"

TRACE::2025-02-28.10:18:25::SCWBDomain::make -C ps7_cortexa9_0/libsrc/uartps_v3_9/src -s libs  "SHELL=CMD" "COMPILER=arm-none-eabi-gcc" "ASSEMBLER=arm-none-eabi-as" "A
TRACE::2025-02-28.10:18:25::SCWBDomain::RCHIVER=arm-none-eabi-ar" "COMPILER_FLAGS=  -O2 -c" "EXTRA_COMPILER_FLAGS=-mcpu=cortex-a9 -mfpu=vfpv3 -mfloat-abi=hard -nostart
TRACE::2025-02-28.10:18:25::SCWBDomain::files -g -Wall -Wextra"

TRACE::2025-02-28.10:18:25::SCWBDomain::make[2]: Entering directory 'C:/Users/oparker/workspace/TPG/zynq_fsbl/zynq_fsbl_bsp/ps7_cortexa9_0/libsrc/uartps_v3_9/src'

TRACE::2025-02-28.10:18:25::SCWBDomain::"Compiling uartps"

TRACE::2025-02-28.10:18:26::SCWBDomain::make[2]: Leaving directory 'C:/Users/oparker/workspace/TPG/zynq_fsbl/zynq_fsbl_bsp/ps7_cortexa9_0/libsrc/uartps_v3_9/src'

TRACE::2025-02-28.10:18:26::SCWBDomain::"Running Make libs in ps7_cortexa9_0/libsrc/usbps_v2_5/src"

TRACE::2025-02-28.10:18:26::SCWBDomain::make -C ps7_cortexa9_0/libsrc/usbps_v2_5/src -s libs  "SHELL=CMD" "COMPILER=arm-none-eabi-gcc" "ASSEMBLER=arm-none-eabi-as" "AR
TRACE::2025-02-28.10:18:26::SCWBDomain::CHIVER=arm-none-eabi-ar" "COMPILER_FLAGS=  -O2 -c" "EXTRA_COMPILER_FLAGS=-mcpu=cortex-a9 -mfpu=vfpv3 -mfloat-abi=hard -nostartf
TRACE::2025-02-28.10:18:26::SCWBDomain::iles -g -Wall -Wextra"

TRACE::2025-02-28.10:18:26::SCWBDomain::make[2]: Entering directory 'C:/Users/oparker/workspace/TPG/zynq_fsbl/zynq_fsbl_bsp/ps7_cortexa9_0/libsrc/usbps_v2_5/src'

TRACE::2025-02-28.10:18:26::SCWBDomain::"Compiling usbps"

TRACE::2025-02-28.10:18:27::SCWBDomain::make[2]: Leaving directory 'C:/Users/oparker/workspace/TPG/zynq_fsbl/zynq_fsbl_bsp/ps7_cortexa9_0/libsrc/usbps_v2_5/src'

TRACE::2025-02-28.10:18:27::SCWBDomain::"Running Make libs in ps7_cortexa9_0/libsrc/vtc_v8_2/src"

TRACE::2025-02-28.10:18:27::SCWBDomain::make -C ps7_cortexa9_0/libsrc/vtc_v8_2/src -s libs  "SHELL=CMD" "COMPILER=arm-none-eabi-gcc" "ASSEMBLER=arm-none-eabi-as" "ARCH
TRACE::2025-02-28.10:18:27::SCWBDomain::IVER=arm-none-eabi-ar" "COMPILER_FLAGS=  -O2 -c" "EXTRA_COMPILER_FLAGS=-mcpu=cortex-a9 -mfpu=vfpv3 -mfloat-abi=hard -nostartfil
TRACE::2025-02-28.10:18:27::SCWBDomain::es -g -Wall -Wextra"

TRACE::2025-02-28.10:18:27::SCWBDomain::make[2]: Entering directory 'C:/Users/oparker/workspace/TPG/zynq_fsbl/zynq_fsbl_bsp/ps7_cortexa9_0/libsrc/vtc_v8_2/src'

TRACE::2025-02-28.10:18:27::SCWBDomain::"Compiling video timing controller"

TRACE::2025-02-28.10:18:27::SCWBDomain::make[3]: Entering directory 'C:/Users/oparker/workspace/TPG/zynq_fsbl/zynq_fsbl_bsp/ps7_cortexa9_0/libsrc/vtc_v8_2/src'

TRACE::2025-02-28.10:18:27::SCWBDomain::make[3]: Leaving directory 'C:/Users/oparker/workspace/TPG/zynq_fsbl/zynq_fsbl_bsp/ps7_cortexa9_0/libsrc/vtc_v8_2/src'

TRACE::2025-02-28.10:18:27::SCWBDomain::make[2]: Leaving directory 'C:/Users/oparker/workspace/TPG/zynq_fsbl/zynq_fsbl_bsp/ps7_cortexa9_0/libsrc/vtc_v8_2/src'

TRACE::2025-02-28.10:18:27::SCWBDomain::"Running Make libs in ps7_cortexa9_0/libsrc/xadcps_v2_4/src"

TRACE::2025-02-28.10:18:27::SCWBDomain::make -C ps7_cortexa9_0/libsrc/xadcps_v2_4/src -s libs  "SHELL=CMD" "COMPILER=arm-none-eabi-gcc" "ASSEMBLER=arm-none-eabi-as" "A
TRACE::2025-02-28.10:18:27::SCWBDomain::RCHIVER=arm-none-eabi-ar" "COMPILER_FLAGS=  -O2 -c" "EXTRA_COMPILER_FLAGS=-mcpu=cortex-a9 -mfpu=vfpv3 -mfloat-abi=hard -nostart
TRACE::2025-02-28.10:18:27::SCWBDomain::files -g -Wall -Wextra"

TRACE::2025-02-28.10:18:27::SCWBDomain::make[2]: Entering directory 'C:/Users/oparker/workspace/TPG/zynq_fsbl/zynq_fsbl_bsp/ps7_cortexa9_0/libsrc/xadcps_v2_4/src'

TRACE::2025-02-28.10:18:27::SCWBDomain::"Compiling xadcps"

TRACE::2025-02-28.10:18:28::SCWBDomain::make[2]: Leaving directory 'C:/Users/oparker/workspace/TPG/zynq_fsbl/zynq_fsbl_bsp/ps7_cortexa9_0/libsrc/xadcps_v2_4/src'

TRACE::2025-02-28.10:18:28::SCWBDomain::"Running Make libs in ps7_cortexa9_0/libsrc/xilffs_v4_3/src"

TRACE::2025-02-28.10:18:28::SCWBDomain::make -C ps7_cortexa9_0/libsrc/xilffs_v4_3/src -s libs  "SHELL=CMD" "COMPILER=arm-none-eabi-gcc" "ASSEMBLER=arm-none-eabi-as" "A
TRACE::2025-02-28.10:18:28::SCWBDomain::RCHIVER=arm-none-eabi-ar" "COMPILER_FLAGS=  -O2 -c" "EXTRA_COMPILER_FLAGS=-mcpu=cortex-a9 -mfpu=vfpv3 -mfloat-abi=hard -nostart
TRACE::2025-02-28.10:18:28::SCWBDomain::files -g -Wall -Wextra"

TRACE::2025-02-28.10:18:28::SCWBDomain::make[2]: Entering directory 'C:/Users/oparker/workspace/TPG/zynq_fsbl/zynq_fsbl_bsp/ps7_cortexa9_0/libsrc/xilffs_v4_3/src'

TRACE::2025-02-28.10:18:28::SCWBDomain::"Compiling XilFFs Library"

TRACE::2025-02-28.10:18:28::SCWBDomain::make[2]: Leaving directory 'C:/Users/oparker/workspace/TPG/zynq_fsbl/zynq_fsbl_bsp/ps7_cortexa9_0/libsrc/xilffs_v4_3/src'

TRACE::2025-02-28.10:18:28::SCWBDomain::"Running Make libs in ps7_cortexa9_0/libsrc/xilrsa_v1_6/src"

TRACE::2025-02-28.10:18:28::SCWBDomain::make -C ps7_cortexa9_0/libsrc/xilrsa_v1_6/src -s libs  "SHELL=CMD" "COMPILER=arm-none-eabi-gcc" "ASSEMBLER=arm-none-eabi-as" "A
TRACE::2025-02-28.10:18:28::SCWBDomain::RCHIVER=arm-none-eabi-ar" "COMPILER_FLAGS=  -O2 -c" "EXTRA_COMPILER_FLAGS=-mcpu=cortex-a9 -mfpu=vfpv3 -mfloat-abi=hard -nostart
TRACE::2025-02-28.10:18:28::SCWBDomain::files -g -Wall -Wextra"

TRACE::2025-02-28.10:18:28::SCWBDomain::make[2]: Entering directory 'C:/Users/oparker/workspace/TPG/zynq_fsbl/zynq_fsbl_bsp/ps7_cortexa9_0/libsrc/xilrsa_v1_6/src'

TRACE::2025-02-28.10:18:28::SCWBDomain::make[2]: Leaving directory 'C:/Users/oparker/workspace/TPG/zynq_fsbl/zynq_fsbl_bsp/ps7_cortexa9_0/libsrc/xilrsa_v1_6/src'

TRACE::2025-02-28.10:18:29::SCWBDomain::'Finished building libraries'

TRACE::2025-02-28.10:18:29::SCWBDomain::make[1]: Leaving directory 'C:/Users/oparker/workspace/TPG/zynq_fsbl/zynq_fsbl_bsp'

TRACE::2025-02-28.10:18:29::SCWBDomain::arm-none-eabi-gcc -MMD -MP       -mcpu=cortex-a9 -mfpu=vfpv3 -mfloat-abi=hard   -O2 -c -c sd.c -o sd.o -Izynq_fsbl_bsp/ps7_cort
TRACE::2025-02-28.10:18:29::SCWBDomain::exa9_0/include -I.

TRACE::2025-02-28.10:18:29::SCWBDomain::arm-none-eabi-gcc -MMD -MP       -mcpu=cortex-a9 -mfpu=vfpv3 -mfloat-abi=hard   -O2 -c -c nand.c -o nand.o -Izynq_fsbl_bsp/ps7_
TRACE::2025-02-28.10:18:29::SCWBDomain::cortexa9_0/include -I.

TRACE::2025-02-28.10:18:29::SCWBDomain::arm-none-eabi-gcc -MMD -MP       -mcpu=cortex-a9 -mfpu=vfpv3 -mfloat-abi=hard   -O2 -c -c image_mover.c -o image_mover.o -Izynq
TRACE::2025-02-28.10:18:29::SCWBDomain::_fsbl_bsp/ps7_cortexa9_0/include -I.

TRACE::2025-02-28.10:18:29::SCWBDomain::arm-none-eabi-gcc -MMD -MP       -mcpu=cortex-a9 -mfpu=vfpv3 -mfloat-abi=hard   -O2 -c -c md5.c -o md5.o -Izynq_fsbl_bsp/ps7_co
TRACE::2025-02-28.10:18:29::SCWBDomain::rtexa9_0/include -I.

TRACE::2025-02-28.10:18:29::SCWBDomain::arm-none-eabi-gcc -MMD -MP       -mcpu=cortex-a9 -mfpu=vfpv3 -mfloat-abi=hard   -O2 -c -c fsbl_hooks.c -o fsbl_hooks.o -Izynq_f
TRACE::2025-02-28.10:18:29::SCWBDomain::sbl_bsp/ps7_cortexa9_0/include -I.

TRACE::2025-02-28.10:18:29::SCWBDomain::arm-none-eabi-gcc -MMD -MP       -mcpu=cortex-a9 -mfpu=vfpv3 -mfloat-abi=hard   -O2 -c -c main.c -o main.o -Izynq_fsbl_bsp/ps7_
TRACE::2025-02-28.10:18:29::SCWBDomain::cortexa9_0/include -I.

TRACE::2025-02-28.10:18:29::SCWBDomain::arm-none-eabi-gcc -MMD -MP       -mcpu=cortex-a9 -mfpu=vfpv3 -mfloat-abi=hard   -O2 -c -c rsa.c -o rsa.o -Izynq_fsbl_bsp/ps7_co
TRACE::2025-02-28.10:18:29::SCWBDomain::rtexa9_0/include -I.

TRACE::2025-02-28.10:18:29::SCWBDomain::arm-none-eabi-gcc -MMD -MP       -mcpu=cortex-a9 -mfpu=vfpv3 -mfloat-abi=hard   -O2 -c -c nor.c -o nor.o -Izynq_fsbl_bsp/ps7_co
TRACE::2025-02-28.10:18:29::SCWBDomain::rtexa9_0/include -I.

TRACE::2025-02-28.10:18:29::SCWBDomain::arm-none-eabi-gcc -MMD -MP       -mcpu=cortex-a9 -mfpu=vfpv3 -mfloat-abi=hard   -O2 -c -c qspi.c -o qspi.o -Izynq_fsbl_bsp/ps7_
TRACE::2025-02-28.10:18:29::SCWBDomain::cortexa9_0/include -I.

TRACE::2025-02-28.10:18:29::SCWBDomain::arm-none-eabi-gcc -MMD -MP       -mcpu=cortex-a9 -mfpu=vfpv3 -mfloat-abi=hard   -O2 -c -c ps7_init.c -o ps7_init.o -Izynq_fsbl_
TRACE::2025-02-28.10:18:29::SCWBDomain::bsp/ps7_cortexa9_0/include -I.

TRACE::2025-02-28.10:18:29::SCWBDomain::arm-none-eabi-gcc -MMD -MP       -mcpu=cortex-a9 -mfpu=vfpv3 -mfloat-abi=hard   -O2 -c -c pcap.c -o pcap.o -Izynq_fsbl_bsp/ps7_
TRACE::2025-02-28.10:18:29::SCWBDomain::cortexa9_0/include -I.

TRACE::2025-02-28.10:18:29::SCWBDomain::arm-none-eabi-gcc -MMD -MP       -mcpu=cortex-a9 -mfpu=vfpv3 -mfloat-abi=hard   -O2 -c -c fsbl_handoff.S -o fsbl_handoff.o -Izy
TRACE::2025-02-28.10:18:29::SCWBDomain::nq_fsbl_bsp/ps7_cortexa9_0/include -I.

TRACE::2025-02-28.10:18:29::SCWBDomain::arm-none-eabi-gcc -o executable.elf  sd.o  nand.o  image_mover.o  md5.o  fsbl_hooks.o  main.o  rsa.o  nor.o  qspi.o  ps7_init.o
TRACE::2025-02-28.10:18:29::SCWBDomain::  pcap.o  fsbl_handoff.o -MMD -MP       -mcpu=cortex-a9 -mfpu=vfpv3 -mfloat-abi=hard   -mcpu=cortex-a9 -mfpu=vfpv3 -mfloat-abi=
TRACE::2025-02-28.10:18:29::SCWBDomain::hard -Wl,-build-id=none -specs=Xilinx.spec  -lrsa -Wl,--start-group,-lxil,-lgcc,-lc,--end-group -Wl,--start-group,-lxilffs,-lxi
TRACE::2025-02-28.10:18:29::SCWBDomain::l,-lgcc,-lc,--end-group -Wl,--start-group,-lrsa,-lxil,-lgcc,-lc,--end-group                                          -Wl,--gc-s
TRACE::2025-02-28.10:18:29::SCWBDomain::ections -Lzynq_fsbl_bsp/ps7_cortexa9_0/lib -L./ -Tlscript.ld

LOG::2025-02-28.10:18:29::SCWSystem::Checking the domain standalone_domain
LOG::2025-02-28.10:18:29::SCWSystem::Not a boot domain 
LOG::2025-02-28.10:18:29::SCWSystem::Started Processing the domain standalone_domain
TRACE::2025-02-28.10:18:29::SCWDomain::Generating domain artifcats
TRACE::2025-02-28.10:18:29::SCWMssOS::Generating standalone artifcats
TRACE::2025-02-28.10:18:29::SCWMssOS::Copying the qemu file from  C:/Xilinx/Vitis/2020.1/data/emulation/platforms/zynq/qemu/qemu_args.txt To C:/Users/oparker/workspace/TPG/export/TPG/sw/TPG/qemu/
TRACE::2025-02-28.10:18:29::SCWMssOS::Copying the qemu file from  C:/Xilinx/Vitis/2020.1/data/emulation/platforms/zynq/qemu/qemu_args.txt To C:/Users/oparker/workspace/TPG/export/TPG/sw/TPG/standalone_domain/qemu/
TRACE::2025-02-28.10:18:29::SCWMssOS:: Copying the user libraries. 
TRACE::2025-02-28.10:18:29::SCWPlatform::Trying to open the hw design at C:/Users/oparker/workspace/TPG/hw/design_1_wrapper.xsa
TRACE::2025-02-28.10:18:29::SCWPlatform::DSA given C:/Users/oparker/workspace/TPG/hw/design_1_wrapper.xsa
TRACE::2025-02-28.10:18:29::SCWPlatform::DSA absoulate path C:/Users/oparker/workspace/TPG/hw/design_1_wrapper.xsa
TRACE::2025-02-28.10:18:29::SCWPlatform::DSA directory C:/Users/oparker/workspace/TPG/hw
TRACE::2025-02-28.10:18:29::SCWPlatform:: Platform Path C:/Users/oparker/workspace/TPG/hw/design_1_wrapper.xsa
TRACE::2025-02-28.10:18:29::SCWPlatform:: Unique name xilinx:zed::0.0
TRACE::2025-02-28.10:18:29::SCWPlatform::Trying to set the existing hwdb with name design_1_wrapper_2
TRACE::2025-02-28.10:18:29::SCWPlatform::Opened existing hwdb design_1_wrapper_2
TRACE::2025-02-28.10:18:29::SCWPlatform::Found the Hw Db part of the input DSA
TRACE::2025-02-28.10:18:29::SCWMssOS::Checking the sw design at  C:/Users/oparker/workspace/TPG/ps7_cortexa9_0/standalone_domain/bsp/system.mss
TRACE::2025-02-28.10:18:29::SCWMssOS::DEBUG:  swdes dump  C:/Users/oparker/workspace/TPG/ps7_cortexa9_0/standalone_domain/bsp/system.mss|system_2||
C:/Users/oparker/workspace/TPG/zynq_fsbl/zynq_fsbl_bsp/system.mss|system||
C:/Users/oparker/workspace/design_1_wrapper/ps7_cortexa9_0/domain_ps7_cortexa9_0/bsp/system.mss|system_1||
C:/Users/oparker/workspace/design_1_wrapper/zynq_fsbl/zynq_fsbl_bsp/system.mss|system_0||

TRACE::2025-02-28.10:18:29::SCWMssOS::Sw design exists and opened at  C:/Users/oparker/workspace/TPG/ps7_cortexa9_0/standalone_domain/bsp/system.mss
TRACE::2025-02-28.10:18:29::SCWMssOS::Completed writing the mss file at C:/Users/oparker/workspace/TPG/ps7_cortexa9_0/standalone_domain/bsp
TRACE::2025-02-28.10:18:29::SCWMssOS::Mss edits present, copying mssfile into export location C:/Users/oparker/workspace/TPG/ps7_cortexa9_0/standalone_domain/bsp/system.mss
TRACE::2025-02-28.10:18:29::SCWMssOS::bsp generated is upto date with the mss file. Skipping bsp generation.
TRACE::2025-02-28.10:18:29::SCWMssOS::BSP is already built. skipping the bsp build ... 
TRACE::2025-02-28.10:18:29::SCWDomain::Building the domain as part of full build :  standalone_domain
TRACE::2025-02-28.10:18:29::SCWMssOS::doing bsp build ... 
TRACE::2025-02-28.10:18:29::SCWMssOS::System Command Ran  C: & cd  C:/Users/oparker/workspace/TPG/ps7_cortexa9_0/standalone_domain/bsp & make 
TRACE::2025-02-28.10:18:30::SCWMssOS::"Running Make include in ps7_cortexa9_0/libsrc/axivdma_v6_7/src"

TRACE::2025-02-28.10:18:30::SCWMssOS::make -C ps7_cortexa9_0/libsrc/axivdma_v6_7/src -s include  "SHELL=CMD" "COMPILER=arm-none-eabi-gcc" "ASSEMBLER=arm-none-eabi-as
TRACE::2025-02-28.10:18:30::SCWMssOS::" "ARCHIVER=arm-none-eabi-ar" "COMPILER_FLAGS=  -O2 -c" "EXTRA_COMPILER_FLAGS=-mcpu=cortex-a9 -mfpu=vfpv3 -mfloat-abi=hard -nos
TRACE::2025-02-28.10:18:30::SCWMssOS::tartfiles -g -Wall -Wextra"

TRACE::2025-02-28.10:18:30::SCWMssOS::"Running Make include in ps7_cortexa9_0/libsrc/coresightps_dcc_v1_7/src"

TRACE::2025-02-28.10:18:30::SCWMssOS::make -C ps7_cortexa9_0/libsrc/coresightps_dcc_v1_7/src -s include  "SHELL=CMD" "COMPILER=arm-none-eabi-gcc" "ASSEMBLER=arm-none
TRACE::2025-02-28.10:18:30::SCWMssOS::-eabi-as" "ARCHIVER=arm-none-eabi-ar" "COMPILER_FLAGS=  -O2 -c" "EXTRA_COMPILER_FLAGS=-mcpu=cortex-a9 -mfpu=vfpv3 -mfloat-abi=h
TRACE::2025-02-28.10:18:30::SCWMssOS::ard -nostartfiles -g -Wall -Wextra"

TRACE::2025-02-28.10:18:30::SCWMssOS::"Running Make include in ps7_cortexa9_0/libsrc/cpu_cortexa9_v2_9/src"

TRACE::2025-02-28.10:18:30::SCWMssOS::make -C ps7_cortexa9_0/libsrc/cpu_cortexa9_v2_9/src -s include  "SHELL=CMD" "COMPILER=arm-none-eabi-gcc" "ASSEMBLER=arm-none-ea
TRACE::2025-02-28.10:18:30::SCWMssOS::bi-as" "ARCHIVER=arm-none-eabi-ar" "COMPILER_FLAGS=  -O2 -c" "EXTRA_COMPILER_FLAGS=-mcpu=cortex-a9 -mfpu=vfpv3 -mfloat-abi=hard
TRACE::2025-02-28.10:18:30::SCWMssOS:: -nostartfiles -g -Wall -Wextra"

TRACE::2025-02-28.10:18:30::SCWMssOS::"Running Make include in ps7_cortexa9_0/libsrc/ddrps_v1_1/src"

TRACE::2025-02-28.10:18:30::SCWMssOS::make -C ps7_cortexa9_0/libsrc/ddrps_v1_1/src -s include  "SHELL=CMD" "COMPILER=arm-none-eabi-gcc" "ASSEMBLER=arm-none-eabi-as" 
TRACE::2025-02-28.10:18:30::SCWMssOS::"ARCHIVER=arm-none-eabi-ar" "COMPILER_FLAGS=  -O2 -c" "EXTRA_COMPILER_FLAGS=-mcpu=cortex-a9 -mfpu=vfpv3 -mfloat-abi=hard -nosta
TRACE::2025-02-28.10:18:30::SCWMssOS::rtfiles -g -Wall -Wextra"

TRACE::2025-02-28.10:18:30::SCWMssOS::"Running Make include in ps7_cortexa9_0/libsrc/devcfg_v3_6/src"

TRACE::2025-02-28.10:18:30::SCWMssOS::make -C ps7_cortexa9_0/libsrc/devcfg_v3_6/src -s include  "SHELL=CMD" "COMPILER=arm-none-eabi-gcc" "ASSEMBLER=arm-none-eabi-as"
TRACE::2025-02-28.10:18:30::SCWMssOS:: "ARCHIVER=arm-none-eabi-ar" "COMPILER_FLAGS=  -O2 -c" "EXTRA_COMPILER_FLAGS=-mcpu=cortex-a9 -mfpu=vfpv3 -mfloat-abi=hard -nost
TRACE::2025-02-28.10:18:30::SCWMssOS::artfiles -g -Wall -Wextra"

TRACE::2025-02-28.10:18:30::SCWMssOS::"Running Make include in ps7_cortexa9_0/libsrc/dmaps_v2_6/src"

TRACE::2025-02-28.10:18:30::SCWMssOS::make -C ps7_cortexa9_0/libsrc/dmaps_v2_6/src -s include  "SHELL=CMD" "COMPILER=arm-none-eabi-gcc" "ASSEMBLER=arm-none-eabi-as" 
TRACE::2025-02-28.10:18:30::SCWMssOS::"ARCHIVER=arm-none-eabi-ar" "COMPILER_FLAGS=  -O2 -c" "EXTRA_COMPILER_FLAGS=-mcpu=cortex-a9 -mfpu=vfpv3 -mfloat-abi=hard -nosta
TRACE::2025-02-28.10:18:30::SCWMssOS::rtfiles -g -Wall -Wextra"

TRACE::2025-02-28.10:18:30::SCWMssOS::"Running Make include in ps7_cortexa9_0/libsrc/emacps_v3_11/src"

TRACE::2025-02-28.10:18:30::SCWMssOS::make -C ps7_cortexa9_0/libsrc/emacps_v3_11/src -s include  "SHELL=CMD" "COMPILER=arm-none-eabi-gcc" "ASSEMBLER=arm-none-eabi-as
TRACE::2025-02-28.10:18:30::SCWMssOS::" "ARCHIVER=arm-none-eabi-ar" "COMPILER_FLAGS=  -O2 -c" "EXTRA_COMPILER_FLAGS=-mcpu=cortex-a9 -mfpu=vfpv3 -mfloat-abi=hard -nos
TRACE::2025-02-28.10:18:30::SCWMssOS::tartfiles -g -Wall -Wextra"

TRACE::2025-02-28.10:18:30::SCWMssOS::"Running Make include in ps7_cortexa9_0/libsrc/gpiops_v3_7/src"

TRACE::2025-02-28.10:18:30::SCWMssOS::make -C ps7_cortexa9_0/libsrc/gpiops_v3_7/src -s include  "SHELL=CMD" "COMPILER=arm-none-eabi-gcc" "ASSEMBLER=arm-none-eabi-as"
TRACE::2025-02-28.10:18:30::SCWMssOS:: "ARCHIVER=arm-none-eabi-ar" "COMPILER_FLAGS=  -O2 -c" "EXTRA_COMPILER_FLAGS=-mcpu=cortex-a9 -mfpu=vfpv3 -mfloat-abi=hard -nost
TRACE::2025-02-28.10:18:30::SCWMssOS::artfiles -g -Wall -Wextra"

TRACE::2025-02-28.10:18:30::SCWMssOS::"Running Make include in ps7_cortexa9_0/libsrc/iic_v3_6/src"

TRACE::2025-02-28.10:18:30::SCWMssOS::make -C ps7_cortexa9_0/libsrc/iic_v3_6/src -s include  "SHELL=CMD" "COMPILER=arm-none-eabi-gcc" "ASSEMBLER=arm-none-eabi-as" "A
TRACE::2025-02-28.10:18:30::SCWMssOS::RCHIVER=arm-none-eabi-ar" "COMPILER_FLAGS=  -O2 -c" "EXTRA_COMPILER_FLAGS=-mcpu=cortex-a9 -mfpu=vfpv3 -mfloat-abi=hard -nostart
TRACE::2025-02-28.10:18:30::SCWMssOS::files -g -Wall -Wextra"

TRACE::2025-02-28.10:18:30::SCWMssOS::"Running Make include in ps7_cortexa9_0/libsrc/qspips_v3_7/src"

TRACE::2025-02-28.10:18:30::SCWMssOS::make -C ps7_cortexa9_0/libsrc/qspips_v3_7/src -s include  "SHELL=CMD" "COMPILER=arm-none-eabi-gcc" "ASSEMBLER=arm-none-eabi-as"
TRACE::2025-02-28.10:18:30::SCWMssOS:: "ARCHIVER=arm-none-eabi-ar" "COMPILER_FLAGS=  -O2 -c" "EXTRA_COMPILER_FLAGS=-mcpu=cortex-a9 -mfpu=vfpv3 -mfloat-abi=hard -nost
TRACE::2025-02-28.10:18:30::SCWMssOS::artfiles -g -Wall -Wextra"

TRACE::2025-02-28.10:18:30::SCWMssOS::"Running Make include in ps7_cortexa9_0/libsrc/scugic_v4_2/src"

TRACE::2025-02-28.10:18:30::SCWMssOS::make -C ps7_cortexa9_0/libsrc/scugic_v4_2/src -s include  "SHELL=CMD" "COMPILER=arm-none-eabi-gcc" "ASSEMBLER=arm-none-eabi-as"
TRACE::2025-02-28.10:18:30::SCWMssOS:: "ARCHIVER=arm-none-eabi-ar" "COMPILER_FLAGS=  -O2 -c" "EXTRA_COMPILER_FLAGS=-mcpu=cortex-a9 -mfpu=vfpv3 -mfloat-abi=hard -nost
TRACE::2025-02-28.10:18:30::SCWMssOS::artfiles -g -Wall -Wextra"

TRACE::2025-02-28.10:18:30::SCWMssOS::"Running Make include in ps7_cortexa9_0/libsrc/scutimer_v2_2/src"

TRACE::2025-02-28.10:18:30::SCWMssOS::make -C ps7_cortexa9_0/libsrc/scutimer_v2_2/src -s include  "SHELL=CMD" "COMPILER=arm-none-eabi-gcc" "ASSEMBLER=arm-none-eabi-a
TRACE::2025-02-28.10:18:30::SCWMssOS::s" "ARCHIVER=arm-none-eabi-ar" "COMPILER_FLAGS=  -O2 -c" "EXTRA_COMPILER_FLAGS=-mcpu=cortex-a9 -mfpu=vfpv3 -mfloat-abi=hard -no
TRACE::2025-02-28.10:18:30::SCWMssOS::startfiles -g -Wall -Wextra"

TRACE::2025-02-28.10:18:30::SCWMssOS::"Running Make include in ps7_cortexa9_0/libsrc/scuwdt_v2_2/src"

TRACE::2025-02-28.10:18:30::SCWMssOS::make -C ps7_cortexa9_0/libsrc/scuwdt_v2_2/src -s include  "SHELL=CMD" "COMPILER=arm-none-eabi-gcc" "ASSEMBLER=arm-none-eabi-as"
TRACE::2025-02-28.10:18:30::SCWMssOS:: "ARCHIVER=arm-none-eabi-ar" "COMPILER_FLAGS=  -O2 -c" "EXTRA_COMPILER_FLAGS=-mcpu=cortex-a9 -mfpu=vfpv3 -mfloat-abi=hard -nost
TRACE::2025-02-28.10:18:30::SCWMssOS::artfiles -g -Wall -Wextra"

TRACE::2025-02-28.10:18:30::SCWMssOS::"Running Make include in ps7_cortexa9_0/libsrc/sdps_v3_9/src"

TRACE::2025-02-28.10:18:30::SCWMssOS::make -C ps7_cortexa9_0/libsrc/sdps_v3_9/src -s include  "SHELL=CMD" "COMPILER=arm-none-eabi-gcc" "ASSEMBLER=arm-none-eabi-as" "
TRACE::2025-02-28.10:18:30::SCWMssOS::ARCHIVER=arm-none-eabi-ar" "COMPILER_FLAGS=  -O2 -c" "EXTRA_COMPILER_FLAGS=-mcpu=cortex-a9 -mfpu=vfpv3 -mfloat-abi=hard -nostar
TRACE::2025-02-28.10:18:30::SCWMssOS::tfiles -g -Wall -Wextra"

TRACE::2025-02-28.10:18:30::SCWMssOS::"Running Make include in ps7_cortexa9_0/libsrc/standalone_v7_2/src"

TRACE::2025-02-28.10:18:30::SCWMssOS::make -C ps7_cortexa9_0/libsrc/standalone_v7_2/src -s include  "SHELL=CMD" "COMPILER=arm-none-eabi-gcc" "ASSEMBLER=arm-none-eabi
TRACE::2025-02-28.10:18:30::SCWMssOS::-as" "ARCHIVER=arm-none-eabi-ar" "COMPILER_FLAGS=  -O2 -c" "EXTRA_COMPILER_FLAGS=-mcpu=cortex-a9 -mfpu=vfpv3 -mfloat-abi=hard -
TRACE::2025-02-28.10:18:30::SCWMssOS::nostartfiles -g -Wall -Wextra"

TRACE::2025-02-28.10:18:30::SCWMssOS::"Running Make include in ps7_cortexa9_0/libsrc/ttcps_v3_11/src"

TRACE::2025-02-28.10:18:30::SCWMssOS::make -C ps7_cortexa9_0/libsrc/ttcps_v3_11/src -s include  "SHELL=CMD" "COMPILER=arm-none-eabi-gcc" "ASSEMBLER=arm-none-eabi-as"
TRACE::2025-02-28.10:18:30::SCWMssOS:: "ARCHIVER=arm-none-eabi-ar" "COMPILER_FLAGS=  -O2 -c" "EXTRA_COMPILER_FLAGS=-mcpu=cortex-a9 -mfpu=vfpv3 -mfloat-abi=hard -nost
TRACE::2025-02-28.10:18:30::SCWMssOS::artfiles -g -Wall -Wextra"

TRACE::2025-02-28.10:18:30::SCWMssOS::"Running Make include in ps7_cortexa9_0/libsrc/uartps_v3_9/src"

TRACE::2025-02-28.10:18:31::SCWMssOS::make -C ps7_cortexa9_0/libsrc/uartps_v3_9/src -s include  "SHELL=CMD" "COMPILER=arm-none-eabi-gcc" "ASSEMBLER=arm-none-eabi-as"
TRACE::2025-02-28.10:18:31::SCWMssOS:: "ARCHIVER=arm-none-eabi-ar" "COMPILER_FLAGS=  -O2 -c" "EXTRA_COMPILER_FLAGS=-mcpu=cortex-a9 -mfpu=vfpv3 -mfloat-abi=hard -nost
TRACE::2025-02-28.10:18:31::SCWMssOS::artfiles -g -Wall -Wextra"

TRACE::2025-02-28.10:18:31::SCWMssOS::"Running Make include in ps7_cortexa9_0/libsrc/usbps_v2_5/src"

TRACE::2025-02-28.10:18:31::SCWMssOS::make -C ps7_cortexa9_0/libsrc/usbps_v2_5/src -s include  "SHELL=CMD" "COMPILER=arm-none-eabi-gcc" "ASSEMBLER=arm-none-eabi-as" 
TRACE::2025-02-28.10:18:31::SCWMssOS::"ARCHIVER=arm-none-eabi-ar" "COMPILER_FLAGS=  -O2 -c" "EXTRA_COMPILER_FLAGS=-mcpu=cortex-a9 -mfpu=vfpv3 -mfloat-abi=hard -nosta
TRACE::2025-02-28.10:18:31::SCWMssOS::rtfiles -g -Wall -Wextra"

TRACE::2025-02-28.10:18:31::SCWMssOS::"Running Make include in ps7_cortexa9_0/libsrc/vtc_v8_2/src"

TRACE::2025-02-28.10:18:31::SCWMssOS::make -C ps7_cortexa9_0/libsrc/vtc_v8_2/src -s include  "SHELL=CMD" "COMPILER=arm-none-eabi-gcc" "ASSEMBLER=arm-none-eabi-as" "A
TRACE::2025-02-28.10:18:31::SCWMssOS::RCHIVER=arm-none-eabi-ar" "COMPILER_FLAGS=  -O2 -c" "EXTRA_COMPILER_FLAGS=-mcpu=cortex-a9 -mfpu=vfpv3 -mfloat-abi=hard -nostart
TRACE::2025-02-28.10:18:31::SCWMssOS::files -g -Wall -Wextra"

TRACE::2025-02-28.10:18:31::SCWMssOS::"Running Make include in ps7_cortexa9_0/libsrc/xadcps_v2_4/src"

TRACE::2025-02-28.10:18:31::SCWMssOS::make -C ps7_cortexa9_0/libsrc/xadcps_v2_4/src -s include  "SHELL=CMD" "COMPILER=arm-none-eabi-gcc" "ASSEMBLER=arm-none-eabi-as"
TRACE::2025-02-28.10:18:31::SCWMssOS:: "ARCHIVER=arm-none-eabi-ar" "COMPILER_FLAGS=  -O2 -c" "EXTRA_COMPILER_FLAGS=-mcpu=cortex-a9 -mfpu=vfpv3 -mfloat-abi=hard -nost
TRACE::2025-02-28.10:18:31::SCWMssOS::artfiles -g -Wall -Wextra"

TRACE::2025-02-28.10:18:31::SCWMssOS::"Running Make libs in ps7_cortexa9_0/libsrc/axivdma_v6_7/src"

TRACE::2025-02-28.10:18:31::SCWMssOS::make -C ps7_cortexa9_0/libsrc/axivdma_v6_7/src -s libs  "SHELL=CMD" "COMPILER=arm-none-eabi-gcc" "ASSEMBLER=arm-none-eabi-as" "
TRACE::2025-02-28.10:18:31::SCWMssOS::ARCHIVER=arm-none-eabi-ar" "COMPILER_FLAGS=  -O2 -c" "EXTRA_COMPILER_FLAGS=-mcpu=cortex-a9 -mfpu=vfpv3 -mfloat-abi=hard -nostar
TRACE::2025-02-28.10:18:31::SCWMssOS::tfiles -g -Wall -Wextra"

TRACE::2025-02-28.10:18:31::SCWMssOS::"Compiling axivdma"

TRACE::2025-02-28.10:18:31::SCWMssOS::"Running Make libs in ps7_cortexa9_0/libsrc/coresightps_dcc_v1_7/src"

TRACE::2025-02-28.10:18:31::SCWMssOS::make -C ps7_cortexa9_0/libsrc/coresightps_dcc_v1_7/src -s libs  "SHELL=CMD" "COMPILER=arm-none-eabi-gcc" "ASSEMBLER=arm-none-ea
TRACE::2025-02-28.10:18:31::SCWMssOS::bi-as" "ARCHIVER=arm-none-eabi-ar" "COMPILER_FLAGS=  -O2 -c" "EXTRA_COMPILER_FLAGS=-mcpu=cortex-a9 -mfpu=vfpv3 -mfloat-abi=hard
TRACE::2025-02-28.10:18:31::SCWMssOS:: -nostartfiles -g -Wall -Wextra"

TRACE::2025-02-28.10:18:31::SCWMssOS::"Compiling coresightps_dcc"

TRACE::2025-02-28.10:18:32::SCWMssOS::"Running Make libs in ps7_cortexa9_0/libsrc/cpu_cortexa9_v2_9/src"

TRACE::2025-02-28.10:18:32::SCWMssOS::make -C ps7_cortexa9_0/libsrc/cpu_cortexa9_v2_9/src -s libs  "SHELL=CMD" "COMPILER=arm-none-eabi-gcc" "ASSEMBLER=arm-none-eabi-
TRACE::2025-02-28.10:18:32::SCWMssOS::as" "ARCHIVER=arm-none-eabi-ar" "COMPILER_FLAGS=  -O2 -c" "EXTRA_COMPILER_FLAGS=-mcpu=cortex-a9 -mfpu=vfpv3 -mfloat-abi=hard -n
TRACE::2025-02-28.10:18:32::SCWMssOS::ostartfiles -g -Wall -Wextra"

TRACE::2025-02-28.10:18:32::SCWMssOS::"Compiling cpu_cortexa9"

TRACE::2025-02-28.10:18:32::SCWMssOS::"Running Make libs in ps7_cortexa9_0/libsrc/ddrps_v1_1/src"

TRACE::2025-02-28.10:18:32::SCWMssOS::make -C ps7_cortexa9_0/libsrc/ddrps_v1_1/src -s libs  "SHELL=CMD" "COMPILER=arm-none-eabi-gcc" "ASSEMBLER=arm-none-eabi-as" "AR
TRACE::2025-02-28.10:18:32::SCWMssOS::CHIVER=arm-none-eabi-ar" "COMPILER_FLAGS=  -O2 -c" "EXTRA_COMPILER_FLAGS=-mcpu=cortex-a9 -mfpu=vfpv3 -mfloat-abi=hard -nostartf
TRACE::2025-02-28.10:18:32::SCWMssOS::iles -g -Wall -Wextra"

TRACE::2025-02-28.10:18:32::SCWMssOS::"Compiling ddrps"

TRACE::2025-02-28.10:18:32::SCWMssOS::"Running Make libs in ps7_cortexa9_0/libsrc/devcfg_v3_6/src"

TRACE::2025-02-28.10:18:32::SCWMssOS::make -C ps7_cortexa9_0/libsrc/devcfg_v3_6/src -s libs  "SHELL=CMD" "COMPILER=arm-none-eabi-gcc" "ASSEMBLER=arm-none-eabi-as" "A
TRACE::2025-02-28.10:18:32::SCWMssOS::RCHIVER=arm-none-eabi-ar" "COMPILER_FLAGS=  -O2 -c" "EXTRA_COMPILER_FLAGS=-mcpu=cortex-a9 -mfpu=vfpv3 -mfloat-abi=hard -nostart
TRACE::2025-02-28.10:18:32::SCWMssOS::files -g -Wall -Wextra"

TRACE::2025-02-28.10:18:32::SCWMssOS::"Compiling devcfg"

TRACE::2025-02-28.10:18:32::SCWMssOS::"Running Make libs in ps7_cortexa9_0/libsrc/dmaps_v2_6/src"

TRACE::2025-02-28.10:18:32::SCWMssOS::make -C ps7_cortexa9_0/libsrc/dmaps_v2_6/src -s libs  "SHELL=CMD" "COMPILER=arm-none-eabi-gcc" "ASSEMBLER=arm-none-eabi-as" "AR
TRACE::2025-02-28.10:18:32::SCWMssOS::CHIVER=arm-none-eabi-ar" "COMPILER_FLAGS=  -O2 -c" "EXTRA_COMPILER_FLAGS=-mcpu=cortex-a9 -mfpu=vfpv3 -mfloat-abi=hard -nostartf
TRACE::2025-02-28.10:18:32::SCWMssOS::iles -g -Wall -Wextra"

TRACE::2025-02-28.10:18:32::SCWMssOS::"Compiling dmaps"

TRACE::2025-02-28.10:18:33::SCWMssOS::"Running Make libs in ps7_cortexa9_0/libsrc/emacps_v3_11/src"

TRACE::2025-02-28.10:18:33::SCWMssOS::make -C ps7_cortexa9_0/libsrc/emacps_v3_11/src -s libs  "SHELL=CMD" "COMPILER=arm-none-eabi-gcc" "ASSEMBLER=arm-none-eabi-as" "
TRACE::2025-02-28.10:18:33::SCWMssOS::ARCHIVER=arm-none-eabi-ar" "COMPILER_FLAGS=  -O2 -c" "EXTRA_COMPILER_FLAGS=-mcpu=cortex-a9 -mfpu=vfpv3 -mfloat-abi=hard -nostar
TRACE::2025-02-28.10:18:33::SCWMssOS::tfiles -g -Wall -Wextra"

TRACE::2025-02-28.10:18:33::SCWMssOS::"Compiling emacps"

TRACE::2025-02-28.10:18:33::SCWMssOS::"Running Make libs in ps7_cortexa9_0/libsrc/gpiops_v3_7/src"

TRACE::2025-02-28.10:18:33::SCWMssOS::make -C ps7_cortexa9_0/libsrc/gpiops_v3_7/src -s libs  "SHELL=CMD" "COMPILER=arm-none-eabi-gcc" "ASSEMBLER=arm-none-eabi-as" "A
TRACE::2025-02-28.10:18:33::SCWMssOS::RCHIVER=arm-none-eabi-ar" "COMPILER_FLAGS=  -O2 -c" "EXTRA_COMPILER_FLAGS=-mcpu=cortex-a9 -mfpu=vfpv3 -mfloat-abi=hard -nostart
TRACE::2025-02-28.10:18:33::SCWMssOS::files -g -Wall -Wextra"

TRACE::2025-02-28.10:18:33::SCWMssOS::"Compiling gpiops"

TRACE::2025-02-28.10:18:34::SCWMssOS::"Running Make libs in ps7_cortexa9_0/libsrc/iic_v3_6/src"

TRACE::2025-02-28.10:18:34::SCWMssOS::make -C ps7_cortexa9_0/libsrc/iic_v3_6/src -s libs  "SHELL=CMD" "COMPILER=arm-none-eabi-gcc" "ASSEMBLER=arm-none-eabi-as" "ARCH
TRACE::2025-02-28.10:18:34::SCWMssOS::IVER=arm-none-eabi-ar" "COMPILER_FLAGS=  -O2 -c" "EXTRA_COMPILER_FLAGS=-mcpu=cortex-a9 -mfpu=vfpv3 -mfloat-abi=hard -nostartfil
TRACE::2025-02-28.10:18:34::SCWMssOS::es -g -Wall -Wextra"

TRACE::2025-02-28.10:18:34::SCWMssOS::"Compiling iic"

TRACE::2025-02-28.10:18:35::SCWMssOS::"Running Make libs in ps7_cortexa9_0/libsrc/qspips_v3_7/src"

TRACE::2025-02-28.10:18:35::SCWMssOS::make -C ps7_cortexa9_0/libsrc/qspips_v3_7/src -s libs  "SHELL=CMD" "COMPILER=arm-none-eabi-gcc" "ASSEMBLER=arm-none-eabi-as" "A
TRACE::2025-02-28.10:18:35::SCWMssOS::RCHIVER=arm-none-eabi-ar" "COMPILER_FLAGS=  -O2 -c" "EXTRA_COMPILER_FLAGS=-mcpu=cortex-a9 -mfpu=vfpv3 -mfloat-abi=hard -nostart
TRACE::2025-02-28.10:18:35::SCWMssOS::files -g -Wall -Wextra"

TRACE::2025-02-28.10:18:35::SCWMssOS::"Compiling qspips"

TRACE::2025-02-28.10:18:35::SCWMssOS::"Running Make libs in ps7_cortexa9_0/libsrc/scugic_v4_2/src"

TRACE::2025-02-28.10:18:35::SCWMssOS::make -C ps7_cortexa9_0/libsrc/scugic_v4_2/src -s libs  "SHELL=CMD" "COMPILER=arm-none-eabi-gcc" "ASSEMBLER=arm-none-eabi-as" "A
TRACE::2025-02-28.10:18:35::SCWMssOS::RCHIVER=arm-none-eabi-ar" "COMPILER_FLAGS=  -O2 -c" "EXTRA_COMPILER_FLAGS=-mcpu=cortex-a9 -mfpu=vfpv3 -mfloat-abi=hard -nostart
TRACE::2025-02-28.10:18:35::SCWMssOS::files -g -Wall -Wextra"

TRACE::2025-02-28.10:18:35::SCWMssOS::"Compiling scugic"

TRACE::2025-02-28.10:18:36::SCWMssOS::"Running Make libs in ps7_cortexa9_0/libsrc/scutimer_v2_2/src"

TRACE::2025-02-28.10:18:36::SCWMssOS::make -C ps7_cortexa9_0/libsrc/scutimer_v2_2/src -s libs  "SHELL=CMD" "COMPILER=arm-none-eabi-gcc" "ASSEMBLER=arm-none-eabi-as" 
TRACE::2025-02-28.10:18:36::SCWMssOS::"ARCHIVER=arm-none-eabi-ar" "COMPILER_FLAGS=  -O2 -c" "EXTRA_COMPILER_FLAGS=-mcpu=cortex-a9 -mfpu=vfpv3 -mfloat-abi=hard -nosta
TRACE::2025-02-28.10:18:36::SCWMssOS::rtfiles -g -Wall -Wextra"

TRACE::2025-02-28.10:18:36::SCWMssOS::"Compiling scutimer"

TRACE::2025-02-28.10:18:36::SCWMssOS::"Running Make libs in ps7_cortexa9_0/libsrc/scuwdt_v2_2/src"

TRACE::2025-02-28.10:18:36::SCWMssOS::make -C ps7_cortexa9_0/libsrc/scuwdt_v2_2/src -s libs  "SHELL=CMD" "COMPILER=arm-none-eabi-gcc" "ASSEMBLER=arm-none-eabi-as" "A
TRACE::2025-02-28.10:18:36::SCWMssOS::RCHIVER=arm-none-eabi-ar" "COMPILER_FLAGS=  -O2 -c" "EXTRA_COMPILER_FLAGS=-mcpu=cortex-a9 -mfpu=vfpv3 -mfloat-abi=hard -nostart
TRACE::2025-02-28.10:18:36::SCWMssOS::files -g -Wall -Wextra"

TRACE::2025-02-28.10:18:36::SCWMssOS::"Compiling scuwdt"

TRACE::2025-02-28.10:18:37::SCWMssOS::"Running Make libs in ps7_cortexa9_0/libsrc/sdps_v3_9/src"

TRACE::2025-02-28.10:18:37::SCWMssOS::make -C ps7_cortexa9_0/libsrc/sdps_v3_9/src -s libs  "SHELL=CMD" "COMPILER=arm-none-eabi-gcc" "ASSEMBLER=arm-none-eabi-as" "ARC
TRACE::2025-02-28.10:18:37::SCWMssOS::HIVER=arm-none-eabi-ar" "COMPILER_FLAGS=  -O2 -c" "EXTRA_COMPILER_FLAGS=-mcpu=cortex-a9 -mfpu=vfpv3 -mfloat-abi=hard -nostartfi
TRACE::2025-02-28.10:18:37::SCWMssOS::les -g -Wall -Wextra"

TRACE::2025-02-28.10:18:37::SCWMssOS::"Compiling sdps"

TRACE::2025-02-28.10:18:37::SCWMssOS::"Running Make libs in ps7_cortexa9_0/libsrc/standalone_v7_2/src"

TRACE::2025-02-28.10:18:37::SCWMssOS::make -C ps7_cortexa9_0/libsrc/standalone_v7_2/src -s libs  "SHELL=CMD" "COMPILER=arm-none-eabi-gcc" "ASSEMBLER=arm-none-eabi-as
TRACE::2025-02-28.10:18:37::SCWMssOS::" "ARCHIVER=arm-none-eabi-ar" "COMPILER_FLAGS=  -O2 -c" "EXTRA_COMPILER_FLAGS=-mcpu=cortex-a9 -mfpu=vfpv3 -mfloat-abi=hard -nos
TRACE::2025-02-28.10:18:37::SCWMssOS::tartfiles -g -Wall -Wextra"

TRACE::2025-02-28.10:18:37::SCWMssOS::"Compiling standalone"

TRACE::2025-02-28.10:18:39::SCWMssOS::"Running Make libs in ps7_cortexa9_0/libsrc/ttcps_v3_11/src"

TRACE::2025-02-28.10:18:39::SCWMssOS::make -C ps7_cortexa9_0/libsrc/ttcps_v3_11/src -s libs  "SHELL=CMD" "COMPILER=arm-none-eabi-gcc" "ASSEMBLER=arm-none-eabi-as" "A
TRACE::2025-02-28.10:18:39::SCWMssOS::RCHIVER=arm-none-eabi-ar" "COMPILER_FLAGS=  -O2 -c" "EXTRA_COMPILER_FLAGS=-mcpu=cortex-a9 -mfpu=vfpv3 -mfloat-abi=hard -nostart
TRACE::2025-02-28.10:18:39::SCWMssOS::files -g -Wall -Wextra"

TRACE::2025-02-28.10:18:39::SCWMssOS::"Compiling ttcps"

TRACE::2025-02-28.10:18:40::SCWMssOS::"Running Make libs in ps7_cortexa9_0/libsrc/uartps_v3_9/src"

TRACE::2025-02-28.10:18:40::SCWMssOS::make -C ps7_cortexa9_0/libsrc/uartps_v3_9/src -s libs  "SHELL=CMD" "COMPILER=arm-none-eabi-gcc" "ASSEMBLER=arm-none-eabi-as" "A
TRACE::2025-02-28.10:18:40::SCWMssOS::RCHIVER=arm-none-eabi-ar" "COMPILER_FLAGS=  -O2 -c" "EXTRA_COMPILER_FLAGS=-mcpu=cortex-a9 -mfpu=vfpv3 -mfloat-abi=hard -nostart
TRACE::2025-02-28.10:18:40::SCWMssOS::files -g -Wall -Wextra"

TRACE::2025-02-28.10:18:40::SCWMssOS::"Compiling uartps"

TRACE::2025-02-28.10:18:40::SCWMssOS::"Running Make libs in ps7_cortexa9_0/libsrc/usbps_v2_5/src"

TRACE::2025-02-28.10:18:40::SCWMssOS::make -C ps7_cortexa9_0/libsrc/usbps_v2_5/src -s libs  "SHELL=CMD" "COMPILER=arm-none-eabi-gcc" "ASSEMBLER=arm-none-eabi-as" "AR
TRACE::2025-02-28.10:18:40::SCWMssOS::CHIVER=arm-none-eabi-ar" "COMPILER_FLAGS=  -O2 -c" "EXTRA_COMPILER_FLAGS=-mcpu=cortex-a9 -mfpu=vfpv3 -mfloat-abi=hard -nostartf
TRACE::2025-02-28.10:18:40::SCWMssOS::iles -g -Wall -Wextra"

TRACE::2025-02-28.10:18:40::SCWMssOS::"Compiling usbps"

TRACE::2025-02-28.10:18:41::SCWMssOS::"Running Make libs in ps7_cortexa9_0/libsrc/vtc_v8_2/src"

TRACE::2025-02-28.10:18:41::SCWMssOS::make -C ps7_cortexa9_0/libsrc/vtc_v8_2/src -s libs  "SHELL=CMD" "COMPILER=arm-none-eabi-gcc" "ASSEMBLER=arm-none-eabi-as" "ARCH
TRACE::2025-02-28.10:18:41::SCWMssOS::IVER=arm-none-eabi-ar" "COMPILER_FLAGS=  -O2 -c" "EXTRA_COMPILER_FLAGS=-mcpu=cortex-a9 -mfpu=vfpv3 -mfloat-abi=hard -nostartfil
TRACE::2025-02-28.10:18:41::SCWMssOS::es -g -Wall -Wextra"

TRACE::2025-02-28.10:18:41::SCWMssOS::"Compiling video timing controller"

TRACE::2025-02-28.10:18:41::SCWMssOS::"Running Make libs in ps7_cortexa9_0/libsrc/xadcps_v2_4/src"

TRACE::2025-02-28.10:18:41::SCWMssOS::make -C ps7_cortexa9_0/libsrc/xadcps_v2_4/src -s libs  "SHELL=CMD" "COMPILER=arm-none-eabi-gcc" "ASSEMBLER=arm-none-eabi-as" "A
TRACE::2025-02-28.10:18:41::SCWMssOS::RCHIVER=arm-none-eabi-ar" "COMPILER_FLAGS=  -O2 -c" "EXTRA_COMPILER_FLAGS=-mcpu=cortex-a9 -mfpu=vfpv3 -mfloat-abi=hard -nostart
TRACE::2025-02-28.10:18:41::SCWMssOS::files -g -Wall -Wextra"

TRACE::2025-02-28.10:18:41::SCWMssOS::"Compiling xadcps"

TRACE::2025-02-28.10:18:42::SCWMssOS::'Finished building libraries'

TRACE::2025-02-28.10:18:42::SCWMssOS::Copying to export directory.
TRACE::2025-02-28.10:18:42::SCWMssOS:: Checking if to create the Supporting Applications
TRACE::2025-02-28.10:18:42::SCWMssOS:: No Linux domain exists, trying to generate FSBL 
LOG::2025-02-28.10:18:42::SCWSystem::Completed Processing the domain standalone_domain
LOG::2025-02-28.10:18:42::SCWSystem::Completed Processing the sysconfig TPG
LOG::2025-02-28.10:18:42::SCWPlatform::Completed generating the artifacts for system configuration TPG
TRACE::2025-02-28.10:18:42::SCWPlatform::Started preparing the platform 
TRACE::2025-02-28.10:18:42::SCWSystem::Writing the bif file for system config TPG
TRACE::2025-02-28.10:18:42::SCWSystem::dir created 
TRACE::2025-02-28.10:18:42::SCWSystem::Writing the bif 
TRACE::2025-02-28.10:18:42::SCWPlatform::Started writing the spfm file 
TRACE::2025-02-28.10:18:42::SCWPlatform::Started writing the xpfm file 
TRACE::2025-02-28.10:18:42::SCWPlatform::Completed generating the platform
TRACE::2025-02-28.10:18:42::SCWMssOS::Saving the mss changes C:/Users/oparker/workspace/TPG/zynq_fsbl/zynq_fsbl_bsp/system.mss
TRACE::2025-02-28.10:18:42::SCWMssOS::Found a swdesign opened with the mssfile.
TRACE::2025-02-28.10:18:42::SCWMssOS::Completed writemss as part of save.
TRACE::2025-02-28.10:18:42::SCWMssOS::Commit changes completed.
TRACE::2025-02-28.10:18:42::SCWMssOS::Saving the mss changes C:/Users/oparker/workspace/TPG/ps7_cortexa9_0/standalone_domain/bsp/system.mss
TRACE::2025-02-28.10:18:42::SCWMssOS::Found a swdesign opened with the mssfile.
TRACE::2025-02-28.10:18:42::SCWMssOS::Completed writemss as part of save.
TRACE::2025-02-28.10:18:42::SCWMssOS::Commit changes completed.
TRACE::2025-02-28.10:18:42::SCWPlatform::Trying to open the hw design at C:/Users/oparker/workspace/TPG/hw/design_1_wrapper.xsa
TRACE::2025-02-28.10:18:42::SCWPlatform::DSA given C:/Users/oparker/workspace/TPG/hw/design_1_wrapper.xsa
TRACE::2025-02-28.10:18:42::SCWPlatform::DSA absoulate path C:/Users/oparker/workspace/TPG/hw/design_1_wrapper.xsa
TRACE::2025-02-28.10:18:42::SCWPlatform::DSA directory C:/Users/oparker/workspace/TPG/hw
TRACE::2025-02-28.10:18:42::SCWPlatform:: Platform Path C:/Users/oparker/workspace/TPG/hw/design_1_wrapper.xsa
TRACE::2025-02-28.10:18:42::SCWPlatform:: Unique name xilinx:zed::0.0
TRACE::2025-02-28.10:18:42::SCWPlatform::Trying to set the existing hwdb with name design_1_wrapper_2
TRACE::2025-02-28.10:18:42::SCWPlatform::Opened existing hwdb design_1_wrapper_2
TRACE::2025-02-28.10:18:42::SCWPlatform::Found the Hw Db part of the input DSA
TRACE::2025-02-28.10:18:42::SCWMssOS::Checking the sw design at  C:/Users/oparker/workspace/TPG/zynq_fsbl/zynq_fsbl_bsp/system.mss
TRACE::2025-02-28.10:18:42::SCWMssOS::DEBUG:  swdes dump  C:/Users/oparker/workspace/TPG/ps7_cortexa9_0/standalone_domain/bsp/system.mss|system_2||
C:/Users/oparker/workspace/TPG/zynq_fsbl/zynq_fsbl_bsp/system.mss|system||
C:/Users/oparker/workspace/design_1_wrapper/ps7_cortexa9_0/domain_ps7_cortexa9_0/bsp/system.mss|system_1||
C:/Users/oparker/workspace/design_1_wrapper/zynq_fsbl/zynq_fsbl_bsp/system.mss|system_0||

TRACE::2025-02-28.10:18:42::SCWMssOS::Sw design exists and opened at  C:/Users/oparker/workspace/TPG/zynq_fsbl/zynq_fsbl_bsp/system.mss
TRACE::2025-02-28.10:18:42::SCWPlatform::Trying to open the hw design at C:/Users/oparker/workspace/TPG/hw/design_1_wrapper.xsa
TRACE::2025-02-28.10:18:42::SCWPlatform::DSA given C:/Users/oparker/workspace/TPG/hw/design_1_wrapper.xsa
TRACE::2025-02-28.10:18:42::SCWPlatform::DSA absoulate path C:/Users/oparker/workspace/TPG/hw/design_1_wrapper.xsa
TRACE::2025-02-28.10:18:42::SCWPlatform::DSA directory C:/Users/oparker/workspace/TPG/hw
TRACE::2025-02-28.10:18:42::SCWPlatform:: Platform Path C:/Users/oparker/workspace/TPG/hw/design_1_wrapper.xsa
TRACE::2025-02-28.10:18:42::SCWPlatform:: Unique name xilinx:zed::0.0
TRACE::2025-02-28.10:18:42::SCWPlatform::Trying to set the existing hwdb with name design_1_wrapper_2
TRACE::2025-02-28.10:18:42::SCWPlatform::Opened existing hwdb design_1_wrapper_2
TRACE::2025-02-28.10:18:42::SCWPlatform::Found the Hw Db part of the input DSA
TRACE::2025-02-28.10:18:42::SCWMssOS::Checking the sw design at  C:/Users/oparker/workspace/TPG/ps7_cortexa9_0/standalone_domain/bsp/system.mss
TRACE::2025-02-28.10:18:42::SCWMssOS::DEBUG:  swdes dump  C:/Users/oparker/workspace/TPG/ps7_cortexa9_0/standalone_domain/bsp/system.mss|system_2||
C:/Users/oparker/workspace/TPG/zynq_fsbl/zynq_fsbl_bsp/system.mss|system||
C:/Users/oparker/workspace/design_1_wrapper/ps7_cortexa9_0/domain_ps7_cortexa9_0/bsp/system.mss|system_1||
C:/Users/oparker/workspace/design_1_wrapper/zynq_fsbl/zynq_fsbl_bsp/system.mss|system_0||

TRACE::2025-02-28.10:18:42::SCWMssOS::Sw design exists and opened at  C:/Users/oparker/workspace/TPG/ps7_cortexa9_0/standalone_domain/bsp/system.mss
TRACE::2025-02-28.10:18:42::SCWWriter::formatted JSON is {
	"platformName":	"TPG",
	"sprVersion":	"2.0",
	"mode":	"gui",
	"dsaType":	"Fixed",
	"platformDesc":	"TPG",
	"platHandOff":	"C:/Users/oparker/cpre488-mp2/project_1/design_1_wrapper.xsa",
	"platIntHandOff":	"<platformDir>/hw/design_1_wrapper.xsa",
	"deviceType":	"zynq",
	"platIsPrebuiltAutogen":	"false",
	"platIsNoBootBsp":	"false",
	"hasFsblMakeHasChanges":	"false",
	"hasPmufwMakeHasChanges":	"false",
	"fsblExtraCompilerFlags":	"-MMD -MP       -mcpu=cortex-a9 -mfpu=vfpv3 -mfloat-abi=hard ",
	"platPreBuiltFlag":	false,
	"platformSamplesDir":	"",
	"platActiveSys":	"TPG",
	"systems":	[{
			"systemName":	"TPG",
			"systemDesc":	"TPG",
			"sysIsBootAutoGen":	"true",
			"systemDispName":	"TPG",
			"sysActiveDom":	"standalone_domain",
			"sysDefaultDom":	"standalone_domain",
			"domains":	[{
					"domainName":	"zynq_fsbl",
					"domainDispName":	"zynq_fsbl",
					"domainDesc":	"FSBL Application BSP - Auto Generated.",
					"processors":	"ps7_cortexa9_0",
					"os":	"standalone",
					"sdxOs":	"standalone",
					"debugEnable":	"",
					"domRuntimes":	["cpp"],
					"swRepo":	"",
					"mssOsVer":	"7.2",
					"mssFile":	"",
					"md5Digest":	"158a679dab493f3308b1d2cbafc496b0",
					"compatibleApp":	"zynq_fsbl",
					"domType":	"bootDomain",
					"appSettings":	{
						"appCompilerFlags":	"",
						"appLinkerFlags":	""
					},
					"addedLibs":	["xilffs:4.3", "xilrsa:1.6"],
					"libOptions":	{
						"libsContainingOptions":	[]
					},
					"prebuiltLibs":	{
						"prebuiltIncPath":	[],
						"prebuiltLibPath":	[]
					},
					"isolation":	{
					}
				}, {
					"domainName":	"standalone_domain",
					"domainDispName":	"standalone on ps7_cortexa9_0",
					"domainDesc":	"standalone_domain",
					"processors":	"ps7_cortexa9_0",
					"os":	"standalone",
					"sdxOs":	"standalone",
					"qemuArgs":	"C:/Xilinx/Vitis/2020.1/data/emulation/platforms/zynq/qemu/qemu_args.txt",
					"qemuData":	"C:/Xilinx/Vitis/2020.1/data/emulation/platforms/zynq/qemu/",
					"debugEnable":	"False",
					"domRuntimes":	["cpp"],
					"swRepo":	"",
					"mssOsVer":	"7.2",
					"mssFile":	"",
					"md5Digest":	"85ba41434c82914f0e9e24fa6ddcf962",
					"compatibleApp":	"",
					"domType":	"mssDomain",
					"appSettings":	{
						"appCompilerFlags":	"",
						"appLinkerFlags":	""
					},
					"addedLibs":	[],
					"libOptions":	{
						"libsContainingOptions":	[]
					},
					"prebuiltLibs":	{
						"prebuiltIncPath":	[],
						"prebuiltLibPath":	[]
					},
					"isolation":	{
					}
				}]
		}]
}
KEYINFO::2025-02-28.10:18:42::SCWPlatform::updated the xpfm file.
TRACE::2025-02-28.10:18:42::SCWPlatform::Trying to open the hw design at C:/Users/oparker/workspace/TPG/hw/design_1_wrapper.xsa
TRACE::2025-02-28.10:18:42::SCWPlatform::DSA given C:/Users/oparker/workspace/TPG/hw/design_1_wrapper.xsa
TRACE::2025-02-28.10:18:42::SCWPlatform::DSA absoulate path C:/Users/oparker/workspace/TPG/hw/design_1_wrapper.xsa
TRACE::2025-02-28.10:18:42::SCWPlatform::DSA directory C:/Users/oparker/workspace/TPG/hw
TRACE::2025-02-28.10:18:42::SCWPlatform:: Platform Path C:/Users/oparker/workspace/TPG/hw/design_1_wrapper.xsa
TRACE::2025-02-28.10:18:42::SCWPlatform:: Unique name xilinx:zed::0.0
TRACE::2025-02-28.10:18:42::SCWPlatform::Trying to set the existing hwdb with name design_1_wrapper_2
TRACE::2025-02-28.10:18:42::SCWPlatform::Opened existing hwdb design_1_wrapper_2
TRACE::2025-02-28.10:18:42::SCWPlatform::Found the Hw Db part of the input DSA
TRACE::2025-02-28.10:18:42::SCWMssOS::Checking the sw design at  C:/Users/oparker/workspace/TPG/ps7_cortexa9_0/standalone_domain/bsp/system.mss
TRACE::2025-02-28.10:18:42::SCWMssOS::DEBUG:  swdes dump  C:/Users/oparker/workspace/TPG/ps7_cortexa9_0/standalone_domain/bsp/system.mss|system_2||
C:/Users/oparker/workspace/TPG/zynq_fsbl/zynq_fsbl_bsp/system.mss|system||
C:/Users/oparker/workspace/design_1_wrapper/ps7_cortexa9_0/domain_ps7_cortexa9_0/bsp/system.mss|system_1||
C:/Users/oparker/workspace/design_1_wrapper/zynq_fsbl/zynq_fsbl_bsp/system.mss|system_0||

TRACE::2025-02-28.10:18:42::SCWMssOS::Sw design exists and opened at  C:/Users/oparker/workspace/TPG/ps7_cortexa9_0/standalone_domain/bsp/system.mss
TRACE::2025-02-28.10:19:16::SCWPlatform::Trying to open the hw design at C:/Users/oparker/workspace/TPG/hw/design_1_wrapper.xsa
TRACE::2025-02-28.10:19:16::SCWPlatform::DSA given C:/Users/oparker/workspace/TPG/hw/design_1_wrapper.xsa
TRACE::2025-02-28.10:19:16::SCWPlatform::DSA absoulate path C:/Users/oparker/workspace/TPG/hw/design_1_wrapper.xsa
TRACE::2025-02-28.10:19:16::SCWPlatform::DSA directory C:/Users/oparker/workspace/TPG/hw
TRACE::2025-02-28.10:19:16::SCWPlatform:: Platform Path C:/Users/oparker/workspace/TPG/hw/design_1_wrapper.xsa
TRACE::2025-02-28.10:19:16::SCWPlatform:: Unique name xilinx:zed::0.0
TRACE::2025-02-28.10:19:16::SCWPlatform::Trying to set the existing hwdb with name design_1_wrapper_2
TRACE::2025-02-28.10:19:16::SCWPlatform::Opened existing hwdb design_1_wrapper_2
TRACE::2025-02-28.10:19:16::SCWPlatform::Found the Hw Db part of the input DSA
TRACE::2025-02-28.10:19:16::SCWPlatform::DSA given C:/Users/oparker/workspace/TPG/tempdsa/design_1_wrapper.xsa
TRACE::2025-02-28.10:19:16::SCWPlatform::DSA absoulate path C:/Users/oparker/workspace/TPG/tempdsa/design_1_wrapper.xsa
TRACE::2025-02-28.10:19:16::SCWPlatform:: Platform location is C:/Users/oparker/workspace/TPG/tempdsa
TRACE::2025-02-28.10:19:16::SCWPlatform:: Platform Path C:/Users/oparker/workspace/TPG/tempdsa/design_1_wrapper.xsa
TRACE::2025-02-28.10:19:16::SCWPlatform:: Unique name xilinx:zed::0.0
TRACE::2025-02-28.10:19:17::SCWPlatform::Found the Hw Db part of the input DSA
TRACE::2025-02-28.10:19:17::SCWMssOS::Doing hw sync for the mss in domain: zynq_fsbl
TRACE::2025-02-28.10:19:17::SCWPlatform::Trying to open the hw design at C:/Users/oparker/workspace/TPG/hw/design_1_wrapper.xsa
TRACE::2025-02-28.10:19:17::SCWPlatform::DSA given C:/Users/oparker/workspace/TPG/hw/design_1_wrapper.xsa
TRACE::2025-02-28.10:19:17::SCWPlatform::DSA absoulate path C:/Users/oparker/workspace/TPG/hw/design_1_wrapper.xsa
TRACE::2025-02-28.10:19:17::SCWPlatform::DSA directory C:/Users/oparker/workspace/TPG/hw
TRACE::2025-02-28.10:19:17::SCWPlatform:: Platform Path C:/Users/oparker/workspace/TPG/hw/design_1_wrapper.xsa
TRACE::2025-02-28.10:19:17::SCWPlatform:: Unique name xilinx:zed::0.0
TRACE::2025-02-28.10:19:17::SCWPlatform::Trying to set the existing hwdb with name design_1_wrapper_2
TRACE::2025-02-28.10:19:17::SCWPlatform::Opened existing hwdb design_1_wrapper_2
TRACE::2025-02-28.10:19:17::SCWPlatform::Found the Hw Db part of the input DSA
TRACE::2025-02-28.10:19:17::SCWPlatform::Trying to open the hw design at C:/Users/oparker/workspace/TPG/hw/design_1_wrapper.xsa
TRACE::2025-02-28.10:19:17::SCWPlatform::DSA given C:/Users/oparker/workspace/TPG/hw/design_1_wrapper.xsa
TRACE::2025-02-28.10:19:17::SCWPlatform::DSA absoulate path C:/Users/oparker/workspace/TPG/hw/design_1_wrapper.xsa
TRACE::2025-02-28.10:19:17::SCWPlatform::DSA directory C:/Users/oparker/workspace/TPG/hw
TRACE::2025-02-28.10:19:17::SCWPlatform:: Platform Path C:/Users/oparker/workspace/TPG/hw/design_1_wrapper.xsa
TRACE::2025-02-28.10:19:17::SCWPlatform:: Unique name xilinx:zed::0.0
TRACE::2025-02-28.10:19:17::SCWPlatform::Trying to set the existing hwdb with name design_1_wrapper_2
TRACE::2025-02-28.10:19:17::SCWPlatform::Opened existing hwdb design_1_wrapper_2
TRACE::2025-02-28.10:19:17::SCWPlatform::Found the Hw Db part of the input DSA
TRACE::2025-02-28.10:19:17::SCWMssOS::Checking the sw design at  C:/Users/oparker/workspace/TPG/zynq_fsbl/zynq_fsbl_bsp/system.mss
TRACE::2025-02-28.10:19:17::SCWMssOS::DEBUG:  swdes dump  C:/Users/oparker/workspace/TPG/ps7_cortexa9_0/standalone_domain/bsp/system.mss|system_2||
C:/Users/oparker/workspace/TPG/zynq_fsbl/zynq_fsbl_bsp/system.mss|system||
C:/Users/oparker/workspace/design_1_wrapper/ps7_cortexa9_0/domain_ps7_cortexa9_0/bsp/system.mss|system_1||
C:/Users/oparker/workspace/design_1_wrapper/zynq_fsbl/zynq_fsbl_bsp/system.mss|system_0||

TRACE::2025-02-28.10:19:17::SCWMssOS::Sw design exists and opened at  C:/Users/oparker/workspace/TPG/zynq_fsbl/zynq_fsbl_bsp/system.mss
TRACE::2025-02-28.10:19:17::SCWPlatform::Trying to open the hw design at C:/Users/oparker/workspace/TPG/tempdsa/design_1_wrapper.xsa
TRACE::2025-02-28.10:19:17::SCWPlatform::DSA given C:/Users/oparker/workspace/TPG/tempdsa/design_1_wrapper.xsa
TRACE::2025-02-28.10:19:17::SCWPlatform::DSA absoulate path C:/Users/oparker/workspace/TPG/tempdsa/design_1_wrapper.xsa
TRACE::2025-02-28.10:19:17::SCWPlatform::DSA directory C:/Users/oparker/workspace/TPG/tempdsa
TRACE::2025-02-28.10:19:17::SCWPlatform:: Platform Path C:/Users/oparker/workspace/TPG/tempdsa/design_1_wrapper.xsa
TRACE::2025-02-28.10:19:17::SCWPlatform:: Unique name xilinx:zed::0.0
TRACE::2025-02-28.10:19:17::SCWPlatform::update - Opened existing hwdb design_1_wrapper_7
TRACE::2025-02-28.10:19:17::SCWPlatform::Found the Hw Db part of the input DSA
TRACE::2025-02-28.10:19:17::SCWMssOS::Doing hw sync for the mss in domain: standalone_domain
TRACE::2025-02-28.10:19:17::SCWPlatform::Trying to open the hw design at C:/Users/oparker/workspace/TPG/hw/design_1_wrapper.xsa
TRACE::2025-02-28.10:19:17::SCWPlatform::DSA given C:/Users/oparker/workspace/TPG/hw/design_1_wrapper.xsa
TRACE::2025-02-28.10:19:17::SCWPlatform::DSA absoulate path C:/Users/oparker/workspace/TPG/hw/design_1_wrapper.xsa
TRACE::2025-02-28.10:19:17::SCWPlatform::DSA directory C:/Users/oparker/workspace/TPG/hw
TRACE::2025-02-28.10:19:17::SCWPlatform:: Platform Path C:/Users/oparker/workspace/TPG/hw/design_1_wrapper.xsa
TRACE::2025-02-28.10:19:17::SCWPlatform:: Unique name xilinx:zed::0.0
TRACE::2025-02-28.10:19:17::SCWPlatform::Trying to set the existing hwdb with name design_1_wrapper_2
TRACE::2025-02-28.10:19:17::SCWPlatform::Opened existing hwdb design_1_wrapper_2
TRACE::2025-02-28.10:19:17::SCWPlatform::Found the Hw Db part of the input DSA
TRACE::2025-02-28.10:19:17::SCWPlatform::Trying to open the hw design at C:/Users/oparker/workspace/TPG/hw/design_1_wrapper.xsa
TRACE::2025-02-28.10:19:17::SCWPlatform::DSA given C:/Users/oparker/workspace/TPG/hw/design_1_wrapper.xsa
TRACE::2025-02-28.10:19:17::SCWPlatform::DSA absoulate path C:/Users/oparker/workspace/TPG/hw/design_1_wrapper.xsa
TRACE::2025-02-28.10:19:17::SCWPlatform::DSA directory C:/Users/oparker/workspace/TPG/hw
TRACE::2025-02-28.10:19:17::SCWPlatform:: Platform Path C:/Users/oparker/workspace/TPG/hw/design_1_wrapper.xsa
TRACE::2025-02-28.10:19:17::SCWPlatform:: Unique name xilinx:zed::0.0
TRACE::2025-02-28.10:19:17::SCWPlatform::Trying to set the existing hwdb with name design_1_wrapper_2
TRACE::2025-02-28.10:19:17::SCWPlatform::Opened existing hwdb design_1_wrapper_2
TRACE::2025-02-28.10:19:17::SCWPlatform::Found the Hw Db part of the input DSA
TRACE::2025-02-28.10:19:17::SCWMssOS::Checking the sw design at  C:/Users/oparker/workspace/TPG/ps7_cortexa9_0/standalone_domain/bsp/system.mss
TRACE::2025-02-28.10:19:17::SCWMssOS::DEBUG:  swdes dump  C:/Users/oparker/workspace/TPG/ps7_cortexa9_0/standalone_domain/bsp/system.mss|system_2||
C:/Users/oparker/workspace/TPG/zynq_fsbl/zynq_fsbl_bsp/system.mss|system||
C:/Users/oparker/workspace/design_1_wrapper/ps7_cortexa9_0/domain_ps7_cortexa9_0/bsp/system.mss|system_1||
C:/Users/oparker/workspace/design_1_wrapper/zynq_fsbl/zynq_fsbl_bsp/system.mss|system_0||

TRACE::2025-02-28.10:19:17::SCWMssOS::Sw design exists and opened at  C:/Users/oparker/workspace/TPG/ps7_cortexa9_0/standalone_domain/bsp/system.mss
TRACE::2025-02-28.10:19:17::SCWPlatform::Trying to open the hw design at C:/Users/oparker/workspace/TPG/tempdsa/design_1_wrapper.xsa
TRACE::2025-02-28.10:19:17::SCWPlatform::DSA given C:/Users/oparker/workspace/TPG/tempdsa/design_1_wrapper.xsa
TRACE::2025-02-28.10:19:17::SCWPlatform::DSA absoulate path C:/Users/oparker/workspace/TPG/tempdsa/design_1_wrapper.xsa
TRACE::2025-02-28.10:19:17::SCWPlatform::DSA directory C:/Users/oparker/workspace/TPG/tempdsa
TRACE::2025-02-28.10:19:17::SCWPlatform:: Platform Path C:/Users/oparker/workspace/TPG/tempdsa/design_1_wrapper.xsa
TRACE::2025-02-28.10:19:17::SCWPlatform:: Unique name xilinx:zed::0.0
TRACE::2025-02-28.10:19:17::SCWPlatform::update - Opened existing hwdb design_1_wrapper_7
TRACE::2025-02-28.10:19:17::SCWPlatform::Found the Hw Db part of the input DSA
TRACE::2025-02-28.10:19:17::SCWMssOS::Saving the mss changes C:/Users/oparker/workspace/TPG/zynq_fsbl/zynq_fsbl_bsp/system.mss
TRACE::2025-02-28.10:19:17::SCWMssOS::Found a swdesign opened with the mssfile.
TRACE::2025-02-28.10:19:17::SCWMssOS::Completed writemss as part of save.
TRACE::2025-02-28.10:19:17::SCWMssOS::Commit changes completed.
TRACE::2025-02-28.10:19:17::SCWMssOS::Completed hw sync for the mss in domain: zynq_fsbl
TRACE::2025-02-28.10:19:17::SCWMssOS::Removing the swdes entry for  C:/Users/oparker/workspace/TPG/zynq_fsbl/zynq_fsbl_bsp/system.mss
TRACE::2025-02-28.10:19:17::SCWMssOS::Saving the mss changes C:/Users/oparker/workspace/TPG/ps7_cortexa9_0/standalone_domain/bsp/system.mss
TRACE::2025-02-28.10:19:17::SCWMssOS::Found a swdesign opened with the mssfile.
TRACE::2025-02-28.10:19:17::SCWMssOS::Completed writemss as part of save.
TRACE::2025-02-28.10:19:17::SCWMssOS::Commit changes completed.
TRACE::2025-02-28.10:19:17::SCWMssOS::Completed hw sync for the mss in domain: standalone_domain
TRACE::2025-02-28.10:19:17::SCWMssOS::Removing the swdes entry for  C:/Users/oparker/workspace/TPG/ps7_cortexa9_0/standalone_domain/bsp/system.mss
TRACE::2025-02-28.10:19:17::SCWPlatform::Trying to open the hw design at C:/Users/oparker/workspace/TPG/hw/design_1_wrapper.xsa
TRACE::2025-02-28.10:19:17::SCWPlatform::DSA given C:/Users/oparker/workspace/TPG/hw/design_1_wrapper.xsa
TRACE::2025-02-28.10:19:17::SCWPlatform::DSA absoulate path C:/Users/oparker/workspace/TPG/hw/design_1_wrapper.xsa
TRACE::2025-02-28.10:19:17::SCWPlatform::DSA directory C:/Users/oparker/workspace/TPG/hw
TRACE::2025-02-28.10:19:17::SCWPlatform:: Platform Path C:/Users/oparker/workspace/TPG/hw/design_1_wrapper.xsa
TRACE::2025-02-28.10:19:17::SCWPlatform:: Unique name xilinx:zed::0.0
TRACE::2025-02-28.10:19:17::SCWPlatform::Do not have an existing db opened. 
TRACE::2025-02-28.10:19:19::SCWPlatform::Opened new HwDB with name design_1_wrapper_8
TRACE::2025-02-28.10:19:19::SCWPlatform::Trying to open the hw design at C:/Users/oparker/workspace/TPG/hw/design_1_wrapper.xsa
TRACE::2025-02-28.10:19:19::SCWPlatform::DSA given C:/Users/oparker/workspace/TPG/hw/design_1_wrapper.xsa
TRACE::2025-02-28.10:19:19::SCWPlatform::DSA absoulate path C:/Users/oparker/workspace/TPG/hw/design_1_wrapper.xsa
TRACE::2025-02-28.10:19:19::SCWPlatform::DSA directory C:/Users/oparker/workspace/TPG/hw
TRACE::2025-02-28.10:19:19::SCWPlatform:: Platform Path C:/Users/oparker/workspace/TPG/hw/design_1_wrapper.xsa
TRACE::2025-02-28.10:19:19::SCWPlatform:: Unique name xilinx:zed::0.0
TRACE::2025-02-28.10:19:19::SCWPlatform::Trying to set the existing hwdb with name design_1_wrapper_8
TRACE::2025-02-28.10:19:19::SCWPlatform::Opened existing hwdb design_1_wrapper_8
TRACE::2025-02-28.10:19:19::SCWPlatform::Found the Hw Db part of the input DSA
TRACE::2025-02-28.10:19:19::SCWMssOS::Checking the sw design at  C:/Users/oparker/workspace/TPG/zynq_fsbl/zynq_fsbl_bsp/system.mss
TRACE::2025-02-28.10:19:19::SCWMssOS::DEBUG:  swdes dump  C:/Users/oparker/workspace/design_1_wrapper/ps7_cortexa9_0/domain_ps7_cortexa9_0/bsp/system.mss|system_1||
C:/Users/oparker/workspace/design_1_wrapper/zynq_fsbl/zynq_fsbl_bsp/system.mss|system_0||

TRACE::2025-02-28.10:19:19::SCWMssOS::No sw design opened at  C:/Users/oparker/workspace/TPG/zynq_fsbl/zynq_fsbl_bsp/system.mss
TRACE::2025-02-28.10:19:19::SCWMssOS::mss exists loading the mss file  C:/Users/oparker/workspace/TPG/zynq_fsbl/zynq_fsbl_bsp/system.mss
TRACE::2025-02-28.10:19:19::SCWMssOS::Opened the sw design from mss  C:/Users/oparker/workspace/TPG/zynq_fsbl/zynq_fsbl_bsp/system.mss
TRACE::2025-02-28.10:19:19::SCWMssOS::Adding the swdes entry C:/Users/oparker/workspace/TPG/zynq_fsbl/zynq_fsbl_bsp/system.mss with des name system
TRACE::2025-02-28.10:19:19::SCWMssOS::updating the scw layer about changes
TRACE::2025-02-28.10:19:19::SCWMssOS::Opened the sw design.  C:/Users/oparker/workspace/TPG/zynq_fsbl/zynq_fsbl_bsp/system.mss
TRACE::2025-02-28.10:19:19::SCWMssOS::Saving the mss changes C:/Users/oparker/workspace/TPG/zynq_fsbl/zynq_fsbl_bsp/system.mss
TRACE::2025-02-28.10:19:19::SCWMssOS::Found a swdesign opened with the mssfile.
TRACE::2025-02-28.10:19:19::SCWMssOS::Completed writemss as part of save.
TRACE::2025-02-28.10:19:19::SCWMssOS::Commit changes completed.
TRACE::2025-02-28.10:19:19::SCWMssOS::Saving the mss changes C:/Users/oparker/workspace/TPG/ps7_cortexa9_0/standalone_domain/bsp/system.mss
TRACE::2025-02-28.10:19:19::SCWMssOS::Adding the swdes entry, mss present, able to open swdb C:/Users/oparker/workspace/TPG/ps7_cortexa9_0/standalone_domain/bsp/system.mss with des name system_2
TRACE::2025-02-28.10:19:19::SCWMssOS::Writing the mss file completed C:/Users/oparker/workspace/TPG/ps7_cortexa9_0/standalone_domain/bsp/system.mss
TRACE::2025-02-28.10:19:19::SCWMssOS::Commit changes completed.
TRACE::2025-02-28.10:19:19::SCWPlatform::Trying to open the hw design at C:/Users/oparker/workspace/TPG/hw/design_1_wrapper.xsa
TRACE::2025-02-28.10:19:19::SCWPlatform::DSA given C:/Users/oparker/workspace/TPG/hw/design_1_wrapper.xsa
TRACE::2025-02-28.10:19:19::SCWPlatform::DSA absoulate path C:/Users/oparker/workspace/TPG/hw/design_1_wrapper.xsa
TRACE::2025-02-28.10:19:19::SCWPlatform::DSA directory C:/Users/oparker/workspace/TPG/hw
TRACE::2025-02-28.10:19:19::SCWPlatform:: Platform Path C:/Users/oparker/workspace/TPG/hw/design_1_wrapper.xsa
TRACE::2025-02-28.10:19:19::SCWPlatform:: Unique name xilinx:zed::0.0
TRACE::2025-02-28.10:19:19::SCWPlatform::Trying to set the existing hwdb with name design_1_wrapper_8
TRACE::2025-02-28.10:19:19::SCWPlatform::Opened existing hwdb design_1_wrapper_8
TRACE::2025-02-28.10:19:19::SCWPlatform::Found the Hw Db part of the input DSA
TRACE::2025-02-28.10:19:19::SCWMssOS::Checking the sw design at  C:/Users/oparker/workspace/TPG/zynq_fsbl/zynq_fsbl_bsp/system.mss
TRACE::2025-02-28.10:19:19::SCWMssOS::DEBUG:  swdes dump  C:/Users/oparker/workspace/TPG/ps7_cortexa9_0/standalone_domain/bsp/system.mss|system_2||
C:/Users/oparker/workspace/TPG/zynq_fsbl/zynq_fsbl_bsp/system.mss|system||
C:/Users/oparker/workspace/design_1_wrapper/ps7_cortexa9_0/domain_ps7_cortexa9_0/bsp/system.mss|system_1||
C:/Users/oparker/workspace/design_1_wrapper/zynq_fsbl/zynq_fsbl_bsp/system.mss|system_0||

TRACE::2025-02-28.10:19:19::SCWMssOS::Sw design exists and opened at  C:/Users/oparker/workspace/TPG/zynq_fsbl/zynq_fsbl_bsp/system.mss
TRACE::2025-02-28.10:19:19::SCWPlatform::Trying to open the hw design at C:/Users/oparker/workspace/TPG/hw/design_1_wrapper.xsa
TRACE::2025-02-28.10:19:19::SCWPlatform::DSA given C:/Users/oparker/workspace/TPG/hw/design_1_wrapper.xsa
TRACE::2025-02-28.10:19:19::SCWPlatform::DSA absoulate path C:/Users/oparker/workspace/TPG/hw/design_1_wrapper.xsa
TRACE::2025-02-28.10:19:19::SCWPlatform::DSA directory C:/Users/oparker/workspace/TPG/hw
TRACE::2025-02-28.10:19:19::SCWPlatform:: Platform Path C:/Users/oparker/workspace/TPG/hw/design_1_wrapper.xsa
TRACE::2025-02-28.10:19:19::SCWPlatform:: Unique name xilinx:zed::0.0
TRACE::2025-02-28.10:19:19::SCWPlatform::Trying to set the existing hwdb with name design_1_wrapper_8
TRACE::2025-02-28.10:19:19::SCWPlatform::Opened existing hwdb design_1_wrapper_8
TRACE::2025-02-28.10:19:19::SCWPlatform::Found the Hw Db part of the input DSA
TRACE::2025-02-28.10:19:19::SCWMssOS::Checking the sw design at  C:/Users/oparker/workspace/TPG/ps7_cortexa9_0/standalone_domain/bsp/system.mss
TRACE::2025-02-28.10:19:19::SCWMssOS::DEBUG:  swdes dump  C:/Users/oparker/workspace/TPG/ps7_cortexa9_0/standalone_domain/bsp/system.mss|system_2||
C:/Users/oparker/workspace/TPG/zynq_fsbl/zynq_fsbl_bsp/system.mss|system||
C:/Users/oparker/workspace/design_1_wrapper/ps7_cortexa9_0/domain_ps7_cortexa9_0/bsp/system.mss|system_1||
C:/Users/oparker/workspace/design_1_wrapper/zynq_fsbl/zynq_fsbl_bsp/system.mss|system_0||

TRACE::2025-02-28.10:19:19::SCWMssOS::Sw design exists and opened at  C:/Users/oparker/workspace/TPG/ps7_cortexa9_0/standalone_domain/bsp/system.mss
TRACE::2025-02-28.10:19:19::SCWWriter::formatted JSON is {
	"platformName":	"TPG",
	"sprVersion":	"2.0",
	"mode":	"gui",
	"dsaType":	"Fixed",
	"platformDesc":	"TPG",
	"platHandOff":	"C:/Users/oparker/Downloads/MP-2/MP-2/mp2.xpr/project_1/design_1_wrapper.xsa",
	"platIntHandOff":	"<platformDir>/hw/design_1_wrapper.xsa",
	"deviceType":	"zynq",
	"platIsPrebuiltAutogen":	"false",
	"platIsNoBootBsp":	"false",
	"hasFsblMakeHasChanges":	"false",
	"hasPmufwMakeHasChanges":	"false",
	"fsblExtraCompilerFlags":	"-MMD -MP       -mcpu=cortex-a9 -mfpu=vfpv3 -mfloat-abi=hard ",
	"platPreBuiltFlag":	false,
	"platformSamplesDir":	"",
	"platActiveSys":	"TPG",
	"systems":	[{
			"systemName":	"TPG",
			"systemDesc":	"TPG",
			"sysIsBootAutoGen":	"true",
			"systemDispName":	"TPG",
			"sysActiveDom":	"standalone_domain",
			"sysDefaultDom":	"standalone_domain",
			"domains":	[{
					"domainName":	"zynq_fsbl",
					"domainDispName":	"zynq_fsbl",
					"domainDesc":	"FSBL Application BSP - Auto Generated.",
					"processors":	"ps7_cortexa9_0",
					"os":	"standalone",
					"sdxOs":	"standalone",
					"debugEnable":	"",
					"domRuntimes":	["cpp"],
					"swRepo":	"",
					"mssOsVer":	"7.2",
					"mssFile":	"",
					"md5Digest":	"158a679dab493f3308b1d2cbafc496b0",
					"compatibleApp":	"zynq_fsbl",
					"domType":	"bootDomain",
					"appSettings":	{
						"appCompilerFlags":	"",
						"appLinkerFlags":	""
					},
					"addedLibs":	["xilffs:4.3", "xilrsa:1.6"],
					"libOptions":	{
						"libsContainingOptions":	[]
					},
					"prebuiltLibs":	{
						"prebuiltIncPath":	[],
						"prebuiltLibPath":	[]
					},
					"isolation":	{
					}
				}, {
					"domainName":	"standalone_domain",
					"domainDispName":	"standalone on ps7_cortexa9_0",
					"domainDesc":	"standalone_domain",
					"processors":	"ps7_cortexa9_0",
					"os":	"standalone",
					"sdxOs":	"standalone",
					"qemuArgs":	"C:/Xilinx/Vitis/2020.1/data/emulation/platforms/zynq/qemu/qemu_args.txt",
					"qemuData":	"C:/Xilinx/Vitis/2020.1/data/emulation/platforms/zynq/qemu/",
					"debugEnable":	"False",
					"domRuntimes":	["cpp"],
					"swRepo":	"",
					"mssOsVer":	"7.2",
					"mssFile":	"",
					"md5Digest":	"85ba41434c82914f0e9e24fa6ddcf962",
					"compatibleApp":	"",
					"domType":	"mssDomain",
					"appSettings":	{
						"appCompilerFlags":	"",
						"appLinkerFlags":	""
					},
					"addedLibs":	[],
					"libOptions":	{
						"libsContainingOptions":	[]
					},
					"prebuiltLibs":	{
						"prebuiltIncPath":	[],
						"prebuiltLibPath":	[]
					},
					"isolation":	{
					}
				}]
		}]
}
TRACE::2025-02-28.10:22:06::SCWPlatform::Trying to open the hw design at C:/Users/oparker/workspace/TPG/hw/design_1_wrapper.xsa
TRACE::2025-02-28.10:22:06::SCWPlatform::DSA given C:/Users/oparker/workspace/TPG/hw/design_1_wrapper.xsa
TRACE::2025-02-28.10:22:06::SCWPlatform::DSA absoulate path C:/Users/oparker/workspace/TPG/hw/design_1_wrapper.xsa
TRACE::2025-02-28.10:22:06::SCWPlatform::DSA directory C:/Users/oparker/workspace/TPG/hw
TRACE::2025-02-28.10:22:06::SCWPlatform:: Platform Path C:/Users/oparker/workspace/TPG/hw/design_1_wrapper.xsa
TRACE::2025-02-28.10:22:06::SCWPlatform:: Unique name xilinx:zed::0.0
TRACE::2025-02-28.10:22:06::SCWPlatform::Trying to set the existing hwdb with name design_1_wrapper_8
TRACE::2025-02-28.10:22:06::SCWPlatform::Opened existing hwdb design_1_wrapper_8
TRACE::2025-02-28.10:22:06::SCWPlatform::Found the Hw Db part of the input DSA
TRACE::2025-02-28.10:22:06::SCWPlatform::DSA given C:/Users/oparker/workspace/TPG/tempdsa/design_1_wrapper.xsa
TRACE::2025-02-28.10:22:06::SCWPlatform::DSA absoulate path C:/Users/oparker/workspace/TPG/tempdsa/design_1_wrapper.xsa
TRACE::2025-02-28.10:22:06::SCWPlatform:: Platform location is C:/Users/oparker/workspace/TPG/tempdsa
TRACE::2025-02-28.10:22:06::SCWPlatform:: Platform Path C:/Users/oparker/workspace/TPG/tempdsa/design_1_wrapper.xsa
TRACE::2025-02-28.10:22:06::SCWPlatform:: Unique name xilinx:zed::0.0
TRACE::2025-02-28.10:22:07::SCWPlatform::Found the Hw Db part of the input DSA
TRACE::2025-02-28.10:22:07::SCWMssOS::Doing hw sync for the mss in domain: zynq_fsbl
TRACE::2025-02-28.10:22:07::SCWPlatform::Trying to open the hw design at C:/Users/oparker/workspace/TPG/hw/design_1_wrapper.xsa
TRACE::2025-02-28.10:22:07::SCWPlatform::DSA given C:/Users/oparker/workspace/TPG/hw/design_1_wrapper.xsa
TRACE::2025-02-28.10:22:07::SCWPlatform::DSA absoulate path C:/Users/oparker/workspace/TPG/hw/design_1_wrapper.xsa
TRACE::2025-02-28.10:22:07::SCWPlatform::DSA directory C:/Users/oparker/workspace/TPG/hw
TRACE::2025-02-28.10:22:07::SCWPlatform:: Platform Path C:/Users/oparker/workspace/TPG/hw/design_1_wrapper.xsa
TRACE::2025-02-28.10:22:07::SCWPlatform:: Unique name xilinx:zed::0.0
TRACE::2025-02-28.10:22:07::SCWPlatform::Trying to set the existing hwdb with name design_1_wrapper_8
TRACE::2025-02-28.10:22:07::SCWPlatform::Opened existing hwdb design_1_wrapper_8
TRACE::2025-02-28.10:22:07::SCWPlatform::Found the Hw Db part of the input DSA
TRACE::2025-02-28.10:22:07::SCWPlatform::Trying to open the hw design at C:/Users/oparker/workspace/TPG/hw/design_1_wrapper.xsa
TRACE::2025-02-28.10:22:07::SCWPlatform::DSA given C:/Users/oparker/workspace/TPG/hw/design_1_wrapper.xsa
TRACE::2025-02-28.10:22:07::SCWPlatform::DSA absoulate path C:/Users/oparker/workspace/TPG/hw/design_1_wrapper.xsa
TRACE::2025-02-28.10:22:07::SCWPlatform::DSA directory C:/Users/oparker/workspace/TPG/hw
TRACE::2025-02-28.10:22:07::SCWPlatform:: Platform Path C:/Users/oparker/workspace/TPG/hw/design_1_wrapper.xsa
TRACE::2025-02-28.10:22:07::SCWPlatform:: Unique name xilinx:zed::0.0
TRACE::2025-02-28.10:22:07::SCWPlatform::Trying to set the existing hwdb with name design_1_wrapper_8
TRACE::2025-02-28.10:22:07::SCWPlatform::Opened existing hwdb design_1_wrapper_8
TRACE::2025-02-28.10:22:07::SCWPlatform::Found the Hw Db part of the input DSA
TRACE::2025-02-28.10:22:07::SCWMssOS::Checking the sw design at  C:/Users/oparker/workspace/TPG/zynq_fsbl/zynq_fsbl_bsp/system.mss
TRACE::2025-02-28.10:22:07::SCWMssOS::DEBUG:  swdes dump  C:/Users/oparker/workspace/TPG/ps7_cortexa9_0/standalone_domain/bsp/system.mss|system_2||
C:/Users/oparker/workspace/TPG/zynq_fsbl/zynq_fsbl_bsp/system.mss|system||
C:/Users/oparker/workspace/design_1_wrapper/ps7_cortexa9_0/domain_ps7_cortexa9_0/bsp/system.mss|system_1||
C:/Users/oparker/workspace/design_1_wrapper/zynq_fsbl/zynq_fsbl_bsp/system.mss|system_0||

TRACE::2025-02-28.10:22:07::SCWMssOS::Sw design exists and opened at  C:/Users/oparker/workspace/TPG/zynq_fsbl/zynq_fsbl_bsp/system.mss
TRACE::2025-02-28.10:22:07::SCWPlatform::Trying to open the hw design at C:/Users/oparker/workspace/TPG/tempdsa/design_1_wrapper.xsa
TRACE::2025-02-28.10:22:07::SCWPlatform::DSA given C:/Users/oparker/workspace/TPG/tempdsa/design_1_wrapper.xsa
TRACE::2025-02-28.10:22:07::SCWPlatform::DSA absoulate path C:/Users/oparker/workspace/TPG/tempdsa/design_1_wrapper.xsa
TRACE::2025-02-28.10:22:07::SCWPlatform::DSA directory C:/Users/oparker/workspace/TPG/tempdsa
TRACE::2025-02-28.10:22:07::SCWPlatform:: Platform Path C:/Users/oparker/workspace/TPG/tempdsa/design_1_wrapper.xsa
TRACE::2025-02-28.10:22:07::SCWPlatform:: Unique name xilinx:zed::0.0
TRACE::2025-02-28.10:22:07::SCWPlatform::update - Opened existing hwdb design_1_wrapper_10
TRACE::2025-02-28.10:22:07::SCWPlatform::Found the Hw Db part of the input DSA
TRACE::2025-02-28.10:22:07::SCWMssOS::Doing hw sync for the mss in domain: standalone_domain
TRACE::2025-02-28.10:22:07::SCWPlatform::Trying to open the hw design at C:/Users/oparker/workspace/TPG/hw/design_1_wrapper.xsa
TRACE::2025-02-28.10:22:07::SCWPlatform::DSA given C:/Users/oparker/workspace/TPG/hw/design_1_wrapper.xsa
TRACE::2025-02-28.10:22:07::SCWPlatform::DSA absoulate path C:/Users/oparker/workspace/TPG/hw/design_1_wrapper.xsa
TRACE::2025-02-28.10:22:07::SCWPlatform::DSA directory C:/Users/oparker/workspace/TPG/hw
TRACE::2025-02-28.10:22:07::SCWPlatform:: Platform Path C:/Users/oparker/workspace/TPG/hw/design_1_wrapper.xsa
TRACE::2025-02-28.10:22:07::SCWPlatform:: Unique name xilinx:zed::0.0
TRACE::2025-02-28.10:22:07::SCWPlatform::Trying to set the existing hwdb with name design_1_wrapper_8
TRACE::2025-02-28.10:22:07::SCWPlatform::Opened existing hwdb design_1_wrapper_8
TRACE::2025-02-28.10:22:07::SCWPlatform::Found the Hw Db part of the input DSA
TRACE::2025-02-28.10:22:07::SCWPlatform::Trying to open the hw design at C:/Users/oparker/workspace/TPG/hw/design_1_wrapper.xsa
TRACE::2025-02-28.10:22:07::SCWPlatform::DSA given C:/Users/oparker/workspace/TPG/hw/design_1_wrapper.xsa
TRACE::2025-02-28.10:22:07::SCWPlatform::DSA absoulate path C:/Users/oparker/workspace/TPG/hw/design_1_wrapper.xsa
TRACE::2025-02-28.10:22:07::SCWPlatform::DSA directory C:/Users/oparker/workspace/TPG/hw
TRACE::2025-02-28.10:22:07::SCWPlatform:: Platform Path C:/Users/oparker/workspace/TPG/hw/design_1_wrapper.xsa
TRACE::2025-02-28.10:22:07::SCWPlatform:: Unique name xilinx:zed::0.0
TRACE::2025-02-28.10:22:07::SCWPlatform::Trying to set the existing hwdb with name design_1_wrapper_8
TRACE::2025-02-28.10:22:07::SCWPlatform::Opened existing hwdb design_1_wrapper_8
TRACE::2025-02-28.10:22:07::SCWPlatform::Found the Hw Db part of the input DSA
TRACE::2025-02-28.10:22:07::SCWMssOS::Checking the sw design at  C:/Users/oparker/workspace/TPG/ps7_cortexa9_0/standalone_domain/bsp/system.mss
TRACE::2025-02-28.10:22:07::SCWMssOS::DEBUG:  swdes dump  C:/Users/oparker/workspace/TPG/ps7_cortexa9_0/standalone_domain/bsp/system.mss|system_2||
C:/Users/oparker/workspace/TPG/zynq_fsbl/zynq_fsbl_bsp/system.mss|system||
C:/Users/oparker/workspace/design_1_wrapper/ps7_cortexa9_0/domain_ps7_cortexa9_0/bsp/system.mss|system_1||
C:/Users/oparker/workspace/design_1_wrapper/zynq_fsbl/zynq_fsbl_bsp/system.mss|system_0||

TRACE::2025-02-28.10:22:07::SCWMssOS::Sw design exists and opened at  C:/Users/oparker/workspace/TPG/ps7_cortexa9_0/standalone_domain/bsp/system.mss
TRACE::2025-02-28.10:22:07::SCWPlatform::Trying to open the hw design at C:/Users/oparker/workspace/TPG/tempdsa/design_1_wrapper.xsa
TRACE::2025-02-28.10:22:07::SCWPlatform::DSA given C:/Users/oparker/workspace/TPG/tempdsa/design_1_wrapper.xsa
TRACE::2025-02-28.10:22:07::SCWPlatform::DSA absoulate path C:/Users/oparker/workspace/TPG/tempdsa/design_1_wrapper.xsa
TRACE::2025-02-28.10:22:07::SCWPlatform::DSA directory C:/Users/oparker/workspace/TPG/tempdsa
TRACE::2025-02-28.10:22:07::SCWPlatform:: Platform Path C:/Users/oparker/workspace/TPG/tempdsa/design_1_wrapper.xsa
TRACE::2025-02-28.10:22:07::SCWPlatform:: Unique name xilinx:zed::0.0
TRACE::2025-02-28.10:22:07::SCWPlatform::update - Opened existing hwdb design_1_wrapper_10
TRACE::2025-02-28.10:22:07::SCWPlatform::Found the Hw Db part of the input DSA
TRACE::2025-02-28.10:22:07::SCWMssOS::Saving the mss changes C:/Users/oparker/workspace/TPG/zynq_fsbl/zynq_fsbl_bsp/system.mss
TRACE::2025-02-28.10:22:07::SCWMssOS::Found a swdesign opened with the mssfile.
TRACE::2025-02-28.10:22:07::SCWMssOS::Completed writemss as part of save.
TRACE::2025-02-28.10:22:07::SCWMssOS::Commit changes completed.
TRACE::2025-02-28.10:22:07::SCWMssOS::Completed hw sync for the mss in domain: zynq_fsbl
TRACE::2025-02-28.10:22:07::SCWMssOS::Removing the swdes entry for  C:/Users/oparker/workspace/TPG/zynq_fsbl/zynq_fsbl_bsp/system.mss
TRACE::2025-02-28.10:22:07::SCWMssOS::Saving the mss changes C:/Users/oparker/workspace/TPG/ps7_cortexa9_0/standalone_domain/bsp/system.mss
TRACE::2025-02-28.10:22:07::SCWMssOS::Found a swdesign opened with the mssfile.
TRACE::2025-02-28.10:22:07::SCWMssOS::Completed writemss as part of save.
TRACE::2025-02-28.10:22:07::SCWMssOS::Commit changes completed.
TRACE::2025-02-28.10:22:07::SCWMssOS::Completed hw sync for the mss in domain: standalone_domain
TRACE::2025-02-28.10:22:07::SCWMssOS::Removing the swdes entry for  C:/Users/oparker/workspace/TPG/ps7_cortexa9_0/standalone_domain/bsp/system.mss
TRACE::2025-02-28.10:22:07::SCWPlatform::Trying to open the hw design at C:/Users/oparker/workspace/TPG/hw/design_1_wrapper.xsa
TRACE::2025-02-28.10:22:07::SCWPlatform::DSA given C:/Users/oparker/workspace/TPG/hw/design_1_wrapper.xsa
TRACE::2025-02-28.10:22:07::SCWPlatform::DSA absoulate path C:/Users/oparker/workspace/TPG/hw/design_1_wrapper.xsa
TRACE::2025-02-28.10:22:07::SCWPlatform::DSA directory C:/Users/oparker/workspace/TPG/hw
TRACE::2025-02-28.10:22:07::SCWPlatform:: Platform Path C:/Users/oparker/workspace/TPG/hw/design_1_wrapper.xsa
TRACE::2025-02-28.10:22:07::SCWPlatform:: Unique name xilinx:zed::0.0
TRACE::2025-02-28.10:22:07::SCWPlatform::Do not have an existing db opened. 
TRACE::2025-02-28.10:22:08::SCWPlatform::Opened new HwDB with name design_1_wrapper_11
TRACE::2025-02-28.10:22:08::SCWPlatform::Trying to open the hw design at C:/Users/oparker/workspace/TPG/hw/design_1_wrapper.xsa
TRACE::2025-02-28.10:22:08::SCWPlatform::DSA given C:/Users/oparker/workspace/TPG/hw/design_1_wrapper.xsa
TRACE::2025-02-28.10:22:08::SCWPlatform::DSA absoulate path C:/Users/oparker/workspace/TPG/hw/design_1_wrapper.xsa
TRACE::2025-02-28.10:22:08::SCWPlatform::DSA directory C:/Users/oparker/workspace/TPG/hw
TRACE::2025-02-28.10:22:08::SCWPlatform:: Platform Path C:/Users/oparker/workspace/TPG/hw/design_1_wrapper.xsa
TRACE::2025-02-28.10:22:08::SCWPlatform:: Unique name xilinx:zed::0.0
TRACE::2025-02-28.10:22:08::SCWPlatform::Trying to set the existing hwdb with name design_1_wrapper_11
TRACE::2025-02-28.10:22:08::SCWPlatform::Opened existing hwdb design_1_wrapper_11
TRACE::2025-02-28.10:22:08::SCWPlatform::Found the Hw Db part of the input DSA
TRACE::2025-02-28.10:22:08::SCWMssOS::Checking the sw design at  C:/Users/oparker/workspace/TPG/zynq_fsbl/zynq_fsbl_bsp/system.mss
TRACE::2025-02-28.10:22:08::SCWMssOS::DEBUG:  swdes dump  C:/Users/oparker/workspace/design_1_wrapper/ps7_cortexa9_0/domain_ps7_cortexa9_0/bsp/system.mss|system_1||
C:/Users/oparker/workspace/design_1_wrapper/zynq_fsbl/zynq_fsbl_bsp/system.mss|system_0||

TRACE::2025-02-28.10:22:08::SCWMssOS::No sw design opened at  C:/Users/oparker/workspace/TPG/zynq_fsbl/zynq_fsbl_bsp/system.mss
TRACE::2025-02-28.10:22:08::SCWMssOS::mss exists loading the mss file  C:/Users/oparker/workspace/TPG/zynq_fsbl/zynq_fsbl_bsp/system.mss
TRACE::2025-02-28.10:22:08::SCWMssOS::Opened the sw design from mss  C:/Users/oparker/workspace/TPG/zynq_fsbl/zynq_fsbl_bsp/system.mss
TRACE::2025-02-28.10:22:08::SCWMssOS::Adding the swdes entry C:/Users/oparker/workspace/TPG/zynq_fsbl/zynq_fsbl_bsp/system.mss with des name system
TRACE::2025-02-28.10:22:08::SCWMssOS::updating the scw layer about changes
TRACE::2025-02-28.10:22:08::SCWMssOS::Opened the sw design.  C:/Users/oparker/workspace/TPG/zynq_fsbl/zynq_fsbl_bsp/system.mss
TRACE::2025-02-28.10:22:08::SCWMssOS::Saving the mss changes C:/Users/oparker/workspace/TPG/zynq_fsbl/zynq_fsbl_bsp/system.mss
TRACE::2025-02-28.10:22:08::SCWMssOS::Found a swdesign opened with the mssfile.
TRACE::2025-02-28.10:22:08::SCWMssOS::Completed writemss as part of save.
TRACE::2025-02-28.10:22:08::SCWMssOS::Commit changes completed.
TRACE::2025-02-28.10:22:08::SCWMssOS::Saving the mss changes C:/Users/oparker/workspace/TPG/ps7_cortexa9_0/standalone_domain/bsp/system.mss
TRACE::2025-02-28.10:22:08::SCWMssOS::Adding the swdes entry, mss present, able to open swdb C:/Users/oparker/workspace/TPG/ps7_cortexa9_0/standalone_domain/bsp/system.mss with des name system_2
TRACE::2025-02-28.10:22:08::SCWMssOS::Writing the mss file completed C:/Users/oparker/workspace/TPG/ps7_cortexa9_0/standalone_domain/bsp/system.mss
TRACE::2025-02-28.10:22:08::SCWMssOS::Commit changes completed.
TRACE::2025-02-28.10:22:08::SCWPlatform::Trying to open the hw design at C:/Users/oparker/workspace/TPG/hw/design_1_wrapper.xsa
TRACE::2025-02-28.10:22:08::SCWPlatform::DSA given C:/Users/oparker/workspace/TPG/hw/design_1_wrapper.xsa
TRACE::2025-02-28.10:22:08::SCWPlatform::DSA absoulate path C:/Users/oparker/workspace/TPG/hw/design_1_wrapper.xsa
TRACE::2025-02-28.10:22:08::SCWPlatform::DSA directory C:/Users/oparker/workspace/TPG/hw
TRACE::2025-02-28.10:22:08::SCWPlatform:: Platform Path C:/Users/oparker/workspace/TPG/hw/design_1_wrapper.xsa
TRACE::2025-02-28.10:22:08::SCWPlatform:: Unique name xilinx:zed::0.0
TRACE::2025-02-28.10:22:08::SCWPlatform::Trying to set the existing hwdb with name design_1_wrapper_11
TRACE::2025-02-28.10:22:08::SCWPlatform::Opened existing hwdb design_1_wrapper_11
TRACE::2025-02-28.10:22:08::SCWPlatform::Found the Hw Db part of the input DSA
TRACE::2025-02-28.10:22:08::SCWMssOS::Checking the sw design at  C:/Users/oparker/workspace/TPG/zynq_fsbl/zynq_fsbl_bsp/system.mss
TRACE::2025-02-28.10:22:08::SCWMssOS::DEBUG:  swdes dump  C:/Users/oparker/workspace/TPG/ps7_cortexa9_0/standalone_domain/bsp/system.mss|system_2||
C:/Users/oparker/workspace/TPG/zynq_fsbl/zynq_fsbl_bsp/system.mss|system||
C:/Users/oparker/workspace/design_1_wrapper/ps7_cortexa9_0/domain_ps7_cortexa9_0/bsp/system.mss|system_1||
C:/Users/oparker/workspace/design_1_wrapper/zynq_fsbl/zynq_fsbl_bsp/system.mss|system_0||

TRACE::2025-02-28.10:22:08::SCWMssOS::Sw design exists and opened at  C:/Users/oparker/workspace/TPG/zynq_fsbl/zynq_fsbl_bsp/system.mss
TRACE::2025-02-28.10:22:08::SCWPlatform::Trying to open the hw design at C:/Users/oparker/workspace/TPG/hw/design_1_wrapper.xsa
TRACE::2025-02-28.10:22:08::SCWPlatform::DSA given C:/Users/oparker/workspace/TPG/hw/design_1_wrapper.xsa
TRACE::2025-02-28.10:22:08::SCWPlatform::DSA absoulate path C:/Users/oparker/workspace/TPG/hw/design_1_wrapper.xsa
TRACE::2025-02-28.10:22:08::SCWPlatform::DSA directory C:/Users/oparker/workspace/TPG/hw
TRACE::2025-02-28.10:22:08::SCWPlatform:: Platform Path C:/Users/oparker/workspace/TPG/hw/design_1_wrapper.xsa
TRACE::2025-02-28.10:22:08::SCWPlatform:: Unique name xilinx:zed::0.0
TRACE::2025-02-28.10:22:08::SCWPlatform::Trying to set the existing hwdb with name design_1_wrapper_11
TRACE::2025-02-28.10:22:08::SCWPlatform::Opened existing hwdb design_1_wrapper_11
TRACE::2025-02-28.10:22:08::SCWPlatform::Found the Hw Db part of the input DSA
TRACE::2025-02-28.10:22:08::SCWMssOS::Checking the sw design at  C:/Users/oparker/workspace/TPG/ps7_cortexa9_0/standalone_domain/bsp/system.mss
TRACE::2025-02-28.10:22:08::SCWMssOS::DEBUG:  swdes dump  C:/Users/oparker/workspace/TPG/ps7_cortexa9_0/standalone_domain/bsp/system.mss|system_2||
C:/Users/oparker/workspace/TPG/zynq_fsbl/zynq_fsbl_bsp/system.mss|system||
C:/Users/oparker/workspace/design_1_wrapper/ps7_cortexa9_0/domain_ps7_cortexa9_0/bsp/system.mss|system_1||
C:/Users/oparker/workspace/design_1_wrapper/zynq_fsbl/zynq_fsbl_bsp/system.mss|system_0||

TRACE::2025-02-28.10:22:08::SCWMssOS::Sw design exists and opened at  C:/Users/oparker/workspace/TPG/ps7_cortexa9_0/standalone_domain/bsp/system.mss
TRACE::2025-02-28.10:22:08::SCWWriter::formatted JSON is {
	"platformName":	"TPG",
	"sprVersion":	"2.0",
	"mode":	"gui",
	"dsaType":	"Fixed",
	"platformDesc":	"TPG",
	"platHandOff":	"C:/Users/oparker/Downloads/MP-2/MP-2/mp2.xpr/project_1/design_1_wrapper.xsa",
	"platIntHandOff":	"<platformDir>/hw/design_1_wrapper.xsa",
	"deviceType":	"zynq",
	"platIsPrebuiltAutogen":	"false",
	"platIsNoBootBsp":	"false",
	"hasFsblMakeHasChanges":	"false",
	"hasPmufwMakeHasChanges":	"false",
	"fsblExtraCompilerFlags":	"-MMD -MP       -mcpu=cortex-a9 -mfpu=vfpv3 -mfloat-abi=hard ",
	"platPreBuiltFlag":	false,
	"platformSamplesDir":	"",
	"platActiveSys":	"TPG",
	"systems":	[{
			"systemName":	"TPG",
			"systemDesc":	"TPG",
			"sysIsBootAutoGen":	"true",
			"systemDispName":	"TPG",
			"sysActiveDom":	"standalone_domain",
			"sysDefaultDom":	"standalone_domain",
			"domains":	[{
					"domainName":	"zynq_fsbl",
					"domainDispName":	"zynq_fsbl",
					"domainDesc":	"FSBL Application BSP - Auto Generated.",
					"processors":	"ps7_cortexa9_0",
					"os":	"standalone",
					"sdxOs":	"standalone",
					"debugEnable":	"",
					"domRuntimes":	["cpp"],
					"swRepo":	"",
					"mssOsVer":	"7.2",
					"mssFile":	"",
					"md5Digest":	"158a679dab493f3308b1d2cbafc496b0",
					"compatibleApp":	"zynq_fsbl",
					"domType":	"bootDomain",
					"appSettings":	{
						"appCompilerFlags":	"",
						"appLinkerFlags":	""
					},
					"addedLibs":	["xilffs:4.3", "xilrsa:1.6"],
					"libOptions":	{
						"libsContainingOptions":	[]
					},
					"prebuiltLibs":	{
						"prebuiltIncPath":	[],
						"prebuiltLibPath":	[]
					},
					"isolation":	{
					}
				}, {
					"domainName":	"standalone_domain",
					"domainDispName":	"standalone on ps7_cortexa9_0",
					"domainDesc":	"standalone_domain",
					"processors":	"ps7_cortexa9_0",
					"os":	"standalone",
					"sdxOs":	"standalone",
					"qemuArgs":	"C:/Xilinx/Vitis/2020.1/data/emulation/platforms/zynq/qemu/qemu_args.txt",
					"qemuData":	"C:/Xilinx/Vitis/2020.1/data/emulation/platforms/zynq/qemu/",
					"debugEnable":	"False",
					"domRuntimes":	["cpp"],
					"swRepo":	"",
					"mssOsVer":	"7.2",
					"mssFile":	"",
					"md5Digest":	"85ba41434c82914f0e9e24fa6ddcf962",
					"compatibleApp":	"",
					"domType":	"mssDomain",
					"appSettings":	{
						"appCompilerFlags":	"",
						"appLinkerFlags":	""
					},
					"addedLibs":	[],
					"libOptions":	{
						"libsContainingOptions":	[]
					},
					"prebuiltLibs":	{
						"prebuiltIncPath":	[],
						"prebuiltLibPath":	[]
					},
					"isolation":	{
					}
				}]
		}]
}
TRACE::2025-02-28.10:22:09::SCWPlatform::Clearing the existing platform
TRACE::2025-02-28.10:22:09::SCWSystem::Clearing the existing sysconfig
TRACE::2025-02-28.10:22:09::SCWBDomain::clearing the fsbl build
TRACE::2025-02-28.10:22:09::SCWMssOS::Removing the swdes entry for  C:/Users/oparker/workspace/TPG/zynq_fsbl/zynq_fsbl_bsp/system.mss
TRACE::2025-02-28.10:22:09::SCWMssOS::Removing the swdes entry for  C:/Users/oparker/workspace/TPG/ps7_cortexa9_0/standalone_domain/bsp/system.mss
TRACE::2025-02-28.10:22:09::SCWSystem::Clearing the domains completed.
TRACE::2025-02-28.10:22:09::SCWPlatform::Clearing the opened hw db.
TRACE::2025-02-28.10:22:09::SCWPlatform::DSA given C:/Users/oparker/workspace/TPG/hw/design_1_wrapper.xsa
TRACE::2025-02-28.10:22:09::SCWPlatform::DSA absoulate path C:/Users/oparker/workspace/TPG/hw/design_1_wrapper.xsa
TRACE::2025-02-28.10:22:09::SCWPlatform:: Platform location is C:/Users/oparker/workspace/TPG/hw
TRACE::2025-02-28.10:22:09::SCWPlatform:: Platform Path C:/Users/oparker/workspace/TPG/hw/design_1_wrapper.xsa
TRACE::2025-02-28.10:22:09::SCWPlatform:: Unique name xilinx:zed::0.0
TRACE::2025-02-28.10:22:09::SCWPlatform::Removing the HwDB with name C:/Users/oparker/workspace/TPG/hw/design_1_wrapper.xsa
TRACE::2025-02-28.10:22:09::SCWPlatform::Trying to open the hw design at C:/Users/oparker/workspace/TPG/hw/design_1_wrapper.xsa
TRACE::2025-02-28.10:22:09::SCWPlatform::DSA given C:/Users/oparker/workspace/TPG/hw/design_1_wrapper.xsa
TRACE::2025-02-28.10:22:09::SCWPlatform::DSA absoulate path C:/Users/oparker/workspace/TPG/hw/design_1_wrapper.xsa
TRACE::2025-02-28.10:22:09::SCWPlatform::DSA directory C:/Users/oparker/workspace/TPG/hw
TRACE::2025-02-28.10:22:09::SCWPlatform:: Platform Path C:/Users/oparker/workspace/TPG/hw/design_1_wrapper.xsa
TRACE::2025-02-28.10:22:09::SCWPlatform:: Unique name xilinx:zed::0.0
TRACE::2025-02-28.10:22:09::SCWPlatform::Do not have an existing db opened. 
TRACE::2025-02-28.10:22:11::SCWPlatform::Opened new HwDB with name design_1_wrapper_12
TRACE::2025-02-28.10:22:11::SCWReader::Active system found as  TPG
TRACE::2025-02-28.10:22:11::SCWReader::Handling sysconfig TPG
TRACE::2025-02-28.10:22:11::SCWDomain::checking for install qemu data   : 
TRACE::2025-02-28.10:22:11::SCWDomain:: Using the QEMU Data from install at  : C:/Xilinx/Vitis/2020.1/data/emulation/platforms/zynq/qemu/
TRACE::2025-02-28.10:22:11::SCWDomain:: Using the QEMU args  from install at  : C:/Xilinx/Vitis/2020.1/data/emulation/platforms/zynq/qemu/qemu_args.txt
TRACE::2025-02-28.10:22:11::SCWPlatform::Trying to open the hw design at C:/Users/oparker/workspace/TPG/hw/design_1_wrapper.xsa
TRACE::2025-02-28.10:22:11::SCWPlatform::DSA given C:/Users/oparker/workspace/TPG/hw/design_1_wrapper.xsa
TRACE::2025-02-28.10:22:11::SCWPlatform::DSA absoulate path C:/Users/oparker/workspace/TPG/hw/design_1_wrapper.xsa
TRACE::2025-02-28.10:22:11::SCWPlatform::DSA directory C:/Users/oparker/workspace/TPG/hw
TRACE::2025-02-28.10:22:11::SCWPlatform:: Platform Path C:/Users/oparker/workspace/TPG/hw/design_1_wrapper.xsa
TRACE::2025-02-28.10:22:11::SCWPlatform:: Unique name xilinx:zed::0.0
TRACE::2025-02-28.10:22:11::SCWPlatform::Trying to set the existing hwdb with name design_1_wrapper_12
TRACE::2025-02-28.10:22:11::SCWPlatform::Opened existing hwdb design_1_wrapper_12
TRACE::2025-02-28.10:22:11::SCWPlatform::Found the Hw Db part of the input DSA
TRACE::2025-02-28.10:22:11::SCWPlatform::Trying to open the hw design at C:/Users/oparker/workspace/TPG/hw/design_1_wrapper.xsa
TRACE::2025-02-28.10:22:11::SCWPlatform::DSA given C:/Users/oparker/workspace/TPG/hw/design_1_wrapper.xsa
TRACE::2025-02-28.10:22:11::SCWPlatform::DSA absoulate path C:/Users/oparker/workspace/TPG/hw/design_1_wrapper.xsa
TRACE::2025-02-28.10:22:11::SCWPlatform::DSA directory C:/Users/oparker/workspace/TPG/hw
TRACE::2025-02-28.10:22:11::SCWPlatform:: Platform Path C:/Users/oparker/workspace/TPG/hw/design_1_wrapper.xsa
TRACE::2025-02-28.10:22:11::SCWPlatform:: Unique name xilinx:zed::0.0
TRACE::2025-02-28.10:22:11::SCWPlatform::Trying to set the existing hwdb with name design_1_wrapper_12
TRACE::2025-02-28.10:22:11::SCWPlatform::Opened existing hwdb design_1_wrapper_12
TRACE::2025-02-28.10:22:11::SCWPlatform::Found the Hw Db part of the input DSA
TRACE::2025-02-28.10:22:11::SCWPlatform::Trying to open the hw design at C:/Users/oparker/workspace/TPG/hw/design_1_wrapper.xsa
TRACE::2025-02-28.10:22:11::SCWPlatform::DSA given C:/Users/oparker/workspace/TPG/hw/design_1_wrapper.xsa
TRACE::2025-02-28.10:22:11::SCWPlatform::DSA absoulate path C:/Users/oparker/workspace/TPG/hw/design_1_wrapper.xsa
TRACE::2025-02-28.10:22:11::SCWPlatform::DSA directory C:/Users/oparker/workspace/TPG/hw
TRACE::2025-02-28.10:22:11::SCWPlatform:: Platform Path C:/Users/oparker/workspace/TPG/hw/design_1_wrapper.xsa
TRACE::2025-02-28.10:22:11::SCWPlatform:: Unique name xilinx:zed::0.0
TRACE::2025-02-28.10:22:11::SCWPlatform::Trying to set the existing hwdb with name design_1_wrapper_12
TRACE::2025-02-28.10:22:11::SCWPlatform::Opened existing hwdb design_1_wrapper_12
TRACE::2025-02-28.10:22:11::SCWPlatform::Found the Hw Db part of the input DSA
TRACE::2025-02-28.10:22:11::SCWReader::Boot application domain added for zynq_fsbl
TRACE::2025-02-28.10:22:11::SCWPlatform::Trying to open the hw design at C:/Users/oparker/workspace/TPG/hw/design_1_wrapper.xsa
TRACE::2025-02-28.10:22:11::SCWPlatform::DSA given C:/Users/oparker/workspace/TPG/hw/design_1_wrapper.xsa
TRACE::2025-02-28.10:22:11::SCWPlatform::DSA absoulate path C:/Users/oparker/workspace/TPG/hw/design_1_wrapper.xsa
TRACE::2025-02-28.10:22:11::SCWPlatform::DSA directory C:/Users/oparker/workspace/TPG/hw
TRACE::2025-02-28.10:22:11::SCWPlatform:: Platform Path C:/Users/oparker/workspace/TPG/hw/design_1_wrapper.xsa
TRACE::2025-02-28.10:22:11::SCWPlatform:: Unique name xilinx:zed::0.0
TRACE::2025-02-28.10:22:11::SCWPlatform::Trying to set the existing hwdb with name design_1_wrapper_12
TRACE::2025-02-28.10:22:11::SCWPlatform::Opened existing hwdb design_1_wrapper_12
TRACE::2025-02-28.10:22:11::SCWPlatform::Found the Hw Db part of the input DSA
TRACE::2025-02-28.10:22:11::SCWMssOS::Checking the sw design at  C:/Users/oparker/workspace/TPG/zynq_fsbl/zynq_fsbl_bsp/system.mss
TRACE::2025-02-28.10:22:11::SCWMssOS::DEBUG:  swdes dump  C:/Users/oparker/workspace/design_1_wrapper/ps7_cortexa9_0/domain_ps7_cortexa9_0/bsp/system.mss|system_1||
C:/Users/oparker/workspace/design_1_wrapper/zynq_fsbl/zynq_fsbl_bsp/system.mss|system_0||

TRACE::2025-02-28.10:22:11::SCWMssOS::No sw design opened at  C:/Users/oparker/workspace/TPG/zynq_fsbl/zynq_fsbl_bsp/system.mss
TRACE::2025-02-28.10:22:11::SCWMssOS::mss exists loading the mss file  C:/Users/oparker/workspace/TPG/zynq_fsbl/zynq_fsbl_bsp/system.mss
TRACE::2025-02-28.10:22:11::SCWMssOS::Opened the sw design from mss  C:/Users/oparker/workspace/TPG/zynq_fsbl/zynq_fsbl_bsp/system.mss
TRACE::2025-02-28.10:22:11::SCWMssOS::Adding the swdes entry C:/Users/oparker/workspace/TPG/zynq_fsbl/zynq_fsbl_bsp/system.mss with des name system
TRACE::2025-02-28.10:22:11::SCWMssOS::updating the scw layer about changes
TRACE::2025-02-28.10:22:11::SCWMssOS::Opened the sw design.  C:/Users/oparker/workspace/TPG/zynq_fsbl/zynq_fsbl_bsp/system.mss
TRACE::2025-02-28.10:22:11::SCWPlatform::Trying to open the hw design at C:/Users/oparker/workspace/TPG/hw/design_1_wrapper.xsa
TRACE::2025-02-28.10:22:11::SCWPlatform::DSA given C:/Users/oparker/workspace/TPG/hw/design_1_wrapper.xsa
TRACE::2025-02-28.10:22:11::SCWPlatform::DSA absoulate path C:/Users/oparker/workspace/TPG/hw/design_1_wrapper.xsa
TRACE::2025-02-28.10:22:11::SCWPlatform::DSA directory C:/Users/oparker/workspace/TPG/hw
TRACE::2025-02-28.10:22:11::SCWPlatform:: Platform Path C:/Users/oparker/workspace/TPG/hw/design_1_wrapper.xsa
TRACE::2025-02-28.10:22:11::SCWPlatform:: Unique name xilinx:zed::0.0
TRACE::2025-02-28.10:22:11::SCWPlatform::Trying to set the existing hwdb with name design_1_wrapper_12
TRACE::2025-02-28.10:22:11::SCWPlatform::Opened existing hwdb design_1_wrapper_12
TRACE::2025-02-28.10:22:11::SCWPlatform::Found the Hw Db part of the input DSA
TRACE::2025-02-28.10:22:11::SCWMssOS::Checking the sw design at  C:/Users/oparker/workspace/TPG/zynq_fsbl/zynq_fsbl_bsp/system.mss
TRACE::2025-02-28.10:22:11::SCWMssOS::DEBUG:  swdes dump  C:/Users/oparker/workspace/TPG/zynq_fsbl/zynq_fsbl_bsp/system.mss|system||
C:/Users/oparker/workspace/design_1_wrapper/ps7_cortexa9_0/domain_ps7_cortexa9_0/bsp/system.mss|system_1||
C:/Users/oparker/workspace/design_1_wrapper/zynq_fsbl/zynq_fsbl_bsp/system.mss|system_0||

TRACE::2025-02-28.10:22:11::SCWMssOS::Sw design exists and opened at  C:/Users/oparker/workspace/TPG/zynq_fsbl/zynq_fsbl_bsp/system.mss
TRACE::2025-02-28.10:22:11::SCWMssOS:: library already available in sw design:  xilffs:4.3
TRACE::2025-02-28.10:22:11::SCWPlatform::Trying to open the hw design at C:/Users/oparker/workspace/TPG/hw/design_1_wrapper.xsa
TRACE::2025-02-28.10:22:11::SCWPlatform::DSA given C:/Users/oparker/workspace/TPG/hw/design_1_wrapper.xsa
TRACE::2025-02-28.10:22:11::SCWPlatform::DSA absoulate path C:/Users/oparker/workspace/TPG/hw/design_1_wrapper.xsa
TRACE::2025-02-28.10:22:11::SCWPlatform::DSA directory C:/Users/oparker/workspace/TPG/hw
TRACE::2025-02-28.10:22:11::SCWPlatform:: Platform Path C:/Users/oparker/workspace/TPG/hw/design_1_wrapper.xsa
TRACE::2025-02-28.10:22:11::SCWPlatform:: Unique name xilinx:zed::0.0
TRACE::2025-02-28.10:22:11::SCWPlatform::Trying to set the existing hwdb with name design_1_wrapper_12
TRACE::2025-02-28.10:22:11::SCWPlatform::Opened existing hwdb design_1_wrapper_12
TRACE::2025-02-28.10:22:11::SCWPlatform::Found the Hw Db part of the input DSA
TRACE::2025-02-28.10:22:11::SCWMssOS::Checking the sw design at  C:/Users/oparker/workspace/TPG/zynq_fsbl/zynq_fsbl_bsp/system.mss
TRACE::2025-02-28.10:22:11::SCWMssOS::DEBUG:  swdes dump  C:/Users/oparker/workspace/TPG/zynq_fsbl/zynq_fsbl_bsp/system.mss|system||
C:/Users/oparker/workspace/design_1_wrapper/ps7_cortexa9_0/domain_ps7_cortexa9_0/bsp/system.mss|system_1||
C:/Users/oparker/workspace/design_1_wrapper/zynq_fsbl/zynq_fsbl_bsp/system.mss|system_0||

TRACE::2025-02-28.10:22:11::SCWMssOS::Sw design exists and opened at  C:/Users/oparker/workspace/TPG/zynq_fsbl/zynq_fsbl_bsp/system.mss
TRACE::2025-02-28.10:22:11::SCWMssOS:: library already available in sw design:  xilrsa:1.6
TRACE::2025-02-28.10:22:11::SCWMssOS::Saving the mss changes C:/Users/oparker/workspace/TPG/zynq_fsbl/zynq_fsbl_bsp/system.mss
TRACE::2025-02-28.10:22:11::SCWMssOS::Found a swdesign opened with the mssfile.
TRACE::2025-02-28.10:22:11::SCWMssOS::Completed writemss as part of save.
TRACE::2025-02-28.10:22:11::SCWMssOS::Commit changes completed.
TRACE::2025-02-28.10:22:11::SCWReader::Adding prebuilt librarypaths as   
TRACE::2025-02-28.10:22:11::SCWReader::Adding prebuilt incpaths  as   
TRACE::2025-02-28.10:22:11::SCWPlatform::Trying to open the hw design at C:/Users/oparker/workspace/TPG/hw/design_1_wrapper.xsa
TRACE::2025-02-28.10:22:11::SCWPlatform::DSA given C:/Users/oparker/workspace/TPG/hw/design_1_wrapper.xsa
TRACE::2025-02-28.10:22:11::SCWPlatform::DSA absoulate path C:/Users/oparker/workspace/TPG/hw/design_1_wrapper.xsa
TRACE::2025-02-28.10:22:11::SCWPlatform::DSA directory C:/Users/oparker/workspace/TPG/hw
TRACE::2025-02-28.10:22:11::SCWPlatform:: Platform Path C:/Users/oparker/workspace/TPG/hw/design_1_wrapper.xsa
TRACE::2025-02-28.10:22:11::SCWPlatform:: Unique name xilinx:zed::0.0
TRACE::2025-02-28.10:22:11::SCWPlatform::Trying to set the existing hwdb with name design_1_wrapper_12
TRACE::2025-02-28.10:22:11::SCWPlatform::Opened existing hwdb design_1_wrapper_12
TRACE::2025-02-28.10:22:11::SCWPlatform::Found the Hw Db part of the input DSA
TRACE::2025-02-28.10:22:11::SCWMssOS::Checking the sw design at  C:/Users/oparker/workspace/TPG/zynq_fsbl/zynq_fsbl_bsp/system.mss
TRACE::2025-02-28.10:22:11::SCWMssOS::DEBUG:  swdes dump  C:/Users/oparker/workspace/TPG/zynq_fsbl/zynq_fsbl_bsp/system.mss|system||
C:/Users/oparker/workspace/design_1_wrapper/ps7_cortexa9_0/domain_ps7_cortexa9_0/bsp/system.mss|system_1||
C:/Users/oparker/workspace/design_1_wrapper/zynq_fsbl/zynq_fsbl_bsp/system.mss|system_0||

TRACE::2025-02-28.10:22:11::SCWMssOS::Sw design exists and opened at  C:/Users/oparker/workspace/TPG/zynq_fsbl/zynq_fsbl_bsp/system.mss
TRACE::2025-02-28.10:22:11::SCWReader::No isolation master present  
TRACE::2025-02-28.10:22:11::SCWDomain::checking for install qemu data   : 
TRACE::2025-02-28.10:22:11::SCWDomain:: Using the QEMU Data from install at  : C:/Xilinx/Vitis/2020.1/data/emulation/platforms/zynq/qemu/
TRACE::2025-02-28.10:22:11::SCWDomain:: Using the QEMU args  from install at  : C:/Xilinx/Vitis/2020.1/data/emulation/platforms/zynq/qemu/qemu_args.txt
TRACE::2025-02-28.10:22:11::SCWPlatform::Trying to open the hw design at C:/Users/oparker/workspace/TPG/hw/design_1_wrapper.xsa
TRACE::2025-02-28.10:22:11::SCWPlatform::DSA given C:/Users/oparker/workspace/TPG/hw/design_1_wrapper.xsa
TRACE::2025-02-28.10:22:11::SCWPlatform::DSA absoulate path C:/Users/oparker/workspace/TPG/hw/design_1_wrapper.xsa
TRACE::2025-02-28.10:22:11::SCWPlatform::DSA directory C:/Users/oparker/workspace/TPG/hw
TRACE::2025-02-28.10:22:11::SCWPlatform:: Platform Path C:/Users/oparker/workspace/TPG/hw/design_1_wrapper.xsa
TRACE::2025-02-28.10:22:11::SCWPlatform:: Unique name xilinx:zed::0.0
TRACE::2025-02-28.10:22:11::SCWPlatform::Trying to set the existing hwdb with name design_1_wrapper_12
TRACE::2025-02-28.10:22:11::SCWPlatform::Opened existing hwdb design_1_wrapper_12
TRACE::2025-02-28.10:22:11::SCWPlatform::Found the Hw Db part of the input DSA
TRACE::2025-02-28.10:22:11::SCWPlatform::Trying to open the hw design at C:/Users/oparker/workspace/TPG/hw/design_1_wrapper.xsa
TRACE::2025-02-28.10:22:11::SCWPlatform::DSA given C:/Users/oparker/workspace/TPG/hw/design_1_wrapper.xsa
TRACE::2025-02-28.10:22:11::SCWPlatform::DSA absoulate path C:/Users/oparker/workspace/TPG/hw/design_1_wrapper.xsa
TRACE::2025-02-28.10:22:11::SCWPlatform::DSA directory C:/Users/oparker/workspace/TPG/hw
TRACE::2025-02-28.10:22:11::SCWPlatform:: Platform Path C:/Users/oparker/workspace/TPG/hw/design_1_wrapper.xsa
TRACE::2025-02-28.10:22:11::SCWPlatform:: Unique name xilinx:zed::0.0
TRACE::2025-02-28.10:22:11::SCWPlatform::Trying to set the existing hwdb with name design_1_wrapper_12
TRACE::2025-02-28.10:22:11::SCWPlatform::Opened existing hwdb design_1_wrapper_12
TRACE::2025-02-28.10:22:11::SCWPlatform::Found the Hw Db part of the input DSA
TRACE::2025-02-28.10:22:11::SCWPlatform::Trying to open the hw design at C:/Users/oparker/workspace/TPG/hw/design_1_wrapper.xsa
TRACE::2025-02-28.10:22:11::SCWPlatform::DSA given C:/Users/oparker/workspace/TPG/hw/design_1_wrapper.xsa
TRACE::2025-02-28.10:22:11::SCWPlatform::DSA absoulate path C:/Users/oparker/workspace/TPG/hw/design_1_wrapper.xsa
TRACE::2025-02-28.10:22:11::SCWPlatform::DSA directory C:/Users/oparker/workspace/TPG/hw
TRACE::2025-02-28.10:22:11::SCWPlatform:: Platform Path C:/Users/oparker/workspace/TPG/hw/design_1_wrapper.xsa
TRACE::2025-02-28.10:22:11::SCWPlatform:: Unique name xilinx:zed::0.0
TRACE::2025-02-28.10:22:11::SCWPlatform::Trying to set the existing hwdb with name design_1_wrapper_12
TRACE::2025-02-28.10:22:11::SCWPlatform::Opened existing hwdb design_1_wrapper_12
TRACE::2025-02-28.10:22:11::SCWPlatform::Found the Hw Db part of the input DSA
TRACE::2025-02-28.10:22:11::SCWMssOS::Checking the sw design at  C:/Users/oparker/workspace/TPG/ps7_cortexa9_0/standalone_domain/bsp/system.mss
TRACE::2025-02-28.10:22:11::SCWMssOS::DEBUG:  swdes dump  C:/Users/oparker/workspace/TPG/zynq_fsbl/zynq_fsbl_bsp/system.mss|system||
C:/Users/oparker/workspace/design_1_wrapper/ps7_cortexa9_0/domain_ps7_cortexa9_0/bsp/system.mss|system_1||
C:/Users/oparker/workspace/design_1_wrapper/zynq_fsbl/zynq_fsbl_bsp/system.mss|system_0||

TRACE::2025-02-28.10:22:11::SCWMssOS::No sw design opened at  C:/Users/oparker/workspace/TPG/ps7_cortexa9_0/standalone_domain/bsp/system.mss
TRACE::2025-02-28.10:22:11::SCWMssOS::mss exists loading the mss file  C:/Users/oparker/workspace/TPG/ps7_cortexa9_0/standalone_domain/bsp/system.mss
TRACE::2025-02-28.10:22:11::SCWMssOS::Opened the sw design from mss  C:/Users/oparker/workspace/TPG/ps7_cortexa9_0/standalone_domain/bsp/system.mss
TRACE::2025-02-28.10:22:11::SCWMssOS::Adding the swdes entry C:/Users/oparker/workspace/TPG/ps7_cortexa9_0/standalone_domain/bsp/system.mss with des name system_2
TRACE::2025-02-28.10:22:11::SCWMssOS::updating the scw layer about changes
TRACE::2025-02-28.10:22:11::SCWMssOS::Opened the sw design.  C:/Users/oparker/workspace/TPG/ps7_cortexa9_0/standalone_domain/bsp/system.mss
TRACE::2025-02-28.10:22:11::SCWMssOS::Saving the mss changes C:/Users/oparker/workspace/TPG/ps7_cortexa9_0/standalone_domain/bsp/system.mss
TRACE::2025-02-28.10:22:11::SCWMssOS::Found a swdesign opened with the mssfile.
TRACE::2025-02-28.10:22:11::SCWMssOS::Completed writemss as part of save.
TRACE::2025-02-28.10:22:11::SCWMssOS::Commit changes completed.
TRACE::2025-02-28.10:22:11::SCWReader::Adding prebuilt librarypaths as   
TRACE::2025-02-28.10:22:11::SCWReader::Adding prebuilt incpaths  as   
TRACE::2025-02-28.10:22:11::SCWPlatform::Trying to open the hw design at C:/Users/oparker/workspace/TPG/hw/design_1_wrapper.xsa
TRACE::2025-02-28.10:22:11::SCWPlatform::DSA given C:/Users/oparker/workspace/TPG/hw/design_1_wrapper.xsa
TRACE::2025-02-28.10:22:11::SCWPlatform::DSA absoulate path C:/Users/oparker/workspace/TPG/hw/design_1_wrapper.xsa
TRACE::2025-02-28.10:22:11::SCWPlatform::DSA directory C:/Users/oparker/workspace/TPG/hw
TRACE::2025-02-28.10:22:11::SCWPlatform:: Platform Path C:/Users/oparker/workspace/TPG/hw/design_1_wrapper.xsa
TRACE::2025-02-28.10:22:11::SCWPlatform:: Unique name xilinx:zed::0.0
TRACE::2025-02-28.10:22:11::SCWPlatform::Trying to set the existing hwdb with name design_1_wrapper_12
TRACE::2025-02-28.10:22:11::SCWPlatform::Opened existing hwdb design_1_wrapper_12
TRACE::2025-02-28.10:22:11::SCWPlatform::Found the Hw Db part of the input DSA
TRACE::2025-02-28.10:22:11::SCWMssOS::Checking the sw design at  C:/Users/oparker/workspace/TPG/ps7_cortexa9_0/standalone_domain/bsp/system.mss
TRACE::2025-02-28.10:22:11::SCWMssOS::DEBUG:  swdes dump  C:/Users/oparker/workspace/TPG/ps7_cortexa9_0/standalone_domain/bsp/system.mss|system_2||
C:/Users/oparker/workspace/TPG/zynq_fsbl/zynq_fsbl_bsp/system.mss|system||
C:/Users/oparker/workspace/design_1_wrapper/ps7_cortexa9_0/domain_ps7_cortexa9_0/bsp/system.mss|system_1||
C:/Users/oparker/workspace/design_1_wrapper/zynq_fsbl/zynq_fsbl_bsp/system.mss|system_0||

TRACE::2025-02-28.10:22:11::SCWMssOS::Sw design exists and opened at  C:/Users/oparker/workspace/TPG/ps7_cortexa9_0/standalone_domain/bsp/system.mss
TRACE::2025-02-28.10:22:11::SCWReader::No isolation master present  
TRACE::2025-02-28.11:08:33::SCWPlatform::Trying to open the hw design at C:/Users/oparker/workspace/TPG/hw/design_1_wrapper.xsa
TRACE::2025-02-28.11:08:33::SCWPlatform::DSA given C:/Users/oparker/workspace/TPG/hw/design_1_wrapper.xsa
TRACE::2025-02-28.11:08:33::SCWPlatform::DSA absoulate path C:/Users/oparker/workspace/TPG/hw/design_1_wrapper.xsa
TRACE::2025-02-28.11:08:33::SCWPlatform::DSA directory C:/Users/oparker/workspace/TPG/hw
TRACE::2025-02-28.11:08:33::SCWPlatform:: Platform Path C:/Users/oparker/workspace/TPG/hw/design_1_wrapper.xsa
TRACE::2025-02-28.11:08:33::SCWPlatform:: Unique name xilinx:zed::0.0
TRACE::2025-02-28.11:08:33::SCWPlatform::Trying to set the existing hwdb with name design_1_wrapper_12
TRACE::2025-02-28.11:08:33::SCWPlatform::Could not get the HWDB from existing dbname
TRACE::2025-02-28.11:08:33::SCWPlatform::Do not have an existing db opened. Attempting to open the hwDb. 
TRACE::2025-02-28.11:08:33::SCWPlatform::Opened new HwDB with name design_1_wrapper_13
TRACE::2025-02-28.11:08:33::SCWPlatform::DSA given C:/Users/oparker/workspace/TPG/tempdsa/design_1_wrapper.xsa
TRACE::2025-02-28.11:08:33::SCWPlatform::DSA absoulate path C:/Users/oparker/workspace/TPG/tempdsa/design_1_wrapper.xsa
TRACE::2025-02-28.11:08:33::SCWPlatform:: Platform location is C:/Users/oparker/workspace/TPG/tempdsa
TRACE::2025-02-28.11:08:33::SCWPlatform:: Platform Path C:/Users/oparker/workspace/TPG/tempdsa/design_1_wrapper.xsa
TRACE::2025-02-28.11:08:33::SCWPlatform:: Unique name xilinx:zed::0.0
TRACE::2025-02-28.11:08:34::SCWPlatform::Found the Hw Db part of the input DSA
TRACE::2025-02-28.11:08:34::SCWMssOS::Doing hw sync for the mss in domain: zynq_fsbl
TRACE::2025-02-28.11:08:34::SCWPlatform::Trying to open the hw design at C:/Users/oparker/workspace/TPG/hw/design_1_wrapper.xsa
TRACE::2025-02-28.11:08:34::SCWPlatform::DSA given C:/Users/oparker/workspace/TPG/hw/design_1_wrapper.xsa
TRACE::2025-02-28.11:08:34::SCWPlatform::DSA absoulate path C:/Users/oparker/workspace/TPG/hw/design_1_wrapper.xsa
TRACE::2025-02-28.11:08:34::SCWPlatform::DSA directory C:/Users/oparker/workspace/TPG/hw
TRACE::2025-02-28.11:08:34::SCWPlatform:: Platform Path C:/Users/oparker/workspace/TPG/hw/design_1_wrapper.xsa
TRACE::2025-02-28.11:08:34::SCWPlatform:: Unique name xilinx:zed::0.0
TRACE::2025-02-28.11:08:34::SCWPlatform::Trying to set the existing hwdb with name design_1_wrapper_13
TRACE::2025-02-28.11:08:34::SCWPlatform::Opened existing hwdb design_1_wrapper_13
TRACE::2025-02-28.11:08:34::SCWPlatform::Found the Hw Db part of the input DSA
TRACE::2025-02-28.11:08:34::SCWPlatform::Trying to open the hw design at C:/Users/oparker/workspace/TPG/hw/design_1_wrapper.xsa
TRACE::2025-02-28.11:08:34::SCWPlatform::DSA given C:/Users/oparker/workspace/TPG/hw/design_1_wrapper.xsa
TRACE::2025-02-28.11:08:34::SCWPlatform::DSA absoulate path C:/Users/oparker/workspace/TPG/hw/design_1_wrapper.xsa
TRACE::2025-02-28.11:08:34::SCWPlatform::DSA directory C:/Users/oparker/workspace/TPG/hw
TRACE::2025-02-28.11:08:34::SCWPlatform:: Platform Path C:/Users/oparker/workspace/TPG/hw/design_1_wrapper.xsa
TRACE::2025-02-28.11:08:34::SCWPlatform:: Unique name xilinx:zed::0.0
TRACE::2025-02-28.11:08:34::SCWPlatform::Trying to set the existing hwdb with name design_1_wrapper_13
TRACE::2025-02-28.11:08:34::SCWPlatform::Opened existing hwdb design_1_wrapper_13
TRACE::2025-02-28.11:08:34::SCWPlatform::Found the Hw Db part of the input DSA
TRACE::2025-02-28.11:08:34::SCWMssOS::Checking the sw design at  C:/Users/oparker/workspace/TPG/zynq_fsbl/zynq_fsbl_bsp/system.mss
TRACE::2025-02-28.11:08:34::SCWMssOS::DEBUG:  swdes dump  C:/Users/oparker/workspace/TPG/ps7_cortexa9_0/standalone_domain/bsp/system.mss|system_2||
C:/Users/oparker/workspace/TPG/zynq_fsbl/zynq_fsbl_bsp/system.mss|system||
C:/Users/oparker/workspace/design_1_wrapper/ps7_cortexa9_0/domain_ps7_cortexa9_0/bsp/system.mss|system_1||
C:/Users/oparker/workspace/design_1_wrapper/zynq_fsbl/zynq_fsbl_bsp/system.mss|system_0||

TRACE::2025-02-28.11:08:34::SCWMssOS::Sw design exists and opened at  C:/Users/oparker/workspace/TPG/zynq_fsbl/zynq_fsbl_bsp/system.mss
TRACE::2025-02-28.11:08:34::SCWPlatform::Trying to open the hw design at C:/Users/oparker/workspace/TPG/tempdsa/design_1_wrapper.xsa
TRACE::2025-02-28.11:08:34::SCWPlatform::DSA given C:/Users/oparker/workspace/TPG/tempdsa/design_1_wrapper.xsa
TRACE::2025-02-28.11:08:34::SCWPlatform::DSA absoulate path C:/Users/oparker/workspace/TPG/tempdsa/design_1_wrapper.xsa
TRACE::2025-02-28.11:08:34::SCWPlatform::DSA directory C:/Users/oparker/workspace/TPG/tempdsa
TRACE::2025-02-28.11:08:34::SCWPlatform:: Platform Path C:/Users/oparker/workspace/TPG/tempdsa/design_1_wrapper.xsa
TRACE::2025-02-28.11:08:34::SCWPlatform:: Unique name xilinx:zed::0.0
TRACE::2025-02-28.11:08:34::SCWPlatform::update - Opened existing hwdb design_1_wrapper_19
TRACE::2025-02-28.11:08:34::SCWPlatform::Found the Hw Db part of the input DSA
TRACE::2025-02-28.11:08:34::SCWMssOS::Doing hw sync for the mss in domain: standalone_domain
TRACE::2025-02-28.11:08:34::SCWPlatform::Trying to open the hw design at C:/Users/oparker/workspace/TPG/hw/design_1_wrapper.xsa
TRACE::2025-02-28.11:08:34::SCWPlatform::DSA given C:/Users/oparker/workspace/TPG/hw/design_1_wrapper.xsa
TRACE::2025-02-28.11:08:34::SCWPlatform::DSA absoulate path C:/Users/oparker/workspace/TPG/hw/design_1_wrapper.xsa
TRACE::2025-02-28.11:08:34::SCWPlatform::DSA directory C:/Users/oparker/workspace/TPG/hw
TRACE::2025-02-28.11:08:34::SCWPlatform:: Platform Path C:/Users/oparker/workspace/TPG/hw/design_1_wrapper.xsa
TRACE::2025-02-28.11:08:34::SCWPlatform:: Unique name xilinx:zed::0.0
TRACE::2025-02-28.11:08:34::SCWPlatform::Trying to set the existing hwdb with name design_1_wrapper_13
TRACE::2025-02-28.11:08:34::SCWPlatform::Opened existing hwdb design_1_wrapper_13
TRACE::2025-02-28.11:08:34::SCWPlatform::Found the Hw Db part of the input DSA
TRACE::2025-02-28.11:08:34::SCWPlatform::Trying to open the hw design at C:/Users/oparker/workspace/TPG/hw/design_1_wrapper.xsa
TRACE::2025-02-28.11:08:34::SCWPlatform::DSA given C:/Users/oparker/workspace/TPG/hw/design_1_wrapper.xsa
TRACE::2025-02-28.11:08:34::SCWPlatform::DSA absoulate path C:/Users/oparker/workspace/TPG/hw/design_1_wrapper.xsa
TRACE::2025-02-28.11:08:34::SCWPlatform::DSA directory C:/Users/oparker/workspace/TPG/hw
TRACE::2025-02-28.11:08:34::SCWPlatform:: Platform Path C:/Users/oparker/workspace/TPG/hw/design_1_wrapper.xsa
TRACE::2025-02-28.11:08:34::SCWPlatform:: Unique name xilinx:zed::0.0
TRACE::2025-02-28.11:08:34::SCWPlatform::Trying to set the existing hwdb with name design_1_wrapper_13
TRACE::2025-02-28.11:08:34::SCWPlatform::Opened existing hwdb design_1_wrapper_13
TRACE::2025-02-28.11:08:34::SCWPlatform::Found the Hw Db part of the input DSA
TRACE::2025-02-28.11:08:34::SCWMssOS::Checking the sw design at  C:/Users/oparker/workspace/TPG/ps7_cortexa9_0/standalone_domain/bsp/system.mss
TRACE::2025-02-28.11:08:34::SCWMssOS::DEBUG:  swdes dump  C:/Users/oparker/workspace/TPG/ps7_cortexa9_0/standalone_domain/bsp/system.mss|system_2||
C:/Users/oparker/workspace/TPG/zynq_fsbl/zynq_fsbl_bsp/system.mss|system||
C:/Users/oparker/workspace/design_1_wrapper/ps7_cortexa9_0/domain_ps7_cortexa9_0/bsp/system.mss|system_1||
C:/Users/oparker/workspace/design_1_wrapper/zynq_fsbl/zynq_fsbl_bsp/system.mss|system_0||

TRACE::2025-02-28.11:08:34::SCWMssOS::Sw design exists and opened at  C:/Users/oparker/workspace/TPG/ps7_cortexa9_0/standalone_domain/bsp/system.mss
TRACE::2025-02-28.11:08:34::SCWPlatform::Trying to open the hw design at C:/Users/oparker/workspace/TPG/tempdsa/design_1_wrapper.xsa
TRACE::2025-02-28.11:08:34::SCWPlatform::DSA given C:/Users/oparker/workspace/TPG/tempdsa/design_1_wrapper.xsa
TRACE::2025-02-28.11:08:34::SCWPlatform::DSA absoulate path C:/Users/oparker/workspace/TPG/tempdsa/design_1_wrapper.xsa
TRACE::2025-02-28.11:08:34::SCWPlatform::DSA directory C:/Users/oparker/workspace/TPG/tempdsa
TRACE::2025-02-28.11:08:34::SCWPlatform:: Platform Path C:/Users/oparker/workspace/TPG/tempdsa/design_1_wrapper.xsa
TRACE::2025-02-28.11:08:34::SCWPlatform:: Unique name xilinx:zed::0.0
TRACE::2025-02-28.11:08:34::SCWPlatform::update - Opened existing hwdb design_1_wrapper_19
TRACE::2025-02-28.11:08:34::SCWPlatform::Found the Hw Db part of the input DSA
TRACE::2025-02-28.11:08:34::SCWMssOS::Saving the mss changes C:/Users/oparker/workspace/TPG/zynq_fsbl/zynq_fsbl_bsp/system.mss
TRACE::2025-02-28.11:08:34::SCWMssOS::Found a swdesign opened with the mssfile.
TRACE::2025-02-28.11:08:34::SCWMssOS::Completed writemss as part of save.
TRACE::2025-02-28.11:08:34::SCWMssOS::Commit changes completed.
TRACE::2025-02-28.11:08:34::SCWMssOS::Completed hw sync for the mss in domain: zynq_fsbl
TRACE::2025-02-28.11:08:34::SCWMssOS::Removing the swdes entry for  C:/Users/oparker/workspace/TPG/zynq_fsbl/zynq_fsbl_bsp/system.mss
TRACE::2025-02-28.11:08:34::SCWMssOS::Saving the mss changes C:/Users/oparker/workspace/TPG/ps7_cortexa9_0/standalone_domain/bsp/system.mss
TRACE::2025-02-28.11:08:34::SCWMssOS::Found a swdesign opened with the mssfile.
TRACE::2025-02-28.11:08:34::SCWMssOS::Completed writemss as part of save.
TRACE::2025-02-28.11:08:34::SCWMssOS::Commit changes completed.
TRACE::2025-02-28.11:08:34::SCWMssOS::Completed hw sync for the mss in domain: standalone_domain
TRACE::2025-02-28.11:08:34::SCWMssOS::Removing the swdes entry for  C:/Users/oparker/workspace/TPG/ps7_cortexa9_0/standalone_domain/bsp/system.mss
TRACE::2025-02-28.11:08:34::SCWPlatform::Trying to open the hw design at C:/Users/oparker/workspace/TPG/hw/design_1_wrapper.xsa
TRACE::2025-02-28.11:08:34::SCWPlatform::DSA given C:/Users/oparker/workspace/TPG/hw/design_1_wrapper.xsa
TRACE::2025-02-28.11:08:34::SCWPlatform::DSA absoulate path C:/Users/oparker/workspace/TPG/hw/design_1_wrapper.xsa
TRACE::2025-02-28.11:08:34::SCWPlatform::DSA directory C:/Users/oparker/workspace/TPG/hw
TRACE::2025-02-28.11:08:34::SCWPlatform:: Platform Path C:/Users/oparker/workspace/TPG/hw/design_1_wrapper.xsa
TRACE::2025-02-28.11:08:34::SCWPlatform:: Unique name xilinx:zed::0.0
TRACE::2025-02-28.11:08:34::SCWPlatform::Do not have an existing db opened. 
TRACE::2025-02-28.11:08:36::SCWPlatform::Opened new HwDB with name design_1_wrapper_20
TRACE::2025-02-28.11:08:36::SCWPlatform::Trying to open the hw design at C:/Users/oparker/workspace/TPG/hw/design_1_wrapper.xsa
TRACE::2025-02-28.11:08:36::SCWPlatform::DSA given C:/Users/oparker/workspace/TPG/hw/design_1_wrapper.xsa
TRACE::2025-02-28.11:08:36::SCWPlatform::DSA absoulate path C:/Users/oparker/workspace/TPG/hw/design_1_wrapper.xsa
TRACE::2025-02-28.11:08:36::SCWPlatform::DSA directory C:/Users/oparker/workspace/TPG/hw
TRACE::2025-02-28.11:08:36::SCWPlatform:: Platform Path C:/Users/oparker/workspace/TPG/hw/design_1_wrapper.xsa
TRACE::2025-02-28.11:08:36::SCWPlatform:: Unique name xilinx:zed::0.0
TRACE::2025-02-28.11:08:36::SCWPlatform::Trying to set the existing hwdb with name design_1_wrapper_20
TRACE::2025-02-28.11:08:36::SCWPlatform::Opened existing hwdb design_1_wrapper_20
TRACE::2025-02-28.11:08:36::SCWPlatform::Found the Hw Db part of the input DSA
TRACE::2025-02-28.11:08:36::SCWMssOS::Checking the sw design at  C:/Users/oparker/workspace/TPG/zynq_fsbl/zynq_fsbl_bsp/system.mss
TRACE::2025-02-28.11:08:36::SCWMssOS::DEBUG:  swdes dump  C:/Users/oparker/workspace/design_1_wrapper/ps7_cortexa9_0/domain_ps7_cortexa9_0/bsp/system.mss|system_1||
C:/Users/oparker/workspace/design_1_wrapper/zynq_fsbl/zynq_fsbl_bsp/system.mss|system_0||

TRACE::2025-02-28.11:08:36::SCWMssOS::No sw design opened at  C:/Users/oparker/workspace/TPG/zynq_fsbl/zynq_fsbl_bsp/system.mss
TRACE::2025-02-28.11:08:36::SCWMssOS::mss exists loading the mss file  C:/Users/oparker/workspace/TPG/zynq_fsbl/zynq_fsbl_bsp/system.mss
TRACE::2025-02-28.11:08:36::SCWMssOS::Opened the sw design from mss  C:/Users/oparker/workspace/TPG/zynq_fsbl/zynq_fsbl_bsp/system.mss
TRACE::2025-02-28.11:08:36::SCWMssOS::Adding the swdes entry C:/Users/oparker/workspace/TPG/zynq_fsbl/zynq_fsbl_bsp/system.mss with des name system
TRACE::2025-02-28.11:08:36::SCWMssOS::updating the scw layer about changes
TRACE::2025-02-28.11:08:36::SCWMssOS::Opened the sw design.  C:/Users/oparker/workspace/TPG/zynq_fsbl/zynq_fsbl_bsp/system.mss
TRACE::2025-02-28.11:08:36::SCWMssOS::Saving the mss changes C:/Users/oparker/workspace/TPG/zynq_fsbl/zynq_fsbl_bsp/system.mss
TRACE::2025-02-28.11:08:36::SCWMssOS::Found a swdesign opened with the mssfile.
TRACE::2025-02-28.11:08:36::SCWMssOS::Completed writemss as part of save.
TRACE::2025-02-28.11:08:36::SCWMssOS::Commit changes completed.
TRACE::2025-02-28.11:08:36::SCWMssOS::Saving the mss changes C:/Users/oparker/workspace/TPG/ps7_cortexa9_0/standalone_domain/bsp/system.mss
TRACE::2025-02-28.11:08:36::SCWMssOS::Adding the swdes entry, mss present, able to open swdb C:/Users/oparker/workspace/TPG/ps7_cortexa9_0/standalone_domain/bsp/system.mss with des name system_2
TRACE::2025-02-28.11:08:36::SCWMssOS::Writing the mss file completed C:/Users/oparker/workspace/TPG/ps7_cortexa9_0/standalone_domain/bsp/system.mss
TRACE::2025-02-28.11:08:36::SCWMssOS::Commit changes completed.
TRACE::2025-02-28.11:08:36::SCWPlatform::Trying to open the hw design at C:/Users/oparker/workspace/TPG/hw/design_1_wrapper.xsa
TRACE::2025-02-28.11:08:36::SCWPlatform::DSA given C:/Users/oparker/workspace/TPG/hw/design_1_wrapper.xsa
TRACE::2025-02-28.11:08:36::SCWPlatform::DSA absoulate path C:/Users/oparker/workspace/TPG/hw/design_1_wrapper.xsa
TRACE::2025-02-28.11:08:36::SCWPlatform::DSA directory C:/Users/oparker/workspace/TPG/hw
TRACE::2025-02-28.11:08:36::SCWPlatform:: Platform Path C:/Users/oparker/workspace/TPG/hw/design_1_wrapper.xsa
TRACE::2025-02-28.11:08:36::SCWPlatform:: Unique name xilinx:zed::0.0
TRACE::2025-02-28.11:08:36::SCWPlatform::Trying to set the existing hwdb with name design_1_wrapper_20
TRACE::2025-02-28.11:08:36::SCWPlatform::Opened existing hwdb design_1_wrapper_20
TRACE::2025-02-28.11:08:36::SCWPlatform::Found the Hw Db part of the input DSA
TRACE::2025-02-28.11:08:36::SCWMssOS::Checking the sw design at  C:/Users/oparker/workspace/TPG/zynq_fsbl/zynq_fsbl_bsp/system.mss
TRACE::2025-02-28.11:08:36::SCWMssOS::DEBUG:  swdes dump  C:/Users/oparker/workspace/TPG/ps7_cortexa9_0/standalone_domain/bsp/system.mss|system_2||
C:/Users/oparker/workspace/TPG/zynq_fsbl/zynq_fsbl_bsp/system.mss|system||
C:/Users/oparker/workspace/design_1_wrapper/ps7_cortexa9_0/domain_ps7_cortexa9_0/bsp/system.mss|system_1||
C:/Users/oparker/workspace/design_1_wrapper/zynq_fsbl/zynq_fsbl_bsp/system.mss|system_0||

TRACE::2025-02-28.11:08:36::SCWMssOS::Sw design exists and opened at  C:/Users/oparker/workspace/TPG/zynq_fsbl/zynq_fsbl_bsp/system.mss
TRACE::2025-02-28.11:08:36::SCWPlatform::Trying to open the hw design at C:/Users/oparker/workspace/TPG/hw/design_1_wrapper.xsa
TRACE::2025-02-28.11:08:36::SCWPlatform::DSA given C:/Users/oparker/workspace/TPG/hw/design_1_wrapper.xsa
TRACE::2025-02-28.11:08:36::SCWPlatform::DSA absoulate path C:/Users/oparker/workspace/TPG/hw/design_1_wrapper.xsa
TRACE::2025-02-28.11:08:36::SCWPlatform::DSA directory C:/Users/oparker/workspace/TPG/hw
TRACE::2025-02-28.11:08:36::SCWPlatform:: Platform Path C:/Users/oparker/workspace/TPG/hw/design_1_wrapper.xsa
TRACE::2025-02-28.11:08:36::SCWPlatform:: Unique name xilinx:zed::0.0
TRACE::2025-02-28.11:08:36::SCWPlatform::Trying to set the existing hwdb with name design_1_wrapper_20
TRACE::2025-02-28.11:08:36::SCWPlatform::Opened existing hwdb design_1_wrapper_20
TRACE::2025-02-28.11:08:36::SCWPlatform::Found the Hw Db part of the input DSA
TRACE::2025-02-28.11:08:36::SCWMssOS::Checking the sw design at  C:/Users/oparker/workspace/TPG/ps7_cortexa9_0/standalone_domain/bsp/system.mss
TRACE::2025-02-28.11:08:36::SCWMssOS::DEBUG:  swdes dump  C:/Users/oparker/workspace/TPG/ps7_cortexa9_0/standalone_domain/bsp/system.mss|system_2||
C:/Users/oparker/workspace/TPG/zynq_fsbl/zynq_fsbl_bsp/system.mss|system||
C:/Users/oparker/workspace/design_1_wrapper/ps7_cortexa9_0/domain_ps7_cortexa9_0/bsp/system.mss|system_1||
C:/Users/oparker/workspace/design_1_wrapper/zynq_fsbl/zynq_fsbl_bsp/system.mss|system_0||

TRACE::2025-02-28.11:08:36::SCWMssOS::Sw design exists and opened at  C:/Users/oparker/workspace/TPG/ps7_cortexa9_0/standalone_domain/bsp/system.mss
TRACE::2025-02-28.11:08:36::SCWWriter::formatted JSON is {
	"platformName":	"TPG",
	"sprVersion":	"2.0",
	"mode":	"gui",
	"dsaType":	"Fixed",
	"platformDesc":	"TPG",
	"platHandOff":	"C:/Users/oparker/cpre488-mp2/project_1/design_1_wrapper.xsa",
	"platIntHandOff":	"<platformDir>/hw/design_1_wrapper.xsa",
	"deviceType":	"zynq",
	"platIsPrebuiltAutogen":	"false",
	"platIsNoBootBsp":	"false",
	"hasFsblMakeHasChanges":	"false",
	"hasPmufwMakeHasChanges":	"false",
	"fsblExtraCompilerFlags":	"-MMD -MP       -mcpu=cortex-a9 -mfpu=vfpv3 -mfloat-abi=hard ",
	"platPreBuiltFlag":	false,
	"platformSamplesDir":	"",
	"platActiveSys":	"TPG",
	"systems":	[{
			"systemName":	"TPG",
			"systemDesc":	"TPG",
			"sysIsBootAutoGen":	"true",
			"systemDispName":	"TPG",
			"sysActiveDom":	"standalone_domain",
			"sysDefaultDom":	"standalone_domain",
			"domains":	[{
					"domainName":	"zynq_fsbl",
					"domainDispName":	"zynq_fsbl",
					"domainDesc":	"FSBL Application BSP - Auto Generated.",
					"processors":	"ps7_cortexa9_0",
					"os":	"standalone",
					"sdxOs":	"standalone",
					"debugEnable":	"",
					"domRuntimes":	["cpp"],
					"swRepo":	"",
					"mssOsVer":	"7.2",
					"mssFile":	"",
					"md5Digest":	"158a679dab493f3308b1d2cbafc496b0",
					"compatibleApp":	"zynq_fsbl",
					"domType":	"bootDomain",
					"appSettings":	{
						"appCompilerFlags":	"",
						"appLinkerFlags":	""
					},
					"addedLibs":	["xilffs:4.3", "xilrsa:1.6"],
					"libOptions":	{
						"libsContainingOptions":	[]
					},
					"prebuiltLibs":	{
						"prebuiltIncPath":	[],
						"prebuiltLibPath":	[]
					},
					"isolation":	{
					}
				}, {
					"domainName":	"standalone_domain",
					"domainDispName":	"standalone on ps7_cortexa9_0",
					"domainDesc":	"standalone_domain",
					"processors":	"ps7_cortexa9_0",
					"os":	"standalone",
					"sdxOs":	"standalone",
					"qemuArgs":	"C:/Xilinx/Vitis/2020.1/data/emulation/platforms/zynq/qemu/qemu_args.txt",
					"qemuData":	"C:/Xilinx/Vitis/2020.1/data/emulation/platforms/zynq/qemu/",
					"debugEnable":	"False",
					"domRuntimes":	["cpp"],
					"swRepo":	"",
					"mssOsVer":	"7.2",
					"mssFile":	"",
					"md5Digest":	"85ba41434c82914f0e9e24fa6ddcf962",
					"compatibleApp":	"",
					"domType":	"mssDomain",
					"appSettings":	{
						"appCompilerFlags":	"",
						"appLinkerFlags":	""
					},
					"addedLibs":	[],
					"libOptions":	{
						"libsContainingOptions":	[]
					},
					"prebuiltLibs":	{
						"prebuiltIncPath":	[],
						"prebuiltLibPath":	[]
					},
					"isolation":	{
					}
				}]
		}]
}
TRACE::2025-02-28.11:08:37::SCWPlatform::Clearing the existing platform
TRACE::2025-02-28.11:08:37::SCWSystem::Clearing the existing sysconfig
TRACE::2025-02-28.11:08:37::SCWBDomain::clearing the fsbl build
TRACE::2025-02-28.11:08:37::SCWMssOS::Removing the swdes entry for  C:/Users/oparker/workspace/TPG/zynq_fsbl/zynq_fsbl_bsp/system.mss
TRACE::2025-02-28.11:08:37::SCWMssOS::Removing the swdes entry for  C:/Users/oparker/workspace/TPG/ps7_cortexa9_0/standalone_domain/bsp/system.mss
TRACE::2025-02-28.11:08:37::SCWSystem::Clearing the domains completed.
TRACE::2025-02-28.11:08:37::SCWPlatform::Clearing the opened hw db.
TRACE::2025-02-28.11:08:37::SCWPlatform::DSA given C:/Users/oparker/workspace/TPG/hw/design_1_wrapper.xsa
TRACE::2025-02-28.11:08:37::SCWPlatform::DSA absoulate path C:/Users/oparker/workspace/TPG/hw/design_1_wrapper.xsa
TRACE::2025-02-28.11:08:37::SCWPlatform:: Platform location is C:/Users/oparker/workspace/TPG/hw
TRACE::2025-02-28.11:08:37::SCWPlatform:: Platform Path C:/Users/oparker/workspace/TPG/hw/design_1_wrapper.xsa
TRACE::2025-02-28.11:08:37::SCWPlatform:: Unique name xilinx:zed::0.0
TRACE::2025-02-28.11:08:37::SCWPlatform::Removing the HwDB with name C:/Users/oparker/workspace/TPG/hw/design_1_wrapper.xsa
TRACE::2025-02-28.11:08:37::SCWPlatform::Trying to open the hw design at C:/Users/oparker/workspace/TPG/hw/design_1_wrapper.xsa
TRACE::2025-02-28.11:08:37::SCWPlatform::DSA given C:/Users/oparker/workspace/TPG/hw/design_1_wrapper.xsa
TRACE::2025-02-28.11:08:37::SCWPlatform::DSA absoulate path C:/Users/oparker/workspace/TPG/hw/design_1_wrapper.xsa
TRACE::2025-02-28.11:08:37::SCWPlatform::DSA directory C:/Users/oparker/workspace/TPG/hw
TRACE::2025-02-28.11:08:37::SCWPlatform:: Platform Path C:/Users/oparker/workspace/TPG/hw/design_1_wrapper.xsa
TRACE::2025-02-28.11:08:37::SCWPlatform:: Unique name xilinx:zed::0.0
TRACE::2025-02-28.11:08:37::SCWPlatform::Do not have an existing db opened. 
TRACE::2025-02-28.11:08:38::SCWPlatform::Opened new HwDB with name design_1_wrapper_21
TRACE::2025-02-28.11:08:38::SCWReader::Active system found as  TPG
TRACE::2025-02-28.11:08:38::SCWReader::Handling sysconfig TPG
TRACE::2025-02-28.11:08:38::SCWDomain::checking for install qemu data   : 
TRACE::2025-02-28.11:08:38::SCWDomain:: Using the QEMU Data from install at  : C:/Xilinx/Vitis/2020.1/data/emulation/platforms/zynq/qemu/
TRACE::2025-02-28.11:08:38::SCWDomain:: Using the QEMU args  from install at  : C:/Xilinx/Vitis/2020.1/data/emulation/platforms/zynq/qemu/qemu_args.txt
TRACE::2025-02-28.11:08:38::SCWPlatform::Trying to open the hw design at C:/Users/oparker/workspace/TPG/hw/design_1_wrapper.xsa
TRACE::2025-02-28.11:08:38::SCWPlatform::DSA given C:/Users/oparker/workspace/TPG/hw/design_1_wrapper.xsa
TRACE::2025-02-28.11:08:38::SCWPlatform::DSA absoulate path C:/Users/oparker/workspace/TPG/hw/design_1_wrapper.xsa
TRACE::2025-02-28.11:08:38::SCWPlatform::DSA directory C:/Users/oparker/workspace/TPG/hw
TRACE::2025-02-28.11:08:38::SCWPlatform:: Platform Path C:/Users/oparker/workspace/TPG/hw/design_1_wrapper.xsa
TRACE::2025-02-28.11:08:38::SCWPlatform:: Unique name xilinx:zed::0.0
TRACE::2025-02-28.11:08:38::SCWPlatform::Trying to set the existing hwdb with name design_1_wrapper_21
TRACE::2025-02-28.11:08:38::SCWPlatform::Opened existing hwdb design_1_wrapper_21
TRACE::2025-02-28.11:08:38::SCWPlatform::Found the Hw Db part of the input DSA
TRACE::2025-02-28.11:08:38::SCWPlatform::Trying to open the hw design at C:/Users/oparker/workspace/TPG/hw/design_1_wrapper.xsa
TRACE::2025-02-28.11:08:38::SCWPlatform::DSA given C:/Users/oparker/workspace/TPG/hw/design_1_wrapper.xsa
TRACE::2025-02-28.11:08:38::SCWPlatform::DSA absoulate path C:/Users/oparker/workspace/TPG/hw/design_1_wrapper.xsa
TRACE::2025-02-28.11:08:38::SCWPlatform::DSA directory C:/Users/oparker/workspace/TPG/hw
TRACE::2025-02-28.11:08:38::SCWPlatform:: Platform Path C:/Users/oparker/workspace/TPG/hw/design_1_wrapper.xsa
TRACE::2025-02-28.11:08:38::SCWPlatform:: Unique name xilinx:zed::0.0
TRACE::2025-02-28.11:08:38::SCWPlatform::Trying to set the existing hwdb with name design_1_wrapper_21
TRACE::2025-02-28.11:08:38::SCWPlatform::Opened existing hwdb design_1_wrapper_21
TRACE::2025-02-28.11:08:38::SCWPlatform::Found the Hw Db part of the input DSA
TRACE::2025-02-28.11:08:38::SCWPlatform::Trying to open the hw design at C:/Users/oparker/workspace/TPG/hw/design_1_wrapper.xsa
TRACE::2025-02-28.11:08:38::SCWPlatform::DSA given C:/Users/oparker/workspace/TPG/hw/design_1_wrapper.xsa
TRACE::2025-02-28.11:08:38::SCWPlatform::DSA absoulate path C:/Users/oparker/workspace/TPG/hw/design_1_wrapper.xsa
TRACE::2025-02-28.11:08:38::SCWPlatform::DSA directory C:/Users/oparker/workspace/TPG/hw
TRACE::2025-02-28.11:08:38::SCWPlatform:: Platform Path C:/Users/oparker/workspace/TPG/hw/design_1_wrapper.xsa
TRACE::2025-02-28.11:08:38::SCWPlatform:: Unique name xilinx:zed::0.0
TRACE::2025-02-28.11:08:38::SCWPlatform::Trying to set the existing hwdb with name design_1_wrapper_21
TRACE::2025-02-28.11:08:38::SCWPlatform::Opened existing hwdb design_1_wrapper_21
TRACE::2025-02-28.11:08:38::SCWPlatform::Found the Hw Db part of the input DSA
TRACE::2025-02-28.11:08:38::SCWReader::Boot application domain added for zynq_fsbl
TRACE::2025-02-28.11:08:38::SCWPlatform::Trying to open the hw design at C:/Users/oparker/workspace/TPG/hw/design_1_wrapper.xsa
TRACE::2025-02-28.11:08:38::SCWPlatform::DSA given C:/Users/oparker/workspace/TPG/hw/design_1_wrapper.xsa
TRACE::2025-02-28.11:08:38::SCWPlatform::DSA absoulate path C:/Users/oparker/workspace/TPG/hw/design_1_wrapper.xsa
TRACE::2025-02-28.11:08:38::SCWPlatform::DSA directory C:/Users/oparker/workspace/TPG/hw
TRACE::2025-02-28.11:08:38::SCWPlatform:: Platform Path C:/Users/oparker/workspace/TPG/hw/design_1_wrapper.xsa
TRACE::2025-02-28.11:08:38::SCWPlatform:: Unique name xilinx:zed::0.0
TRACE::2025-02-28.11:08:38::SCWPlatform::Trying to set the existing hwdb with name design_1_wrapper_21
TRACE::2025-02-28.11:08:38::SCWPlatform::Opened existing hwdb design_1_wrapper_21
TRACE::2025-02-28.11:08:38::SCWPlatform::Found the Hw Db part of the input DSA
TRACE::2025-02-28.11:08:38::SCWMssOS::Checking the sw design at  C:/Users/oparker/workspace/TPG/zynq_fsbl/zynq_fsbl_bsp/system.mss
TRACE::2025-02-28.11:08:38::SCWMssOS::DEBUG:  swdes dump  C:/Users/oparker/workspace/design_1_wrapper/ps7_cortexa9_0/domain_ps7_cortexa9_0/bsp/system.mss|system_1||
C:/Users/oparker/workspace/design_1_wrapper/zynq_fsbl/zynq_fsbl_bsp/system.mss|system_0||

TRACE::2025-02-28.11:08:38::SCWMssOS::No sw design opened at  C:/Users/oparker/workspace/TPG/zynq_fsbl/zynq_fsbl_bsp/system.mss
TRACE::2025-02-28.11:08:38::SCWMssOS::mss exists loading the mss file  C:/Users/oparker/workspace/TPG/zynq_fsbl/zynq_fsbl_bsp/system.mss
TRACE::2025-02-28.11:08:38::SCWMssOS::Opened the sw design from mss  C:/Users/oparker/workspace/TPG/zynq_fsbl/zynq_fsbl_bsp/system.mss
TRACE::2025-02-28.11:08:38::SCWMssOS::Adding the swdes entry C:/Users/oparker/workspace/TPG/zynq_fsbl/zynq_fsbl_bsp/system.mss with des name system
TRACE::2025-02-28.11:08:38::SCWMssOS::updating the scw layer about changes
TRACE::2025-02-28.11:08:39::SCWMssOS::Opened the sw design.  C:/Users/oparker/workspace/TPG/zynq_fsbl/zynq_fsbl_bsp/system.mss
TRACE::2025-02-28.11:08:39::SCWPlatform::Trying to open the hw design at C:/Users/oparker/workspace/TPG/hw/design_1_wrapper.xsa
TRACE::2025-02-28.11:08:39::SCWPlatform::DSA given C:/Users/oparker/workspace/TPG/hw/design_1_wrapper.xsa
TRACE::2025-02-28.11:08:39::SCWPlatform::DSA absoulate path C:/Users/oparker/workspace/TPG/hw/design_1_wrapper.xsa
TRACE::2025-02-28.11:08:39::SCWPlatform::DSA directory C:/Users/oparker/workspace/TPG/hw
TRACE::2025-02-28.11:08:39::SCWPlatform:: Platform Path C:/Users/oparker/workspace/TPG/hw/design_1_wrapper.xsa
TRACE::2025-02-28.11:08:39::SCWPlatform:: Unique name xilinx:zed::0.0
TRACE::2025-02-28.11:08:39::SCWPlatform::Trying to set the existing hwdb with name design_1_wrapper_21
TRACE::2025-02-28.11:08:39::SCWPlatform::Opened existing hwdb design_1_wrapper_21
TRACE::2025-02-28.11:08:39::SCWPlatform::Found the Hw Db part of the input DSA
TRACE::2025-02-28.11:08:39::SCWMssOS::Checking the sw design at  C:/Users/oparker/workspace/TPG/zynq_fsbl/zynq_fsbl_bsp/system.mss
TRACE::2025-02-28.11:08:39::SCWMssOS::DEBUG:  swdes dump  C:/Users/oparker/workspace/TPG/zynq_fsbl/zynq_fsbl_bsp/system.mss|system||
C:/Users/oparker/workspace/design_1_wrapper/ps7_cortexa9_0/domain_ps7_cortexa9_0/bsp/system.mss|system_1||
C:/Users/oparker/workspace/design_1_wrapper/zynq_fsbl/zynq_fsbl_bsp/system.mss|system_0||

TRACE::2025-02-28.11:08:39::SCWMssOS::Sw design exists and opened at  C:/Users/oparker/workspace/TPG/zynq_fsbl/zynq_fsbl_bsp/system.mss
TRACE::2025-02-28.11:08:39::SCWMssOS:: library already available in sw design:  xilffs:4.3
TRACE::2025-02-28.11:08:39::SCWPlatform::Trying to open the hw design at C:/Users/oparker/workspace/TPG/hw/design_1_wrapper.xsa
TRACE::2025-02-28.11:08:39::SCWPlatform::DSA given C:/Users/oparker/workspace/TPG/hw/design_1_wrapper.xsa
TRACE::2025-02-28.11:08:39::SCWPlatform::DSA absoulate path C:/Users/oparker/workspace/TPG/hw/design_1_wrapper.xsa
TRACE::2025-02-28.11:08:39::SCWPlatform::DSA directory C:/Users/oparker/workspace/TPG/hw
TRACE::2025-02-28.11:08:39::SCWPlatform:: Platform Path C:/Users/oparker/workspace/TPG/hw/design_1_wrapper.xsa
TRACE::2025-02-28.11:08:39::SCWPlatform:: Unique name xilinx:zed::0.0
TRACE::2025-02-28.11:08:39::SCWPlatform::Trying to set the existing hwdb with name design_1_wrapper_21
TRACE::2025-02-28.11:08:39::SCWPlatform::Opened existing hwdb design_1_wrapper_21
TRACE::2025-02-28.11:08:39::SCWPlatform::Found the Hw Db part of the input DSA
TRACE::2025-02-28.11:08:39::SCWMssOS::Checking the sw design at  C:/Users/oparker/workspace/TPG/zynq_fsbl/zynq_fsbl_bsp/system.mss
TRACE::2025-02-28.11:08:39::SCWMssOS::DEBUG:  swdes dump  C:/Users/oparker/workspace/TPG/zynq_fsbl/zynq_fsbl_bsp/system.mss|system||
C:/Users/oparker/workspace/design_1_wrapper/ps7_cortexa9_0/domain_ps7_cortexa9_0/bsp/system.mss|system_1||
C:/Users/oparker/workspace/design_1_wrapper/zynq_fsbl/zynq_fsbl_bsp/system.mss|system_0||

TRACE::2025-02-28.11:08:39::SCWMssOS::Sw design exists and opened at  C:/Users/oparker/workspace/TPG/zynq_fsbl/zynq_fsbl_bsp/system.mss
TRACE::2025-02-28.11:08:39::SCWMssOS:: library already available in sw design:  xilrsa:1.6
TRACE::2025-02-28.11:08:39::SCWMssOS::Saving the mss changes C:/Users/oparker/workspace/TPG/zynq_fsbl/zynq_fsbl_bsp/system.mss
TRACE::2025-02-28.11:08:39::SCWMssOS::Found a swdesign opened with the mssfile.
TRACE::2025-02-28.11:08:39::SCWMssOS::Completed writemss as part of save.
TRACE::2025-02-28.11:08:39::SCWMssOS::Commit changes completed.
TRACE::2025-02-28.11:08:39::SCWReader::Adding prebuilt librarypaths as   
TRACE::2025-02-28.11:08:39::SCWReader::Adding prebuilt incpaths  as   
TRACE::2025-02-28.11:08:39::SCWPlatform::Trying to open the hw design at C:/Users/oparker/workspace/TPG/hw/design_1_wrapper.xsa
TRACE::2025-02-28.11:08:39::SCWPlatform::DSA given C:/Users/oparker/workspace/TPG/hw/design_1_wrapper.xsa
TRACE::2025-02-28.11:08:39::SCWPlatform::DSA absoulate path C:/Users/oparker/workspace/TPG/hw/design_1_wrapper.xsa
TRACE::2025-02-28.11:08:39::SCWPlatform::DSA directory C:/Users/oparker/workspace/TPG/hw
TRACE::2025-02-28.11:08:39::SCWPlatform:: Platform Path C:/Users/oparker/workspace/TPG/hw/design_1_wrapper.xsa
TRACE::2025-02-28.11:08:39::SCWPlatform:: Unique name xilinx:zed::0.0
TRACE::2025-02-28.11:08:39::SCWPlatform::Trying to set the existing hwdb with name design_1_wrapper_21
TRACE::2025-02-28.11:08:39::SCWPlatform::Opened existing hwdb design_1_wrapper_21
TRACE::2025-02-28.11:08:39::SCWPlatform::Found the Hw Db part of the input DSA
TRACE::2025-02-28.11:08:39::SCWMssOS::Checking the sw design at  C:/Users/oparker/workspace/TPG/zynq_fsbl/zynq_fsbl_bsp/system.mss
TRACE::2025-02-28.11:08:39::SCWMssOS::DEBUG:  swdes dump  C:/Users/oparker/workspace/TPG/zynq_fsbl/zynq_fsbl_bsp/system.mss|system||
C:/Users/oparker/workspace/design_1_wrapper/ps7_cortexa9_0/domain_ps7_cortexa9_0/bsp/system.mss|system_1||
C:/Users/oparker/workspace/design_1_wrapper/zynq_fsbl/zynq_fsbl_bsp/system.mss|system_0||

TRACE::2025-02-28.11:08:39::SCWMssOS::Sw design exists and opened at  C:/Users/oparker/workspace/TPG/zynq_fsbl/zynq_fsbl_bsp/system.mss
TRACE::2025-02-28.11:08:39::SCWReader::No isolation master present  
TRACE::2025-02-28.11:08:39::SCWDomain::checking for install qemu data   : 
TRACE::2025-02-28.11:08:39::SCWDomain:: Using the QEMU Data from install at  : C:/Xilinx/Vitis/2020.1/data/emulation/platforms/zynq/qemu/
TRACE::2025-02-28.11:08:39::SCWDomain:: Using the QEMU args  from install at  : C:/Xilinx/Vitis/2020.1/data/emulation/platforms/zynq/qemu/qemu_args.txt
TRACE::2025-02-28.11:08:39::SCWPlatform::Trying to open the hw design at C:/Users/oparker/workspace/TPG/hw/design_1_wrapper.xsa
TRACE::2025-02-28.11:08:39::SCWPlatform::DSA given C:/Users/oparker/workspace/TPG/hw/design_1_wrapper.xsa
TRACE::2025-02-28.11:08:39::SCWPlatform::DSA absoulate path C:/Users/oparker/workspace/TPG/hw/design_1_wrapper.xsa
TRACE::2025-02-28.11:08:39::SCWPlatform::DSA directory C:/Users/oparker/workspace/TPG/hw
TRACE::2025-02-28.11:08:39::SCWPlatform:: Platform Path C:/Users/oparker/workspace/TPG/hw/design_1_wrapper.xsa
TRACE::2025-02-28.11:08:39::SCWPlatform:: Unique name xilinx:zed::0.0
TRACE::2025-02-28.11:08:39::SCWPlatform::Trying to set the existing hwdb with name design_1_wrapper_21
TRACE::2025-02-28.11:08:39::SCWPlatform::Opened existing hwdb design_1_wrapper_21
TRACE::2025-02-28.11:08:39::SCWPlatform::Found the Hw Db part of the input DSA
TRACE::2025-02-28.11:08:39::SCWPlatform::Trying to open the hw design at C:/Users/oparker/workspace/TPG/hw/design_1_wrapper.xsa
TRACE::2025-02-28.11:08:39::SCWPlatform::DSA given C:/Users/oparker/workspace/TPG/hw/design_1_wrapper.xsa
TRACE::2025-02-28.11:08:39::SCWPlatform::DSA absoulate path C:/Users/oparker/workspace/TPG/hw/design_1_wrapper.xsa
TRACE::2025-02-28.11:08:39::SCWPlatform::DSA directory C:/Users/oparker/workspace/TPG/hw
TRACE::2025-02-28.11:08:39::SCWPlatform:: Platform Path C:/Users/oparker/workspace/TPG/hw/design_1_wrapper.xsa
TRACE::2025-02-28.11:08:39::SCWPlatform:: Unique name xilinx:zed::0.0
TRACE::2025-02-28.11:08:39::SCWPlatform::Trying to set the existing hwdb with name design_1_wrapper_21
TRACE::2025-02-28.11:08:39::SCWPlatform::Opened existing hwdb design_1_wrapper_21
TRACE::2025-02-28.11:08:39::SCWPlatform::Found the Hw Db part of the input DSA
TRACE::2025-02-28.11:08:39::SCWPlatform::Trying to open the hw design at C:/Users/oparker/workspace/TPG/hw/design_1_wrapper.xsa
TRACE::2025-02-28.11:08:39::SCWPlatform::DSA given C:/Users/oparker/workspace/TPG/hw/design_1_wrapper.xsa
TRACE::2025-02-28.11:08:39::SCWPlatform::DSA absoulate path C:/Users/oparker/workspace/TPG/hw/design_1_wrapper.xsa
TRACE::2025-02-28.11:08:39::SCWPlatform::DSA directory C:/Users/oparker/workspace/TPG/hw
TRACE::2025-02-28.11:08:39::SCWPlatform:: Platform Path C:/Users/oparker/workspace/TPG/hw/design_1_wrapper.xsa
TRACE::2025-02-28.11:08:39::SCWPlatform:: Unique name xilinx:zed::0.0
TRACE::2025-02-28.11:08:39::SCWPlatform::Trying to set the existing hwdb with name design_1_wrapper_21
TRACE::2025-02-28.11:08:39::SCWPlatform::Opened existing hwdb design_1_wrapper_21
TRACE::2025-02-28.11:08:39::SCWPlatform::Found the Hw Db part of the input DSA
TRACE::2025-02-28.11:08:39::SCWMssOS::Checking the sw design at  C:/Users/oparker/workspace/TPG/ps7_cortexa9_0/standalone_domain/bsp/system.mss
TRACE::2025-02-28.11:08:39::SCWMssOS::DEBUG:  swdes dump  C:/Users/oparker/workspace/TPG/zynq_fsbl/zynq_fsbl_bsp/system.mss|system||
C:/Users/oparker/workspace/design_1_wrapper/ps7_cortexa9_0/domain_ps7_cortexa9_0/bsp/system.mss|system_1||
C:/Users/oparker/workspace/design_1_wrapper/zynq_fsbl/zynq_fsbl_bsp/system.mss|system_0||

TRACE::2025-02-28.11:08:39::SCWMssOS::No sw design opened at  C:/Users/oparker/workspace/TPG/ps7_cortexa9_0/standalone_domain/bsp/system.mss
TRACE::2025-02-28.11:08:39::SCWMssOS::mss exists loading the mss file  C:/Users/oparker/workspace/TPG/ps7_cortexa9_0/standalone_domain/bsp/system.mss
TRACE::2025-02-28.11:08:39::SCWMssOS::Opened the sw design from mss  C:/Users/oparker/workspace/TPG/ps7_cortexa9_0/standalone_domain/bsp/system.mss
TRACE::2025-02-28.11:08:39::SCWMssOS::Adding the swdes entry C:/Users/oparker/workspace/TPG/ps7_cortexa9_0/standalone_domain/bsp/system.mss with des name system_2
TRACE::2025-02-28.11:08:39::SCWMssOS::updating the scw layer about changes
TRACE::2025-02-28.11:08:39::SCWMssOS::Opened the sw design.  C:/Users/oparker/workspace/TPG/ps7_cortexa9_0/standalone_domain/bsp/system.mss
TRACE::2025-02-28.11:08:39::SCWMssOS::Saving the mss changes C:/Users/oparker/workspace/TPG/ps7_cortexa9_0/standalone_domain/bsp/system.mss
TRACE::2025-02-28.11:08:39::SCWMssOS::Found a swdesign opened with the mssfile.
TRACE::2025-02-28.11:08:39::SCWMssOS::Completed writemss as part of save.
TRACE::2025-02-28.11:08:39::SCWMssOS::Commit changes completed.
TRACE::2025-02-28.11:08:39::SCWReader::Adding prebuilt librarypaths as   
TRACE::2025-02-28.11:08:39::SCWReader::Adding prebuilt incpaths  as   
TRACE::2025-02-28.11:08:39::SCWPlatform::Trying to open the hw design at C:/Users/oparker/workspace/TPG/hw/design_1_wrapper.xsa
TRACE::2025-02-28.11:08:39::SCWPlatform::DSA given C:/Users/oparker/workspace/TPG/hw/design_1_wrapper.xsa
TRACE::2025-02-28.11:08:39::SCWPlatform::DSA absoulate path C:/Users/oparker/workspace/TPG/hw/design_1_wrapper.xsa
TRACE::2025-02-28.11:08:39::SCWPlatform::DSA directory C:/Users/oparker/workspace/TPG/hw
TRACE::2025-02-28.11:08:39::SCWPlatform:: Platform Path C:/Users/oparker/workspace/TPG/hw/design_1_wrapper.xsa
TRACE::2025-02-28.11:08:39::SCWPlatform:: Unique name xilinx:zed::0.0
TRACE::2025-02-28.11:08:39::SCWPlatform::Trying to set the existing hwdb with name design_1_wrapper_21
TRACE::2025-02-28.11:08:39::SCWPlatform::Opened existing hwdb design_1_wrapper_21
TRACE::2025-02-28.11:08:39::SCWPlatform::Found the Hw Db part of the input DSA
TRACE::2025-02-28.11:08:39::SCWMssOS::Checking the sw design at  C:/Users/oparker/workspace/TPG/ps7_cortexa9_0/standalone_domain/bsp/system.mss
TRACE::2025-02-28.11:08:39::SCWMssOS::DEBUG:  swdes dump  C:/Users/oparker/workspace/TPG/ps7_cortexa9_0/standalone_domain/bsp/system.mss|system_2||
C:/Users/oparker/workspace/TPG/zynq_fsbl/zynq_fsbl_bsp/system.mss|system||
C:/Users/oparker/workspace/design_1_wrapper/ps7_cortexa9_0/domain_ps7_cortexa9_0/bsp/system.mss|system_1||
C:/Users/oparker/workspace/design_1_wrapper/zynq_fsbl/zynq_fsbl_bsp/system.mss|system_0||

TRACE::2025-02-28.11:08:39::SCWMssOS::Sw design exists and opened at  C:/Users/oparker/workspace/TPG/ps7_cortexa9_0/standalone_domain/bsp/system.mss
TRACE::2025-02-28.11:08:39::SCWReader::No isolation master present  
