Copyright 1986-2020 Xilinx, Inc. All Rights Reserved.
--------------------------------------------------------------------------------------------------------------------------------------------------------------------------------------
| Tool Version : Vivado v.2020.1 (win64) Build 2902540 Wed May 27 19:54:49 MDT 2020
| Date         : Sat Mar  8 13:30:50 2025
| Host         : CO2041-04 running 64-bit major release  (build 9200)
| Command      : report_methodology -file design_1_wrapper_methodology_drc_routed.rpt -pb design_1_wrapper_methodology_drc_routed.pb -rpx design_1_wrapper_methodology_drc_routed.rpx
| Design       : design_1_wrapper
| Device       : xc7z020clg484-1
| Speed File   : -1
| Design State : Fully Routed
--------------------------------------------------------------------------------------------------------------------------------------------------------------------------------------

Report Methodology

Table of Contents
-----------------
1. REPORT SUMMARY
2. REPORT DETAILS

1. REPORT SUMMARY
-----------------
            Netlist: netlist
          Floorplan: design_1
      Design limits: <entire design considered>
             Max violations: <unlimited>
             Violations found: 1061
+-----------+------------------+--------------------------------------------------------+------------+
| Rule      | Severity         | Description                                            | Violations |
+-----------+------------------+--------------------------------------------------------+------------+
| TIMING-6  | Critical Warning | No common primary clock between related clocks         | 6          |
| TIMING-7  | Critical Warning | No common node between related clocks                  | 6          |
| TIMING-8  | Critical Warning | No common period between related clocks                | 6          |
| LUTAR-1   | Warning          | LUT drives async reset alert                           | 2          |
| TIMING-9  | Warning          | Unknown CDC Logic                                      | 1          |
| TIMING-16 | Warning          | Large setup violation                                  | 1000       |
| TIMING-18 | Warning          | Missing input or output delay                          | 39         |
| XDCC-7    | Warning          | Scoped Clock constraint overwritten on the same source | 1          |
+-----------+------------------+--------------------------------------------------------+------------+

2. REPORT DETAILS
-----------------
TIMING-6#1 Critical Warning
No common primary clock between related clocks  
The clocks CLKDIV_c_0 and vita_clk_1 are related (timed together) but they have no common primary clock. The design could fail in hardware. To find a timing path between these clocks, run the following command: report_timing -from [get_clocks CLKDIV_c_0] -to [get_clocks vita_clk_1]
Related violations: <none>

TIMING-6#2 Critical Warning
No common primary clock between related clocks  
The clocks clk_fpga_0 and CLKDIV_c_0 are related (timed together) but they have no common primary clock. The design could fail in hardware. To find a timing path between these clocks, run the following command: report_timing -from [get_clocks clk_fpga_0] -to [get_clocks CLKDIV_c_0]
Related violations: <none>

TIMING-6#3 Critical Warning
No common primary clock between related clocks  
The clocks clk_fpga_0 and clk_out1_design_1_clk_wiz_0_0_1 are related (timed together) but they have no common primary clock. The design could fail in hardware. To find a timing path between these clocks, run the following command: report_timing -from [get_clocks clk_fpga_0] -to [get_clocks clk_out1_design_1_clk_wiz_0_0_1]
Related violations: <none>

TIMING-6#4 Critical Warning
No common primary clock between related clocks  
The clocks clk_fpga_0 and vita_clk_1 are related (timed together) but they have no common primary clock. The design could fail in hardware. To find a timing path between these clocks, run the following command: report_timing -from [get_clocks clk_fpga_0] -to [get_clocks vita_clk_1]
Related violations: <none>

TIMING-6#5 Critical Warning
No common primary clock between related clocks  
The clocks vita_clk_1 and CLKDIV_c_0 are related (timed together) but they have no common primary clock. The design could fail in hardware. To find a timing path between these clocks, run the following command: report_timing -from [get_clocks vita_clk_1] -to [get_clocks CLKDIV_c_0]
Related violations: <none>

TIMING-6#6 Critical Warning
No common primary clock between related clocks  
The clocks vita_clk_1 and clk_fpga_0 are related (timed together) but they have no common primary clock. The design could fail in hardware. To find a timing path between these clocks, run the following command: report_timing -from [get_clocks vita_clk_1] -to [get_clocks clk_fpga_0]
Related violations: <none>

TIMING-7#1 Critical Warning
No common node between related clocks  
The clocks CLKDIV_c_0 and vita_clk_1 are related (timed together) but they have no common node. The design could fail in hardware. To find a timing path between these clocks, run the following command: report_timing -from [get_clocks CLKDIV_c_0] -to [get_clocks vita_clk_1]
Related violations: <none>

TIMING-7#2 Critical Warning
No common node between related clocks  
The clocks clk_fpga_0 and CLKDIV_c_0 are related (timed together) but they have no common node. The design could fail in hardware. To find a timing path between these clocks, run the following command: report_timing -from [get_clocks clk_fpga_0] -to [get_clocks CLKDIV_c_0]
Related violations: <none>

TIMING-7#3 Critical Warning
No common node between related clocks  
The clocks clk_fpga_0 and clk_out1_design_1_clk_wiz_0_0_1 are related (timed together) but they have no common node. The design could fail in hardware. To find a timing path between these clocks, run the following command: report_timing -from [get_clocks clk_fpga_0] -to [get_clocks clk_out1_design_1_clk_wiz_0_0_1]
Related violations: <none>

TIMING-7#4 Critical Warning
No common node between related clocks  
The clocks clk_fpga_0 and vita_clk_1 are related (timed together) but they have no common node. The design could fail in hardware. To find a timing path between these clocks, run the following command: report_timing -from [get_clocks clk_fpga_0] -to [get_clocks vita_clk_1]
Related violations: <none>

TIMING-7#5 Critical Warning
No common node between related clocks  
The clocks vita_clk_1 and CLKDIV_c_0 are related (timed together) but they have no common node. The design could fail in hardware. To find a timing path between these clocks, run the following command: report_timing -from [get_clocks vita_clk_1] -to [get_clocks CLKDIV_c_0]
Related violations: <none>

TIMING-7#6 Critical Warning
No common node between related clocks  
The clocks vita_clk_1 and clk_fpga_0 are related (timed together) but they have no common node. The design could fail in hardware. To find a timing path between these clocks, run the following command: report_timing -from [get_clocks vita_clk_1] -to [get_clocks clk_fpga_0]
Related violations: <none>

TIMING-8#1 Critical Warning
No common period between related clocks  
The clocks CLKDIV_c_0 and vita_clk_1 are found related (timed together) but have no common (expandable) period
Related violations: <none>

TIMING-8#2 Critical Warning
No common period between related clocks  
The clocks clk_fpga_0 and CLKDIV_c_0 are found related (timed together) but have no common (expandable) period
Related violations: <none>

TIMING-8#3 Critical Warning
No common period between related clocks  
The clocks clk_fpga_0 and clk_out1_design_1_clk_wiz_0_0_1 are found related (timed together) but have no common (expandable) period
Related violations: <none>

TIMING-8#4 Critical Warning
No common period between related clocks  
The clocks clk_fpga_0 and vita_clk_1 are found related (timed together) but have no common (expandable) period
Related violations: <none>

TIMING-8#5 Critical Warning
No common period between related clocks  
The clocks vita_clk_1 and CLKDIV_c_0 are found related (timed together) but have no common (expandable) period
Related violations: <none>

TIMING-8#6 Critical Warning
No common period between related clocks  
The clocks vita_clk_1 and clk_fpga_0 are found related (timed together) but have no common (expandable) period
Related violations: <none>

LUTAR-1#1 Warning
LUT drives async reset alert  
LUT cell design_1_i/axi_vdma_0/U0/GEN_SPRT_FOR_MM2S.MM2S_LINEBUFFER_I/GEN_LINEBUF_NO_SOF.GEN_LINEBUFFER.GEN_ASYNC_FIFO.LB_BUILT_IN.I_LINEBUFFER_FIFO/fg_builtin_fifo_inst/inst_fifo_gen/gconvfifo.rf/gbi.bi/g7ser_birst.rstbt/gf36e1_inst.sngfifo36e1_i_2, with 2 or more inputs, drives asynchronous preset/clear pin(s) design_1_i/axi_vdma_0/U0/GEN_SPRT_FOR_MM2S.MM2S_LINEBUFFER_I/GEN_LINEBUF_NO_SOF.GEN_LINEBUFFER.GEN_ASYNC_FIFO.LB_BUILT_IN.I_LINEBUFFER_FIFO/fg_builtin_fifo_inst/inst_fifo_gen/gconvfifo.rf/gbi.bi/v7_bi_fifo.fblk/gextw[1].gnll_fifo.inst_extd/gonep.inst_prim/gf36e1_inst.sngfifo36e1/RST,
design_1_i/axi_vdma_0/U0/GEN_SPRT_FOR_MM2S.MM2S_LINEBUFFER_I/GEN_LINEBUF_NO_SOF.GEN_LINEBUFFER.GEN_ASYNC_FIFO.LB_BUILT_IN.I_LINEBUFFER_FIFO/fg_builtin_fifo_inst/inst_fifo_gen/gconvfifo.rf/gbi.bi/v7_bi_fifo.fblk/gextw[2].gnll_fifo.inst_extd/gonep.inst_prim/gf36e1_inst.sngfifo36e1/RST. The LUT may glitch and trigger an unexpected reset, even if it is a properly timed path.
Related violations: <none>

LUTAR-1#2 Warning
LUT drives async reset alert  
LUT cell design_1_i/axi_vdma_0/U0/GEN_SPRT_FOR_S2MM.S2MM_LINEBUFFER_I/GEN_S2MM_FLUSH_SOF_LOGIC.GEN_LINEBUFFER_FLUSH_SOF.GEN_ASYNC_FIFO_FLUSH_SOF.LB_BUILT_IN.I_LINEBUFFER_FIFO/fg_builtin_fifo_inst/inst_fifo_gen/gconvfifo.rf/gbi.bi/g7ser_birst.rstbt/gf36e1_inst.sngfifo36e1_i_2__0, with 2 or more inputs, drives asynchronous preset/clear pin(s) design_1_i/axi_vdma_0/U0/GEN_SPRT_FOR_S2MM.S2MM_LINEBUFFER_I/GEN_S2MM_FLUSH_SOF_LOGIC.GEN_LINEBUFFER_FLUSH_SOF.GEN_ASYNC_FIFO_FLUSH_SOF.LB_BUILT_IN.I_LINEBUFFER_FIFO/fg_builtin_fifo_inst/inst_fifo_gen/gconvfifo.rf/gbi.bi/v7_bi_fifo.fblk/gextw[1].gnll_fifo.inst_extd/gonep.inst_prim/gf36e1_inst.sngfifo36e1/RST,
design_1_i/axi_vdma_0/U0/GEN_SPRT_FOR_S2MM.S2MM_LINEBUFFER_I/GEN_S2MM_FLUSH_SOF_LOGIC.GEN_LINEBUFFER_FLUSH_SOF.GEN_ASYNC_FIFO_FLUSH_SOF.LB_BUILT_IN.I_LINEBUFFER_FIFO/fg_builtin_fifo_inst/inst_fifo_gen/gconvfifo.rf/gbi.bi/v7_bi_fifo.fblk/gextw[2].gnll_fifo.inst_extd/gonep.inst_prim/gf36e1_inst.sngfifo36e1/RST. The LUT may glitch and trigger an unexpected reset, even if it is a properly timed path.
Related violations: <none>

TIMING-9#1 Warning
Unknown CDC Logic  
One or more asynchronous Clock Domain Crossing has been detected between 2 clock domains through a set_false_path or a set_clock_groups or set_max_delay -datapath_only constraint but no double-registers logic synchronizer has been found on the side of the capture clock. It is recommended to run report_cdc for a complete and detailed CDC coverage. Please consider using XPM_CDC to avoid Critical severities
Related violations: <none>

TIMING-16#1 Warning
Large setup violation  
There is a large setup violation of -10.051 ns between design_1_i/onsemi_vita_cam_0/U0/onsemi_vita_cam_v3_1_S00_AXI_inst/slv_reg25_reg[18]/C (clocked by clk_fpga_0) and design_1_i/onsemi_vita_cam_0/U0/onsemi_vita_cam_v3_1_S00_AXI_inst/onsemi_vita_cam_core_inst/syncgen_l/DeA1_s_reg/D (clocked by clk_out1_design_1_clk_wiz_0_0_1). Large setup violations at the end of those stages might be difficult to fix during the post-placement implementation flow and could be the result of non-optimal XDC constraints or non-optimal design architecture
Related violations: <none>

TIMING-16#2 Warning
Large setup violation  
There is a large setup violation of -10.167 ns between design_1_i/onsemi_vita_cam_0/U0/onsemi_vita_cam_v3_1_S00_AXI_inst/slv_reg25_reg[2]/C (clocked by clk_fpga_0) and design_1_i/onsemi_vita_cam_0/U0/onsemi_vita_cam_v3_1_S00_AXI_inst/onsemi_vita_cam_core_inst/syncgen_l/v_HSyncCount_s_reg[17]/D (clocked by clk_out1_design_1_clk_wiz_0_0_1). Large setup violations at the end of those stages might be difficult to fix during the post-placement implementation flow and could be the result of non-optimal XDC constraints or non-optimal design architecture
Related violations: <none>

TIMING-16#3 Warning
Large setup violation  
There is a large setup violation of -10.197 ns between design_1_i/onsemi_vita_cam_0/U0/onsemi_vita_cam_v3_1_S00_AXI_inst/slv_reg26_reg[4]/C (clocked by clk_fpga_0) and design_1_i/onsemi_vita_cam_0/U0/onsemi_vita_cam_v3_1_S00_AXI_inst/onsemi_vita_cam_core_inst/syncgen_l/v_VSyncCount_s_reg[1]/D (clocked by clk_out1_design_1_clk_wiz_0_0_1). Large setup violations at the end of those stages might be difficult to fix during the post-placement implementation flow and could be the result of non-optimal XDC constraints or non-optimal design architecture
Related violations: <none>

TIMING-16#4 Warning
Large setup violation  
There is a large setup violation of -10.215 ns between design_1_i/onsemi_vita_cam_0/U0/onsemi_vita_cam_v3_1_S00_AXI_inst/slv_reg25_reg[2]/C (clocked by clk_fpga_0) and design_1_i/onsemi_vita_cam_0/U0/onsemi_vita_cam_v3_1_S00_AXI_inst/onsemi_vita_cam_core_inst/syncgen_l/v_HSyncCount_s_reg[16]/D (clocked by clk_out1_design_1_clk_wiz_0_0_1). Large setup violations at the end of those stages might be difficult to fix during the post-placement implementation flow and could be the result of non-optimal XDC constraints or non-optimal design architecture
Related violations: <none>

TIMING-16#5 Warning
Large setup violation  
There is a large setup violation of -10.245 ns between design_1_i/onsemi_vita_cam_0/U0/onsemi_vita_cam_v3_1_S00_AXI_inst/slv_reg26_reg[4]/C (clocked by clk_fpga_0) and design_1_i/onsemi_vita_cam_0/U0/onsemi_vita_cam_v3_1_S00_AXI_inst/onsemi_vita_cam_core_inst/syncgen_l/v_VSyncCount_s_reg[0]/D (clocked by clk_out1_design_1_clk_wiz_0_0_1). Large setup violations at the end of those stages might be difficult to fix during the post-placement implementation flow and could be the result of non-optimal XDC constraints or non-optimal design architecture
Related violations: <none>

TIMING-16#6 Warning
Large setup violation  
There is a large setup violation of -10.343 ns between design_1_i/onsemi_vita_cam_0/U0/onsemi_vita_cam_v3_1_S00_AXI_inst/slv_reg26_reg[4]/C (clocked by clk_fpga_0) and design_1_i/onsemi_vita_cam_0/U0/onsemi_vita_cam_v3_1_S00_AXI_inst/onsemi_vita_cam_core_inst/syncgen_l/v_VSyncCount_s_reg[11]/D (clocked by clk_out1_design_1_clk_wiz_0_0_1). Large setup violations at the end of those stages might be difficult to fix during the post-placement implementation flow and could be the result of non-optimal XDC constraints or non-optimal design architecture
Related violations: <none>

TIMING-16#7 Warning
Large setup violation  
There is a large setup violation of -10.345 ns between design_1_i/onsemi_vita_cam_0/U0/onsemi_vita_cam_v3_1_S00_AXI_inst/slv_reg25_reg[2]/C (clocked by clk_fpga_0) and design_1_i/onsemi_vita_cam_0/U0/onsemi_vita_cam_v3_1_S00_AXI_inst/onsemi_vita_cam_core_inst/syncgen_l/v_HSyncCount_s_reg[15]/D (clocked by clk_out1_design_1_clk_wiz_0_0_1). Large setup violations at the end of those stages might be difficult to fix during the post-placement implementation flow and could be the result of non-optimal XDC constraints or non-optimal design architecture
Related violations: <none>

TIMING-16#8 Warning
Large setup violation  
There is a large setup violation of -10.348 ns between design_1_i/onsemi_vita_cam_0/U0/onsemi_vita_cam_v3_1_S00_AXI_inst/slv_reg26_reg[4]/C (clocked by clk_fpga_0) and design_1_i/onsemi_vita_cam_0/U0/onsemi_vita_cam_v3_1_S00_AXI_inst/onsemi_vita_cam_core_inst/syncgen_l/v_VSyncCount_s_reg[17]/D (clocked by clk_out1_design_1_clk_wiz_0_0_1). Large setup violations at the end of those stages might be difficult to fix during the post-placement implementation flow and could be the result of non-optimal XDC constraints or non-optimal design architecture
Related violations: <none>

TIMING-16#9 Warning
Large setup violation  
There is a large setup violation of -10.349 ns between design_1_i/onsemi_vita_cam_0/U0/onsemi_vita_cam_v3_1_S00_AXI_inst/slv_reg25_reg[2]/C (clocked by clk_fpga_0) and design_1_i/onsemi_vita_cam_0/U0/onsemi_vita_cam_v3_1_S00_AXI_inst/onsemi_vita_cam_core_inst/syncgen_l/v_HSyncCount_s_reg[3]/D (clocked by clk_out1_design_1_clk_wiz_0_0_1). Large setup violations at the end of those stages might be difficult to fix during the post-placement implementation flow and could be the result of non-optimal XDC constraints or non-optimal design architecture
Related violations: <none>

TIMING-16#10 Warning
Large setup violation  
There is a large setup violation of -10.352 ns between design_1_i/onsemi_vita_cam_0/U0/onsemi_vita_cam_v3_1_S00_AXI_inst/slv_reg26_reg[4]/C (clocked by clk_fpga_0) and design_1_i/onsemi_vita_cam_0/U0/onsemi_vita_cam_v3_1_S00_AXI_inst/onsemi_vita_cam_core_inst/syncgen_l/v_VSyncCount_s_reg[9]/D (clocked by clk_out1_design_1_clk_wiz_0_0_1). Large setup violations at the end of those stages might be difficult to fix during the post-placement implementation flow and could be the result of non-optimal XDC constraints or non-optimal design architecture
Related violations: <none>

TIMING-16#11 Warning
Large setup violation  
There is a large setup violation of -10.356 ns between design_1_i/onsemi_vita_cam_0/U0/onsemi_vita_cam_v3_1_S00_AXI_inst/slv_reg26_reg[4]/C (clocked by clk_fpga_0) and design_1_i/onsemi_vita_cam_0/U0/onsemi_vita_cam_v3_1_S00_AXI_inst/onsemi_vita_cam_core_inst/syncgen_l/v_VSyncCount_s_reg[3]/D (clocked by clk_out1_design_1_clk_wiz_0_0_1). Large setup violations at the end of those stages might be difficult to fix during the post-placement implementation flow and could be the result of non-optimal XDC constraints or non-optimal design architecture
Related violations: <none>

TIMING-16#12 Warning
Large setup violation  
There is a large setup violation of -10.358 ns between design_1_i/onsemi_vita_cam_0/U0/onsemi_vita_cam_v3_1_S00_AXI_inst/slv_reg25_reg[2]/C (clocked by clk_fpga_0) and design_1_i/onsemi_vita_cam_0/U0/onsemi_vita_cam_v3_1_S00_AXI_inst/onsemi_vita_cam_core_inst/syncgen_l/v_HSyncCount_s_reg[1]/D (clocked by clk_out1_design_1_clk_wiz_0_0_1). Large setup violations at the end of those stages might be difficult to fix during the post-placement implementation flow and could be the result of non-optimal XDC constraints or non-optimal design architecture
Related violations: <none>

TIMING-16#13 Warning
Large setup violation  
There is a large setup violation of -10.366 ns between design_1_i/onsemi_vita_cam_0/U0/onsemi_vita_cam_v3_1_S00_AXI_inst/slv_reg25_reg[2]/C (clocked by clk_fpga_0) and design_1_i/onsemi_vita_cam_0/U0/onsemi_vita_cam_v3_1_S00_AXI_inst/onsemi_vita_cam_core_inst/syncgen_l/v_HSyncCount_s_reg[11]/D (clocked by clk_out1_design_1_clk_wiz_0_0_1). Large setup violations at the end of those stages might be difficult to fix during the post-placement implementation flow and could be the result of non-optimal XDC constraints or non-optimal design architecture
Related violations: <none>

TIMING-16#14 Warning
Large setup violation  
There is a large setup violation of -10.395 ns between design_1_i/onsemi_vita_cam_0/U0/onsemi_vita_cam_v3_1_S00_AXI_inst/slv_reg25_reg[2]/C (clocked by clk_fpga_0) and design_1_i/onsemi_vita_cam_0/U0/onsemi_vita_cam_v3_1_S00_AXI_inst/onsemi_vita_cam_core_inst/syncgen_l/v_HSyncCount_s_reg[14]/D (clocked by clk_out1_design_1_clk_wiz_0_0_1). Large setup violations at the end of those stages might be difficult to fix during the post-placement implementation flow and could be the result of non-optimal XDC constraints or non-optimal design architecture
Related violations: <none>

TIMING-16#15 Warning
Large setup violation  
There is a large setup violation of -10.395 ns between design_1_i/onsemi_vita_cam_0/U0/onsemi_vita_cam_v3_1_S00_AXI_inst/slv_reg26_reg[4]/C (clocked by clk_fpga_0) and design_1_i/onsemi_vita_cam_0/U0/onsemi_vita_cam_v3_1_S00_AXI_inst/onsemi_vita_cam_core_inst/syncgen_l/v_VSyncCount_s_reg[10]/D (clocked by clk_out1_design_1_clk_wiz_0_0_1). Large setup violations at the end of those stages might be difficult to fix during the post-placement implementation flow and could be the result of non-optimal XDC constraints or non-optimal design architecture
Related violations: <none>

TIMING-16#16 Warning
Large setup violation  
There is a large setup violation of -10.397 ns between design_1_i/onsemi_vita_cam_0/U0/onsemi_vita_cam_v3_1_S00_AXI_inst/slv_reg25_reg[2]/C (clocked by clk_fpga_0) and design_1_i/onsemi_vita_cam_0/U0/onsemi_vita_cam_v3_1_S00_AXI_inst/onsemi_vita_cam_core_inst/syncgen_l/v_HSyncCount_s_reg[2]/D (clocked by clk_out1_design_1_clk_wiz_0_0_1). Large setup violations at the end of those stages might be difficult to fix during the post-placement implementation flow and could be the result of non-optimal XDC constraints or non-optimal design architecture
Related violations: <none>

TIMING-16#17 Warning
Large setup violation  
There is a large setup violation of -10.397 ns between design_1_i/onsemi_vita_cam_0/U0/onsemi_vita_cam_v3_1_S00_AXI_inst/slv_reg26_reg[4]/C (clocked by clk_fpga_0) and design_1_i/onsemi_vita_cam_0/U0/onsemi_vita_cam_v3_1_S00_AXI_inst/onsemi_vita_cam_core_inst/syncgen_l/v_VSyncCount_s_reg[16]/D (clocked by clk_out1_design_1_clk_wiz_0_0_1). Large setup violations at the end of those stages might be difficult to fix during the post-placement implementation flow and could be the result of non-optimal XDC constraints or non-optimal design architecture
Related violations: <none>

TIMING-16#18 Warning
Large setup violation  
There is a large setup violation of -10.402 ns between design_1_i/onsemi_vita_cam_0/U0/onsemi_vita_cam_v3_1_S00_AXI_inst/slv_reg26_reg[4]/C (clocked by clk_fpga_0) and design_1_i/onsemi_vita_cam_0/U0/onsemi_vita_cam_v3_1_S00_AXI_inst/onsemi_vita_cam_core_inst/syncgen_l/v_VSyncCount_s_reg[8]/D (clocked by clk_out1_design_1_clk_wiz_0_0_1). Large setup violations at the end of those stages might be difficult to fix during the post-placement implementation flow and could be the result of non-optimal XDC constraints or non-optimal design architecture
Related violations: <none>

TIMING-16#19 Warning
Large setup violation  
There is a large setup violation of -10.404 ns between design_1_i/onsemi_vita_cam_0/U0/onsemi_vita_cam_v3_1_S00_AXI_inst/slv_reg26_reg[4]/C (clocked by clk_fpga_0) and design_1_i/onsemi_vita_cam_0/U0/onsemi_vita_cam_v3_1_S00_AXI_inst/onsemi_vita_cam_core_inst/syncgen_l/FSM_sequential_VSyncState_s_reg[1]/D (clocked by clk_out1_design_1_clk_wiz_0_0_1). Large setup violations at the end of those stages might be difficult to fix during the post-placement implementation flow and could be the result of non-optimal XDC constraints or non-optimal design architecture
Related violations: <none>

TIMING-16#20 Warning
Large setup violation  
There is a large setup violation of -10.404 ns between design_1_i/onsemi_vita_cam_0/U0/onsemi_vita_cam_v3_1_S00_AXI_inst/slv_reg26_reg[4]/C (clocked by clk_fpga_0) and design_1_i/onsemi_vita_cam_0/U0/onsemi_vita_cam_v3_1_S00_AXI_inst/onsemi_vita_cam_core_inst/syncgen_l/v_VSyncCount_s_reg[2]/D (clocked by clk_out1_design_1_clk_wiz_0_0_1). Large setup violations at the end of those stages might be difficult to fix during the post-placement implementation flow and could be the result of non-optimal XDC constraints or non-optimal design architecture
Related violations: <none>

TIMING-16#21 Warning
Large setup violation  
There is a large setup violation of -10.408 ns between design_1_i/onsemi_vita_cam_0/U0/onsemi_vita_cam_v3_1_S00_AXI_inst/slv_reg25_reg[2]/C (clocked by clk_fpga_0) and design_1_i/onsemi_vita_cam_0/U0/onsemi_vita_cam_v3_1_S00_AXI_inst/onsemi_vita_cam_core_inst/syncgen_l/v_HSyncCount_s_reg[0]/D (clocked by clk_out1_design_1_clk_wiz_0_0_1). Large setup violations at the end of those stages might be difficult to fix during the post-placement implementation flow and could be the result of non-optimal XDC constraints or non-optimal design architecture
Related violations: <none>

TIMING-16#22 Warning
Large setup violation  
There is a large setup violation of -10.414 ns between design_1_i/onsemi_vita_cam_0/U0/onsemi_vita_cam_v3_1_S00_AXI_inst/slv_reg25_reg[2]/C (clocked by clk_fpga_0) and design_1_i/onsemi_vita_cam_0/U0/onsemi_vita_cam_v3_1_S00_AXI_inst/onsemi_vita_cam_core_inst/syncgen_l/v_HSyncCount_s_reg[10]/D (clocked by clk_out1_design_1_clk_wiz_0_0_1). Large setup violations at the end of those stages might be difficult to fix during the post-placement implementation flow and could be the result of non-optimal XDC constraints or non-optimal design architecture
Related violations: <none>

TIMING-16#23 Warning
Large setup violation  
There is a large setup violation of -10.453 ns between design_1_i/onsemi_vita_cam_0/U0/onsemi_vita_cam_v3_1_S00_AXI_inst/slv_reg25_reg[2]/C (clocked by clk_fpga_0) and design_1_i/onsemi_vita_cam_0/U0/onsemi_vita_cam_v3_1_S00_AXI_inst/onsemi_vita_cam_core_inst/syncgen_l/v_HSyncCount_s_reg[7]/D (clocked by clk_out1_design_1_clk_wiz_0_0_1). Large setup violations at the end of those stages might be difficult to fix during the post-placement implementation flow and could be the result of non-optimal XDC constraints or non-optimal design architecture
Related violations: <none>

TIMING-16#24 Warning
Large setup violation  
There is a large setup violation of -10.453 ns between design_1_i/onsemi_vita_cam_0/U0/onsemi_vita_cam_v3_1_S00_AXI_inst/slv_reg26_reg[4]/C (clocked by clk_fpga_0) and design_1_i/onsemi_vita_cam_0/U0/onsemi_vita_cam_v3_1_S00_AXI_inst/onsemi_vita_cam_core_inst/syncgen_l/FSM_sequential_VSyncState_s_reg[0]/D (clocked by clk_out1_design_1_clk_wiz_0_0_1). Large setup violations at the end of those stages might be difficult to fix during the post-placement implementation flow and could be the result of non-optimal XDC constraints or non-optimal design architecture
Related violations: <none>

TIMING-16#25 Warning
Large setup violation  
There is a large setup violation of -10.477 ns between design_1_i/onsemi_vita_cam_0/U0/onsemi_vita_cam_v3_1_S00_AXI_inst/slv_reg26_reg[4]/C (clocked by clk_fpga_0) and design_1_i/onsemi_vita_cam_0/U0/onsemi_vita_cam_v3_1_S00_AXI_inst/onsemi_vita_cam_core_inst/syncgen_l/v_VSyncCount_s_reg[7]/D (clocked by clk_out1_design_1_clk_wiz_0_0_1). Large setup violations at the end of those stages might be difficult to fix during the post-placement implementation flow and could be the result of non-optimal XDC constraints or non-optimal design architecture
Related violations: <none>

TIMING-16#26 Warning
Large setup violation  
There is a large setup violation of -10.482 ns between design_1_i/onsemi_vita_cam_0/U0/onsemi_vita_cam_v3_1_S00_AXI_inst/slv_reg26_reg[4]/C (clocked by clk_fpga_0) and design_1_i/onsemi_vita_cam_0/U0/onsemi_vita_cam_v3_1_S00_AXI_inst/onsemi_vita_cam_core_inst/syncgen_l/v_VSyncCount_s_reg[13]/D (clocked by clk_out1_design_1_clk_wiz_0_0_1). Large setup violations at the end of those stages might be difficult to fix during the post-placement implementation flow and could be the result of non-optimal XDC constraints or non-optimal design architecture
Related violations: <none>

TIMING-16#27 Warning
Large setup violation  
There is a large setup violation of -10.496 ns between design_1_i/onsemi_vita_cam_0/U0/onsemi_vita_cam_v3_1_S00_AXI_inst/slv_reg25_reg[2]/C (clocked by clk_fpga_0) and design_1_i/onsemi_vita_cam_0/U0/onsemi_vita_cam_v3_1_S00_AXI_inst/onsemi_vita_cam_core_inst/syncgen_l/v_HSyncCount_s_reg[9]/D (clocked by clk_out1_design_1_clk_wiz_0_0_1). Large setup violations at the end of those stages might be difficult to fix during the post-placement implementation flow and could be the result of non-optimal XDC constraints or non-optimal design architecture
Related violations: <none>

TIMING-16#28 Warning
Large setup violation  
There is a large setup violation of -10.502 ns between design_1_i/onsemi_vita_cam_0/U0/onsemi_vita_cam_v3_1_S00_AXI_inst/slv_reg26_reg[4]/C (clocked by clk_fpga_0) and design_1_i/onsemi_vita_cam_0/U0/onsemi_vita_cam_v3_1_S00_AXI_inst/onsemi_vita_cam_core_inst/syncgen_l/v_VSyncCount_s_reg[5]/D (clocked by clk_out1_design_1_clk_wiz_0_0_1). Large setup violations at the end of those stages might be difficult to fix during the post-placement implementation flow and could be the result of non-optimal XDC constraints or non-optimal design architecture
Related violations: <none>

TIMING-16#29 Warning
Large setup violation  
There is a large setup violation of -10.505 ns between design_1_i/onsemi_vita_cam_0/U0/onsemi_vita_cam_v3_1_S00_AXI_inst/slv_reg25_reg[2]/C (clocked by clk_fpga_0) and design_1_i/onsemi_vita_cam_0/U0/onsemi_vita_cam_v3_1_S00_AXI_inst/onsemi_vita_cam_core_inst/syncgen_l/v_HSyncCount_s_reg[6]/D (clocked by clk_out1_design_1_clk_wiz_0_0_1). Large setup violations at the end of those stages might be difficult to fix during the post-placement implementation flow and could be the result of non-optimal XDC constraints or non-optimal design architecture
Related violations: <none>

TIMING-16#30 Warning
Large setup violation  
There is a large setup violation of -10.507 ns between design_1_i/onsemi_vita_cam_0/U0/onsemi_vita_cam_v3_1_S00_AXI_inst/slv_reg26_reg[4]/C (clocked by clk_fpga_0) and design_1_i/onsemi_vita_cam_0/U0/onsemi_vita_cam_v3_1_S00_AXI_inst/onsemi_vita_cam_core_inst/syncgen_l/v_VSyncCount_s_reg[15]/D (clocked by clk_out1_design_1_clk_wiz_0_0_1). Large setup violations at the end of those stages might be difficult to fix during the post-placement implementation flow and could be the result of non-optimal XDC constraints or non-optimal design architecture
Related violations: <none>

TIMING-16#31 Warning
Large setup violation  
There is a large setup violation of -10.509 ns between design_1_i/onsemi_vita_cam_0/U0/onsemi_vita_cam_v3_1_S00_AXI_inst/slv_reg25_reg[2]/C (clocked by clk_fpga_0) and design_1_i/onsemi_vita_cam_0/U0/onsemi_vita_cam_v3_1_S00_AXI_inst/onsemi_vita_cam_core_inst/syncgen_l/v_HSyncCount_s_reg[13]/D (clocked by clk_out1_design_1_clk_wiz_0_0_1). Large setup violations at the end of those stages might be difficult to fix during the post-placement implementation flow and could be the result of non-optimal XDC constraints or non-optimal design architecture
Related violations: <none>

TIMING-16#32 Warning
Large setup violation  
There is a large setup violation of -10.517 ns between design_1_i/onsemi_vita_cam_0/U0/onsemi_vita_cam_v3_1_S00_AXI_inst/slv_reg25_reg[2]/C (clocked by clk_fpga_0) and design_1_i/onsemi_vita_cam_0/U0/onsemi_vita_cam_v3_1_S00_AXI_inst/onsemi_vita_cam_core_inst/syncgen_l/v_HSyncCount_s_reg[5]/D (clocked by clk_out1_design_1_clk_wiz_0_0_1). Large setup violations at the end of those stages might be difficult to fix during the post-placement implementation flow and could be the result of non-optimal XDC constraints or non-optimal design architecture
Related violations: <none>

TIMING-16#33 Warning
Large setup violation  
There is a large setup violation of -10.529 ns between design_1_i/onsemi_vita_cam_0/U0/onsemi_vita_cam_v3_1_S00_AXI_inst/slv_reg26_reg[4]/C (clocked by clk_fpga_0) and design_1_i/onsemi_vita_cam_0/U0/onsemi_vita_cam_v3_1_S00_AXI_inst/onsemi_vita_cam_core_inst/syncgen_l/v_VSyncCount_s_reg[6]/D (clocked by clk_out1_design_1_clk_wiz_0_0_1). Large setup violations at the end of those stages might be difficult to fix during the post-placement implementation flow and could be the result of non-optimal XDC constraints or non-optimal design architecture
Related violations: <none>

TIMING-16#34 Warning
Large setup violation  
There is a large setup violation of -10.531 ns between design_1_i/onsemi_vita_cam_0/U0/onsemi_vita_cam_v3_1_S00_AXI_inst/slv_reg26_reg[4]/C (clocked by clk_fpga_0) and design_1_i/onsemi_vita_cam_0/U0/onsemi_vita_cam_v3_1_S00_AXI_inst/onsemi_vita_cam_core_inst/syncgen_l/v_VSyncCount_s_reg[12]/D (clocked by clk_out1_design_1_clk_wiz_0_0_1). Large setup violations at the end of those stages might be difficult to fix during the post-placement implementation flow and could be the result of non-optimal XDC constraints or non-optimal design architecture
Related violations: <none>

TIMING-16#35 Warning
Large setup violation  
There is a large setup violation of -10.546 ns between design_1_i/onsemi_vita_cam_0/U0/onsemi_vita_cam_v3_1_S00_AXI_inst/slv_reg25_reg[2]/C (clocked by clk_fpga_0) and design_1_i/onsemi_vita_cam_0/U0/onsemi_vita_cam_v3_1_S00_AXI_inst/onsemi_vita_cam_core_inst/syncgen_l/v_HSyncCount_s_reg[8]/D (clocked by clk_out1_design_1_clk_wiz_0_0_1). Large setup violations at the end of those stages might be difficult to fix during the post-placement implementation flow and could be the result of non-optimal XDC constraints or non-optimal design architecture
Related violations: <none>

TIMING-16#36 Warning
Large setup violation  
There is a large setup violation of -10.554 ns between design_1_i/onsemi_vita_cam_0/U0/onsemi_vita_cam_v3_1_S00_AXI_inst/slv_reg26_reg[4]/C (clocked by clk_fpga_0) and design_1_i/onsemi_vita_cam_0/U0/onsemi_vita_cam_v3_1_S00_AXI_inst/onsemi_vita_cam_core_inst/syncgen_l/v_VSyncCount_s_reg[4]/D (clocked by clk_out1_design_1_clk_wiz_0_0_1). Large setup violations at the end of those stages might be difficult to fix during the post-placement implementation flow and could be the result of non-optimal XDC constraints or non-optimal design architecture
Related violations: <none>

TIMING-16#37 Warning
Large setup violation  
There is a large setup violation of -10.556 ns between design_1_i/onsemi_vita_cam_0/U0/onsemi_vita_cam_v3_1_S00_AXI_inst/slv_reg26_reg[4]/C (clocked by clk_fpga_0) and design_1_i/onsemi_vita_cam_0/U0/onsemi_vita_cam_v3_1_S00_AXI_inst/onsemi_vita_cam_core_inst/syncgen_l/v_VSyncCount_s_reg[14]/D (clocked by clk_out1_design_1_clk_wiz_0_0_1). Large setup violations at the end of those stages might be difficult to fix during the post-placement implementation flow and could be the result of non-optimal XDC constraints or non-optimal design architecture
Related violations: <none>

TIMING-16#38 Warning
Large setup violation  
There is a large setup violation of -10.559 ns between design_1_i/onsemi_vita_cam_0/U0/onsemi_vita_cam_v3_1_S00_AXI_inst/slv_reg25_reg[2]/C (clocked by clk_fpga_0) and design_1_i/onsemi_vita_cam_0/U0/onsemi_vita_cam_v3_1_S00_AXI_inst/onsemi_vita_cam_core_inst/syncgen_l/v_HSyncCount_s_reg[12]/D (clocked by clk_out1_design_1_clk_wiz_0_0_1). Large setup violations at the end of those stages might be difficult to fix during the post-placement implementation flow and could be the result of non-optimal XDC constraints or non-optimal design architecture
Related violations: <none>

TIMING-16#39 Warning
Large setup violation  
There is a large setup violation of -10.565 ns between design_1_i/onsemi_vita_cam_0/U0/onsemi_vita_cam_v3_1_S00_AXI_inst/slv_reg25_reg[2]/C (clocked by clk_fpga_0) and design_1_i/onsemi_vita_cam_0/U0/onsemi_vita_cam_v3_1_S00_AXI_inst/onsemi_vita_cam_core_inst/syncgen_l/v_HSyncCount_s_reg[4]/D (clocked by clk_out1_design_1_clk_wiz_0_0_1). Large setup violations at the end of those stages might be difficult to fix during the post-placement implementation flow and could be the result of non-optimal XDC constraints or non-optimal design architecture
Related violations: <none>

TIMING-16#40 Warning
Large setup violation  
There is a large setup violation of -2.696 ns between design_1_i/onsemi_vita_cam_0/U0/onsemi_vita_cam_v3_1_S00_AXI_inst/slv_reg4_reg[3]/C (clocked by clk_fpga_0) and design_1_i/onsemi_vita_cam_0/U0/onsemi_vita_cam_v3_1_S00_AXI_inst/onsemi_vita_cam_core_inst/vita_iserdes_v5.vita_iserdes/serdesclockgen[0].co/FIFO_WREN_r2_reg/D (clocked by CLKDIV_c_0). Large setup violations at the end of those stages might be difficult to fix during the post-placement implementation flow and could be the result of non-optimal XDC constraints or non-optimal design architecture
Related violations: <none>

TIMING-16#41 Warning
Large setup violation  
There is a large setup violation of -3.855 ns between design_1_i/onsemi_vita_cam_0/U0/onsemi_vita_cam_v3_1_S00_AXI_inst/onsemi_vita_cam_core_inst/vita_iserdes_v5.vita_iserdes/generate_datagen.datagen[0].db/im/nomuxgen.SYNC_DATA_reg[1]/C (clocked by CLKDIV_c_0) and design_1_i/onsemi_vita_cam_0/U0/onsemi_vita_cam_v3_1_S00_AXI_inst/onsemi_vita_cam_core_inst/vita_iserdes_v5.vita_iserdes/generate_datagen.datagen[0].db/ss/datapipe_reg[0][1]/D (clocked by vita_clk_1). Large setup violations at the end of those stages might be difficult to fix during the post-placement implementation flow and could be the result of non-optimal XDC constraints or non-optimal design architecture
Related violations: <none>

TIMING-16#42 Warning
Large setup violation  
There is a large setup violation of -3.856 ns between design_1_i/onsemi_vita_cam_0/U0/onsemi_vita_cam_v3_1_S00_AXI_inst/onsemi_vita_cam_core_inst/vita_iserdes_v5.vita_iserdes/generate_datagen.datagen[0].db/im/nomuxgen.SYNC_DATA_reg[3]/C (clocked by CLKDIV_c_0) and design_1_i/onsemi_vita_cam_0/U0/onsemi_vita_cam_v3_1_S00_AXI_inst/onsemi_vita_cam_core_inst/vita_iserdes_v5.vita_iserdes/generate_datagen.datagen[0].db/ss/datapipe_reg[0][3]/D (clocked by vita_clk_1). Large setup violations at the end of those stages might be difficult to fix during the post-placement implementation flow and could be the result of non-optimal XDC constraints or non-optimal design architecture
Related violations: <none>

TIMING-16#43 Warning
Large setup violation  
There is a large setup violation of -3.949 ns between design_1_i/onsemi_vita_cam_0/U0/onsemi_vita_cam_v3_1_S00_AXI_inst/onsemi_vita_cam_core_inst/vita_iserdes_v5.vita_iserdes/generate_datagen.datagen[4].db/im/nomuxgen.SYNC_DATA_reg[2]/C (clocked by CLKDIV_c_0) and design_1_i/onsemi_vita_cam_0/U0/onsemi_vita_cam_v3_1_S00_AXI_inst/onsemi_vita_cam_core_inst/vita_iserdes_v5.vita_iserdes/generate_datagen.datagen[4].db/ss/datapipe_reg[0][2]/D (clocked by vita_clk_1). Large setup violations at the end of those stages might be difficult to fix during the post-placement implementation flow and could be the result of non-optimal XDC constraints or non-optimal design architecture
Related violations: <none>

TIMING-16#44 Warning
Large setup violation  
There is a large setup violation of -3.956 ns between design_1_i/onsemi_vita_cam_0/U0/onsemi_vita_cam_v3_1_S00_AXI_inst/onsemi_vita_cam_core_inst/vita_iserdes_v5.vita_iserdes/generate_datagen.datagen[3].db/im/nomuxgen.SYNC_DATA_reg[8]/C (clocked by CLKDIV_c_0) and design_1_i/onsemi_vita_cam_0/U0/onsemi_vita_cam_v3_1_S00_AXI_inst/onsemi_vita_cam_core_inst/vita_iserdes_v5.vita_iserdes/generate_datagen.datagen[3].db/ss/datapipe_reg[0][8]/D (clocked by vita_clk_1). Large setup violations at the end of those stages might be difficult to fix during the post-placement implementation flow and could be the result of non-optimal XDC constraints or non-optimal design architecture
Related violations: <none>

TIMING-16#45 Warning
Large setup violation  
There is a large setup violation of -3.969 ns between design_1_i/onsemi_vita_cam_0/U0/onsemi_vita_cam_v3_1_S00_AXI_inst/slv_reg5_reg[5]/C (clocked by clk_fpga_0) and design_1_i/onsemi_vita_cam_0/U0/onsemi_vita_cam_v3_1_S00_AXI_inst/onsemi_vita_cam_core_inst/vita_iserdes_v5.vita_iserdes/generate_datagen.datagen[1].db/cb/compare_reg[8][9]/D (clocked by vita_clk_1). Large setup violations at the end of those stages might be difficult to fix during the post-placement implementation flow and could be the result of non-optimal XDC constraints or non-optimal design architecture
Related violations: <none>

TIMING-16#46 Warning
Large setup violation  
There is a large setup violation of -3.973 ns between design_1_i/onsemi_vita_cam_0/U0/onsemi_vita_cam_v3_1_S00_AXI_inst/slv_reg5_reg[0]/C (clocked by clk_fpga_0) and design_1_i/onsemi_vita_cam_0/U0/onsemi_vita_cam_v3_1_S00_AXI_inst/onsemi_vita_cam_core_inst/vita_iserdes_v5.vita_iserdes/generate_datagen.datagen[1].db/cb/compare_reg[3][9]/D (clocked by vita_clk_1). Large setup violations at the end of those stages might be difficult to fix during the post-placement implementation flow and could be the result of non-optimal XDC constraints or non-optimal design architecture
Related violations: <none>

TIMING-16#47 Warning
Large setup violation  
There is a large setup violation of -3.994 ns between design_1_i/onsemi_vita_cam_0/U0/onsemi_vita_cam_v3_1_S00_AXI_inst/onsemi_vita_cam_core_inst/vita_iserdes_v5.vita_iserdes/generate_datagen.datagen[2].db/im/nomuxgen.SYNC_DATA_reg[8]/C (clocked by CLKDIV_c_0) and design_1_i/onsemi_vita_cam_0/U0/onsemi_vita_cam_v3_1_S00_AXI_inst/onsemi_vita_cam_core_inst/vita_iserdes_v5.vita_iserdes/generate_datagen.datagen[2].db/ss/datapipe_reg[0][8]/D (clocked by vita_clk_1). Large setup violations at the end of those stages might be difficult to fix during the post-placement implementation flow and could be the result of non-optimal XDC constraints or non-optimal design architecture
Related violations: <none>

TIMING-16#48 Warning
Large setup violation  
There is a large setup violation of -3.995 ns between design_1_i/onsemi_vita_cam_0/U0/onsemi_vita_cam_v3_1_S00_AXI_inst/onsemi_vita_cam_core_inst/vita_iserdes_v5.vita_iserdes/generate_datagen.datagen[0].db/im/nomuxgen.SYNC_DATA_reg[8]/C (clocked by CLKDIV_c_0) and design_1_i/onsemi_vita_cam_0/U0/onsemi_vita_cam_v3_1_S00_AXI_inst/onsemi_vita_cam_core_inst/vita_iserdes_v5.vita_iserdes/generate_datagen.datagen[0].db/ss/datapipe_reg[0][8]/D (clocked by vita_clk_1). Large setup violations at the end of those stages might be difficult to fix during the post-placement implementation flow and could be the result of non-optimal XDC constraints or non-optimal design architecture
Related violations: <none>

TIMING-16#49 Warning
Large setup violation  
There is a large setup violation of -4.001 ns between design_1_i/onsemi_vita_cam_0/U0/onsemi_vita_cam_v3_1_S00_AXI_inst/onsemi_vita_cam_core_inst/vita_iserdes_v5.vita_iserdes/generate_datagen.datagen[2].db/im/nomuxgen.SYNC_DATA_reg[0]/C (clocked by CLKDIV_c_0) and design_1_i/onsemi_vita_cam_0/U0/onsemi_vita_cam_v3_1_S00_AXI_inst/onsemi_vita_cam_core_inst/vita_iserdes_v5.vita_iserdes/generate_datagen.datagen[2].db/ss/datapipe_reg[0][0]/D (clocked by vita_clk_1). Large setup violations at the end of those stages might be difficult to fix during the post-placement implementation flow and could be the result of non-optimal XDC constraints or non-optimal design architecture
Related violations: <none>

TIMING-16#50 Warning
Large setup violation  
There is a large setup violation of -4.002 ns between design_1_i/onsemi_vita_cam_0/U0/onsemi_vita_cam_v3_1_S00_AXI_inst/onsemi_vita_cam_core_inst/vita_iserdes_v5.vita_iserdes/generate_datagen.datagen[0].db/im/nomuxgen.SYNC_DATA_reg[6]/C (clocked by CLKDIV_c_0) and design_1_i/onsemi_vita_cam_0/U0/onsemi_vita_cam_v3_1_S00_AXI_inst/onsemi_vita_cam_core_inst/vita_iserdes_v5.vita_iserdes/generate_datagen.datagen[0].db/ss/datapipe_reg[0][6]/D (clocked by vita_clk_1). Large setup violations at the end of those stages might be difficult to fix during the post-placement implementation flow and could be the result of non-optimal XDC constraints or non-optimal design architecture
Related violations: <none>

TIMING-16#51 Warning
Large setup violation  
There is a large setup violation of -4.004 ns between design_1_i/onsemi_vita_cam_0/U0/onsemi_vita_cam_v3_1_S00_AXI_inst/onsemi_vita_cam_core_inst/vita_iserdes_v5.vita_iserdes/generate_datagen.datagen[0].db/im/nomuxgen.SYNC_DATA_reg[0]/C (clocked by CLKDIV_c_0) and design_1_i/onsemi_vita_cam_0/U0/onsemi_vita_cam_v3_1_S00_AXI_inst/onsemi_vita_cam_core_inst/vita_iserdes_v5.vita_iserdes/generate_datagen.datagen[0].db/ss/datapipe_reg[0][0]/D (clocked by vita_clk_1). Large setup violations at the end of those stages might be difficult to fix during the post-placement implementation flow and could be the result of non-optimal XDC constraints or non-optimal design architecture
Related violations: <none>

TIMING-16#52 Warning
Large setup violation  
There is a large setup violation of -4.006 ns between design_1_i/onsemi_vita_cam_0/U0/onsemi_vita_cam_v3_1_S00_AXI_inst/onsemi_vita_cam_core_inst/vita_iserdes_v5.vita_iserdes/generate_datagen.datagen[0].db/im/nomuxgen.SYNC_DATA_reg[5]/C (clocked by CLKDIV_c_0) and design_1_i/onsemi_vita_cam_0/U0/onsemi_vita_cam_v3_1_S00_AXI_inst/onsemi_vita_cam_core_inst/vita_iserdes_v5.vita_iserdes/generate_datagen.datagen[0].db/ss/datapipe_reg[0][5]/D (clocked by vita_clk_1). Large setup violations at the end of those stages might be difficult to fix during the post-placement implementation flow and could be the result of non-optimal XDC constraints or non-optimal design architecture
Related violations: <none>

TIMING-16#53 Warning
Large setup violation  
There is a large setup violation of -4.009 ns between design_1_i/onsemi_vita_cam_0/U0/onsemi_vita_cam_v3_1_S00_AXI_inst/onsemi_vita_cam_core_inst/vita_iserdes_v5.vita_iserdes/generate_datagen.datagen[3].db/ss/Ack_int_reg/C (clocked by CLKDIV_c_0) and design_1_i/onsemi_vita_cam_0/U0/onsemi_vita_cam_v3_1_S00_AXI_inst/onsemi_vita_cam_core_inst/vita_iserdes_v5.vita_iserdes/generate_datagen.datagen[3].db/ss/AckPipe_reg[0]/D (clocked by vita_clk_1). Large setup violations at the end of those stages might be difficult to fix during the post-placement implementation flow and could be the result of non-optimal XDC constraints or non-optimal design architecture
Related violations: <none>

TIMING-16#54 Warning
Large setup violation  
There is a large setup violation of -4.011 ns between design_1_i/onsemi_vita_cam_0/U0/onsemi_vita_cam_v3_1_S00_AXI_inst/onsemi_vita_cam_core_inst/vita_iserdes_v5.vita_iserdes/generate_datagen.datagen[0].db/im/nomuxgen.SYNC_DATA_reg[9]/C (clocked by CLKDIV_c_0) and design_1_i/onsemi_vita_cam_0/U0/onsemi_vita_cam_v3_1_S00_AXI_inst/onsemi_vita_cam_core_inst/vita_iserdes_v5.vita_iserdes/generate_datagen.datagen[0].db/ss/datapipe_reg[0][9]/D (clocked by vita_clk_1). Large setup violations at the end of those stages might be difficult to fix during the post-placement implementation flow and could be the result of non-optimal XDC constraints or non-optimal design architecture
Related violations: <none>

TIMING-16#55 Warning
Large setup violation  
There is a large setup violation of -4.012 ns between design_1_i/onsemi_vita_cam_0/U0/onsemi_vita_cam_v3_1_S00_AXI_inst/onsemi_vita_cam_core_inst/vita_iserdes_v5.vita_iserdes/generate_datagen.datagen[2].db/im/nomuxgen.SYNC_DATA_reg[3]/C (clocked by CLKDIV_c_0) and design_1_i/onsemi_vita_cam_0/U0/onsemi_vita_cam_v3_1_S00_AXI_inst/onsemi_vita_cam_core_inst/vita_iserdes_v5.vita_iserdes/generate_datagen.datagen[2].db/ss/datapipe_reg[0][3]/D (clocked by vita_clk_1). Large setup violations at the end of those stages might be difficult to fix during the post-placement implementation flow and could be the result of non-optimal XDC constraints or non-optimal design architecture
Related violations: <none>

TIMING-16#56 Warning
Large setup violation  
There is a large setup violation of -4.015 ns between design_1_i/onsemi_vita_cam_0/U0/onsemi_vita_cam_v3_1_S00_AXI_inst/onsemi_vita_cam_core_inst/vita_iserdes_v5.vita_iserdes/generate_datagen.datagen[2].db/im/nomuxgen.SYNC_DATA_reg[6]/C (clocked by CLKDIV_c_0) and design_1_i/onsemi_vita_cam_0/U0/onsemi_vita_cam_v3_1_S00_AXI_inst/onsemi_vita_cam_core_inst/vita_iserdes_v5.vita_iserdes/generate_datagen.datagen[2].db/ss/datapipe_reg[0][6]/D (clocked by vita_clk_1). Large setup violations at the end of those stages might be difficult to fix during the post-placement implementation flow and could be the result of non-optimal XDC constraints or non-optimal design architecture
Related violations: <none>

TIMING-16#57 Warning
Large setup violation  
There is a large setup violation of -4.021 ns between design_1_i/onsemi_vita_cam_0/U0/onsemi_vita_cam_v3_1_S00_AXI_inst/onsemi_vita_cam_core_inst/vita_iserdes_v5.vita_iserdes/generate_datagen.datagen[1].db/im/nomuxgen.SYNC_DATA_reg[6]/C (clocked by CLKDIV_c_0) and design_1_i/onsemi_vita_cam_0/U0/onsemi_vita_cam_v3_1_S00_AXI_inst/onsemi_vita_cam_core_inst/vita_iserdes_v5.vita_iserdes/generate_datagen.datagen[1].db/ss/datapipe_reg[0][6]/D (clocked by vita_clk_1). Large setup violations at the end of those stages might be difficult to fix during the post-placement implementation flow and could be the result of non-optimal XDC constraints or non-optimal design architecture
Related violations: <none>

TIMING-16#58 Warning
Large setup violation  
There is a large setup violation of -4.021 ns between design_1_i/onsemi_vita_cam_0/U0/onsemi_vita_cam_v3_1_S00_AXI_inst/onsemi_vita_cam_core_inst/vita_iserdes_v5.vita_iserdes/generate_datagen.datagen[4].db/im/nomuxgen.SYNC_DATA_reg[9]/C (clocked by CLKDIV_c_0) and design_1_i/onsemi_vita_cam_0/U0/onsemi_vita_cam_v3_1_S00_AXI_inst/onsemi_vita_cam_core_inst/vita_iserdes_v5.vita_iserdes/generate_datagen.datagen[4].db/ss/datapipe_reg[0][9]/D (clocked by vita_clk_1). Large setup violations at the end of those stages might be difficult to fix during the post-placement implementation flow and could be the result of non-optimal XDC constraints or non-optimal design architecture
Related violations: <none>

TIMING-16#59 Warning
Large setup violation  
There is a large setup violation of -4.022 ns between design_1_i/onsemi_vita_cam_0/U0/onsemi_vita_cam_v3_1_S00_AXI_inst/onsemi_vita_cam_core_inst/vita_iserdes_v5.vita_iserdes/generate_datagen.datagen[0].db/ss/Ack_int_reg/C (clocked by CLKDIV_c_0) and design_1_i/onsemi_vita_cam_0/U0/onsemi_vita_cam_v3_1_S00_AXI_inst/onsemi_vita_cam_core_inst/vita_iserdes_v5.vita_iserdes/generate_datagen.datagen[0].db/ss/AckPipe_reg[0]/D (clocked by vita_clk_1). Large setup violations at the end of those stages might be difficult to fix during the post-placement implementation flow and could be the result of non-optimal XDC constraints or non-optimal design architecture
Related violations: <none>

TIMING-16#60 Warning
Large setup violation  
There is a large setup violation of -4.023 ns between design_1_i/onsemi_vita_cam_0/U0/onsemi_vita_cam_v3_1_S00_AXI_inst/onsemi_vita_cam_core_inst/vita_iserdes_v5.vita_iserdes/generate_datagen.datagen[1].db/im/nomuxgen.SYNC_DATA_reg[5]/C (clocked by CLKDIV_c_0) and design_1_i/onsemi_vita_cam_0/U0/onsemi_vita_cam_v3_1_S00_AXI_inst/onsemi_vita_cam_core_inst/vita_iserdes_v5.vita_iserdes/generate_datagen.datagen[1].db/ss/datapipe_reg[0][5]/D (clocked by vita_clk_1). Large setup violations at the end of those stages might be difficult to fix during the post-placement implementation flow and could be the result of non-optimal XDC constraints or non-optimal design architecture
Related violations: <none>

TIMING-16#61 Warning
Large setup violation  
There is a large setup violation of -4.024 ns between design_1_i/onsemi_vita_cam_0/U0/onsemi_vita_cam_v3_1_S00_AXI_inst/onsemi_vita_cam_core_inst/vita_iserdes_v5.vita_iserdes/generate_datagen.datagen[1].db/im/nomuxgen.SYNC_DATA_reg[7]/C (clocked by CLKDIV_c_0) and design_1_i/onsemi_vita_cam_0/U0/onsemi_vita_cam_v3_1_S00_AXI_inst/onsemi_vita_cam_core_inst/vita_iserdes_v5.vita_iserdes/generate_datagen.datagen[1].db/ss/datapipe_reg[0][7]/D (clocked by vita_clk_1). Large setup violations at the end of those stages might be difficult to fix during the post-placement implementation flow and could be the result of non-optimal XDC constraints or non-optimal design architecture
Related violations: <none>

TIMING-16#62 Warning
Large setup violation  
There is a large setup violation of -4.025 ns between design_1_i/onsemi_vita_cam_0/U0/onsemi_vita_cam_v3_1_S00_AXI_inst/onsemi_vita_cam_core_inst/vita_iserdes_v5.vita_iserdes/generate_datagen.datagen[3].db/im/nomuxgen.SYNC_DATA_reg[5]/C (clocked by CLKDIV_c_0) and design_1_i/onsemi_vita_cam_0/U0/onsemi_vita_cam_v3_1_S00_AXI_inst/onsemi_vita_cam_core_inst/vita_iserdes_v5.vita_iserdes/generate_datagen.datagen[3].db/ss/datapipe_reg[0][5]/D (clocked by vita_clk_1). Large setup violations at the end of those stages might be difficult to fix during the post-placement implementation flow and could be the result of non-optimal XDC constraints or non-optimal design architecture
Related violations: <none>

TIMING-16#63 Warning
Large setup violation  
There is a large setup violation of -4.025 ns between design_1_i/onsemi_vita_cam_0/U0/onsemi_vita_cam_v3_1_S00_AXI_inst/onsemi_vita_cam_core_inst/vita_iserdes_v5.vita_iserdes/generate_datagen.datagen[4].db/im/nomuxgen.SYNC_DATA_reg[6]/C (clocked by CLKDIV_c_0) and design_1_i/onsemi_vita_cam_0/U0/onsemi_vita_cam_v3_1_S00_AXI_inst/onsemi_vita_cam_core_inst/vita_iserdes_v5.vita_iserdes/generate_datagen.datagen[4].db/ss/datapipe_reg[0][6]/D (clocked by vita_clk_1). Large setup violations at the end of those stages might be difficult to fix during the post-placement implementation flow and could be the result of non-optimal XDC constraints or non-optimal design architecture
Related violations: <none>

TIMING-16#64 Warning
Large setup violation  
There is a large setup violation of -4.027 ns between design_1_i/onsemi_vita_cam_0/U0/onsemi_vita_cam_v3_1_S00_AXI_inst/onsemi_vita_cam_core_inst/vita_iserdes_v5.vita_iserdes/generate_datagen.datagen[1].db/im/nomuxgen.SYNC_DATA_reg[4]/C (clocked by CLKDIV_c_0) and design_1_i/onsemi_vita_cam_0/U0/onsemi_vita_cam_v3_1_S00_AXI_inst/onsemi_vita_cam_core_inst/vita_iserdes_v5.vita_iserdes/generate_datagen.datagen[1].db/ss/datapipe_reg[0][4]/D (clocked by vita_clk_1). Large setup violations at the end of those stages might be difficult to fix during the post-placement implementation flow and could be the result of non-optimal XDC constraints or non-optimal design architecture
Related violations: <none>

TIMING-16#65 Warning
Large setup violation  
There is a large setup violation of -4.028 ns between design_1_i/onsemi_vita_cam_0/U0/onsemi_vita_cam_v3_1_S00_AXI_inst/onsemi_vita_cam_core_inst/vita_iserdes_v5.vita_iserdes/generate_datagen.datagen[4].db/im/nomuxgen.SYNC_DATA_reg[7]/C (clocked by CLKDIV_c_0) and design_1_i/onsemi_vita_cam_0/U0/onsemi_vita_cam_v3_1_S00_AXI_inst/onsemi_vita_cam_core_inst/vita_iserdes_v5.vita_iserdes/generate_datagen.datagen[4].db/ss/datapipe_reg[0][7]/D (clocked by vita_clk_1). Large setup violations at the end of those stages might be difficult to fix during the post-placement implementation flow and could be the result of non-optimal XDC constraints or non-optimal design architecture
Related violations: <none>

TIMING-16#66 Warning
Large setup violation  
There is a large setup violation of -4.033 ns between design_1_i/onsemi_vita_cam_0/U0/onsemi_vita_cam_v3_1_S00_AXI_inst/slv_reg5_reg[2]/C (clocked by clk_fpga_0) and design_1_i/onsemi_vita_cam_0/U0/onsemi_vita_cam_v3_1_S00_AXI_inst/onsemi_vita_cam_core_inst/vita_iserdes_v5.vita_iserdes/generate_datagen.datagen[1].db/cb/compare_reg[1][9]/D (clocked by vita_clk_1). Large setup violations at the end of those stages might be difficult to fix during the post-placement implementation flow and could be the result of non-optimal XDC constraints or non-optimal design architecture
Related violations: <none>

TIMING-16#67 Warning
Large setup violation  
There is a large setup violation of -4.037 ns between design_1_i/onsemi_vita_cam_0/U0/onsemi_vita_cam_v3_1_S00_AXI_inst/onsemi_vita_cam_core_inst/vita_iserdes_v5.vita_iserdes/generate_datagen.datagen[0].db/im/nomuxgen.SYNC_DATA_reg[7]/C (clocked by CLKDIV_c_0) and design_1_i/onsemi_vita_cam_0/U0/onsemi_vita_cam_v3_1_S00_AXI_inst/onsemi_vita_cam_core_inst/vita_iserdes_v5.vita_iserdes/generate_datagen.datagen[0].db/ss/datapipe_reg[0][7]/D (clocked by vita_clk_1). Large setup violations at the end of those stages might be difficult to fix during the post-placement implementation flow and could be the result of non-optimal XDC constraints or non-optimal design architecture
Related violations: <none>

TIMING-16#68 Warning
Large setup violation  
There is a large setup violation of -4.039 ns between design_1_i/onsemi_vita_cam_0/U0/onsemi_vita_cam_v3_1_S00_AXI_inst/onsemi_vita_cam_core_inst/vita_iserdes_v5.vita_iserdes/generate_datagen.datagen[3].db/im/nomuxgen.SYNC_DATA_reg[4]/C (clocked by CLKDIV_c_0) and design_1_i/onsemi_vita_cam_0/U0/onsemi_vita_cam_v3_1_S00_AXI_inst/onsemi_vita_cam_core_inst/vita_iserdes_v5.vita_iserdes/generate_datagen.datagen[3].db/ss/datapipe_reg[0][4]/D (clocked by vita_clk_1). Large setup violations at the end of those stages might be difficult to fix during the post-placement implementation flow and could be the result of non-optimal XDC constraints or non-optimal design architecture
Related violations: <none>

TIMING-16#69 Warning
Large setup violation  
There is a large setup violation of -4.039 ns between design_1_i/onsemi_vita_cam_0/U0/onsemi_vita_cam_v3_1_S00_AXI_inst/onsemi_vita_cam_core_inst/vita_iserdes_v5.vita_iserdes/generate_datagen.datagen[4].db/im/nomuxgen.SYNC_DATA_reg[0]/C (clocked by CLKDIV_c_0) and design_1_i/onsemi_vita_cam_0/U0/onsemi_vita_cam_v3_1_S00_AXI_inst/onsemi_vita_cam_core_inst/vita_iserdes_v5.vita_iserdes/generate_datagen.datagen[4].db/ss/datapipe_reg[0][0]/D (clocked by vita_clk_1). Large setup violations at the end of those stages might be difficult to fix during the post-placement implementation flow and could be the result of non-optimal XDC constraints or non-optimal design architecture
Related violations: <none>

TIMING-16#70 Warning
Large setup violation  
There is a large setup violation of -4.039 ns between design_1_i/onsemi_vita_cam_0/U0/onsemi_vita_cam_v3_1_S00_AXI_inst/onsemi_vita_cam_core_inst/vita_iserdes_v5.vita_iserdes/generate_datagen.datagen[4].db/im/nomuxgen.SYNC_DATA_reg[1]/C (clocked by CLKDIV_c_0) and design_1_i/onsemi_vita_cam_0/U0/onsemi_vita_cam_v3_1_S00_AXI_inst/onsemi_vita_cam_core_inst/vita_iserdes_v5.vita_iserdes/generate_datagen.datagen[4].db/ss/datapipe_reg[0][1]/D (clocked by vita_clk_1). Large setup violations at the end of those stages might be difficult to fix during the post-placement implementation flow and could be the result of non-optimal XDC constraints or non-optimal design architecture
Related violations: <none>

TIMING-16#71 Warning
Large setup violation  
There is a large setup violation of -4.040 ns between design_1_i/onsemi_vita_cam_0/U0/onsemi_vita_cam_v3_1_S00_AXI_inst/onsemi_vita_cam_core_inst/vita_iserdes_v5.vita_iserdes/generate_datagen.datagen[3].db/im/nomuxgen.SYNC_DATA_reg[0]/C (clocked by CLKDIV_c_0) and design_1_i/onsemi_vita_cam_0/U0/onsemi_vita_cam_v3_1_S00_AXI_inst/onsemi_vita_cam_core_inst/vita_iserdes_v5.vita_iserdes/generate_datagen.datagen[3].db/ss/datapipe_reg[0][0]/D (clocked by vita_clk_1). Large setup violations at the end of those stages might be difficult to fix during the post-placement implementation flow and could be the result of non-optimal XDC constraints or non-optimal design architecture
Related violations: <none>

TIMING-16#72 Warning
Large setup violation  
There is a large setup violation of -4.040 ns between design_1_i/onsemi_vita_cam_0/U0/onsemi_vita_cam_v3_1_S00_AXI_inst/onsemi_vita_cam_core_inst/vita_iserdes_v5.vita_iserdes/generate_datagen.datagen[4].db/im/nomuxgen.SYNC_DATA_reg[8]/C (clocked by CLKDIV_c_0) and design_1_i/onsemi_vita_cam_0/U0/onsemi_vita_cam_v3_1_S00_AXI_inst/onsemi_vita_cam_core_inst/vita_iserdes_v5.vita_iserdes/generate_datagen.datagen[4].db/ss/datapipe_reg[0][8]/D (clocked by vita_clk_1). Large setup violations at the end of those stages might be difficult to fix during the post-placement implementation flow and could be the result of non-optimal XDC constraints or non-optimal design architecture
Related violations: <none>

TIMING-16#73 Warning
Large setup violation  
There is a large setup violation of -4.042 ns between design_1_i/onsemi_vita_cam_0/U0/onsemi_vita_cam_v3_1_S00_AXI_inst/onsemi_vita_cam_core_inst/vita_iserdes_v5.vita_iserdes/generate_datagen.datagen[1].db/im/nomuxgen.SYNC_DATA_reg[1]/C (clocked by CLKDIV_c_0) and design_1_i/onsemi_vita_cam_0/U0/onsemi_vita_cam_v3_1_S00_AXI_inst/onsemi_vita_cam_core_inst/vita_iserdes_v5.vita_iserdes/generate_datagen.datagen[1].db/ss/datapipe_reg[0][1]/D (clocked by vita_clk_1). Large setup violations at the end of those stages might be difficult to fix during the post-placement implementation flow and could be the result of non-optimal XDC constraints or non-optimal design architecture
Related violations: <none>

TIMING-16#74 Warning
Large setup violation  
There is a large setup violation of -4.042 ns between design_1_i/onsemi_vita_cam_0/U0/onsemi_vita_cam_v3_1_S00_AXI_inst/onsemi_vita_cam_core_inst/vita_iserdes_v5.vita_iserdes/generate_datagen.datagen[1].db/im/nomuxgen.SYNC_DATA_reg[2]/C (clocked by CLKDIV_c_0) and design_1_i/onsemi_vita_cam_0/U0/onsemi_vita_cam_v3_1_S00_AXI_inst/onsemi_vita_cam_core_inst/vita_iserdes_v5.vita_iserdes/generate_datagen.datagen[1].db/ss/datapipe_reg[0][2]/D (clocked by vita_clk_1). Large setup violations at the end of those stages might be difficult to fix during the post-placement implementation flow and could be the result of non-optimal XDC constraints or non-optimal design architecture
Related violations: <none>

TIMING-16#75 Warning
Large setup violation  
There is a large setup violation of -4.043 ns between design_1_i/onsemi_vita_cam_0/U0/onsemi_vita_cam_v3_1_S00_AXI_inst/onsemi_vita_cam_core_inst/vita_iserdes_v5.vita_iserdes/generate_datagen.datagen[1].db/im/nomuxgen.SYNC_DATA_reg[8]/C (clocked by CLKDIV_c_0) and design_1_i/onsemi_vita_cam_0/U0/onsemi_vita_cam_v3_1_S00_AXI_inst/onsemi_vita_cam_core_inst/vita_iserdes_v5.vita_iserdes/generate_datagen.datagen[1].db/ss/datapipe_reg[0][8]/D (clocked by vita_clk_1). Large setup violations at the end of those stages might be difficult to fix during the post-placement implementation flow and could be the result of non-optimal XDC constraints or non-optimal design architecture
Related violations: <none>

TIMING-16#76 Warning
Large setup violation  
There is a large setup violation of -4.043 ns between design_1_i/onsemi_vita_cam_0/U0/onsemi_vita_cam_v3_1_S00_AXI_inst/onsemi_vita_cam_core_inst/vita_iserdes_v5.vita_iserdes/generate_datagen.datagen[3].db/im/nomuxgen.SYNC_DATA_reg[2]/C (clocked by CLKDIV_c_0) and design_1_i/onsemi_vita_cam_0/U0/onsemi_vita_cam_v3_1_S00_AXI_inst/onsemi_vita_cam_core_inst/vita_iserdes_v5.vita_iserdes/generate_datagen.datagen[3].db/ss/datapipe_reg[0][2]/D (clocked by vita_clk_1). Large setup violations at the end of those stages might be difficult to fix during the post-placement implementation flow and could be the result of non-optimal XDC constraints or non-optimal design architecture
Related violations: <none>

TIMING-16#77 Warning
Large setup violation  
There is a large setup violation of -4.044 ns between design_1_i/onsemi_vita_cam_0/U0/onsemi_vita_cam_v3_1_S00_AXI_inst/onsemi_vita_cam_core_inst/vita_iserdes_v5.vita_iserdes/generate_datagen.datagen[0].db/im/nomuxgen.SYNC_DATA_reg[2]/C (clocked by CLKDIV_c_0) and design_1_i/onsemi_vita_cam_0/U0/onsemi_vita_cam_v3_1_S00_AXI_inst/onsemi_vita_cam_core_inst/vita_iserdes_v5.vita_iserdes/generate_datagen.datagen[0].db/ss/datapipe_reg[0][2]/D (clocked by vita_clk_1). Large setup violations at the end of those stages might be difficult to fix during the post-placement implementation flow and could be the result of non-optimal XDC constraints or non-optimal design architecture
Related violations: <none>

TIMING-16#78 Warning
Large setup violation  
There is a large setup violation of -4.044 ns between design_1_i/onsemi_vita_cam_0/U0/onsemi_vita_cam_v3_1_S00_AXI_inst/onsemi_vita_cam_core_inst/vita_iserdes_v5.vita_iserdes/generate_datagen.datagen[1].db/im/nomuxgen.SYNC_DATA_reg[3]/C (clocked by CLKDIV_c_0) and design_1_i/onsemi_vita_cam_0/U0/onsemi_vita_cam_v3_1_S00_AXI_inst/onsemi_vita_cam_core_inst/vita_iserdes_v5.vita_iserdes/generate_datagen.datagen[1].db/ss/datapipe_reg[0][3]/D (clocked by vita_clk_1). Large setup violations at the end of those stages might be difficult to fix during the post-placement implementation flow and could be the result of non-optimal XDC constraints or non-optimal design architecture
Related violations: <none>

TIMING-16#79 Warning
Large setup violation  
There is a large setup violation of -4.045 ns between design_1_i/onsemi_vita_cam_0/U0/onsemi_vita_cam_v3_1_S00_AXI_inst/onsemi_vita_cam_core_inst/vita_iserdes_v5.vita_iserdes/generate_datagen.datagen[3].db/im/nomuxgen.SYNC_DATA_reg[6]/C (clocked by CLKDIV_c_0) and design_1_i/onsemi_vita_cam_0/U0/onsemi_vita_cam_v3_1_S00_AXI_inst/onsemi_vita_cam_core_inst/vita_iserdes_v5.vita_iserdes/generate_datagen.datagen[3].db/ss/datapipe_reg[0][6]/D (clocked by vita_clk_1). Large setup violations at the end of those stages might be difficult to fix during the post-placement implementation flow and could be the result of non-optimal XDC constraints or non-optimal design architecture
Related violations: <none>

TIMING-16#80 Warning
Large setup violation  
There is a large setup violation of -4.046 ns between design_1_i/onsemi_vita_cam_0/U0/onsemi_vita_cam_v3_1_S00_AXI_inst/onsemi_vita_cam_core_inst/vita_iserdes_v5.vita_iserdes/generate_datagen.datagen[2].db/im/nomuxgen.SYNC_DATA_reg[2]/C (clocked by CLKDIV_c_0) and design_1_i/onsemi_vita_cam_0/U0/onsemi_vita_cam_v3_1_S00_AXI_inst/onsemi_vita_cam_core_inst/vita_iserdes_v5.vita_iserdes/generate_datagen.datagen[2].db/ss/datapipe_reg[0][2]/D (clocked by vita_clk_1). Large setup violations at the end of those stages might be difficult to fix during the post-placement implementation flow and could be the result of non-optimal XDC constraints or non-optimal design architecture
Related violations: <none>

TIMING-16#81 Warning
Large setup violation  
There is a large setup violation of -4.047 ns between design_1_i/onsemi_vita_cam_0/U0/onsemi_vita_cam_v3_1_S00_AXI_inst/onsemi_vita_cam_core_inst/vita_iserdes_v5.vita_iserdes/generate_datagen.datagen[4].db/im/nomuxgen.SYNC_DATA_reg[4]/C (clocked by CLKDIV_c_0) and design_1_i/onsemi_vita_cam_0/U0/onsemi_vita_cam_v3_1_S00_AXI_inst/onsemi_vita_cam_core_inst/vita_iserdes_v5.vita_iserdes/generate_datagen.datagen[4].db/ss/datapipe_reg[0][4]/D (clocked by vita_clk_1). Large setup violations at the end of those stages might be difficult to fix during the post-placement implementation flow and could be the result of non-optimal XDC constraints or non-optimal design architecture
Related violations: <none>

TIMING-16#82 Warning
Large setup violation  
There is a large setup violation of -4.047 ns between design_1_i/onsemi_vita_cam_0/U0/onsemi_vita_cam_v3_1_S00_AXI_inst/onsemi_vita_cam_core_inst/vita_iserdes_v5.vita_iserdes/generate_datagen.datagen[4].db/im/nomuxgen.SYNC_DATA_reg[5]/C (clocked by CLKDIV_c_0) and design_1_i/onsemi_vita_cam_0/U0/onsemi_vita_cam_v3_1_S00_AXI_inst/onsemi_vita_cam_core_inst/vita_iserdes_v5.vita_iserdes/generate_datagen.datagen[4].db/ss/datapipe_reg[0][5]/D (clocked by vita_clk_1). Large setup violations at the end of those stages might be difficult to fix during the post-placement implementation flow and could be the result of non-optimal XDC constraints or non-optimal design architecture
Related violations: <none>

TIMING-16#83 Warning
Large setup violation  
There is a large setup violation of -4.050 ns between design_1_i/onsemi_vita_cam_0/U0/onsemi_vita_cam_v3_1_S00_AXI_inst/onsemi_vita_cam_core_inst/vita_iserdes_v5.vita_iserdes/generate_datagen.datagen[1].db/im/nomuxgen.SYNC_DATA_reg[9]/C (clocked by CLKDIV_c_0) and design_1_i/onsemi_vita_cam_0/U0/onsemi_vita_cam_v3_1_S00_AXI_inst/onsemi_vita_cam_core_inst/vita_iserdes_v5.vita_iserdes/generate_datagen.datagen[1].db/ss/datapipe_reg[0][9]/D (clocked by vita_clk_1). Large setup violations at the end of those stages might be difficult to fix during the post-placement implementation flow and could be the result of non-optimal XDC constraints or non-optimal design architecture
Related violations: <none>

TIMING-16#84 Warning
Large setup violation  
There is a large setup violation of -4.052 ns between design_1_i/onsemi_vita_cam_0/U0/onsemi_vita_cam_v3_1_S00_AXI_inst/onsemi_vita_cam_core_inst/vita_iserdes_v5.vita_iserdes/generate_datagen.datagen[2].db/im/nomuxgen.SYNC_DATA_reg[1]/C (clocked by CLKDIV_c_0) and design_1_i/onsemi_vita_cam_0/U0/onsemi_vita_cam_v3_1_S00_AXI_inst/onsemi_vita_cam_core_inst/vita_iserdes_v5.vita_iserdes/generate_datagen.datagen[2].db/ss/datapipe_reg[0][1]/D (clocked by vita_clk_1). Large setup violations at the end of those stages might be difficult to fix during the post-placement implementation flow and could be the result of non-optimal XDC constraints or non-optimal design architecture
Related violations: <none>

TIMING-16#85 Warning
Large setup violation  
There is a large setup violation of -4.053 ns between design_1_i/onsemi_vita_cam_0/U0/onsemi_vita_cam_v3_1_S00_AXI_inst/onsemi_vita_cam_core_inst/vita_iserdes_v5.vita_iserdes/generate_datagen.datagen[3].db/im/nomuxgen.SYNC_DATA_reg[1]/C (clocked by CLKDIV_c_0) and design_1_i/onsemi_vita_cam_0/U0/onsemi_vita_cam_v3_1_S00_AXI_inst/onsemi_vita_cam_core_inst/vita_iserdes_v5.vita_iserdes/generate_datagen.datagen[3].db/ss/datapipe_reg[0][1]/D (clocked by vita_clk_1). Large setup violations at the end of those stages might be difficult to fix during the post-placement implementation flow and could be the result of non-optimal XDC constraints or non-optimal design architecture
Related violations: <none>

TIMING-16#86 Warning
Large setup violation  
There is a large setup violation of -4.058 ns between design_1_i/onsemi_vita_cam_0/U0/onsemi_vita_cam_v3_1_S00_AXI_inst/onsemi_vita_cam_core_inst/vita_iserdes_v5.vita_iserdes/generate_datagen.datagen[2].db/im/nomuxgen.SYNC_DATA_reg[5]/C (clocked by CLKDIV_c_0) and design_1_i/onsemi_vita_cam_0/U0/onsemi_vita_cam_v3_1_S00_AXI_inst/onsemi_vita_cam_core_inst/vita_iserdes_v5.vita_iserdes/generate_datagen.datagen[2].db/ss/datapipe_reg[0][5]/D (clocked by vita_clk_1). Large setup violations at the end of those stages might be difficult to fix during the post-placement implementation flow and could be the result of non-optimal XDC constraints or non-optimal design architecture
Related violations: <none>

TIMING-16#87 Warning
Large setup violation  
There is a large setup violation of -4.059 ns between design_1_i/onsemi_vita_cam_0/U0/onsemi_vita_cam_v3_1_S00_AXI_inst/onsemi_vita_cam_core_inst/vita_iserdes_v5.vita_iserdes/generate_datagen.datagen[0].db/im/nomuxgen.SYNC_DATA_reg[4]/C (clocked by CLKDIV_c_0) and design_1_i/onsemi_vita_cam_0/U0/onsemi_vita_cam_v3_1_S00_AXI_inst/onsemi_vita_cam_core_inst/vita_iserdes_v5.vita_iserdes/generate_datagen.datagen[0].db/ss/datapipe_reg[0][4]/D (clocked by vita_clk_1). Large setup violations at the end of those stages might be difficult to fix during the post-placement implementation flow and could be the result of non-optimal XDC constraints or non-optimal design architecture
Related violations: <none>

TIMING-16#88 Warning
Large setup violation  
There is a large setup violation of -4.061 ns between design_1_i/onsemi_vita_cam_0/U0/onsemi_vita_cam_v3_1_S00_AXI_inst/onsemi_vita_cam_core_inst/vita_iserdes_v5.vita_iserdes/generate_datagen.datagen[2].db/im/nomuxgen.SYNC_DATA_reg[4]/C (clocked by CLKDIV_c_0) and design_1_i/onsemi_vita_cam_0/U0/onsemi_vita_cam_v3_1_S00_AXI_inst/onsemi_vita_cam_core_inst/vita_iserdes_v5.vita_iserdes/generate_datagen.datagen[2].db/ss/datapipe_reg[0][4]/D (clocked by vita_clk_1). Large setup violations at the end of those stages might be difficult to fix during the post-placement implementation flow and could be the result of non-optimal XDC constraints or non-optimal design architecture
Related violations: <none>

TIMING-16#89 Warning
Large setup violation  
There is a large setup violation of -4.061 ns between design_1_i/onsemi_vita_cam_0/U0/onsemi_vita_cam_v3_1_S00_AXI_inst/onsemi_vita_cam_core_inst/vita_iserdes_v5.vita_iserdes/generate_datagen.datagen[3].db/im/nomuxgen.SYNC_DATA_reg[7]/C (clocked by CLKDIV_c_0) and design_1_i/onsemi_vita_cam_0/U0/onsemi_vita_cam_v3_1_S00_AXI_inst/onsemi_vita_cam_core_inst/vita_iserdes_v5.vita_iserdes/generate_datagen.datagen[3].db/ss/datapipe_reg[0][7]/D (clocked by vita_clk_1). Large setup violations at the end of those stages might be difficult to fix during the post-placement implementation flow and could be the result of non-optimal XDC constraints or non-optimal design architecture
Related violations: <none>

TIMING-16#90 Warning
Large setup violation  
There is a large setup violation of -4.092 ns between design_1_i/onsemi_vita_cam_0/U0/onsemi_vita_cam_v3_1_S00_AXI_inst/onsemi_vita_cam_core_inst/vita_iserdes_v5.vita_iserdes/generate_datagen.datagen[3].db/im/nomuxgen.SYNC_DATA_reg[9]/C (clocked by CLKDIV_c_0) and design_1_i/onsemi_vita_cam_0/U0/onsemi_vita_cam_v3_1_S00_AXI_inst/onsemi_vita_cam_core_inst/vita_iserdes_v5.vita_iserdes/generate_datagen.datagen[3].db/ss/datapipe_reg[0][9]/D (clocked by vita_clk_1). Large setup violations at the end of those stages might be difficult to fix during the post-placement implementation flow and could be the result of non-optimal XDC constraints or non-optimal design architecture
Related violations: <none>

TIMING-16#91 Warning
Large setup violation  
There is a large setup violation of -4.098 ns between design_1_i/onsemi_vita_cam_0/U0/onsemi_vita_cam_v3_1_S00_AXI_inst/onsemi_vita_cam_core_inst/vita_iserdes_v5.vita_iserdes/generate_datagen.datagen[4].db/im/nomuxgen.SYNC_DATA_reg[3]/C (clocked by CLKDIV_c_0) and design_1_i/onsemi_vita_cam_0/U0/onsemi_vita_cam_v3_1_S00_AXI_inst/onsemi_vita_cam_core_inst/vita_iserdes_v5.vita_iserdes/generate_datagen.datagen[4].db/ss/datapipe_reg[0][3]/D (clocked by vita_clk_1). Large setup violations at the end of those stages might be difficult to fix during the post-placement implementation flow and could be the result of non-optimal XDC constraints or non-optimal design architecture
Related violations: <none>

TIMING-16#92 Warning
Large setup violation  
There is a large setup violation of -4.110 ns between design_1_i/onsemi_vita_cam_0/U0/onsemi_vita_cam_v3_1_S00_AXI_inst/onsemi_vita_cam_core_inst/vita_iserdes_v5.vita_iserdes/generate_datagen.datagen[2].db/im/nomuxgen.SYNC_DATA_reg[7]/C (clocked by CLKDIV_c_0) and design_1_i/onsemi_vita_cam_0/U0/onsemi_vita_cam_v3_1_S00_AXI_inst/onsemi_vita_cam_core_inst/vita_iserdes_v5.vita_iserdes/generate_datagen.datagen[2].db/ss/datapipe_reg[0][7]/D (clocked by vita_clk_1). Large setup violations at the end of those stages might be difficult to fix during the post-placement implementation flow and could be the result of non-optimal XDC constraints or non-optimal design architecture
Related violations: <none>

TIMING-16#93 Warning
Large setup violation  
There is a large setup violation of -4.113 ns between design_1_i/onsemi_vita_cam_0/U0/onsemi_vita_cam_v3_1_S00_AXI_inst/onsemi_vita_cam_core_inst/vita_iserdes_v5.vita_iserdes/generate_datagen.datagen[3].db/im/nomuxgen.SYNC_DATA_reg[3]/C (clocked by CLKDIV_c_0) and design_1_i/onsemi_vita_cam_0/U0/onsemi_vita_cam_v3_1_S00_AXI_inst/onsemi_vita_cam_core_inst/vita_iserdes_v5.vita_iserdes/generate_datagen.datagen[3].db/ss/datapipe_reg[0][3]/D (clocked by vita_clk_1). Large setup violations at the end of those stages might be difficult to fix during the post-placement implementation flow and could be the result of non-optimal XDC constraints or non-optimal design architecture
Related violations: <none>

TIMING-16#94 Warning
Large setup violation  
There is a large setup violation of -4.137 ns between design_1_i/onsemi_vita_cam_0/U0/onsemi_vita_cam_v3_1_S00_AXI_inst/slv_reg5_reg[6]/C (clocked by clk_fpga_0) and design_1_i/onsemi_vita_cam_0/U0/onsemi_vita_cam_v3_1_S00_AXI_inst/onsemi_vita_cam_core_inst/vita_iserdes_v5.vita_iserdes/generate_datagen.datagen[1].db/cb/compare_reg[7][9]/D (clocked by vita_clk_1). Large setup violations at the end of those stages might be difficult to fix during the post-placement implementation flow and could be the result of non-optimal XDC constraints or non-optimal design architecture
Related violations: <none>

TIMING-16#95 Warning
Large setup violation  
There is a large setup violation of -4.140 ns between design_1_i/onsemi_vita_cam_0/U0/onsemi_vita_cam_v3_1_S00_AXI_inst/slv_reg5_reg[3]/C (clocked by clk_fpga_0) and design_1_i/onsemi_vita_cam_0/U0/onsemi_vita_cam_v3_1_S00_AXI_inst/onsemi_vita_cam_core_inst/vita_iserdes_v5.vita_iserdes/generate_datagen.datagen[1].db/cb/compare_reg[0][9]/D (clocked by vita_clk_1). Large setup violations at the end of those stages might be difficult to fix during the post-placement implementation flow and could be the result of non-optimal XDC constraints or non-optimal design architecture
Related violations: <none>

TIMING-16#96 Warning
Large setup violation  
There is a large setup violation of -4.148 ns between design_1_i/onsemi_vita_cam_0/U0/onsemi_vita_cam_v3_1_S00_AXI_inst/slv_reg5_reg[4]/C (clocked by clk_fpga_0) and design_1_i/onsemi_vita_cam_0/U0/onsemi_vita_cam_v3_1_S00_AXI_inst/onsemi_vita_cam_core_inst/vita_iserdes_v5.vita_iserdes/generate_datagen.datagen[1].db/cb/compare_reg[9][9]/D (clocked by vita_clk_1). Large setup violations at the end of those stages might be difficult to fix during the post-placement implementation flow and could be the result of non-optimal XDC constraints or non-optimal design architecture
Related violations: <none>

TIMING-16#97 Warning
Large setup violation  
There is a large setup violation of -4.151 ns between design_1_i/onsemi_vita_cam_0/U0/onsemi_vita_cam_v3_1_S00_AXI_inst/slv_reg5_reg[9]/C (clocked by clk_fpga_0) and design_1_i/onsemi_vita_cam_0/U0/onsemi_vita_cam_v3_1_S00_AXI_inst/onsemi_vita_cam_core_inst/vita_iserdes_v5.vita_iserdes/generate_datagen.datagen[1].db/cb/compare_reg[4][9]/D (clocked by vita_clk_1). Large setup violations at the end of those stages might be difficult to fix during the post-placement implementation flow and could be the result of non-optimal XDC constraints or non-optimal design architecture
Related violations: <none>

TIMING-16#98 Warning
Large setup violation  
There is a large setup violation of -4.173 ns between design_1_i/onsemi_vita_cam_0/U0/onsemi_vita_cam_v3_1_S00_AXI_inst/onsemi_vita_cam_core_inst/vita_iserdes_v5.vita_iserdes/generate_datagen.datagen[2].db/im/nomuxgen.SYNC_DATA_reg[9]/C (clocked by CLKDIV_c_0) and design_1_i/onsemi_vita_cam_0/U0/onsemi_vita_cam_v3_1_S00_AXI_inst/onsemi_vita_cam_core_inst/vita_iserdes_v5.vita_iserdes/generate_datagen.datagen[2].db/ss/datapipe_reg[0][9]/D (clocked by vita_clk_1). Large setup violations at the end of those stages might be difficult to fix during the post-placement implementation flow and could be the result of non-optimal XDC constraints or non-optimal design architecture
Related violations: <none>

TIMING-16#99 Warning
Large setup violation  
There is a large setup violation of -4.193 ns between design_1_i/onsemi_vita_cam_0/U0/onsemi_vita_cam_v3_1_S00_AXI_inst/slv_reg5_reg[8]/C (clocked by clk_fpga_0) and design_1_i/onsemi_vita_cam_0/U0/onsemi_vita_cam_v3_1_S00_AXI_inst/onsemi_vita_cam_core_inst/vita_iserdes_v5.vita_iserdes/generate_datagen.datagen[1].db/cb/compare_reg[5][9]/D (clocked by vita_clk_1). Large setup violations at the end of those stages might be difficult to fix during the post-placement implementation flow and could be the result of non-optimal XDC constraints or non-optimal design architecture
Related violations: <none>

TIMING-16#100 Warning
Large setup violation  
There is a large setup violation of -4.198 ns between design_1_i/onsemi_vita_cam_0/U0/onsemi_vita_cam_v3_1_S00_AXI_inst/slv_reg6_reg[1]/C (clocked by clk_fpga_0) and design_1_i/onsemi_vita_cam_0/U0/onsemi_vita_cam_v3_1_S00_AXI_inst/onsemi_vita_cam_core_inst/vita_iserdes_v5.vita_iserdes/generate_datagen.datagen[3].db/cb/GenCntr_reg[1]/D (clocked by vita_clk_1). Large setup violations at the end of those stages might be difficult to fix during the post-placement implementation flow and could be the result of non-optimal XDC constraints or non-optimal design architecture
Related violations: <none>

TIMING-16#101 Warning
Large setup violation  
There is a large setup violation of -4.202 ns between design_1_i/onsemi_vita_cam_0/U0/onsemi_vita_cam_v3_1_S00_AXI_inst/slv_reg5_reg[7]/C (clocked by clk_fpga_0) and design_1_i/onsemi_vita_cam_0/U0/onsemi_vita_cam_v3_1_S00_AXI_inst/onsemi_vita_cam_core_inst/vita_iserdes_v5.vita_iserdes/generate_datagen.datagen[1].db/cb/compare_reg[6][9]/D (clocked by vita_clk_1). Large setup violations at the end of those stages might be difficult to fix during the post-placement implementation flow and could be the result of non-optimal XDC constraints or non-optimal design architecture
Related violations: <none>

TIMING-16#102 Warning
Large setup violation  
There is a large setup violation of -4.242 ns between design_1_i/onsemi_vita_cam_0/U0/onsemi_vita_cam_v3_1_S00_AXI_inst/onsemi_vita_cam_core_inst/vita_iserdes_v5.vita_iserdes/CLK_RDY_reg/C (clocked by vita_clk_1) and design_1_i/onsemi_vita_cam_0/U0/onsemi_vita_cam_v3_1_S00_AXI_inst/axi_rdata_reg[8]/D (clocked by clk_fpga_0). Large setup violations at the end of those stages might be difficult to fix during the post-placement implementation flow and could be the result of non-optimal XDC constraints or non-optimal design architecture
Related violations: <none>

TIMING-16#103 Warning
Large setup violation  
There is a large setup violation of -4.250 ns between design_1_i/onsemi_vita_cam_0/U0/onsemi_vita_cam_v3_1_S00_AXI_inst/slv_reg4_reg[2]/C (clocked by clk_fpga_0) and design_1_i/onsemi_vita_cam_0/U0/onsemi_vita_cam_v3_1_S00_AXI_inst/onsemi_vita_cam_core_inst/vita_iserdes_v5.vita_iserdes/generate_datagen.datagen[3].db/cb/SerdesCntr_reg[15]/D (clocked by vita_clk_1). Large setup violations at the end of those stages might be difficult to fix during the post-placement implementation flow and could be the result of non-optimal XDC constraints or non-optimal design architecture
Related violations: <none>

TIMING-16#104 Warning
Large setup violation  
There is a large setup violation of -4.253 ns between design_1_i/onsemi_vita_cam_0/U0/onsemi_vita_cam_v3_1_S00_AXI_inst/onsemi_vita_cam_core_inst/vita_iserdes_v5.vita_iserdes/generate_datagen.datagen[1].db/im/nomuxgen.SYNC_DATA_reg[0]/C (clocked by CLKDIV_c_0) and design_1_i/onsemi_vita_cam_0/U0/onsemi_vita_cam_v3_1_S00_AXI_inst/onsemi_vita_cam_core_inst/vita_iserdes_v5.vita_iserdes/generate_datagen.datagen[1].db/ss/datapipe_reg[0][0]/D (clocked by vita_clk_1). Large setup violations at the end of those stages might be difficult to fix during the post-placement implementation flow and could be the result of non-optimal XDC constraints or non-optimal design architecture
Related violations: <none>

TIMING-16#105 Warning
Large setup violation  
There is a large setup violation of -4.262 ns between design_1_i/onsemi_vita_cam_0/U0/onsemi_vita_cam_v3_1_S00_AXI_inst/slv_reg4_reg[2]/C (clocked by clk_fpga_0) and design_1_i/onsemi_vita_cam_0/U0/onsemi_vita_cam_v3_1_S00_AXI_inst/onsemi_vita_cam_core_inst/vita_iserdes_v5.vita_iserdes/generate_datagen.datagen[4].db/cb/SerdesCntr_reg[9]/D (clocked by vita_clk_1). Large setup violations at the end of those stages might be difficult to fix during the post-placement implementation flow and could be the result of non-optimal XDC constraints or non-optimal design architecture
Related violations: <none>

TIMING-16#106 Warning
Large setup violation  
There is a large setup violation of -4.296 ns between design_1_i/onsemi_vita_cam_0/U0/onsemi_vita_cam_v3_1_S00_AXI_inst/slv_reg4_reg[2]/C (clocked by clk_fpga_0) and design_1_i/onsemi_vita_cam_0/U0/onsemi_vita_cam_v3_1_S00_AXI_inst/onsemi_vita_cam_core_inst/vita_iserdes_v5.vita_iserdes/generate_datagen.datagen[3].db/cb/SerdesCntr_reg[14]/D (clocked by vita_clk_1). Large setup violations at the end of those stages might be difficult to fix during the post-placement implementation flow and could be the result of non-optimal XDC constraints or non-optimal design architecture
Related violations: <none>

TIMING-16#107 Warning
Large setup violation  
There is a large setup violation of -4.300 ns between design_1_i/onsemi_vita_cam_0/U0/onsemi_vita_cam_v3_1_S00_AXI_inst/onsemi_vita_cam_core_inst/vita_iserdes_v5.vita_iserdes/generate_datagen.datagen[1].db/ss/Ack_int_reg/C (clocked by CLKDIV_c_0) and design_1_i/onsemi_vita_cam_0/U0/onsemi_vita_cam_v3_1_S00_AXI_inst/onsemi_vita_cam_core_inst/vita_iserdes_v5.vita_iserdes/generate_datagen.datagen[1].db/ss/AckPipe_reg[0]/D (clocked by vita_clk_1). Large setup violations at the end of those stages might be difficult to fix during the post-placement implementation flow and could be the result of non-optimal XDC constraints or non-optimal design architecture
Related violations: <none>

TIMING-16#108 Warning
Large setup violation  
There is a large setup violation of -4.300 ns between design_1_i/onsemi_vita_cam_0/U0/onsemi_vita_cam_v3_1_S00_AXI_inst/slv_reg4_reg[2]/C (clocked by clk_fpga_0) and design_1_i/onsemi_vita_cam_0/U0/onsemi_vita_cam_v3_1_S00_AXI_inst/onsemi_vita_cam_core_inst/vita_iserdes_v5.vita_iserdes/generate_datagen.datagen[1].db/cb/ALIGN_BUSY_reg/D (clocked by vita_clk_1). Large setup violations at the end of those stages might be difficult to fix during the post-placement implementation flow and could be the result of non-optimal XDC constraints or non-optimal design architecture
Related violations: <none>

TIMING-16#109 Warning
Large setup violation  
There is a large setup violation of -4.303 ns between design_1_i/onsemi_vita_cam_0/U0/onsemi_vita_cam_v3_1_S00_AXI_inst/onsemi_vita_cam_core_inst/vita_iserdes_v5.vita_iserdes/serdesclockgen[0].ic/divider_status_reg/C (clocked by vita_clk_1) and design_1_i/onsemi_vita_cam_0/U0/onsemi_vita_cam_v3_1_S00_AXI_inst/axi_rdata_reg[24]/D (clocked by clk_fpga_0). Large setup violations at the end of those stages might be difficult to fix during the post-placement implementation flow and could be the result of non-optimal XDC constraints or non-optimal design architecture
Related violations: <none>

TIMING-16#110 Warning
Large setup violation  
There is a large setup violation of -4.314 ns between design_1_i/onsemi_vita_cam_0/U0/onsemi_vita_cam_v3_1_S00_AXI_inst/slv_reg4_reg[2]/C (clocked by clk_fpga_0) and design_1_i/onsemi_vita_cam_0/U0/onsemi_vita_cam_v3_1_S00_AXI_inst/onsemi_vita_cam_core_inst/vita_iserdes_v5.vita_iserdes/generate_datagen.datagen[4].db/cb/SerdesCntr_reg[8]/D (clocked by vita_clk_1). Large setup violations at the end of those stages might be difficult to fix during the post-placement implementation flow and could be the result of non-optimal XDC constraints or non-optimal design architecture
Related violations: <none>

TIMING-16#111 Warning
Large setup violation  
There is a large setup violation of -4.316 ns between design_1_i/onsemi_vita_cam_0/U0/onsemi_vita_cam_v3_1_S00_AXI_inst/onsemi_vita_cam_core_inst/vita_iserdes_v5.vita_iserdes/generate_datagen.datagen[4].db/ss/Ack_int_reg/C (clocked by CLKDIV_c_0) and design_1_i/onsemi_vita_cam_0/U0/onsemi_vita_cam_v3_1_S00_AXI_inst/onsemi_vita_cam_core_inst/vita_iserdes_v5.vita_iserdes/generate_datagen.datagen[4].db/ss/AckPipe_reg[0]/D (clocked by vita_clk_1). Large setup violations at the end of those stages might be difficult to fix during the post-placement implementation flow and could be the result of non-optimal XDC constraints or non-optimal design architecture
Related violations: <none>

TIMING-16#112 Warning
Large setup violation  
There is a large setup violation of -4.349 ns between design_1_i/onsemi_vita_cam_0/U0/onsemi_vita_cam_v3_1_S00_AXI_inst/onsemi_vita_cam_core_inst/vita_iserdes_v5.vita_iserdes/generate_datagen.datagen[2].db/ss/Ack_int_reg/C (clocked by CLKDIV_c_0) and design_1_i/onsemi_vita_cam_0/U0/onsemi_vita_cam_v3_1_S00_AXI_inst/onsemi_vita_cam_core_inst/vita_iserdes_v5.vita_iserdes/generate_datagen.datagen[2].db/ss/AckPipe_reg[0]/D (clocked by vita_clk_1). Large setup violations at the end of those stages might be difficult to fix during the post-placement implementation flow and could be the result of non-optimal XDC constraints or non-optimal design architecture
Related violations: <none>

TIMING-16#113 Warning
Large setup violation  
There is a large setup violation of -4.351 ns between design_1_i/onsemi_vita_cam_0/U0/onsemi_vita_cam_v3_1_S00_AXI_inst/slv_reg6_reg[0]/C (clocked by clk_fpga_0) and design_1_i/onsemi_vita_cam_0/U0/onsemi_vita_cam_v3_1_S00_AXI_inst/onsemi_vita_cam_core_inst/vita_iserdes_v5.vita_iserdes/generate_datagen.datagen[2].db/cb/GenCntr_reg[0]/D (clocked by vita_clk_1). Large setup violations at the end of those stages might be difficult to fix during the post-placement implementation flow and could be the result of non-optimal XDC constraints or non-optimal design architecture
Related violations: <none>

TIMING-16#114 Warning
Large setup violation  
There is a large setup violation of -4.353 ns between design_1_i/onsemi_vita_cam_0/U0/onsemi_vita_cam_v3_1_S00_AXI_inst/slv_reg30_reg[0]/C (clocked by clk_fpga_0) and design_1_i/onsemi_vita_cam_0/U0/onsemi_vita_cam_v3_1_S00_AXI_inst/onsemi_vita_cam_core_inst/vita_remapper/DATA_BUS_VALID_reg/D (clocked by vita_clk_1). Large setup violations at the end of those stages might be difficult to fix during the post-placement implementation flow and could be the result of non-optimal XDC constraints or non-optimal design architecture
Related violations: <none>

TIMING-16#115 Warning
Large setup violation  
There is a large setup violation of -4.355 ns between design_1_i/onsemi_vita_cam_0/U0/onsemi_vita_cam_v3_1_S00_AXI_inst/slv_reg4_reg[2]/C (clocked by clk_fpga_0) and design_1_i/onsemi_vita_cam_0/U0/onsemi_vita_cam_v3_1_S00_AXI_inst/onsemi_vita_cam_core_inst/vita_iserdes_v5.vita_iserdes/generate_datagen.datagen[3].db/cb/ALIGN_BUSY_reg/D (clocked by vita_clk_1). Large setup violations at the end of those stages might be difficult to fix during the post-placement implementation flow and could be the result of non-optimal XDC constraints or non-optimal design architecture
Related violations: <none>

TIMING-16#116 Warning
Large setup violation  
There is a large setup violation of -4.367 ns between design_1_i/onsemi_vita_cam_0/U0/onsemi_vita_cam_v3_1_S00_AXI_inst/slv_reg5_reg[1]/C (clocked by clk_fpga_0) and design_1_i/onsemi_vita_cam_0/U0/onsemi_vita_cam_v3_1_S00_AXI_inst/onsemi_vita_cam_core_inst/vita_iserdes_v5.vita_iserdes/generate_datagen.datagen[1].db/cb/compare_reg[2][9]/D (clocked by vita_clk_1). Large setup violations at the end of those stages might be difficult to fix during the post-placement implementation flow and could be the result of non-optimal XDC constraints or non-optimal design architecture
Related violations: <none>

TIMING-16#117 Warning
Large setup violation  
There is a large setup violation of -4.379 ns between design_1_i/onsemi_vita_cam_0/U0/onsemi_vita_cam_v3_1_S00_AXI_inst/slv_reg6_reg[9]/C (clocked by clk_fpga_0) and design_1_i/onsemi_vita_cam_0/U0/onsemi_vita_cam_v3_1_S00_AXI_inst/onsemi_vita_cam_core_inst/vita_iserdes_v5.vita_iserdes/generate_datagen.datagen[0].db/cb/GenCntr_reg[9]/D (clocked by vita_clk_1). Large setup violations at the end of those stages might be difficult to fix during the post-placement implementation flow and could be the result of non-optimal XDC constraints or non-optimal design architecture
Related violations: <none>

TIMING-16#118 Warning
Large setup violation  
There is a large setup violation of -4.389 ns between design_1_i/onsemi_vita_cam_0/U0/onsemi_vita_cam_v3_1_S00_AXI_inst/slv_reg4_reg[2]/C (clocked by clk_fpga_0) and design_1_i/onsemi_vita_cam_0/U0/onsemi_vita_cam_v3_1_S00_AXI_inst/onsemi_vita_cam_core_inst/vita_iserdes_v5.vita_iserdes/generate_datagen.datagen[4].db/cb/SerdesCntr_reg[7]/D (clocked by vita_clk_1). Large setup violations at the end of those stages might be difficult to fix during the post-placement implementation flow and could be the result of non-optimal XDC constraints or non-optimal design architecture
Related violations: <none>

TIMING-16#119 Warning
Large setup violation  
There is a large setup violation of -4.405 ns between design_1_i/onsemi_vita_cam_0/U0/onsemi_vita_cam_v3_1_S00_AXI_inst/slv_reg6_reg[2]/C (clocked by clk_fpga_0) and design_1_i/onsemi_vita_cam_0/U0/onsemi_vita_cam_v3_1_S00_AXI_inst/onsemi_vita_cam_core_inst/vita_iserdes_v5.vita_iserdes/generate_datagen.datagen[3].db/cb/GenCntr_reg[2]/D (clocked by vita_clk_1). Large setup violations at the end of those stages might be difficult to fix during the post-placement implementation flow and could be the result of non-optimal XDC constraints or non-optimal design architecture
Related violations: <none>

TIMING-16#120 Warning
Large setup violation  
There is a large setup violation of -4.422 ns between design_1_i/onsemi_vita_cam_0/U0/onsemi_vita_cam_v3_1_S00_AXI_inst/slv_reg6_reg[1]/C (clocked by clk_fpga_0) and design_1_i/onsemi_vita_cam_0/U0/onsemi_vita_cam_v3_1_S00_AXI_inst/onsemi_vita_cam_core_inst/vita_iserdes_v5.vita_iserdes/generate_datagen.datagen[2].db/cb/GenCntr_reg[1]/D (clocked by vita_clk_1). Large setup violations at the end of those stages might be difficult to fix during the post-placement implementation flow and could be the result of non-optimal XDC constraints or non-optimal design architecture
Related violations: <none>

TIMING-16#121 Warning
Large setup violation  
There is a large setup violation of -4.432 ns between design_1_i/onsemi_vita_cam_0/U0/onsemi_vita_cam_v3_1_S00_AXI_inst/slv_reg4_reg[2]/C (clocked by clk_fpga_0) and design_1_i/onsemi_vita_cam_0/U0/onsemi_vita_cam_v3_1_S00_AXI_inst/onsemi_vita_cam_core_inst/vita_iserdes_v5.vita_iserdes/generate_datagen.datagen[4].db/cb/SerdesCntr_reg[3]/D (clocked by vita_clk_1). Large setup violations at the end of those stages might be difficult to fix during the post-placement implementation flow and could be the result of non-optimal XDC constraints or non-optimal design architecture
Related violations: <none>

TIMING-16#122 Warning
Large setup violation  
There is a large setup violation of -4.433 ns between design_1_i/onsemi_vita_cam_0/U0/onsemi_vita_cam_v3_1_S00_AXI_inst/slv_reg4_reg[2]/C (clocked by clk_fpga_0) and design_1_i/onsemi_vita_cam_0/U0/onsemi_vita_cam_v3_1_S00_AXI_inst/onsemi_vita_cam_core_inst/vita_iserdes_v5.vita_iserdes/generate_datagen.datagen[4].db/cb/SerdesCntr_reg[6]/D (clocked by vita_clk_1). Large setup violations at the end of those stages might be difficult to fix during the post-placement implementation flow and could be the result of non-optimal XDC constraints or non-optimal design architecture
Related violations: <none>

TIMING-16#123 Warning
Large setup violation  
There is a large setup violation of -4.435 ns between design_1_i/onsemi_vita_cam_0/U0/onsemi_vita_cam_v3_1_S00_AXI_inst/slv_reg4_reg[2]/C (clocked by clk_fpga_0) and design_1_i/onsemi_vita_cam_0/U0/onsemi_vita_cam_v3_1_S00_AXI_inst/onsemi_vita_cam_core_inst/vita_iserdes_v5.vita_iserdes/generate_datagen.datagen[4].db/cb/SerdesCntr_reg[1]/D (clocked by vita_clk_1). Large setup violations at the end of those stages might be difficult to fix during the post-placement implementation flow and could be the result of non-optimal XDC constraints or non-optimal design architecture
Related violations: <none>

TIMING-16#124 Warning
Large setup violation  
There is a large setup violation of -4.443 ns between design_1_i/onsemi_vita_cam_0/U0/onsemi_vita_cam_v3_1_S00_AXI_inst/slv_reg4_reg[2]/C (clocked by clk_fpga_0) and design_1_i/onsemi_vita_cam_0/U0/onsemi_vita_cam_v3_1_S00_AXI_inst/onsemi_vita_cam_core_inst/vita_iserdes_v5.vita_iserdes/generate_datagen.datagen[4].db/cb/ALIGN_BUSY_reg/D (clocked by vita_clk_1). Large setup violations at the end of those stages might be difficult to fix during the post-placement implementation flow and could be the result of non-optimal XDC constraints or non-optimal design architecture
Related violations: <none>

TIMING-16#125 Warning
Large setup violation  
There is a large setup violation of -4.443 ns between design_1_i/onsemi_vita_cam_0/U0/onsemi_vita_cam_v3_1_S00_AXI_inst/slv_reg4_reg[2]/C (clocked by clk_fpga_0) and design_1_i/onsemi_vita_cam_0/U0/onsemi_vita_cam_v3_1_S00_AXI_inst/onsemi_vita_cam_core_inst/vita_iserdes_v5.vita_iserdes/generate_datagen.datagen[4].db/cb/FSM_sequential_serdesseqstate_reg[0]/D (clocked by vita_clk_1). Large setup violations at the end of those stages might be difficult to fix during the post-placement implementation flow and could be the result of non-optimal XDC constraints or non-optimal design architecture
Related violations: <none>

TIMING-16#126 Warning
Large setup violation  
There is a large setup violation of -4.443 ns between design_1_i/onsemi_vita_cam_0/U0/onsemi_vita_cam_v3_1_S00_AXI_inst/slv_reg4_reg[2]/C (clocked by clk_fpga_0) and design_1_i/onsemi_vita_cam_0/U0/onsemi_vita_cam_v3_1_S00_AXI_inst/onsemi_vita_cam_core_inst/vita_iserdes_v5.vita_iserdes/generate_datagen.datagen[4].db/cb/SerdesCntr_reg[2]/D (clocked by vita_clk_1). Large setup violations at the end of those stages might be difficult to fix during the post-placement implementation flow and could be the result of non-optimal XDC constraints or non-optimal design architecture
Related violations: <none>

TIMING-16#127 Warning
Large setup violation  
There is a large setup violation of -4.450 ns between design_1_i/onsemi_vita_cam_0/U0/onsemi_vita_cam_v3_1_S00_AXI_inst/slv_reg4_reg[2]/C (clocked by clk_fpga_0) and design_1_i/onsemi_vita_cam_0/U0/onsemi_vita_cam_v3_1_S00_AXI_inst/onsemi_vita_cam_core_inst/vita_iserdes_v5.vita_iserdes/generate_datagen.datagen[4].db/cb/SerdesCntr_reg[0]/D (clocked by vita_clk_1). Large setup violations at the end of those stages might be difficult to fix during the post-placement implementation flow and could be the result of non-optimal XDC constraints or non-optimal design architecture
Related violations: <none>

TIMING-16#128 Warning
Large setup violation  
There is a large setup violation of -4.457 ns between design_1_i/onsemi_vita_cam_0/U0/onsemi_vita_cam_v3_1_S00_AXI_inst/onsemi_vita_cam_core_inst/vita_iserdes_v5.vita_iserdes/serdesclockgen[0].ic/multiplier_status_reg/C (clocked by vita_clk_1) and design_1_i/onsemi_vita_cam_0/U0/onsemi_vita_cam_v3_1_S00_AXI_inst/axi_rdata_reg[16]/D (clocked by clk_fpga_0). Large setup violations at the end of those stages might be difficult to fix during the post-placement implementation flow and could be the result of non-optimal XDC constraints or non-optimal design architecture
Related violations: <none>

TIMING-16#129 Warning
Large setup violation  
There is a large setup violation of -4.458 ns between design_1_i/onsemi_vita_cam_0/U0/onsemi_vita_cam_v3_1_S00_AXI_inst/slv_reg8_reg[1]/C (clocked by clk_fpga_0) and design_1_i/onsemi_vita_cam_0/U0/onsemi_vita_cam_v3_1_S00_AXI_inst/onsemi_vita_cam_core_inst/vita_remapper/resetindex_reg/D (clocked by vita_clk_1). Large setup violations at the end of those stages might be difficult to fix during the post-placement implementation flow and could be the result of non-optimal XDC constraints or non-optimal design architecture
Related violations: <none>

TIMING-16#130 Warning
Large setup violation  
There is a large setup violation of -4.459 ns between design_1_i/onsemi_vita_cam_0/U0/onsemi_vita_cam_v3_1_S00_AXI_inst/slv_reg6_reg[8]/C (clocked by clk_fpga_0) and design_1_i/onsemi_vita_cam_0/U0/onsemi_vita_cam_v3_1_S00_AXI_inst/onsemi_vita_cam_core_inst/vita_iserdes_v5.vita_iserdes/generate_datagen.datagen[0].db/cb/GenCntr_reg[8]/D (clocked by vita_clk_1). Large setup violations at the end of those stages might be difficult to fix during the post-placement implementation flow and could be the result of non-optimal XDC constraints or non-optimal design architecture
Related violations: <none>

TIMING-16#131 Warning
Large setup violation  
There is a large setup violation of -4.522 ns between design_1_i/onsemi_vita_cam_0/U0/onsemi_vita_cam_v3_1_S00_AXI_inst/slv_reg8_reg[1]/C (clocked by clk_fpga_0) and design_1_i/onsemi_vita_cam_0/U0/onsemi_vita_cam_v3_1_S00_AXI_inst/onsemi_vita_cam_core_inst/vita_crc_checker/generate_CRC[0].the_crc_comp/STATUS_reg/D (clocked by vita_clk_1). Large setup violations at the end of those stages might be difficult to fix during the post-placement implementation flow and could be the result of non-optimal XDC constraints or non-optimal design architecture
Related violations: <none>

TIMING-16#132 Warning
Large setup violation  
There is a large setup violation of -4.524 ns between design_1_i/onsemi_vita_cam_0/U0/onsemi_vita_cam_v3_1_S00_AXI_inst/slv_reg4_reg[2]/C (clocked by clk_fpga_0) and design_1_i/onsemi_vita_cam_0/U0/onsemi_vita_cam_v3_1_S00_AXI_inst/onsemi_vita_cam_core_inst/vita_iserdes_v5.vita_iserdes/generate_datagen.datagen[2].db/cb/SerdesCntr_reg[13]/D (clocked by vita_clk_1). Large setup violations at the end of those stages might be difficult to fix during the post-placement implementation flow and could be the result of non-optimal XDC constraints or non-optimal design architecture
Related violations: <none>

TIMING-16#133 Warning
Large setup violation  
There is a large setup violation of -4.530 ns between design_1_i/onsemi_vita_cam_0/U0/onsemi_vita_cam_v3_1_S00_AXI_inst/slv_reg4_reg[2]/C (clocked by clk_fpga_0) and design_1_i/onsemi_vita_cam_0/U0/onsemi_vita_cam_v3_1_S00_AXI_inst/onsemi_vita_cam_core_inst/vita_iserdes_v5.vita_iserdes/generate_datagen.datagen[2].db/cb/SerdesCntr_reg[9]/D (clocked by vita_clk_1). Large setup violations at the end of those stages might be difficult to fix during the post-placement implementation flow and could be the result of non-optimal XDC constraints or non-optimal design architecture
Related violations: <none>

TIMING-16#134 Warning
Large setup violation  
There is a large setup violation of -4.543 ns between design_1_i/onsemi_vita_cam_0/U0/onsemi_vita_cam_v3_1_S00_AXI_inst/slv_reg6_reg[9]/C (clocked by clk_fpga_0) and design_1_i/onsemi_vita_cam_0/U0/onsemi_vita_cam_v3_1_S00_AXI_inst/onsemi_vita_cam_core_inst/vita_iserdes_v5.vita_iserdes/generate_datagen.datagen[1].db/cb/GenCntr_reg[9]/D (clocked by vita_clk_1). Large setup violations at the end of those stages might be difficult to fix during the post-placement implementation flow and could be the result of non-optimal XDC constraints or non-optimal design architecture
Related violations: <none>

TIMING-16#135 Warning
Large setup violation  
There is a large setup violation of -4.546 ns between design_1_i/onsemi_vita_cam_0/U0/onsemi_vita_cam_v3_1_S00_AXI_inst/slv_reg4_reg[2]/C (clocked by clk_fpga_0) and design_1_i/onsemi_vita_cam_0/U0/onsemi_vita_cam_v3_1_S00_AXI_inst/onsemi_vita_cam_core_inst/vita_iserdes_v5.vita_iserdes/generate_datagen.datagen[4].db/cb/CTRL_FIFO_RESET_reg/D (clocked by vita_clk_1). Large setup violations at the end of those stages might be difficult to fix during the post-placement implementation flow and could be the result of non-optimal XDC constraints or non-optimal design architecture
Related violations: <none>

TIMING-16#136 Warning
Large setup violation  
There is a large setup violation of -4.557 ns between design_1_i/onsemi_vita_cam_0/U0/onsemi_vita_cam_v3_1_S00_AXI_inst/slv_reg4_reg[2]/C (clocked by clk_fpga_0) and design_1_i/onsemi_vita_cam_0/U0/onsemi_vita_cam_v3_1_S00_AXI_inst/onsemi_vita_cam_core_inst/vita_iserdes_v5.vita_iserdes/generate_datagen.datagen[0].db/cb/SerdesCntr_reg[15]/D (clocked by vita_clk_1). Large setup violations at the end of those stages might be difficult to fix during the post-placement implementation flow and could be the result of non-optimal XDC constraints or non-optimal design architecture
Related violations: <none>

TIMING-16#137 Warning
Large setup violation  
There is a large setup violation of -4.570 ns between design_1_i/onsemi_vita_cam_0/U0/onsemi_vita_cam_v3_1_S00_AXI_inst/slv_reg4_reg[2]/C (clocked by clk_fpga_0) and design_1_i/onsemi_vita_cam_0/U0/onsemi_vita_cam_v3_1_S00_AXI_inst/onsemi_vita_cam_core_inst/vita_iserdes_v5.vita_iserdes/generate_datagen.datagen[2].db/cb/SerdesCntr_reg[12]/D (clocked by vita_clk_1). Large setup violations at the end of those stages might be difficult to fix during the post-placement implementation flow and could be the result of non-optimal XDC constraints or non-optimal design architecture
Related violations: <none>

TIMING-16#138 Warning
Large setup violation  
There is a large setup violation of -4.574 ns between design_1_i/onsemi_vita_cam_0/U0/onsemi_vita_cam_v3_1_S00_AXI_inst/slv_reg4_reg[2]/C (clocked by clk_fpga_0) and design_1_i/onsemi_vita_cam_0/U0/onsemi_vita_cam_v3_1_S00_AXI_inst/onsemi_vita_cam_core_inst/vita_iserdes_v5.vita_iserdes/generate_datagen.datagen[2].db/cb/SerdesCntr_reg[8]/D (clocked by vita_clk_1). Large setup violations at the end of those stages might be difficult to fix during the post-placement implementation flow and could be the result of non-optimal XDC constraints or non-optimal design architecture
Related violations: <none>

TIMING-16#139 Warning
Large setup violation  
There is a large setup violation of -4.597 ns between design_1_i/onsemi_vita_cam_0/U0/onsemi_vita_cam_v3_1_S00_AXI_inst/slv_reg28_reg[1]/C (clocked by clk_fpga_0) and design_1_i/onsemi_vita_cam_0/U0/onsemi_vita_cam_v3_1_S00_AXI_inst/onsemi_vita_cam_core_inst/vita_crc_checker/generate_CRC[2].the_crc_calc/CRC_tool_reg[6]/D (clocked by vita_clk_1). Large setup violations at the end of those stages might be difficult to fix during the post-placement implementation flow and could be the result of non-optimal XDC constraints or non-optimal design architecture
Related violations: <none>

TIMING-16#140 Warning
Large setup violation  
There is a large setup violation of -4.601 ns between design_1_i/onsemi_vita_cam_0/U0/onsemi_vita_cam_v3_1_S00_AXI_inst/slv_reg4_reg[2]/C (clocked by clk_fpga_0) and design_1_i/onsemi_vita_cam_0/U0/onsemi_vita_cam_v3_1_S00_AXI_inst/onsemi_vita_cam_core_inst/vita_iserdes_v5.vita_iserdes/generate_datagen.datagen[0].db/cb/SerdesCntr_reg[14]/D (clocked by vita_clk_1). Large setup violations at the end of those stages might be difficult to fix during the post-placement implementation flow and could be the result of non-optimal XDC constraints or non-optimal design architecture
Related violations: <none>

TIMING-16#141 Warning
Large setup violation  
There is a large setup violation of -4.605 ns between design_1_i/onsemi_vita_cam_0/U0/onsemi_vita_cam_v3_1_S00_AXI_inst/slv_reg28_reg[1]/C (clocked by clk_fpga_0) and design_1_i/onsemi_vita_cam_0/U0/onsemi_vita_cam_v3_1_S00_AXI_inst/onsemi_vita_cam_core_inst/vita_crc_checker/generate_CRC[2].the_crc_calc/CRC_tool_reg[8]/D (clocked by vita_clk_1). Large setup violations at the end of those stages might be difficult to fix during the post-placement implementation flow and could be the result of non-optimal XDC constraints or non-optimal design architecture
Related violations: <none>

TIMING-16#142 Warning
Large setup violation  
There is a large setup violation of -4.612 ns between design_1_i/onsemi_vita_cam_0/U0/onsemi_vita_cam_v3_1_S00_AXI_inst/slv_reg4_reg[2]/C (clocked by clk_fpga_0) and design_1_i/onsemi_vita_cam_0/U0/onsemi_vita_cam_v3_1_S00_AXI_inst/onsemi_vita_cam_core_inst/vita_iserdes_v5.vita_iserdes/generate_datagen.datagen[2].db/cb/SerdesCntr_reg[3]/D (clocked by vita_clk_1). Large setup violations at the end of those stages might be difficult to fix during the post-placement implementation flow and could be the result of non-optimal XDC constraints or non-optimal design architecture
Related violations: <none>

TIMING-16#143 Warning
Large setup violation  
There is a large setup violation of -4.614 ns between design_1_i/onsemi_vita_cam_0/U0/onsemi_vita_cam_v3_1_S00_AXI_inst/slv_reg28_reg[1]/C (clocked by clk_fpga_0) and design_1_i/onsemi_vita_cam_0/U0/onsemi_vita_cam_v3_1_S00_AXI_inst/onsemi_vita_cam_core_inst/vita_crc_checker/generate_CRC[3].the_crc_calc/CRC_tool_reg[7]/D (clocked by vita_clk_1). Large setup violations at the end of those stages might be difficult to fix during the post-placement implementation flow and could be the result of non-optimal XDC constraints or non-optimal design architecture
Related violations: <none>

TIMING-16#144 Warning
Large setup violation  
There is a large setup violation of -4.619 ns between design_1_i/onsemi_vita_cam_0/U0/onsemi_vita_cam_v3_1_S00_AXI_inst/slv_reg28_reg[1]/C (clocked by clk_fpga_0) and design_1_i/onsemi_vita_cam_0/U0/onsemi_vita_cam_v3_1_S00_AXI_inst/onsemi_vita_cam_core_inst/vita_crc_checker/generate_CRC[3].the_crc_calc/CRC_tool_reg[5]/D (clocked by vita_clk_1). Large setup violations at the end of those stages might be difficult to fix during the post-placement implementation flow and could be the result of non-optimal XDC constraints or non-optimal design architecture
Related violations: <none>

TIMING-16#145 Warning
Large setup violation  
There is a large setup violation of -4.624 ns between design_1_i/onsemi_vita_cam_0/U0/onsemi_vita_cam_v3_1_S00_AXI_inst/slv_reg4_reg[2]/C (clocked by clk_fpga_0) and design_1_i/onsemi_vita_cam_0/U0/onsemi_vita_cam_v3_1_S00_AXI_inst/onsemi_vita_cam_core_inst/vita_iserdes_v5.vita_iserdes/generate_datagen.datagen[2].db/cb/SerdesCntr_reg[5]/D (clocked by vita_clk_1). Large setup violations at the end of those stages might be difficult to fix during the post-placement implementation flow and could be the result of non-optimal XDC constraints or non-optimal design architecture
Related violations: <none>

TIMING-16#146 Warning
Large setup violation  
There is a large setup violation of -4.631 ns between design_1_i/onsemi_vita_cam_0/U0/onsemi_vita_cam_v3_1_S00_AXI_inst/slv_reg28_reg[1]/C (clocked by clk_fpga_0) and design_1_i/onsemi_vita_cam_0/U0/onsemi_vita_cam_v3_1_S00_AXI_inst/onsemi_vita_cam_core_inst/vita_crc_checker/generate_CRC[2].the_crc_calc/CRC_tool_reg[7]/D (clocked by vita_clk_1). Large setup violations at the end of those stages might be difficult to fix during the post-placement implementation flow and could be the result of non-optimal XDC constraints or non-optimal design architecture
Related violations: <none>

TIMING-16#147 Warning
Large setup violation  
There is a large setup violation of -4.633 ns between design_1_i/onsemi_vita_cam_0/U0/onsemi_vita_cam_v3_1_S00_AXI_inst/slv_reg28_reg[1]/C (clocked by clk_fpga_0) and design_1_i/onsemi_vita_cam_0/U0/onsemi_vita_cam_v3_1_S00_AXI_inst/onsemi_vita_cam_core_inst/vita_crc_checker/generate_CRC[2].the_crc_calc/CRC_tool_reg[5]/D (clocked by vita_clk_1). Large setup violations at the end of those stages might be difficult to fix during the post-placement implementation flow and could be the result of non-optimal XDC constraints or non-optimal design architecture
Related violations: <none>

TIMING-16#148 Warning
Large setup violation  
There is a large setup violation of -4.637 ns between design_1_i/onsemi_vita_cam_0/U0/onsemi_vita_cam_v3_1_S00_AXI_inst/onsemi_vita_cam_core_inst/vita_iserdes_v5.vita_iserdes/generate_datagen.datagen[2].db/cb/ALIGN_BUSY_reg/C (clocked by vita_clk_1) and design_1_i/onsemi_vita_cam_0/U0/onsemi_vita_cam_v3_1_S00_AXI_inst/axi_rdata_reg[9]/D (clocked by clk_fpga_0). Large setup violations at the end of those stages might be difficult to fix during the post-placement implementation flow and could be the result of non-optimal XDC constraints or non-optimal design architecture
Related violations: <none>

TIMING-16#149 Warning
Large setup violation  
There is a large setup violation of -4.644 ns between design_1_i/onsemi_vita_cam_0/U0/onsemi_vita_cam_v3_1_S00_AXI_inst/slv_reg4_reg[2]/C (clocked by clk_fpga_0) and design_1_i/onsemi_vita_cam_0/U0/onsemi_vita_cam_v3_1_S00_AXI_inst/onsemi_vita_cam_core_inst/vita_iserdes_v5.vita_iserdes/generate_datagen.datagen[3].db/cb/SerdesCntr_reg[3]/D (clocked by vita_clk_1). Large setup violations at the end of those stages might be difficult to fix during the post-placement implementation flow and could be the result of non-optimal XDC constraints or non-optimal design architecture
Related violations: <none>

TIMING-16#150 Warning
Large setup violation  
There is a large setup violation of -4.661 ns between design_1_i/onsemi_vita_cam_0/U0/onsemi_vita_cam_v3_1_S00_AXI_inst/slv_reg4_reg[2]/C (clocked by clk_fpga_0) and design_1_i/onsemi_vita_cam_0/U0/onsemi_vita_cam_v3_1_S00_AXI_inst/onsemi_vita_cam_core_inst/vita_iserdes_v5.vita_iserdes/generate_datagen.datagen[2].db/cb/SerdesCntr_reg[2]/D (clocked by vita_clk_1). Large setup violations at the end of those stages might be difficult to fix during the post-placement implementation flow and could be the result of non-optimal XDC constraints or non-optimal design architecture
Related violations: <none>

TIMING-16#151 Warning
Large setup violation  
There is a large setup violation of -4.668 ns between design_1_i/onsemi_vita_cam_0/U0/onsemi_vita_cam_v3_1_S00_AXI_inst/slv_reg28_reg[1]/C (clocked by clk_fpga_0) and design_1_i/onsemi_vita_cam_0/U0/onsemi_vita_cam_v3_1_S00_AXI_inst/onsemi_vita_cam_core_inst/vita_crc_checker/generate_CRC[3].the_crc_calc/CRC_tool_reg[4]/D (clocked by vita_clk_1). Large setup violations at the end of those stages might be difficult to fix during the post-placement implementation flow and could be the result of non-optimal XDC constraints or non-optimal design architecture
Related violations: <none>

TIMING-16#152 Warning
Large setup violation  
There is a large setup violation of -4.668 ns between design_1_i/onsemi_vita_cam_0/U0/onsemi_vita_cam_v3_1_S00_AXI_inst/slv_reg4_reg[2]/C (clocked by clk_fpga_0) and design_1_i/onsemi_vita_cam_0/U0/onsemi_vita_cam_v3_1_S00_AXI_inst/onsemi_vita_cam_core_inst/vita_iserdes_v5.vita_iserdes/generate_datagen.datagen[2].db/cb/SerdesCntr_reg[4]/D (clocked by vita_clk_1). Large setup violations at the end of those stages might be difficult to fix during the post-placement implementation flow and could be the result of non-optimal XDC constraints or non-optimal design architecture
Related violations: <none>

TIMING-16#153 Warning
Large setup violation  
There is a large setup violation of -4.671 ns between design_1_i/onsemi_vita_cam_0/U0/onsemi_vita_cam_v3_1_S00_AXI_inst/slv_reg4_reg[2]/C (clocked by clk_fpga_0) and design_1_i/onsemi_vita_cam_0/U0/onsemi_vita_cam_v3_1_S00_AXI_inst/onsemi_vita_cam_core_inst/vita_iserdes_v5.vita_iserdes/generate_datagen.datagen[3].db/cb/SerdesCntr_reg[13]/D (clocked by vita_clk_1). Large setup violations at the end of those stages might be difficult to fix during the post-placement implementation flow and could be the result of non-optimal XDC constraints or non-optimal design architecture
Related violations: <none>

TIMING-16#154 Warning
Large setup violation  
There is a large setup violation of -4.680 ns between design_1_i/onsemi_vita_cam_0/U0/onsemi_vita_cam_v3_1_S00_AXI_inst/slv_reg4_reg[0]/C (clocked by clk_fpga_0) and design_1_i/onsemi_vita_cam_0/U0/onsemi_vita_cam_v3_1_S00_AXI_inst/onsemi_vita_cam_core_inst/vita_iserdes_v5.vita_iserdes/generate_datagen.datagen[0].db/ss/datapipe_reg[0][0]/CE (clocked by vita_clk_1). Large setup violations at the end of those stages might be difficult to fix during the post-placement implementation flow and could be the result of non-optimal XDC constraints or non-optimal design architecture
Related violations: <none>

TIMING-16#155 Warning
Large setup violation  
There is a large setup violation of -4.680 ns between design_1_i/onsemi_vita_cam_0/U0/onsemi_vita_cam_v3_1_S00_AXI_inst/slv_reg4_reg[0]/C (clocked by clk_fpga_0) and design_1_i/onsemi_vita_cam_0/U0/onsemi_vita_cam_v3_1_S00_AXI_inst/onsemi_vita_cam_core_inst/vita_iserdes_v5.vita_iserdes/generate_datagen.datagen[0].db/ss/datapipe_reg[0][1]/CE (clocked by vita_clk_1). Large setup violations at the end of those stages might be difficult to fix during the post-placement implementation flow and could be the result of non-optimal XDC constraints or non-optimal design architecture
Related violations: <none>

TIMING-16#156 Warning
Large setup violation  
There is a large setup violation of -4.680 ns between design_1_i/onsemi_vita_cam_0/U0/onsemi_vita_cam_v3_1_S00_AXI_inst/slv_reg4_reg[0]/C (clocked by clk_fpga_0) and design_1_i/onsemi_vita_cam_0/U0/onsemi_vita_cam_v3_1_S00_AXI_inst/onsemi_vita_cam_core_inst/vita_iserdes_v5.vita_iserdes/generate_datagen.datagen[0].db/ss/datapipe_reg[0][3]/CE (clocked by vita_clk_1). Large setup violations at the end of those stages might be difficult to fix during the post-placement implementation flow and could be the result of non-optimal XDC constraints or non-optimal design architecture
Related violations: <none>

TIMING-16#157 Warning
Large setup violation  
There is a large setup violation of -4.680 ns between design_1_i/onsemi_vita_cam_0/U0/onsemi_vita_cam_v3_1_S00_AXI_inst/slv_reg4_reg[0]/C (clocked by clk_fpga_0) and design_1_i/onsemi_vita_cam_0/U0/onsemi_vita_cam_v3_1_S00_AXI_inst/onsemi_vita_cam_core_inst/vita_iserdes_v5.vita_iserdes/generate_datagen.datagen[0].db/ss/datapipe_reg[0][5]/CE (clocked by vita_clk_1). Large setup violations at the end of those stages might be difficult to fix during the post-placement implementation flow and could be the result of non-optimal XDC constraints or non-optimal design architecture
Related violations: <none>

TIMING-16#158 Warning
Large setup violation  
There is a large setup violation of -4.680 ns between design_1_i/onsemi_vita_cam_0/U0/onsemi_vita_cam_v3_1_S00_AXI_inst/slv_reg4_reg[0]/C (clocked by clk_fpga_0) and design_1_i/onsemi_vita_cam_0/U0/onsemi_vita_cam_v3_1_S00_AXI_inst/onsemi_vita_cam_core_inst/vita_iserdes_v5.vita_iserdes/generate_datagen.datagen[0].db/ss/datapipe_reg[0][8]/CE (clocked by vita_clk_1). Large setup violations at the end of those stages might be difficult to fix during the post-placement implementation flow and could be the result of non-optimal XDC constraints or non-optimal design architecture
Related violations: <none>

TIMING-16#159 Warning
Large setup violation  
There is a large setup violation of -4.680 ns between design_1_i/onsemi_vita_cam_0/U0/onsemi_vita_cam_v3_1_S00_AXI_inst/slv_reg4_reg[0]/C (clocked by clk_fpga_0) and design_1_i/onsemi_vita_cam_0/U0/onsemi_vita_cam_v3_1_S00_AXI_inst/onsemi_vita_cam_core_inst/vita_iserdes_v5.vita_iserdes/generate_datagen.datagen[0].db/ss/datapipe_reg[0][9]/CE (clocked by vita_clk_1). Large setup violations at the end of those stages might be difficult to fix during the post-placement implementation flow and could be the result of non-optimal XDC constraints or non-optimal design architecture
Related violations: <none>

TIMING-16#160 Warning
Large setup violation  
There is a large setup violation of -4.680 ns between design_1_i/onsemi_vita_cam_0/U0/onsemi_vita_cam_v3_1_S00_AXI_inst/slv_reg4_reg[0]/C (clocked by clk_fpga_0) and design_1_i/onsemi_vita_cam_0/U0/onsemi_vita_cam_v3_1_S00_AXI_inst/onsemi_vita_cam_core_inst/vita_iserdes_v5.vita_iserdes/generate_datagen.datagen[2].db/ss/datapipe_reg[0][8]/CE (clocked by vita_clk_1). Large setup violations at the end of those stages might be difficult to fix during the post-placement implementation flow and could be the result of non-optimal XDC constraints or non-optimal design architecture
Related violations: <none>

TIMING-16#161 Warning
Large setup violation  
There is a large setup violation of -4.681 ns between design_1_i/onsemi_vita_cam_0/U0/onsemi_vita_cam_v3_1_S00_AXI_inst/slv_reg28_reg[1]/C (clocked by clk_fpga_0) and design_1_i/onsemi_vita_cam_0/U0/onsemi_vita_cam_v3_1_S00_AXI_inst/onsemi_vita_cam_core_inst/vita_crc_checker/generate_CRC[3].the_crc_calc/CRC_tool_reg[2]/D (clocked by vita_clk_1). Large setup violations at the end of those stages might be difficult to fix during the post-placement implementation flow and could be the result of non-optimal XDC constraints or non-optimal design architecture
Related violations: <none>

TIMING-16#162 Warning
Large setup violation  
There is a large setup violation of -4.682 ns between design_1_i/onsemi_vita_cam_0/U0/onsemi_vita_cam_v3_1_S00_AXI_inst/slv_reg4_reg[2]/C (clocked by clk_fpga_0) and design_1_i/onsemi_vita_cam_0/U0/onsemi_vita_cam_v3_1_S00_AXI_inst/onsemi_vita_cam_core_inst/vita_iserdes_v5.vita_iserdes/generate_datagen.datagen[0].db/cb/ALIGN_BUSY_reg/D (clocked by vita_clk_1). Large setup violations at the end of those stages might be difficult to fix during the post-placement implementation flow and could be the result of non-optimal XDC constraints or non-optimal design architecture
Related violations: <none>

TIMING-16#163 Warning
Large setup violation  
There is a large setup violation of -4.682 ns between design_1_i/onsemi_vita_cam_0/U0/onsemi_vita_cam_v3_1_S00_AXI_inst/slv_reg4_reg[2]/C (clocked by clk_fpga_0) and design_1_i/onsemi_vita_cam_0/U0/onsemi_vita_cam_v3_1_S00_AXI_inst/onsemi_vita_cam_core_inst/vita_iserdes_v5.vita_iserdes/generate_datagen.datagen[3].db/cb/SerdesCntr_reg[12]/D (clocked by vita_clk_1). Large setup violations at the end of those stages might be difficult to fix during the post-placement implementation flow and could be the result of non-optimal XDC constraints or non-optimal design architecture
Related violations: <none>

TIMING-16#164 Warning
Large setup violation  
There is a large setup violation of -4.688 ns between design_1_i/onsemi_vita_cam_0/U0/onsemi_vita_cam_v3_1_S00_AXI_inst/slv_reg28_reg[1]/C (clocked by clk_fpga_0) and design_1_i/onsemi_vita_cam_0/U0/onsemi_vita_cam_v3_1_S00_AXI_inst/onsemi_vita_cam_core_inst/vita_crc_checker/generate_CRC[3].the_crc_calc/CRC_tool_reg[0]/D (clocked by vita_clk_1). Large setup violations at the end of those stages might be difficult to fix during the post-placement implementation flow and could be the result of non-optimal XDC constraints or non-optimal design architecture
Related violations: <none>

TIMING-16#165 Warning
Large setup violation  
There is a large setup violation of -4.693 ns between design_1_i/onsemi_vita_cam_0/U0/onsemi_vita_cam_v3_1_S00_AXI_inst/slv_reg4_reg[2]/C (clocked by clk_fpga_0) and design_1_i/onsemi_vita_cam_0/U0/onsemi_vita_cam_v3_1_S00_AXI_inst/onsemi_vita_cam_core_inst/vita_iserdes_v5.vita_iserdes/generate_datagen.datagen[3].db/cb/SerdesCntr_reg[2]/D (clocked by vita_clk_1). Large setup violations at the end of those stages might be difficult to fix during the post-placement implementation flow and could be the result of non-optimal XDC constraints or non-optimal design architecture
Related violations: <none>

TIMING-16#166 Warning
Large setup violation  
There is a large setup violation of -4.696 ns between design_1_i/onsemi_vita_cam_0/U0/onsemi_vita_cam_v3_1_S00_AXI_inst/slv_reg28_reg[1]/C (clocked by clk_fpga_0) and design_1_i/onsemi_vita_cam_0/U0/onsemi_vita_cam_v3_1_S00_AXI_inst/onsemi_vita_cam_core_inst/vita_crc_checker/generate_CRC[0].the_crc_calc/CRC_tool_reg[2]/D (clocked by vita_clk_1). Large setup violations at the end of those stages might be difficult to fix during the post-placement implementation flow and could be the result of non-optimal XDC constraints or non-optimal design architecture
Related violations: <none>

TIMING-16#167 Warning
Large setup violation  
There is a large setup violation of -4.705 ns between design_1_i/onsemi_vita_cam_0/U0/onsemi_vita_cam_v3_1_S00_AXI_inst/slv_reg8_reg[1]/C (clocked by clk_fpga_0) and design_1_i/onsemi_vita_cam_0/U0/onsemi_vita_cam_v3_1_S00_AXI_inst/onsemi_vita_cam_core_inst/vita_crc_checker/generate_CRC[0].the_crc_comp/FSM_sequential_CompareState_reg[1]/D (clocked by vita_clk_1). Large setup violations at the end of those stages might be difficult to fix during the post-placement implementation flow and could be the result of non-optimal XDC constraints or non-optimal design architecture
Related violations: <none>

TIMING-16#168 Warning
Large setup violation  
There is a large setup violation of -4.708 ns between design_1_i/onsemi_vita_cam_0/U0/onsemi_vita_cam_v3_1_S00_AXI_inst/slv_reg4_reg[2]/C (clocked by clk_fpga_0) and design_1_i/onsemi_vita_cam_0/U0/onsemi_vita_cam_v3_1_S00_AXI_inst/onsemi_vita_cam_core_inst/vita_iserdes_v5.vita_iserdes/generate_datagen.datagen[3].db/cb/SerdesCntr_reg[12]/CE (clocked by vita_clk_1). Large setup violations at the end of those stages might be difficult to fix during the post-placement implementation flow and could be the result of non-optimal XDC constraints or non-optimal design architecture
Related violations: <none>

TIMING-16#169 Warning
Large setup violation  
There is a large setup violation of -4.708 ns between design_1_i/onsemi_vita_cam_0/U0/onsemi_vita_cam_v3_1_S00_AXI_inst/slv_reg4_reg[2]/C (clocked by clk_fpga_0) and design_1_i/onsemi_vita_cam_0/U0/onsemi_vita_cam_v3_1_S00_AXI_inst/onsemi_vita_cam_core_inst/vita_iserdes_v5.vita_iserdes/generate_datagen.datagen[3].db/cb/SerdesCntr_reg[13]/CE (clocked by vita_clk_1). Large setup violations at the end of those stages might be difficult to fix during the post-placement implementation flow and could be the result of non-optimal XDC constraints or non-optimal design architecture
Related violations: <none>

TIMING-16#170 Warning
Large setup violation  
There is a large setup violation of -4.708 ns between design_1_i/onsemi_vita_cam_0/U0/onsemi_vita_cam_v3_1_S00_AXI_inst/slv_reg4_reg[2]/C (clocked by clk_fpga_0) and design_1_i/onsemi_vita_cam_0/U0/onsemi_vita_cam_v3_1_S00_AXI_inst/onsemi_vita_cam_core_inst/vita_iserdes_v5.vita_iserdes/generate_datagen.datagen[3].db/cb/SerdesCntr_reg[14]/CE (clocked by vita_clk_1). Large setup violations at the end of those stages might be difficult to fix during the post-placement implementation flow and could be the result of non-optimal XDC constraints or non-optimal design architecture
Related violations: <none>

TIMING-16#171 Warning
Large setup violation  
There is a large setup violation of -4.708 ns between design_1_i/onsemi_vita_cam_0/U0/onsemi_vita_cam_v3_1_S00_AXI_inst/slv_reg4_reg[2]/C (clocked by clk_fpga_0) and design_1_i/onsemi_vita_cam_0/U0/onsemi_vita_cam_v3_1_S00_AXI_inst/onsemi_vita_cam_core_inst/vita_iserdes_v5.vita_iserdes/generate_datagen.datagen[3].db/cb/SerdesCntr_reg[15]/CE (clocked by vita_clk_1). Large setup violations at the end of those stages might be difficult to fix during the post-placement implementation flow and could be the result of non-optimal XDC constraints or non-optimal design architecture
Related violations: <none>

TIMING-16#172 Warning
Large setup violation  
There is a large setup violation of -4.710 ns between design_1_i/onsemi_vita_cam_0/U0/onsemi_vita_cam_v3_1_S00_AXI_inst/slv_reg6_reg[2]/C (clocked by clk_fpga_0) and design_1_i/onsemi_vita_cam_0/U0/onsemi_vita_cam_v3_1_S00_AXI_inst/onsemi_vita_cam_core_inst/vita_iserdes_v5.vita_iserdes/generate_datagen.datagen[1].db/cb/GenCntr_reg[2]/D (clocked by vita_clk_1). Large setup violations at the end of those stages might be difficult to fix during the post-placement implementation flow and could be the result of non-optimal XDC constraints or non-optimal design architecture
Related violations: <none>

TIMING-16#173 Warning
Large setup violation  
There is a large setup violation of -4.725 ns between design_1_i/onsemi_vita_cam_0/U0/onsemi_vita_cam_v3_1_S00_AXI_inst/slv_reg8_reg[1]/C (clocked by clk_fpga_0) and design_1_i/onsemi_vita_cam_0/U0/onsemi_vita_cam_v3_1_S00_AXI_inst/onsemi_vita_cam_core_inst/vita_crc_checker/generate_CRC[0].the_crc_comp/FSM_sequential_CompareState_reg[0]/D (clocked by vita_clk_1). Large setup violations at the end of those stages might be difficult to fix during the post-placement implementation flow and could be the result of non-optimal XDC constraints or non-optimal design architecture
Related violations: <none>

TIMING-16#174 Warning
Large setup violation  
There is a large setup violation of -4.727 ns between design_1_i/onsemi_vita_cam_0/U0/onsemi_vita_cam_v3_1_S00_AXI_inst/slv_reg28_reg[1]/C (clocked by clk_fpga_0) and design_1_i/onsemi_vita_cam_0/U0/onsemi_vita_cam_v3_1_S00_AXI_inst/onsemi_vita_cam_core_inst/vita_crc_checker/generate_CRC[0].the_crc_calc/CRC_tool_reg[6]/D (clocked by vita_clk_1). Large setup violations at the end of those stages might be difficult to fix during the post-placement implementation flow and could be the result of non-optimal XDC constraints or non-optimal design architecture
Related violations: <none>

TIMING-16#175 Warning
Large setup violation  
There is a large setup violation of -4.735 ns between design_1_i/onsemi_vita_cam_0/U0/onsemi_vita_cam_v3_1_S00_AXI_inst/slv_reg4_reg[2]/C (clocked by clk_fpga_0) and design_1_i/onsemi_vita_cam_0/U0/onsemi_vita_cam_v3_1_S00_AXI_inst/onsemi_vita_cam_core_inst/vita_iserdes_v5.vita_iserdes/generate_datagen.datagen[1].db/cb/SerdesCntr_reg[13]/D (clocked by vita_clk_1). Large setup violations at the end of those stages might be difficult to fix during the post-placement implementation flow and could be the result of non-optimal XDC constraints or non-optimal design architecture
Related violations: <none>

TIMING-16#176 Warning
Large setup violation  
There is a large setup violation of -4.744 ns between design_1_i/onsemi_vita_cam_0/U0/onsemi_vita_cam_v3_1_S00_AXI_inst/slv_reg6_reg[6]/C (clocked by clk_fpga_0) and design_1_i/onsemi_vita_cam_0/U0/onsemi_vita_cam_v3_1_S00_AXI_inst/onsemi_vita_cam_core_inst/vita_iserdes_v5.vita_iserdes/generate_datagen.datagen[0].db/cb/GenCntr_reg[6]/D (clocked by vita_clk_1). Large setup violations at the end of those stages might be difficult to fix during the post-placement implementation flow and could be the result of non-optimal XDC constraints or non-optimal design architecture
Related violations: <none>

TIMING-16#177 Warning
Large setup violation  
There is a large setup violation of -4.745 ns between design_1_i/onsemi_vita_cam_0/U0/onsemi_vita_cam_v3_1_S00_AXI_inst/slv_reg4_reg[0]/C (clocked by clk_fpga_0) and design_1_i/onsemi_vita_cam_0/U0/onsemi_vita_cam_v3_1_S00_AXI_inst/onsemi_vita_cam_core_inst/vita_iserdes_v5.vita_iserdes/generate_datagen.datagen[0].db/ss/datapipe_reg[1][5]/CE (clocked by vita_clk_1). Large setup violations at the end of those stages might be difficult to fix during the post-placement implementation flow and could be the result of non-optimal XDC constraints or non-optimal design architecture
Related violations: <none>

TIMING-16#178 Warning
Large setup violation  
There is a large setup violation of -4.745 ns between design_1_i/onsemi_vita_cam_0/U0/onsemi_vita_cam_v3_1_S00_AXI_inst/slv_reg4_reg[0]/C (clocked by clk_fpga_0) and design_1_i/onsemi_vita_cam_0/U0/onsemi_vita_cam_v3_1_S00_AXI_inst/onsemi_vita_cam_core_inst/vita_iserdes_v5.vita_iserdes/generate_datagen.datagen[0].db/ss/datapipe_reg[1][8]/CE (clocked by vita_clk_1). Large setup violations at the end of those stages might be difficult to fix during the post-placement implementation flow and could be the result of non-optimal XDC constraints or non-optimal design architecture
Related violations: <none>

TIMING-16#179 Warning
Large setup violation  
There is a large setup violation of -4.745 ns between design_1_i/onsemi_vita_cam_0/U0/onsemi_vita_cam_v3_1_S00_AXI_inst/slv_reg4_reg[0]/C (clocked by clk_fpga_0) and design_1_i/onsemi_vita_cam_0/U0/onsemi_vita_cam_v3_1_S00_AXI_inst/onsemi_vita_cam_core_inst/vita_iserdes_v5.vita_iserdes/generate_datagen.datagen[0].db/ss/datapipe_reg[1][9]/CE (clocked by vita_clk_1). Large setup violations at the end of those stages might be difficult to fix during the post-placement implementation flow and could be the result of non-optimal XDC constraints or non-optimal design architecture
Related violations: <none>

TIMING-16#180 Warning
Large setup violation  
There is a large setup violation of -4.750 ns between design_1_i/onsemi_vita_cam_0/U0/onsemi_vita_cam_v3_1_S00_AXI_inst/slv_reg28_reg[1]/C (clocked by clk_fpga_0) and design_1_i/onsemi_vita_cam_0/U0/onsemi_vita_cam_v3_1_S00_AXI_inst/onsemi_vita_cam_core_inst/vita_crc_checker/generate_CRC[3].the_crc_calc/CRC_tool_reg[9]/D (clocked by vita_clk_1). Large setup violations at the end of those stages might be difficult to fix during the post-placement implementation flow and could be the result of non-optimal XDC constraints or non-optimal design architecture
Related violations: <none>

TIMING-16#181 Warning
Large setup violation  
There is a large setup violation of -4.756 ns between design_1_i/onsemi_vita_cam_0/U0/onsemi_vita_cam_v3_1_S00_AXI_inst/slv_reg4_reg[2]/C (clocked by clk_fpga_0) and design_1_i/onsemi_vita_cam_0/U0/onsemi_vita_cam_v3_1_S00_AXI_inst/onsemi_vita_cam_core_inst/vita_iserdes_v5.vita_iserdes/generate_datagen.datagen[1].db/cb/SerdesCntr_reg[9]/D (clocked by vita_clk_1). Large setup violations at the end of those stages might be difficult to fix during the post-placement implementation flow and could be the result of non-optimal XDC constraints or non-optimal design architecture
Related violations: <none>

TIMING-16#182 Warning
Large setup violation  
There is a large setup violation of -4.758 ns between design_1_i/onsemi_vita_cam_0/U0/onsemi_vita_cam_v3_1_S00_AXI_inst/slv_reg4_reg[2]/C (clocked by clk_fpga_0) and design_1_i/onsemi_vita_cam_0/U0/onsemi_vita_cam_v3_1_S00_AXI_inst/onsemi_vita_cam_core_inst/vita_iserdes_v5.vita_iserdes/generate_datagen.datagen[2].db/cb/SerdesCntr_reg[1]/D (clocked by vita_clk_1). Large setup violations at the end of those stages might be difficult to fix during the post-placement implementation flow and could be the result of non-optimal XDC constraints or non-optimal design architecture
Related violations: <none>

TIMING-16#183 Warning
Large setup violation  
There is a large setup violation of -4.762 ns between design_1_i/onsemi_vita_cam_0/U0/onsemi_vita_cam_v3_1_S00_AXI_inst/slv_reg6_reg[9]/C (clocked by clk_fpga_0) and design_1_i/onsemi_vita_cam_0/U0/onsemi_vita_cam_v3_1_S00_AXI_inst/onsemi_vita_cam_core_inst/vita_iserdes_v5.vita_iserdes/generate_datagen.datagen[3].db/cb/GenCntr_reg[9]/D (clocked by vita_clk_1). Large setup violations at the end of those stages might be difficult to fix during the post-placement implementation flow and could be the result of non-optimal XDC constraints or non-optimal design architecture
Related violations: <none>

TIMING-16#184 Warning
Large setup violation  
There is a large setup violation of -4.765 ns between design_1_i/onsemi_vita_cam_0/U0/onsemi_vita_cam_v3_1_S00_AXI_inst/slv_reg30_reg[6]/C (clocked by clk_fpga_0) and design_1_i/onsemi_vita_cam_0/U0/onsemi_vita_cam_v3_1_S00_AXI_inst/onsemi_vita_cam_core_inst/vita_remapper/index_reg[0]/D (clocked by vita_clk_1). Large setup violations at the end of those stages might be difficult to fix during the post-placement implementation flow and could be the result of non-optimal XDC constraints or non-optimal design architecture
Related violations: <none>

TIMING-16#185 Warning
Large setup violation  
There is a large setup violation of -4.765 ns between design_1_i/onsemi_vita_cam_0/U0/onsemi_vita_cam_v3_1_S00_AXI_inst/slv_reg4_reg[2]/C (clocked by clk_fpga_0) and design_1_i/onsemi_vita_cam_0/U0/onsemi_vita_cam_v3_1_S00_AXI_inst/onsemi_vita_cam_core_inst/vita_iserdes_v5.vita_iserdes/generate_datagen.datagen[3].db/cb/start_align_i_reg/D (clocked by vita_clk_1). Large setup violations at the end of those stages might be difficult to fix during the post-placement implementation flow and could be the result of non-optimal XDC constraints or non-optimal design architecture
Related violations: <none>

TIMING-16#186 Warning
Large setup violation  
There is a large setup violation of -4.770 ns between design_1_i/onsemi_vita_cam_0/U0/onsemi_vita_cam_v3_1_S00_AXI_inst/slv_reg28_reg[1]/C (clocked by clk_fpga_0) and design_1_i/onsemi_vita_cam_0/U0/onsemi_vita_cam_v3_1_S00_AXI_inst/onsemi_vita_cam_core_inst/vita_crc_checker/generate_CRC[1].the_crc_calc/CRC_tool_reg[9]/D (clocked by vita_clk_1). Large setup violations at the end of those stages might be difficult to fix during the post-placement implementation flow and could be the result of non-optimal XDC constraints or non-optimal design architecture
Related violations: <none>

TIMING-16#187 Warning
Large setup violation  
There is a large setup violation of -4.770 ns between design_1_i/onsemi_vita_cam_0/U0/onsemi_vita_cam_v3_1_S00_AXI_inst/slv_reg4_reg[2]/C (clocked by clk_fpga_0) and design_1_i/onsemi_vita_cam_0/U0/onsemi_vita_cam_v3_1_S00_AXI_inst/onsemi_vita_cam_core_inst/vita_iserdes_v5.vita_iserdes/generate_datagen.datagen[2].db/cb/SerdesCntr_reg[11]/D (clocked by vita_clk_1). Large setup violations at the end of those stages might be difficult to fix during the post-placement implementation flow and could be the result of non-optimal XDC constraints or non-optimal design architecture
Related violations: <none>

TIMING-16#188 Warning
Large setup violation  
There is a large setup violation of -4.772 ns between design_1_i/onsemi_vita_cam_0/U0/onsemi_vita_cam_v3_1_S00_AXI_inst/slv_reg4_reg[2]/C (clocked by clk_fpga_0) and design_1_i/onsemi_vita_cam_0/U0/onsemi_vita_cam_v3_1_S00_AXI_inst/onsemi_vita_cam_core_inst/vita_iserdes_v5.vita_iserdes/generate_datagen.datagen[4].db/cb/SerdesCntr_reg[13]/D (clocked by vita_clk_1). Large setup violations at the end of those stages might be difficult to fix during the post-placement implementation flow and could be the result of non-optimal XDC constraints or non-optimal design architecture
Related violations: <none>

TIMING-16#189 Warning
Large setup violation  
There is a large setup violation of -4.775 ns between design_1_i/onsemi_vita_cam_0/U0/onsemi_vita_cam_v3_1_S00_AXI_inst/slv_reg4_reg[2]/C (clocked by clk_fpga_0) and design_1_i/onsemi_vita_cam_0/U0/onsemi_vita_cam_v3_1_S00_AXI_inst/onsemi_vita_cam_core_inst/vita_iserdes_v5.vita_iserdes/generate_datagen.datagen[4].db/cb/SerdesCntr_reg[15]/D (clocked by vita_clk_1). Large setup violations at the end of those stages might be difficult to fix during the post-placement implementation flow and could be the result of non-optimal XDC constraints or non-optimal design architecture
Related violations: <none>

TIMING-16#190 Warning
Large setup violation  
There is a large setup violation of -4.777 ns between design_1_i/onsemi_vita_cam_0/U0/onsemi_vita_cam_v3_1_S00_AXI_inst/slv_reg6_reg[2]/C (clocked by clk_fpga_0) and design_1_i/onsemi_vita_cam_0/U0/onsemi_vita_cam_v3_1_S00_AXI_inst/onsemi_vita_cam_core_inst/vita_iserdes_v5.vita_iserdes/generate_datagen.datagen[2].db/cb/GenCntr_reg[2]/D (clocked by vita_clk_1). Large setup violations at the end of those stages might be difficult to fix during the post-placement implementation flow and could be the result of non-optimal XDC constraints or non-optimal design architecture
Related violations: <none>

TIMING-16#191 Warning
Large setup violation  
There is a large setup violation of -4.781 ns between design_1_i/onsemi_vita_cam_0/U0/onsemi_vita_cam_v3_1_S00_AXI_inst/slv_reg4_reg[2]/C (clocked by clk_fpga_0) and design_1_i/onsemi_vita_cam_0/U0/onsemi_vita_cam_v3_1_S00_AXI_inst/onsemi_vita_cam_core_inst/vita_iserdes_v5.vita_iserdes/generate_datagen.datagen[1].db/cb/FSM_sequential_serdesseqstate_reg[0]/D (clocked by vita_clk_1). Large setup violations at the end of those stages might be difficult to fix during the post-placement implementation flow and could be the result of non-optimal XDC constraints or non-optimal design architecture
Related violations: <none>

TIMING-16#192 Warning
Large setup violation  
There is a large setup violation of -4.782 ns between design_1_i/onsemi_vita_cam_0/U0/onsemi_vita_cam_v3_1_S00_AXI_inst/slv_reg28_reg[1]/C (clocked by clk_fpga_0) and design_1_i/onsemi_vita_cam_0/U0/onsemi_vita_cam_v3_1_S00_AXI_inst/onsemi_vita_cam_core_inst/vita_crc_checker/generate_CRC[3].the_crc_calc/CRC_tool_reg[8]/D (clocked by vita_clk_1). Large setup violations at the end of those stages might be difficult to fix during the post-placement implementation flow and could be the result of non-optimal XDC constraints or non-optimal design architecture
Related violations: <none>

TIMING-16#193 Warning
Large setup violation  
There is a large setup violation of -4.783 ns between design_1_i/onsemi_vita_cam_0/U0/onsemi_vita_cam_v3_1_S00_AXI_inst/slv_reg4_reg[2]/C (clocked by clk_fpga_0) and design_1_i/onsemi_vita_cam_0/U0/onsemi_vita_cam_v3_1_S00_AXI_inst/onsemi_vita_cam_core_inst/vita_iserdes_v5.vita_iserdes/generate_datagen.datagen[4].db/cb/SerdesCntr_reg[12]/D (clocked by vita_clk_1). Large setup violations at the end of those stages might be difficult to fix during the post-placement implementation flow and could be the result of non-optimal XDC constraints or non-optimal design architecture
Related violations: <none>

TIMING-16#194 Warning
Large setup violation  
There is a large setup violation of -4.784 ns between design_1_i/onsemi_vita_cam_0/U0/onsemi_vita_cam_v3_1_S00_AXI_inst/slv_reg4_reg[2]/C (clocked by clk_fpga_0) and design_1_i/onsemi_vita_cam_0/U0/onsemi_vita_cam_v3_1_S00_AXI_inst/onsemi_vita_cam_core_inst/vita_iserdes_v5.vita_iserdes/generate_datagen.datagen[1].db/cb/SerdesCntr_reg[12]/D (clocked by vita_clk_1). Large setup violations at the end of those stages might be difficult to fix during the post-placement implementation flow and could be the result of non-optimal XDC constraints or non-optimal design architecture
Related violations: <none>

TIMING-16#195 Warning
Large setup violation  
There is a large setup violation of -4.785 ns between design_1_i/onsemi_vita_cam_0/U0/onsemi_vita_cam_v3_1_S00_AXI_inst/slv_reg4_reg[2]/C (clocked by clk_fpga_0) and design_1_i/onsemi_vita_cam_0/U0/onsemi_vita_cam_v3_1_S00_AXI_inst/onsemi_vita_cam_core_inst/vita_iserdes_v5.vita_iserdes/generate_datagen.datagen[4].db/cb/SerdesCntr_reg[14]/D (clocked by vita_clk_1). Large setup violations at the end of those stages might be difficult to fix during the post-placement implementation flow and could be the result of non-optimal XDC constraints or non-optimal design architecture
Related violations: <none>

TIMING-16#196 Warning
Large setup violation  
There is a large setup violation of -4.800 ns between design_1_i/onsemi_vita_cam_0/U0/onsemi_vita_cam_v3_1_S00_AXI_inst/slv_reg4_reg[2]/C (clocked by clk_fpga_0) and design_1_i/onsemi_vita_cam_0/U0/onsemi_vita_cam_v3_1_S00_AXI_inst/onsemi_vita_cam_core_inst/vita_iserdes_v5.vita_iserdes/generate_datagen.datagen[1].db/cb/SerdesCntr_reg[7]/D (clocked by vita_clk_1). Large setup violations at the end of those stages might be difficult to fix during the post-placement implementation flow and could be the result of non-optimal XDC constraints or non-optimal design architecture
Related violations: <none>

TIMING-16#197 Warning
Large setup violation  
There is a large setup violation of -4.800 ns between design_1_i/onsemi_vita_cam_0/U0/onsemi_vita_cam_v3_1_S00_AXI_inst/slv_reg4_reg[2]/C (clocked by clk_fpga_0) and design_1_i/onsemi_vita_cam_0/U0/onsemi_vita_cam_v3_1_S00_AXI_inst/onsemi_vita_cam_core_inst/vita_iserdes_v5.vita_iserdes/generate_datagen.datagen[1].db/cb/SerdesCntr_reg[8]/D (clocked by vita_clk_1). Large setup violations at the end of those stages might be difficult to fix during the post-placement implementation flow and could be the result of non-optimal XDC constraints or non-optimal design architecture
Related violations: <none>

TIMING-16#198 Warning
Large setup violation  
There is a large setup violation of -4.805 ns between design_1_i/onsemi_vita_cam_0/U0/onsemi_vita_cam_v3_1_S00_AXI_inst/slv_reg6_reg[1]/C (clocked by clk_fpga_0) and design_1_i/onsemi_vita_cam_0/U0/onsemi_vita_cam_v3_1_S00_AXI_inst/onsemi_vita_cam_core_inst/vita_iserdes_v5.vita_iserdes/generate_datagen.datagen[4].db/cb/GenCntr_reg[1]/D (clocked by vita_clk_1). Large setup violations at the end of those stages might be difficult to fix during the post-placement implementation flow and could be the result of non-optimal XDC constraints or non-optimal design architecture
Related violations: <none>

TIMING-16#199 Warning
Large setup violation  
There is a large setup violation of -4.806 ns between design_1_i/onsemi_vita_cam_0/U0/onsemi_vita_cam_v3_1_S00_AXI_inst/slv_reg6_reg[3]/C (clocked by clk_fpga_0) and design_1_i/onsemi_vita_cam_0/U0/onsemi_vita_cam_v3_1_S00_AXI_inst/onsemi_vita_cam_core_inst/vita_iserdes_v5.vita_iserdes/generate_datagen.datagen[2].db/cb/GenCntr_reg[3]/D (clocked by vita_clk_1). Large setup violations at the end of those stages might be difficult to fix during the post-placement implementation flow and could be the result of non-optimal XDC constraints or non-optimal design architecture
Related violations: <none>

TIMING-16#200 Warning
Large setup violation  
There is a large setup violation of -4.807 ns between design_1_i/onsemi_vita_cam_0/U0/onsemi_vita_cam_v3_1_S00_AXI_inst/slv_reg4_reg[2]/C (clocked by clk_fpga_0) and design_1_i/onsemi_vita_cam_0/U0/onsemi_vita_cam_v3_1_S00_AXI_inst/onsemi_vita_cam_core_inst/vita_iserdes_v5.vita_iserdes/generate_datagen.datagen[2].db/cb/SerdesCntr_reg[0]/D (clocked by vita_clk_1). Large setup violations at the end of those stages might be difficult to fix during the post-placement implementation flow and could be the result of non-optimal XDC constraints or non-optimal design architecture
Related violations: <none>

TIMING-16#201 Warning
Large setup violation  
There is a large setup violation of -4.810 ns between design_1_i/onsemi_vita_cam_0/U0/onsemi_vita_cam_v3_1_S00_AXI_inst/slv_reg4_reg[2]/C (clocked by clk_fpga_0) and design_1_i/onsemi_vita_cam_0/U0/onsemi_vita_cam_v3_1_S00_AXI_inst/onsemi_vita_cam_core_inst/vita_iserdes_v5.vita_iserdes/generate_datagen.datagen[1].db/cb/SerdesCntr_reg[6]/D (clocked by vita_clk_1). Large setup violations at the end of those stages might be difficult to fix during the post-placement implementation flow and could be the result of non-optimal XDC constraints or non-optimal design architecture
Related violations: <none>

TIMING-16#202 Warning
Large setup violation  
There is a large setup violation of -4.812 ns between design_1_i/onsemi_vita_cam_0/U0/onsemi_vita_cam_v3_1_S00_AXI_inst/slv_reg4_reg[2]/C (clocked by clk_fpga_0) and design_1_i/onsemi_vita_cam_0/U0/onsemi_vita_cam_v3_1_S00_AXI_inst/onsemi_vita_cam_core_inst/vita_iserdes_v5.vita_iserdes/generate_datagen.datagen[3].db/cb/SerdesCntr_reg[9]/D (clocked by vita_clk_1). Large setup violations at the end of those stages might be difficult to fix during the post-placement implementation flow and could be the result of non-optimal XDC constraints or non-optimal design architecture
Related violations: <none>

TIMING-16#203 Warning
Large setup violation  
There is a large setup violation of -4.814 ns between design_1_i/onsemi_vita_cam_0/U0/onsemi_vita_cam_v3_1_S00_AXI_inst/slv_reg4_reg[2]/C (clocked by clk_fpga_0) and design_1_i/onsemi_vita_cam_0/U0/onsemi_vita_cam_v3_1_S00_AXI_inst/onsemi_vita_cam_core_inst/vita_iserdes_v5.vita_iserdes/generate_datagen.datagen[2].db/cb/SerdesCntr_reg[10]/D (clocked by vita_clk_1). Large setup violations at the end of those stages might be difficult to fix during the post-placement implementation flow and could be the result of non-optimal XDC constraints or non-optimal design architecture
Related violations: <none>

TIMING-16#204 Warning
Large setup violation  
There is a large setup violation of -4.819 ns between design_1_i/onsemi_vita_cam_0/U0/onsemi_vita_cam_v3_1_S00_AXI_inst/slv_reg8_reg[1]/C (clocked by clk_fpga_0) and design_1_i/onsemi_vita_cam_0/U0/onsemi_vita_cam_v3_1_S00_AXI_inst/onsemi_vita_cam_core_inst/vita_crc_checker/generate_CRC[3].the_crc_comp/STATUS_reg/D (clocked by vita_clk_1). Large setup violations at the end of those stages might be difficult to fix during the post-placement implementation flow and could be the result of non-optimal XDC constraints or non-optimal design architecture
Related violations: <none>

TIMING-16#205 Warning
Large setup violation  
There is a large setup violation of -4.823 ns between design_1_i/onsemi_vita_cam_0/U0/onsemi_vita_cam_v3_1_S00_AXI_inst/slv_reg28_reg[1]/C (clocked by clk_fpga_0) and design_1_i/onsemi_vita_cam_0/U0/onsemi_vita_cam_v3_1_S00_AXI_inst/onsemi_vita_cam_core_inst/vita_crc_checker/generate_CRC[2].the_crc_calc/CRC_tool_reg[3]/D (clocked by vita_clk_1). Large setup violations at the end of those stages might be difficult to fix during the post-placement implementation flow and could be the result of non-optimal XDC constraints or non-optimal design architecture
Related violations: <none>

TIMING-16#206 Warning
Large setup violation  
There is a large setup violation of -4.823 ns between design_1_i/onsemi_vita_cam_0/U0/onsemi_vita_cam_v3_1_S00_AXI_inst/slv_reg4_reg[2]/C (clocked by clk_fpga_0) and design_1_i/onsemi_vita_cam_0/U0/onsemi_vita_cam_v3_1_S00_AXI_inst/onsemi_vita_cam_core_inst/vita_iserdes_v5.vita_iserdes/generate_datagen.datagen[0].db/cb/SerdesCntr_reg[13]/D (clocked by vita_clk_1). Large setup violations at the end of those stages might be difficult to fix during the post-placement implementation flow and could be the result of non-optimal XDC constraints or non-optimal design architecture
Related violations: <none>

TIMING-16#207 Warning
Large setup violation  
There is a large setup violation of -4.825 ns between design_1_i/onsemi_vita_cam_0/U0/onsemi_vita_cam_v3_1_S00_AXI_inst/slv_reg4_reg[2]/C (clocked by clk_fpga_0) and design_1_i/onsemi_vita_cam_0/U0/onsemi_vita_cam_v3_1_S00_AXI_inst/onsemi_vita_cam_core_inst/vita_iserdes_v5.vita_iserdes/generate_datagen.datagen[4].db/cb/SerdesCntr_reg[5]/D (clocked by vita_clk_1). Large setup violations at the end of those stages might be difficult to fix during the post-placement implementation flow and could be the result of non-optimal XDC constraints or non-optimal design architecture
Related violations: <none>

TIMING-16#208 Warning
Large setup violation  
There is a large setup violation of -4.826 ns between design_1_i/onsemi_vita_cam_0/U0/onsemi_vita_cam_v3_1_S00_AXI_inst/slv_reg28_reg[1]/C (clocked by clk_fpga_0) and design_1_i/onsemi_vita_cam_0/U0/onsemi_vita_cam_v3_1_S00_AXI_inst/onsemi_vita_cam_core_inst/vita_crc_checker/generate_CRC[2].the_crc_calc/CRC_tool_reg[4]/D (clocked by vita_clk_1). Large setup violations at the end of those stages might be difficult to fix during the post-placement implementation flow and could be the result of non-optimal XDC constraints or non-optimal design architecture
Related violations: <none>

TIMING-16#209 Warning
Large setup violation  
There is a large setup violation of -4.827 ns between design_1_i/onsemi_vita_cam_0/U0/onsemi_vita_cam_v3_1_S00_AXI_inst/slv_reg4_reg[2]/C (clocked by clk_fpga_0) and design_1_i/onsemi_vita_cam_0/U0/onsemi_vita_cam_v3_1_S00_AXI_inst/onsemi_vita_cam_core_inst/vita_iserdes_v5.vita_iserdes/generate_datagen.datagen[3].db/cb/SerdesCntr_reg[8]/D (clocked by vita_clk_1). Large setup violations at the end of those stages might be difficult to fix during the post-placement implementation flow and could be the result of non-optimal XDC constraints or non-optimal design architecture
Related violations: <none>

TIMING-16#210 Warning
Large setup violation  
There is a large setup violation of -4.827 ns between design_1_i/onsemi_vita_cam_0/U0/onsemi_vita_cam_v3_1_S00_AXI_inst/slv_reg6_reg[5]/C (clocked by clk_fpga_0) and design_1_i/onsemi_vita_cam_0/U0/onsemi_vita_cam_v3_1_S00_AXI_inst/onsemi_vita_cam_core_inst/vita_iserdes_v5.vita_iserdes/generate_datagen.datagen[3].db/cb/GenCntr_reg[5]/D (clocked by vita_clk_1). Large setup violations at the end of those stages might be difficult to fix during the post-placement implementation flow and could be the result of non-optimal XDC constraints or non-optimal design architecture
Related violations: <none>

TIMING-16#211 Warning
Large setup violation  
There is a large setup violation of -4.828 ns between design_1_i/onsemi_vita_cam_0/U0/onsemi_vita_cam_v3_1_S00_AXI_inst/slv_reg4_reg[0]/C (clocked by clk_fpga_0) and design_1_i/onsemi_vita_cam_0/U0/onsemi_vita_cam_v3_1_S00_AXI_inst/onsemi_vita_cam_core_inst/vita_iserdes_v5.vita_iserdes/generate_datagen.datagen[0].db/ss/datapipe_reg[1][0]/CE (clocked by vita_clk_1). Large setup violations at the end of those stages might be difficult to fix during the post-placement implementation flow and could be the result of non-optimal XDC constraints or non-optimal design architecture
Related violations: <none>

TIMING-16#212 Warning
Large setup violation  
There is a large setup violation of -4.828 ns between design_1_i/onsemi_vita_cam_0/U0/onsemi_vita_cam_v3_1_S00_AXI_inst/slv_reg4_reg[0]/C (clocked by clk_fpga_0) and design_1_i/onsemi_vita_cam_0/U0/onsemi_vita_cam_v3_1_S00_AXI_inst/onsemi_vita_cam_core_inst/vita_iserdes_v5.vita_iserdes/generate_datagen.datagen[0].db/ss/datapipe_reg[1][1]/CE (clocked by vita_clk_1). Large setup violations at the end of those stages might be difficult to fix during the post-placement implementation flow and could be the result of non-optimal XDC constraints or non-optimal design architecture
Related violations: <none>

TIMING-16#213 Warning
Large setup violation  
There is a large setup violation of -4.828 ns between design_1_i/onsemi_vita_cam_0/U0/onsemi_vita_cam_v3_1_S00_AXI_inst/slv_reg4_reg[0]/C (clocked by clk_fpga_0) and design_1_i/onsemi_vita_cam_0/U0/onsemi_vita_cam_v3_1_S00_AXI_inst/onsemi_vita_cam_core_inst/vita_iserdes_v5.vita_iserdes/generate_datagen.datagen[0].db/ss/datapipe_reg[1][2]/CE (clocked by vita_clk_1). Large setup violations at the end of those stages might be difficult to fix during the post-placement implementation flow and could be the result of non-optimal XDC constraints or non-optimal design architecture
Related violations: <none>

TIMING-16#214 Warning
Large setup violation  
There is a large setup violation of -4.828 ns between design_1_i/onsemi_vita_cam_0/U0/onsemi_vita_cam_v3_1_S00_AXI_inst/slv_reg4_reg[0]/C (clocked by clk_fpga_0) and design_1_i/onsemi_vita_cam_0/U0/onsemi_vita_cam_v3_1_S00_AXI_inst/onsemi_vita_cam_core_inst/vita_iserdes_v5.vita_iserdes/generate_datagen.datagen[0].db/ss/datapipe_reg[1][3]/CE (clocked by vita_clk_1). Large setup violations at the end of those stages might be difficult to fix during the post-placement implementation flow and could be the result of non-optimal XDC constraints or non-optimal design architecture
Related violations: <none>

TIMING-16#215 Warning
Large setup violation  
There is a large setup violation of -4.828 ns between design_1_i/onsemi_vita_cam_0/U0/onsemi_vita_cam_v3_1_S00_AXI_inst/slv_reg6_reg[1]/C (clocked by clk_fpga_0) and design_1_i/onsemi_vita_cam_0/U0/onsemi_vita_cam_v3_1_S00_AXI_inst/onsemi_vita_cam_core_inst/vita_iserdes_v5.vita_iserdes/generate_datagen.datagen[1].db/cb/GenCntr_reg[1]/D (clocked by vita_clk_1). Large setup violations at the end of those stages might be difficult to fix during the post-placement implementation flow and could be the result of non-optimal XDC constraints or non-optimal design architecture
Related violations: <none>

TIMING-16#216 Warning
Large setup violation  
There is a large setup violation of -4.838 ns between design_1_i/onsemi_vita_cam_0/U0/onsemi_vita_cam_v3_1_S00_AXI_inst/slv_reg4_reg[2]/C (clocked by clk_fpga_0) and design_1_i/onsemi_vita_cam_0/U0/onsemi_vita_cam_v3_1_S00_AXI_inst/onsemi_vita_cam_core_inst/vita_iserdes_v5.vita_iserdes/generate_datagen.datagen[3].db/cb/selector_reg[0]/CE (clocked by vita_clk_1). Large setup violations at the end of those stages might be difficult to fix during the post-placement implementation flow and could be the result of non-optimal XDC constraints or non-optimal design architecture
Related violations: <none>

TIMING-16#217 Warning
Large setup violation  
There is a large setup violation of -4.840 ns between design_1_i/onsemi_vita_cam_0/U0/onsemi_vita_cam_v3_1_S00_AXI_inst/slv_reg4_reg[2]/C (clocked by clk_fpga_0) and design_1_i/onsemi_vita_cam_0/U0/onsemi_vita_cam_v3_1_S00_AXI_inst/onsemi_vita_cam_core_inst/vita_iserdes_v5.vita_iserdes/generate_datagen.datagen[0].db/cb/SerdesCntr_reg[12]/D (clocked by vita_clk_1). Large setup violations at the end of those stages might be difficult to fix during the post-placement implementation flow and could be the result of non-optimal XDC constraints or non-optimal design architecture
Related violations: <none>

TIMING-16#218 Warning
Large setup violation  
There is a large setup violation of -4.840 ns between design_1_i/onsemi_vita_cam_0/U0/onsemi_vita_cam_v3_1_S00_AXI_inst/slv_reg4_reg[2]/C (clocked by clk_fpga_0) and design_1_i/onsemi_vita_cam_0/U0/onsemi_vita_cam_v3_1_S00_AXI_inst/onsemi_vita_cam_core_inst/vita_iserdes_v5.vita_iserdes/generate_datagen.datagen[4].db/cb/SerdesCntr_reg[4]/D (clocked by vita_clk_1). Large setup violations at the end of those stages might be difficult to fix during the post-placement implementation flow and could be the result of non-optimal XDC constraints or non-optimal design architecture
Related violations: <none>

TIMING-16#219 Warning
Large setup violation  
There is a large setup violation of -4.845 ns between design_1_i/onsemi_vita_cam_0/U0/onsemi_vita_cam_v3_1_S00_AXI_inst/slv_reg6_reg[4]/C (clocked by clk_fpga_0) and design_1_i/onsemi_vita_cam_0/U0/onsemi_vita_cam_v3_1_S00_AXI_inst/onsemi_vita_cam_core_inst/vita_iserdes_v5.vita_iserdes/generate_datagen.datagen[2].db/cb/GenCntr_reg[4]/D (clocked by vita_clk_1). Large setup violations at the end of those stages might be difficult to fix during the post-placement implementation flow and could be the result of non-optimal XDC constraints or non-optimal design architecture
Related violations: <none>

TIMING-16#220 Warning
Large setup violation  
There is a large setup violation of -4.850 ns between design_1_i/onsemi_vita_cam_0/U0/onsemi_vita_cam_v3_1_S00_AXI_inst/slv_reg4_reg[2]/C (clocked by clk_fpga_0) and design_1_i/onsemi_vita_cam_0/U0/onsemi_vita_cam_v3_1_S00_AXI_inst/onsemi_vita_cam_core_inst/vita_iserdes_v5.vita_iserdes/generate_datagen.datagen[3].db/cb/SerdesCntr_reg[10]/CE (clocked by vita_clk_1). Large setup violations at the end of those stages might be difficult to fix during the post-placement implementation flow and could be the result of non-optimal XDC constraints or non-optimal design architecture
Related violations: <none>

TIMING-16#221 Warning
Large setup violation  
There is a large setup violation of -4.850 ns between design_1_i/onsemi_vita_cam_0/U0/onsemi_vita_cam_v3_1_S00_AXI_inst/slv_reg4_reg[2]/C (clocked by clk_fpga_0) and design_1_i/onsemi_vita_cam_0/U0/onsemi_vita_cam_v3_1_S00_AXI_inst/onsemi_vita_cam_core_inst/vita_iserdes_v5.vita_iserdes/generate_datagen.datagen[3].db/cb/SerdesCntr_reg[11]/CE (clocked by vita_clk_1). Large setup violations at the end of those stages might be difficult to fix during the post-placement implementation flow and could be the result of non-optimal XDC constraints or non-optimal design architecture
Related violations: <none>

TIMING-16#222 Warning
Large setup violation  
There is a large setup violation of -4.850 ns between design_1_i/onsemi_vita_cam_0/U0/onsemi_vita_cam_v3_1_S00_AXI_inst/slv_reg4_reg[2]/C (clocked by clk_fpga_0) and design_1_i/onsemi_vita_cam_0/U0/onsemi_vita_cam_v3_1_S00_AXI_inst/onsemi_vita_cam_core_inst/vita_iserdes_v5.vita_iserdes/generate_datagen.datagen[3].db/cb/SerdesCntr_reg[6]/CE (clocked by vita_clk_1). Large setup violations at the end of those stages might be difficult to fix during the post-placement implementation flow and could be the result of non-optimal XDC constraints or non-optimal design architecture
Related violations: <none>

TIMING-16#223 Warning
Large setup violation  
There is a large setup violation of -4.850 ns between design_1_i/onsemi_vita_cam_0/U0/onsemi_vita_cam_v3_1_S00_AXI_inst/slv_reg4_reg[2]/C (clocked by clk_fpga_0) and design_1_i/onsemi_vita_cam_0/U0/onsemi_vita_cam_v3_1_S00_AXI_inst/onsemi_vita_cam_core_inst/vita_iserdes_v5.vita_iserdes/generate_datagen.datagen[3].db/cb/SerdesCntr_reg[7]/CE (clocked by vita_clk_1). Large setup violations at the end of those stages might be difficult to fix during the post-placement implementation flow and could be the result of non-optimal XDC constraints or non-optimal design architecture
Related violations: <none>

TIMING-16#224 Warning
Large setup violation  
There is a large setup violation of -4.850 ns between design_1_i/onsemi_vita_cam_0/U0/onsemi_vita_cam_v3_1_S00_AXI_inst/slv_reg4_reg[2]/C (clocked by clk_fpga_0) and design_1_i/onsemi_vita_cam_0/U0/onsemi_vita_cam_v3_1_S00_AXI_inst/onsemi_vita_cam_core_inst/vita_iserdes_v5.vita_iserdes/generate_datagen.datagen[3].db/cb/SerdesCntr_reg[8]/CE (clocked by vita_clk_1). Large setup violations at the end of those stages might be difficult to fix during the post-placement implementation flow and could be the result of non-optimal XDC constraints or non-optimal design architecture
Related violations: <none>

TIMING-16#225 Warning
Large setup violation  
There is a large setup violation of -4.850 ns between design_1_i/onsemi_vita_cam_0/U0/onsemi_vita_cam_v3_1_S00_AXI_inst/slv_reg4_reg[2]/C (clocked by clk_fpga_0) and design_1_i/onsemi_vita_cam_0/U0/onsemi_vita_cam_v3_1_S00_AXI_inst/onsemi_vita_cam_core_inst/vita_iserdes_v5.vita_iserdes/generate_datagen.datagen[3].db/cb/SerdesCntr_reg[9]/CE (clocked by vita_clk_1). Large setup violations at the end of those stages might be difficult to fix during the post-placement implementation flow and could be the result of non-optimal XDC constraints or non-optimal design architecture
Related violations: <none>

TIMING-16#226 Warning
Large setup violation  
There is a large setup violation of -4.861 ns between design_1_i/onsemi_vita_cam_0/U0/onsemi_vita_cam_v3_1_S00_AXI_inst/slv_reg4_reg[0]/C (clocked by clk_fpga_0) and design_1_i/onsemi_vita_cam_0/U0/onsemi_vita_cam_v3_1_S00_AXI_inst/onsemi_vita_cam_core_inst/vita_iserdes_v5.vita_iserdes/generate_datagen.datagen[2].db/ss/datapipe_reg[0][2]/CE (clocked by vita_clk_1). Large setup violations at the end of those stages might be difficult to fix during the post-placement implementation flow and could be the result of non-optimal XDC constraints or non-optimal design architecture
Related violations: <none>

TIMING-16#227 Warning
Large setup violation  
There is a large setup violation of -4.861 ns between design_1_i/onsemi_vita_cam_0/U0/onsemi_vita_cam_v3_1_S00_AXI_inst/slv_reg4_reg[0]/C (clocked by clk_fpga_0) and design_1_i/onsemi_vita_cam_0/U0/onsemi_vita_cam_v3_1_S00_AXI_inst/onsemi_vita_cam_core_inst/vita_iserdes_v5.vita_iserdes/generate_datagen.datagen[2].db/ss/datapipe_reg[0][4]/CE (clocked by vita_clk_1). Large setup violations at the end of those stages might be difficult to fix during the post-placement implementation flow and could be the result of non-optimal XDC constraints or non-optimal design architecture
Related violations: <none>

TIMING-16#228 Warning
Large setup violation  
There is a large setup violation of -4.861 ns between design_1_i/onsemi_vita_cam_0/U0/onsemi_vita_cam_v3_1_S00_AXI_inst/slv_reg4_reg[0]/C (clocked by clk_fpga_0) and design_1_i/onsemi_vita_cam_0/U0/onsemi_vita_cam_v3_1_S00_AXI_inst/onsemi_vita_cam_core_inst/vita_iserdes_v5.vita_iserdes/generate_datagen.datagen[4].db/ss/datapipe_reg[1][1]/CE (clocked by vita_clk_1). Large setup violations at the end of those stages might be difficult to fix during the post-placement implementation flow and could be the result of non-optimal XDC constraints or non-optimal design architecture
Related violations: <none>

TIMING-16#229 Warning
Large setup violation  
There is a large setup violation of -4.861 ns between design_1_i/onsemi_vita_cam_0/U0/onsemi_vita_cam_v3_1_S00_AXI_inst/slv_reg4_reg[0]/C (clocked by clk_fpga_0) and design_1_i/onsemi_vita_cam_0/U0/onsemi_vita_cam_v3_1_S00_AXI_inst/onsemi_vita_cam_core_inst/vita_iserdes_v5.vita_iserdes/generate_datagen.datagen[4].db/ss/datapipe_reg[1][5]/CE (clocked by vita_clk_1). Large setup violations at the end of those stages might be difficult to fix during the post-placement implementation flow and could be the result of non-optimal XDC constraints or non-optimal design architecture
Related violations: <none>

TIMING-16#230 Warning
Large setup violation  
There is a large setup violation of -4.863 ns between design_1_i/onsemi_vita_cam_0/U0/onsemi_vita_cam_v3_1_S00_AXI_inst/slv_reg4_reg[2]/C (clocked by clk_fpga_0) and design_1_i/onsemi_vita_cam_0/U0/onsemi_vita_cam_v3_1_S00_AXI_inst/onsemi_vita_cam_core_inst/vita_iserdes_v5.vita_iserdes/generate_datagen.datagen[0].db/cb/FSM_sequential_serdesseqstate_reg[0]/D (clocked by vita_clk_1). Large setup violations at the end of those stages might be difficult to fix during the post-placement implementation flow and could be the result of non-optimal XDC constraints or non-optimal design architecture
Related violations: <none>

TIMING-16#231 Warning
Large setup violation  
There is a large setup violation of -4.863 ns between design_1_i/onsemi_vita_cam_0/U0/onsemi_vita_cam_v3_1_S00_AXI_inst/slv_reg4_reg[2]/C (clocked by clk_fpga_0) and design_1_i/onsemi_vita_cam_0/U0/onsemi_vita_cam_v3_1_S00_AXI_inst/onsemi_vita_cam_core_inst/vita_iserdes_v5.vita_iserdes/generate_datagen.datagen[2].db/cb/SerdesCntr_reg[7]/D (clocked by vita_clk_1). Large setup violations at the end of those stages might be difficult to fix during the post-placement implementation flow and could be the result of non-optimal XDC constraints or non-optimal design architecture
Related violations: <none>

TIMING-16#232 Warning
Large setup violation  
There is a large setup violation of -4.867 ns between design_1_i/onsemi_vita_cam_0/U0/onsemi_vita_cam_v3_1_S00_AXI_inst/slv_reg28_reg[1]/C (clocked by clk_fpga_0) and design_1_i/onsemi_vita_cam_0/U0/onsemi_vita_cam_v3_1_S00_AXI_inst/onsemi_vita_cam_core_inst/vita_crc_checker/generate_CRC[2].the_crc_calc/CRC_tool_reg[9]/D (clocked by vita_clk_1). Large setup violations at the end of those stages might be difficult to fix during the post-placement implementation flow and could be the result of non-optimal XDC constraints or non-optimal design architecture
Related violations: <none>

TIMING-16#233 Warning
Large setup violation  
There is a large setup violation of -4.869 ns between design_1_i/onsemi_vita_cam_0/U0/onsemi_vita_cam_v3_1_S00_AXI_inst/slv_reg4_reg[0]/C (clocked by clk_fpga_0) and design_1_i/onsemi_vita_cam_0/U0/onsemi_vita_cam_v3_1_S00_AXI_inst/onsemi_vita_cam_core_inst/vita_iserdes_v5.vita_iserdes/generate_datagen.datagen[0].db/ss/datapipe_reg[1][4]/CE (clocked by vita_clk_1). Large setup violations at the end of those stages might be difficult to fix during the post-placement implementation flow and could be the result of non-optimal XDC constraints or non-optimal design architecture
Related violations: <none>

TIMING-16#234 Warning
Large setup violation  
There is a large setup violation of -4.869 ns between design_1_i/onsemi_vita_cam_0/U0/onsemi_vita_cam_v3_1_S00_AXI_inst/slv_reg4_reg[0]/C (clocked by clk_fpga_0) and design_1_i/onsemi_vita_cam_0/U0/onsemi_vita_cam_v3_1_S00_AXI_inst/onsemi_vita_cam_core_inst/vita_iserdes_v5.vita_iserdes/generate_datagen.datagen[2].db/ss/datapipe_reg[1][2]/CE (clocked by vita_clk_1). Large setup violations at the end of those stages might be difficult to fix during the post-placement implementation flow and could be the result of non-optimal XDC constraints or non-optimal design architecture
Related violations: <none>

TIMING-16#235 Warning
Large setup violation  
There is a large setup violation of -4.869 ns between design_1_i/onsemi_vita_cam_0/U0/onsemi_vita_cam_v3_1_S00_AXI_inst/slv_reg4_reg[0]/C (clocked by clk_fpga_0) and design_1_i/onsemi_vita_cam_0/U0/onsemi_vita_cam_v3_1_S00_AXI_inst/onsemi_vita_cam_core_inst/vita_iserdes_v5.vita_iserdes/generate_datagen.datagen[2].db/ss/datapipe_reg[1][4]/CE (clocked by vita_clk_1). Large setup violations at the end of those stages might be difficult to fix during the post-placement implementation flow and could be the result of non-optimal XDC constraints or non-optimal design architecture
Related violations: <none>

TIMING-16#236 Warning
Large setup violation  
There is a large setup violation of -4.869 ns between design_1_i/onsemi_vita_cam_0/U0/onsemi_vita_cam_v3_1_S00_AXI_inst/slv_reg4_reg[0]/C (clocked by clk_fpga_0) and design_1_i/onsemi_vita_cam_0/U0/onsemi_vita_cam_v3_1_S00_AXI_inst/onsemi_vita_cam_core_inst/vita_iserdes_v5.vita_iserdes/generate_datagen.datagen[2].db/ss/datapipe_reg[1][8]/CE (clocked by vita_clk_1). Large setup violations at the end of those stages might be difficult to fix during the post-placement implementation flow and could be the result of non-optimal XDC constraints or non-optimal design architecture
Related violations: <none>

TIMING-16#237 Warning
Large setup violation  
There is a large setup violation of -4.870 ns between design_1_i/onsemi_vita_cam_0/U0/onsemi_vita_cam_v3_1_S00_AXI_inst/slv_reg4_reg[2]/C (clocked by clk_fpga_0) and design_1_i/onsemi_vita_cam_0/U0/onsemi_vita_cam_v3_1_S00_AXI_inst/onsemi_vita_cam_core_inst/vita_iserdes_v5.vita_iserdes/generate_datagen.datagen[0].db/cb/SerdesCntr_reg[7]/D (clocked by vita_clk_1). Large setup violations at the end of those stages might be difficult to fix during the post-placement implementation flow and could be the result of non-optimal XDC constraints or non-optimal design architecture
Related violations: <none>

TIMING-16#238 Warning
Large setup violation  
There is a large setup violation of -4.873 ns between design_1_i/onsemi_vita_cam_0/U0/onsemi_vita_cam_v3_1_S00_AXI_inst/slv_reg4_reg[2]/C (clocked by clk_fpga_0) and design_1_i/onsemi_vita_cam_0/U0/onsemi_vita_cam_v3_1_S00_AXI_inst/onsemi_vita_cam_core_inst/vita_iserdes_v5.vita_iserdes/generate_datagen.datagen[2].db/cb/SerdesCntr_reg[6]/D (clocked by vita_clk_1). Large setup violations at the end of those stages might be difficult to fix during the post-placement implementation flow and could be the result of non-optimal XDC constraints or non-optimal design architecture
Related violations: <none>

TIMING-16#239 Warning
Large setup violation  
There is a large setup violation of -4.878 ns between design_1_i/onsemi_vita_cam_0/U0/onsemi_vita_cam_v3_1_S00_AXI_inst/slv_reg4_reg[0]/C (clocked by clk_fpga_0) and design_1_i/onsemi_vita_cam_0/U0/onsemi_vita_cam_v3_1_S00_AXI_inst/onsemi_vita_cam_core_inst/vita_iserdes_v5.vita_iserdes/generate_datagen.datagen[4].db/ss/datapipe_reg[1][2]/CE (clocked by vita_clk_1). Large setup violations at the end of those stages might be difficult to fix during the post-placement implementation flow and could be the result of non-optimal XDC constraints or non-optimal design architecture
Related violations: <none>

TIMING-16#240 Warning
Large setup violation  
There is a large setup violation of -4.878 ns between design_1_i/onsemi_vita_cam_0/U0/onsemi_vita_cam_v3_1_S00_AXI_inst/slv_reg4_reg[0]/C (clocked by clk_fpga_0) and design_1_i/onsemi_vita_cam_0/U0/onsemi_vita_cam_v3_1_S00_AXI_inst/onsemi_vita_cam_core_inst/vita_iserdes_v5.vita_iserdes/generate_datagen.datagen[4].db/ss/datapipe_reg[1][3]/CE (clocked by vita_clk_1). Large setup violations at the end of those stages might be difficult to fix during the post-placement implementation flow and could be the result of non-optimal XDC constraints or non-optimal design architecture
Related violations: <none>

TIMING-16#241 Warning
Large setup violation  
There is a large setup violation of -4.878 ns between design_1_i/onsemi_vita_cam_0/U0/onsemi_vita_cam_v3_1_S00_AXI_inst/slv_reg4_reg[0]/C (clocked by clk_fpga_0) and design_1_i/onsemi_vita_cam_0/U0/onsemi_vita_cam_v3_1_S00_AXI_inst/onsemi_vita_cam_core_inst/vita_iserdes_v5.vita_iserdes/generate_datagen.datagen[4].db/ss/datapipe_reg[1][4]/CE (clocked by vita_clk_1). Large setup violations at the end of those stages might be difficult to fix during the post-placement implementation flow and could be the result of non-optimal XDC constraints or non-optimal design architecture
Related violations: <none>

TIMING-16#242 Warning
Large setup violation  
There is a large setup violation of -4.878 ns between design_1_i/onsemi_vita_cam_0/U0/onsemi_vita_cam_v3_1_S00_AXI_inst/slv_reg4_reg[0]/C (clocked by clk_fpga_0) and design_1_i/onsemi_vita_cam_0/U0/onsemi_vita_cam_v3_1_S00_AXI_inst/onsemi_vita_cam_core_inst/vita_iserdes_v5.vita_iserdes/generate_datagen.datagen[4].db/ss/datapipe_reg[1][6]/CE (clocked by vita_clk_1). Large setup violations at the end of those stages might be difficult to fix during the post-placement implementation flow and could be the result of non-optimal XDC constraints or non-optimal design architecture
Related violations: <none>

TIMING-16#243 Warning
Large setup violation  
There is a large setup violation of -4.878 ns between design_1_i/onsemi_vita_cam_0/U0/onsemi_vita_cam_v3_1_S00_AXI_inst/slv_reg4_reg[0]/C (clocked by clk_fpga_0) and design_1_i/onsemi_vita_cam_0/U0/onsemi_vita_cam_v3_1_S00_AXI_inst/onsemi_vita_cam_core_inst/vita_iserdes_v5.vita_iserdes/generate_datagen.datagen[4].db/ss/datapipe_reg[1][7]/CE (clocked by vita_clk_1). Large setup violations at the end of those stages might be difficult to fix during the post-placement implementation flow and could be the result of non-optimal XDC constraints or non-optimal design architecture
Related violations: <none>

TIMING-16#244 Warning
Large setup violation  
There is a large setup violation of -4.878 ns between design_1_i/onsemi_vita_cam_0/U0/onsemi_vita_cam_v3_1_S00_AXI_inst/slv_reg4_reg[0]/C (clocked by clk_fpga_0) and design_1_i/onsemi_vita_cam_0/U0/onsemi_vita_cam_v3_1_S00_AXI_inst/onsemi_vita_cam_core_inst/vita_iserdes_v5.vita_iserdes/generate_datagen.datagen[4].db/ss/datapipe_reg[1][8]/CE (clocked by vita_clk_1). Large setup violations at the end of those stages might be difficult to fix during the post-placement implementation flow and could be the result of non-optimal XDC constraints or non-optimal design architecture
Related violations: <none>

TIMING-16#245 Warning
Large setup violation  
There is a large setup violation of -4.878 ns between design_1_i/onsemi_vita_cam_0/U0/onsemi_vita_cam_v3_1_S00_AXI_inst/slv_reg4_reg[0]/C (clocked by clk_fpga_0) and design_1_i/onsemi_vita_cam_0/U0/onsemi_vita_cam_v3_1_S00_AXI_inst/onsemi_vita_cam_core_inst/vita_iserdes_v5.vita_iserdes/generate_datagen.datagen[4].db/ss/datapipe_reg[1][9]/CE (clocked by vita_clk_1). Large setup violations at the end of those stages might be difficult to fix during the post-placement implementation flow and could be the result of non-optimal XDC constraints or non-optimal design architecture
Related violations: <none>

TIMING-16#246 Warning
Large setup violation  
There is a large setup violation of -4.878 ns between design_1_i/onsemi_vita_cam_0/U0/onsemi_vita_cam_v3_1_S00_AXI_inst/slv_reg4_reg[2]/C (clocked by clk_fpga_0) and design_1_i/onsemi_vita_cam_0/U0/onsemi_vita_cam_v3_1_S00_AXI_inst/onsemi_vita_cam_core_inst/vita_iserdes_v5.vita_iserdes/generate_datagen.datagen[0].db/cb/SerdesCntr_reg[5]/D (clocked by vita_clk_1). Large setup violations at the end of those stages might be difficult to fix during the post-placement implementation flow and could be the result of non-optimal XDC constraints or non-optimal design architecture
Related violations: <none>

TIMING-16#247 Warning
Large setup violation  
There is a large setup violation of -4.879 ns between design_1_i/onsemi_vita_cam_0/U0/onsemi_vita_cam_v3_1_S00_AXI_inst/slv_reg4_reg[2]/C (clocked by clk_fpga_0) and design_1_i/onsemi_vita_cam_0/U0/onsemi_vita_cam_v3_1_S00_AXI_inst/onsemi_vita_cam_core_inst/vita_iserdes_v5.vita_iserdes/generate_datagen.datagen[0].db/cb/SerdesCntr_reg[6]/D (clocked by vita_clk_1). Large setup violations at the end of those stages might be difficult to fix during the post-placement implementation flow and could be the result of non-optimal XDC constraints or non-optimal design architecture
Related violations: <none>

TIMING-16#248 Warning
Large setup violation  
There is a large setup violation of -4.883 ns between design_1_i/onsemi_vita_cam_0/U0/onsemi_vita_cam_v3_1_S00_AXI_inst/slv_reg6_reg[7]/C (clocked by clk_fpga_0) and design_1_i/onsemi_vita_cam_0/U0/onsemi_vita_cam_v3_1_S00_AXI_inst/onsemi_vita_cam_core_inst/vita_iserdes_v5.vita_iserdes/generate_datagen.datagen[1].db/cb/GenCntr_reg[7]/D (clocked by vita_clk_1). Large setup violations at the end of those stages might be difficult to fix during the post-placement implementation flow and could be the result of non-optimal XDC constraints or non-optimal design architecture
Related violations: <none>

TIMING-16#249 Warning
Large setup violation  
There is a large setup violation of -4.884 ns between design_1_i/onsemi_vita_cam_0/U0/onsemi_vita_cam_v3_1_S00_AXI_inst/slv_reg28_reg[1]/C (clocked by clk_fpga_0) and design_1_i/onsemi_vita_cam_0/U0/onsemi_vita_cam_v3_1_S00_AXI_inst/onsemi_vita_cam_core_inst/vita_crc_checker/generate_CRC[1].the_crc_calc/CRC_tool_reg[7]/D (clocked by vita_clk_1). Large setup violations at the end of those stages might be difficult to fix during the post-placement implementation flow and could be the result of non-optimal XDC constraints or non-optimal design architecture
Related violations: <none>

TIMING-16#250 Warning
Large setup violation  
There is a large setup violation of -4.890 ns between design_1_i/onsemi_vita_cam_0/U0/onsemi_vita_cam_v3_1_S00_AXI_inst/slv_reg28_reg[1]/C (clocked by clk_fpga_0) and design_1_i/onsemi_vita_cam_0/U0/onsemi_vita_cam_v3_1_S00_AXI_inst/onsemi_vita_cam_core_inst/vita_crc_checker/generate_CRC[0].the_crc_calc/CRC_tool_reg[0]/D (clocked by vita_clk_1). Large setup violations at the end of those stages might be difficult to fix during the post-placement implementation flow and could be the result of non-optimal XDC constraints or non-optimal design architecture
Related violations: <none>

TIMING-16#251 Warning
Large setup violation  
There is a large setup violation of -4.893 ns between design_1_i/onsemi_vita_cam_0/U0/onsemi_vita_cam_v3_1_S00_AXI_inst/slv_reg4_reg[2]/C (clocked by clk_fpga_0) and design_1_i/onsemi_vita_cam_0/U0/onsemi_vita_cam_v3_1_S00_AXI_inst/onsemi_vita_cam_core_inst/vita_iserdes_v5.vita_iserdes/generate_datagen.datagen[0].db/cb/SerdesCntr_reg[4]/D (clocked by vita_clk_1). Large setup violations at the end of those stages might be difficult to fix during the post-placement implementation flow and could be the result of non-optimal XDC constraints or non-optimal design architecture
Related violations: <none>

TIMING-16#252 Warning
Large setup violation  
There is a large setup violation of -4.896 ns between design_1_i/onsemi_vita_cam_0/U0/onsemi_vita_cam_v3_1_S00_AXI_inst/slv_reg4_reg[2]/C (clocked by clk_fpga_0) and design_1_i/onsemi_vita_cam_0/U0/onsemi_vita_cam_v3_1_S00_AXI_inst/onsemi_vita_cam_core_inst/vita_iserdes_v5.vita_iserdes/generate_datagen.datagen[0].db/cb/CTRL_FIFO_RESET_reg/D (clocked by vita_clk_1). Large setup violations at the end of those stages might be difficult to fix during the post-placement implementation flow and could be the result of non-optimal XDC constraints or non-optimal design architecture
Related violations: <none>

TIMING-16#253 Warning
Large setup violation  
There is a large setup violation of -4.896 ns between design_1_i/onsemi_vita_cam_0/U0/onsemi_vita_cam_v3_1_S00_AXI_inst/slv_reg4_reg[2]/C (clocked by clk_fpga_0) and design_1_i/onsemi_vita_cam_0/U0/onsemi_vita_cam_v3_1_S00_AXI_inst/onsemi_vita_cam_core_inst/vita_iserdes_v5.vita_iserdes/generate_datagen.datagen[3].db/cb/CTRL_FIFO_RESET_reg/D (clocked by vita_clk_1). Large setup violations at the end of those stages might be difficult to fix during the post-placement implementation flow and could be the result of non-optimal XDC constraints or non-optimal design architecture
Related violations: <none>

TIMING-16#254 Warning
Large setup violation  
There is a large setup violation of -4.898 ns between design_1_i/onsemi_vita_cam_0/U0/onsemi_vita_cam_v3_1_S00_AXI_inst/slv_reg4_reg[2]/C (clocked by clk_fpga_0) and design_1_i/onsemi_vita_cam_0/U0/onsemi_vita_cam_v3_1_S00_AXI_inst/onsemi_vita_cam_core_inst/vita_iserdes_v5.vita_iserdes/generate_datagen.datagen[1].db/cb/SerdesCntr_reg[5]/D (clocked by vita_clk_1). Large setup violations at the end of those stages might be difficult to fix during the post-placement implementation flow and could be the result of non-optimal XDC constraints or non-optimal design architecture
Related violations: <none>

TIMING-16#255 Warning
Large setup violation  
There is a large setup violation of -4.899 ns between design_1_i/onsemi_vita_cam_0/U0/onsemi_vita_cam_v3_1_S00_AXI_inst/slv_reg4_reg[2]/C (clocked by clk_fpga_0) and design_1_i/onsemi_vita_cam_0/U0/onsemi_vita_cam_v3_1_S00_AXI_inst/onsemi_vita_cam_core_inst/vita_iserdes_v5.vita_iserdes/generate_datagen.datagen[3].db/cb/SerdesCntr_reg[5]/D (clocked by vita_clk_1). Large setup violations at the end of those stages might be difficult to fix during the post-placement implementation flow and could be the result of non-optimal XDC constraints or non-optimal design architecture
Related violations: <none>

TIMING-16#256 Warning
Large setup violation  
There is a large setup violation of -4.903 ns between design_1_i/onsemi_vita_cam_0/U0/onsemi_vita_cam_v3_1_S00_AXI_inst/slv_reg6_reg[6]/C (clocked by clk_fpga_0) and design_1_i/onsemi_vita_cam_0/U0/onsemi_vita_cam_v3_1_S00_AXI_inst/onsemi_vita_cam_core_inst/vita_iserdes_v5.vita_iserdes/generate_datagen.datagen[2].db/cb/GenCntr_reg[6]/D (clocked by vita_clk_1). Large setup violations at the end of those stages might be difficult to fix during the post-placement implementation flow and could be the result of non-optimal XDC constraints or non-optimal design architecture
Related violations: <none>

TIMING-16#257 Warning
Large setup violation  
There is a large setup violation of -4.910 ns between design_1_i/onsemi_vita_cam_0/U0/onsemi_vita_cam_v3_1_S00_AXI_inst/slv_reg4_reg[2]/C (clocked by clk_fpga_0) and design_1_i/onsemi_vita_cam_0/U0/onsemi_vita_cam_v3_1_S00_AXI_inst/onsemi_vita_cam_core_inst/vita_iserdes_v5.vita_iserdes/generate_datagen.datagen[1].db/cb/TimeOutCntr_reg[2]/CE (clocked by vita_clk_1). Large setup violations at the end of those stages might be difficult to fix during the post-placement implementation flow and could be the result of non-optimal XDC constraints or non-optimal design architecture
Related violations: <none>

TIMING-16#258 Warning
Large setup violation  
There is a large setup violation of -4.910 ns between design_1_i/onsemi_vita_cam_0/U0/onsemi_vita_cam_v3_1_S00_AXI_inst/slv_reg4_reg[2]/C (clocked by clk_fpga_0) and design_1_i/onsemi_vita_cam_0/U0/onsemi_vita_cam_v3_1_S00_AXI_inst/onsemi_vita_cam_core_inst/vita_iserdes_v5.vita_iserdes/generate_datagen.datagen[1].db/cb/TimeOutCntr_reg[3]/CE (clocked by vita_clk_1). Large setup violations at the end of those stages might be difficult to fix during the post-placement implementation flow and could be the result of non-optimal XDC constraints or non-optimal design architecture
Related violations: <none>

TIMING-16#259 Warning
Large setup violation  
There is a large setup violation of -4.910 ns between design_1_i/onsemi_vita_cam_0/U0/onsemi_vita_cam_v3_1_S00_AXI_inst/slv_reg4_reg[2]/C (clocked by clk_fpga_0) and design_1_i/onsemi_vita_cam_0/U0/onsemi_vita_cam_v3_1_S00_AXI_inst/onsemi_vita_cam_core_inst/vita_iserdes_v5.vita_iserdes/generate_datagen.datagen[1].db/cb/TimeOutCntr_reg[4]/CE (clocked by vita_clk_1). Large setup violations at the end of those stages might be difficult to fix during the post-placement implementation flow and could be the result of non-optimal XDC constraints or non-optimal design architecture
Related violations: <none>

TIMING-16#260 Warning
Large setup violation  
There is a large setup violation of -4.910 ns between design_1_i/onsemi_vita_cam_0/U0/onsemi_vita_cam_v3_1_S00_AXI_inst/slv_reg4_reg[2]/C (clocked by clk_fpga_0) and design_1_i/onsemi_vita_cam_0/U0/onsemi_vita_cam_v3_1_S00_AXI_inst/onsemi_vita_cam_core_inst/vita_iserdes_v5.vita_iserdes/generate_datagen.datagen[1].db/cb/TimeOutCntr_reg[5]/CE (clocked by vita_clk_1). Large setup violations at the end of those stages might be difficult to fix during the post-placement implementation flow and could be the result of non-optimal XDC constraints or non-optimal design architecture
Related violations: <none>

TIMING-16#261 Warning
Large setup violation  
There is a large setup violation of -4.914 ns between design_1_i/onsemi_vita_cam_0/U0/onsemi_vita_cam_v3_1_S00_AXI_inst/slv_reg4_reg[2]/C (clocked by clk_fpga_0) and design_1_i/onsemi_vita_cam_0/U0/onsemi_vita_cam_v3_1_S00_AXI_inst/onsemi_vita_cam_core_inst/vita_iserdes_v5.vita_iserdes/generate_datagen.datagen[3].db/cb/SerdesCntr_reg[4]/D (clocked by vita_clk_1). Large setup violations at the end of those stages might be difficult to fix during the post-placement implementation flow and could be the result of non-optimal XDC constraints or non-optimal design architecture
Related violations: <none>

TIMING-16#262 Warning
Large setup violation  
There is a large setup violation of -4.920 ns between design_1_i/onsemi_vita_cam_0/U0/onsemi_vita_cam_v3_1_S00_AXI_inst/slv_reg28_reg[1]/C (clocked by clk_fpga_0) and design_1_i/onsemi_vita_cam_0/U0/onsemi_vita_cam_v3_1_S00_AXI_inst/onsemi_vita_cam_core_inst/vita_crc_checker/generate_CRC[1].the_crc_calc/CRC_tool_reg[6]/D (clocked by vita_clk_1). Large setup violations at the end of those stages might be difficult to fix during the post-placement implementation flow and could be the result of non-optimal XDC constraints or non-optimal design architecture
Related violations: <none>

TIMING-16#263 Warning
Large setup violation  
There is a large setup violation of -4.922 ns between design_1_i/onsemi_vita_cam_0/U0/onsemi_vita_cam_v3_1_S00_AXI_inst/slv_reg4_reg[2]/C (clocked by clk_fpga_0) and design_1_i/onsemi_vita_cam_0/U0/onsemi_vita_cam_v3_1_S00_AXI_inst/onsemi_vita_cam_core_inst/vita_iserdes_v5.vita_iserdes/generate_datagen.datagen[3].db/cb/SerdesCntr_reg[0]/CE (clocked by vita_clk_1). Large setup violations at the end of those stages might be difficult to fix during the post-placement implementation flow and could be the result of non-optimal XDC constraints or non-optimal design architecture
Related violations: <none>

TIMING-16#264 Warning
Large setup violation  
There is a large setup violation of -4.922 ns between design_1_i/onsemi_vita_cam_0/U0/onsemi_vita_cam_v3_1_S00_AXI_inst/slv_reg4_reg[2]/C (clocked by clk_fpga_0) and design_1_i/onsemi_vita_cam_0/U0/onsemi_vita_cam_v3_1_S00_AXI_inst/onsemi_vita_cam_core_inst/vita_iserdes_v5.vita_iserdes/generate_datagen.datagen[3].db/cb/SerdesCntr_reg[1]/CE (clocked by vita_clk_1). Large setup violations at the end of those stages might be difficult to fix during the post-placement implementation flow and could be the result of non-optimal XDC constraints or non-optimal design architecture
Related violations: <none>

TIMING-16#265 Warning
Large setup violation  
There is a large setup violation of -4.922 ns between design_1_i/onsemi_vita_cam_0/U0/onsemi_vita_cam_v3_1_S00_AXI_inst/slv_reg4_reg[2]/C (clocked by clk_fpga_0) and design_1_i/onsemi_vita_cam_0/U0/onsemi_vita_cam_v3_1_S00_AXI_inst/onsemi_vita_cam_core_inst/vita_iserdes_v5.vita_iserdes/generate_datagen.datagen[3].db/cb/SerdesCntr_reg[2]/CE (clocked by vita_clk_1). Large setup violations at the end of those stages might be difficult to fix during the post-placement implementation flow and could be the result of non-optimal XDC constraints or non-optimal design architecture
Related violations: <none>

TIMING-16#266 Warning
Large setup violation  
There is a large setup violation of -4.922 ns between design_1_i/onsemi_vita_cam_0/U0/onsemi_vita_cam_v3_1_S00_AXI_inst/slv_reg4_reg[2]/C (clocked by clk_fpga_0) and design_1_i/onsemi_vita_cam_0/U0/onsemi_vita_cam_v3_1_S00_AXI_inst/onsemi_vita_cam_core_inst/vita_iserdes_v5.vita_iserdes/generate_datagen.datagen[3].db/cb/SerdesCntr_reg[3]/CE (clocked by vita_clk_1). Large setup violations at the end of those stages might be difficult to fix during the post-placement implementation flow and could be the result of non-optimal XDC constraints or non-optimal design architecture
Related violations: <none>

TIMING-16#267 Warning
Large setup violation  
There is a large setup violation of -4.922 ns between design_1_i/onsemi_vita_cam_0/U0/onsemi_vita_cam_v3_1_S00_AXI_inst/slv_reg4_reg[2]/C (clocked by clk_fpga_0) and design_1_i/onsemi_vita_cam_0/U0/onsemi_vita_cam_v3_1_S00_AXI_inst/onsemi_vita_cam_core_inst/vita_iserdes_v5.vita_iserdes/generate_datagen.datagen[3].db/cb/SerdesCntr_reg[4]/CE (clocked by vita_clk_1). Large setup violations at the end of those stages might be difficult to fix during the post-placement implementation flow and could be the result of non-optimal XDC constraints or non-optimal design architecture
Related violations: <none>

TIMING-16#268 Warning
Large setup violation  
There is a large setup violation of -4.922 ns between design_1_i/onsemi_vita_cam_0/U0/onsemi_vita_cam_v3_1_S00_AXI_inst/slv_reg4_reg[2]/C (clocked by clk_fpga_0) and design_1_i/onsemi_vita_cam_0/U0/onsemi_vita_cam_v3_1_S00_AXI_inst/onsemi_vita_cam_core_inst/vita_iserdes_v5.vita_iserdes/generate_datagen.datagen[3].db/cb/SerdesCntr_reg[5]/CE (clocked by vita_clk_1). Large setup violations at the end of those stages might be difficult to fix during the post-placement implementation flow and could be the result of non-optimal XDC constraints or non-optimal design architecture
Related violations: <none>

TIMING-16#269 Warning
Large setup violation  
There is a large setup violation of -4.926 ns between design_1_i/onsemi_vita_cam_0/U0/onsemi_vita_cam_v3_1_S00_AXI_inst/slv_reg4_reg[0]/C (clocked by clk_fpga_0) and design_1_i/onsemi_vita_cam_0/U0/onsemi_vita_cam_v3_1_S00_AXI_inst/onsemi_vita_cam_core_inst/vita_iserdes_v5.vita_iserdes/generate_datagen.datagen[2].db/ss/datapipe_reg[0][1]/CE (clocked by vita_clk_1). Large setup violations at the end of those stages might be difficult to fix during the post-placement implementation flow and could be the result of non-optimal XDC constraints or non-optimal design architecture
Related violations: <none>

TIMING-16#270 Warning
Large setup violation  
There is a large setup violation of -4.926 ns between design_1_i/onsemi_vita_cam_0/U0/onsemi_vita_cam_v3_1_S00_AXI_inst/slv_reg4_reg[0]/C (clocked by clk_fpga_0) and design_1_i/onsemi_vita_cam_0/U0/onsemi_vita_cam_v3_1_S00_AXI_inst/onsemi_vita_cam_core_inst/vita_iserdes_v5.vita_iserdes/generate_datagen.datagen[2].db/ss/datapipe_reg[0][5]/CE (clocked by vita_clk_1). Large setup violations at the end of those stages might be difficult to fix during the post-placement implementation flow and could be the result of non-optimal XDC constraints or non-optimal design architecture
Related violations: <none>

TIMING-16#271 Warning
Large setup violation  
There is a large setup violation of -4.926 ns between design_1_i/onsemi_vita_cam_0/U0/onsemi_vita_cam_v3_1_S00_AXI_inst/slv_reg4_reg[0]/C (clocked by clk_fpga_0) and design_1_i/onsemi_vita_cam_0/U0/onsemi_vita_cam_v3_1_S00_AXI_inst/onsemi_vita_cam_core_inst/vita_iserdes_v5.vita_iserdes/generate_datagen.datagen[2].db/ss/datapipe_reg[0][7]/CE (clocked by vita_clk_1). Large setup violations at the end of those stages might be difficult to fix during the post-placement implementation flow and could be the result of non-optimal XDC constraints or non-optimal design architecture
Related violations: <none>

TIMING-16#272 Warning
Large setup violation  
There is a large setup violation of -4.926 ns between design_1_i/onsemi_vita_cam_0/U0/onsemi_vita_cam_v3_1_S00_AXI_inst/slv_reg4_reg[0]/C (clocked by clk_fpga_0) and design_1_i/onsemi_vita_cam_0/U0/onsemi_vita_cam_v3_1_S00_AXI_inst/onsemi_vita_cam_core_inst/vita_iserdes_v5.vita_iserdes/generate_datagen.datagen[2].db/ss/datapipe_reg[0][9]/CE (clocked by vita_clk_1). Large setup violations at the end of those stages might be difficult to fix during the post-placement implementation flow and could be the result of non-optimal XDC constraints or non-optimal design architecture
Related violations: <none>

TIMING-16#273 Warning
Large setup violation  
There is a large setup violation of -4.926 ns between design_1_i/onsemi_vita_cam_0/U0/onsemi_vita_cam_v3_1_S00_AXI_inst/slv_reg4_reg[0]/C (clocked by clk_fpga_0) and design_1_i/onsemi_vita_cam_0/U0/onsemi_vita_cam_v3_1_S00_AXI_inst/onsemi_vita_cam_core_inst/vita_iserdes_v5.vita_iserdes/generate_datagen.datagen[2].db/ss/datapipe_reg[1][1]/CE (clocked by vita_clk_1). Large setup violations at the end of those stages might be difficult to fix during the post-placement implementation flow and could be the result of non-optimal XDC constraints or non-optimal design architecture
Related violations: <none>

TIMING-16#274 Warning
Large setup violation  
There is a large setup violation of -4.926 ns between design_1_i/onsemi_vita_cam_0/U0/onsemi_vita_cam_v3_1_S00_AXI_inst/slv_reg4_reg[0]/C (clocked by clk_fpga_0) and design_1_i/onsemi_vita_cam_0/U0/onsemi_vita_cam_v3_1_S00_AXI_inst/onsemi_vita_cam_core_inst/vita_iserdes_v5.vita_iserdes/generate_datagen.datagen[2].db/ss/datapipe_reg[1][5]/CE (clocked by vita_clk_1). Large setup violations at the end of those stages might be difficult to fix during the post-placement implementation flow and could be the result of non-optimal XDC constraints or non-optimal design architecture
Related violations: <none>

TIMING-16#275 Warning
Large setup violation  
There is a large setup violation of -4.926 ns between design_1_i/onsemi_vita_cam_0/U0/onsemi_vita_cam_v3_1_S00_AXI_inst/slv_reg4_reg[0]/C (clocked by clk_fpga_0) and design_1_i/onsemi_vita_cam_0/U0/onsemi_vita_cam_v3_1_S00_AXI_inst/onsemi_vita_cam_core_inst/vita_iserdes_v5.vita_iserdes/generate_datagen.datagen[2].db/ss/datapipe_reg[1][7]/CE (clocked by vita_clk_1). Large setup violations at the end of those stages might be difficult to fix during the post-placement implementation flow and could be the result of non-optimal XDC constraints or non-optimal design architecture
Related violations: <none>

TIMING-16#276 Warning
Large setup violation  
There is a large setup violation of -4.926 ns between design_1_i/onsemi_vita_cam_0/U0/onsemi_vita_cam_v3_1_S00_AXI_inst/slv_reg4_reg[0]/C (clocked by clk_fpga_0) and design_1_i/onsemi_vita_cam_0/U0/onsemi_vita_cam_v3_1_S00_AXI_inst/onsemi_vita_cam_core_inst/vita_iserdes_v5.vita_iserdes/generate_datagen.datagen[2].db/ss/datapipe_reg[1][9]/CE (clocked by vita_clk_1). Large setup violations at the end of those stages might be difficult to fix during the post-placement implementation flow and could be the result of non-optimal XDC constraints or non-optimal design architecture
Related violations: <none>

TIMING-16#277 Warning
Large setup violation  
There is a large setup violation of -4.926 ns between design_1_i/onsemi_vita_cam_0/U0/onsemi_vita_cam_v3_1_S00_AXI_inst/slv_reg4_reg[0]/C (clocked by clk_fpga_0) and design_1_i/onsemi_vita_cam_0/U0/onsemi_vita_cam_v3_1_S00_AXI_inst/onsemi_vita_cam_core_inst/vita_iserdes_v5.vita_iserdes/generate_datagen.datagen[4].db/ss/datapipe_reg[1][0]/CE (clocked by vita_clk_1). Large setup violations at the end of those stages might be difficult to fix during the post-placement implementation flow and could be the result of non-optimal XDC constraints or non-optimal design architecture
Related violations: <none>

TIMING-16#278 Warning
Large setup violation  
There is a large setup violation of -4.930 ns between design_1_i/onsemi_vita_cam_0/U0/onsemi_vita_cam_v3_1_S00_AXI_inst/slv_reg4_reg[2]/C (clocked by clk_fpga_0) and design_1_i/onsemi_vita_cam_0/U0/onsemi_vita_cam_v3_1_S00_AXI_inst/onsemi_vita_cam_core_inst/vita_iserdes_v5.vita_iserdes/generate_datagen.datagen[4].db/cb/start_align_i_reg/D (clocked by vita_clk_1). Large setup violations at the end of those stages might be difficult to fix during the post-placement implementation flow and could be the result of non-optimal XDC constraints or non-optimal design architecture
Related violations: <none>

TIMING-16#279 Warning
Large setup violation  
There is a large setup violation of -4.944 ns between design_1_i/onsemi_vita_cam_0/U0/onsemi_vita_cam_v3_1_S00_AXI_inst/slv_reg4_reg[2]/C (clocked by clk_fpga_0) and design_1_i/onsemi_vita_cam_0/U0/onsemi_vita_cam_v3_1_S00_AXI_inst/onsemi_vita_cam_core_inst/vita_iserdes_v5.vita_iserdes/generate_datagen.datagen[1].db/cb/SerdesCntr_reg[4]/D (clocked by vita_clk_1). Large setup violations at the end of those stages might be difficult to fix during the post-placement implementation flow and could be the result of non-optimal XDC constraints or non-optimal design architecture
Related violations: <none>

TIMING-16#280 Warning
Large setup violation  
There is a large setup violation of -4.960 ns between design_1_i/onsemi_vita_cam_0/U0/onsemi_vita_cam_v3_1_S00_AXI_inst/slv_reg4_reg[2]/C (clocked by clk_fpga_0) and design_1_i/onsemi_vita_cam_0/U0/onsemi_vita_cam_v3_1_S00_AXI_inst/onsemi_vita_cam_core_inst/vita_iserdes_v5.vita_iserdes/generate_datagen.datagen[3].db/cb/FSM_sequential_serdesseqstate_reg[0]/D (clocked by vita_clk_1). Large setup violations at the end of those stages might be difficult to fix during the post-placement implementation flow and could be the result of non-optimal XDC constraints or non-optimal design architecture
Related violations: <none>

TIMING-16#281 Warning
Large setup violation  
There is a large setup violation of -4.961 ns between design_1_i/onsemi_vita_cam_0/U0/onsemi_vita_cam_v3_1_S00_AXI_inst/slv_reg6_reg[4]/C (clocked by clk_fpga_0) and design_1_i/onsemi_vita_cam_0/U0/onsemi_vita_cam_v3_1_S00_AXI_inst/onsemi_vita_cam_core_inst/vita_iserdes_v5.vita_iserdes/generate_datagen.datagen[4].db/cb/GenCntr_reg[4]/D (clocked by vita_clk_1). Large setup violations at the end of those stages might be difficult to fix during the post-placement implementation flow and could be the result of non-optimal XDC constraints or non-optimal design architecture
Related violations: <none>

TIMING-16#282 Warning
Large setup violation  
There is a large setup violation of -4.962 ns between design_1_i/onsemi_vita_cam_0/U0/onsemi_vita_cam_v3_1_S00_AXI_inst/slv_reg6_reg[9]/C (clocked by clk_fpga_0) and design_1_i/onsemi_vita_cam_0/U0/onsemi_vita_cam_v3_1_S00_AXI_inst/onsemi_vita_cam_core_inst/vita_iserdes_v5.vita_iserdes/generate_datagen.datagen[4].db/cb/GenCntr_reg[9]/D (clocked by vita_clk_1). Large setup violations at the end of those stages might be difficult to fix during the post-placement implementation flow and could be the result of non-optimal XDC constraints or non-optimal design architecture
Related violations: <none>

TIMING-16#283 Warning
Large setup violation  
There is a large setup violation of -4.978 ns between design_1_i/onsemi_vita_cam_0/U0/onsemi_vita_cam_v3_1_S00_AXI_inst/slv_reg4_reg[2]/C (clocked by clk_fpga_0) and design_1_i/onsemi_vita_cam_0/U0/onsemi_vita_cam_v3_1_S00_AXI_inst/onsemi_vita_cam_core_inst/vita_iserdes_v5.vita_iserdes/generate_datagen.datagen[2].db/cb/TimeOutCntr_reg[1]/CE (clocked by vita_clk_1). Large setup violations at the end of those stages might be difficult to fix during the post-placement implementation flow and could be the result of non-optimal XDC constraints or non-optimal design architecture
Related violations: <none>

TIMING-16#284 Warning
Large setup violation  
There is a large setup violation of -4.978 ns between design_1_i/onsemi_vita_cam_0/U0/onsemi_vita_cam_v3_1_S00_AXI_inst/slv_reg4_reg[2]/C (clocked by clk_fpga_0) and design_1_i/onsemi_vita_cam_0/U0/onsemi_vita_cam_v3_1_S00_AXI_inst/onsemi_vita_cam_core_inst/vita_iserdes_v5.vita_iserdes/generate_datagen.datagen[2].db/cb/TimeOutCntr_reg[2]/CE (clocked by vita_clk_1). Large setup violations at the end of those stages might be difficult to fix during the post-placement implementation flow and could be the result of non-optimal XDC constraints or non-optimal design architecture
Related violations: <none>

TIMING-16#285 Warning
Large setup violation  
There is a large setup violation of -4.978 ns between design_1_i/onsemi_vita_cam_0/U0/onsemi_vita_cam_v3_1_S00_AXI_inst/slv_reg4_reg[2]/C (clocked by clk_fpga_0) and design_1_i/onsemi_vita_cam_0/U0/onsemi_vita_cam_v3_1_S00_AXI_inst/onsemi_vita_cam_core_inst/vita_iserdes_v5.vita_iserdes/generate_datagen.datagen[2].db/cb/TimeOutCntr_reg[3]/CE (clocked by vita_clk_1). Large setup violations at the end of those stages might be difficult to fix during the post-placement implementation flow and could be the result of non-optimal XDC constraints or non-optimal design architecture
Related violations: <none>

TIMING-16#286 Warning
Large setup violation  
There is a large setup violation of -4.978 ns between design_1_i/onsemi_vita_cam_0/U0/onsemi_vita_cam_v3_1_S00_AXI_inst/slv_reg4_reg[2]/C (clocked by clk_fpga_0) and design_1_i/onsemi_vita_cam_0/U0/onsemi_vita_cam_v3_1_S00_AXI_inst/onsemi_vita_cam_core_inst/vita_iserdes_v5.vita_iserdes/generate_datagen.datagen[2].db/cb/TimeOutCntr_reg[4]/CE (clocked by vita_clk_1). Large setup violations at the end of those stages might be difficult to fix during the post-placement implementation flow and could be the result of non-optimal XDC constraints or non-optimal design architecture
Related violations: <none>

TIMING-16#287 Warning
Large setup violation  
There is a large setup violation of -4.978 ns between design_1_i/onsemi_vita_cam_0/U0/onsemi_vita_cam_v3_1_S00_AXI_inst/slv_reg4_reg[2]/C (clocked by clk_fpga_0) and design_1_i/onsemi_vita_cam_0/U0/onsemi_vita_cam_v3_1_S00_AXI_inst/onsemi_vita_cam_core_inst/vita_iserdes_v5.vita_iserdes/generate_datagen.datagen[2].db/cb/TimeOutCntr_reg[5]/CE (clocked by vita_clk_1). Large setup violations at the end of those stages might be difficult to fix during the post-placement implementation flow and could be the result of non-optimal XDC constraints or non-optimal design architecture
Related violations: <none>

TIMING-16#288 Warning
Large setup violation  
There is a large setup violation of -4.990 ns between design_1_i/onsemi_vita_cam_0/U0/onsemi_vita_cam_v3_1_S00_AXI_inst/slv_reg28_reg[1]/C (clocked by clk_fpga_0) and design_1_i/onsemi_vita_cam_0/U0/onsemi_vita_cam_v3_1_S00_AXI_inst/onsemi_vita_cam_core_inst/vita_crc_checker/generate_CRC[3].the_crc_calc/CRC_tool_reg[6]/D (clocked by vita_clk_1). Large setup violations at the end of those stages might be difficult to fix during the post-placement implementation flow and could be the result of non-optimal XDC constraints or non-optimal design architecture
Related violations: <none>

TIMING-16#289 Warning
Large setup violation  
There is a large setup violation of -4.991 ns between design_1_i/onsemi_vita_cam_0/U0/onsemi_vita_cam_v3_1_S00_AXI_inst/slv_reg6_reg[5]/C (clocked by clk_fpga_0) and design_1_i/onsemi_vita_cam_0/U0/onsemi_vita_cam_v3_1_S00_AXI_inst/onsemi_vita_cam_core_inst/vita_iserdes_v5.vita_iserdes/generate_datagen.datagen[1].db/cb/GenCntr_reg[5]/D (clocked by vita_clk_1). Large setup violations at the end of those stages might be difficult to fix during the post-placement implementation flow and could be the result of non-optimal XDC constraints or non-optimal design architecture
Related violations: <none>

TIMING-16#290 Warning
Large setup violation  
There is a large setup violation of -4.998 ns between design_1_i/onsemi_vita_cam_0/U0/onsemi_vita_cam_v3_1_S00_AXI_inst/slv_reg6_reg[8]/C (clocked by clk_fpga_0) and design_1_i/onsemi_vita_cam_0/U0/onsemi_vita_cam_v3_1_S00_AXI_inst/onsemi_vita_cam_core_inst/vita_iserdes_v5.vita_iserdes/generate_datagen.datagen[1].db/cb/GenCntr_reg[8]/D (clocked by vita_clk_1). Large setup violations at the end of those stages might be difficult to fix during the post-placement implementation flow and could be the result of non-optimal XDC constraints or non-optimal design architecture
Related violations: <none>

TIMING-16#291 Warning
Large setup violation  
There is a large setup violation of -5.001 ns between design_1_i/onsemi_vita_cam_0/U0/onsemi_vita_cam_v3_1_S00_AXI_inst/slv_reg28_reg[1]/C (clocked by clk_fpga_0) and design_1_i/onsemi_vita_cam_0/U0/onsemi_vita_cam_v3_1_S00_AXI_inst/onsemi_vita_cam_core_inst/vita_crc_checker/generate_CRC[2].the_crc_calc/CRC_tool_reg[1]/D (clocked by vita_clk_1). Large setup violations at the end of those stages might be difficult to fix during the post-placement implementation flow and could be the result of non-optimal XDC constraints or non-optimal design architecture
Related violations: <none>

TIMING-16#292 Warning
Large setup violation  
There is a large setup violation of -5.017 ns between design_1_i/onsemi_vita_cam_0/U0/onsemi_vita_cam_v3_1_S00_AXI_inst/slv_reg28_reg[1]/C (clocked by clk_fpga_0) and design_1_i/onsemi_vita_cam_0/U0/onsemi_vita_cam_v3_1_S00_AXI_inst/onsemi_vita_cam_core_inst/vita_crc_checker/generate_CRC[0].the_crc_calc/CRC_tool_reg[9]/D (clocked by vita_clk_1). Large setup violations at the end of those stages might be difficult to fix during the post-placement implementation flow and could be the result of non-optimal XDC constraints or non-optimal design architecture
Related violations: <none>

TIMING-16#293 Warning
Large setup violation  
There is a large setup violation of -5.033 ns between design_1_i/onsemi_vita_cam_0/U0/onsemi_vita_cam_v3_1_S00_AXI_inst/slv_reg4_reg[2]/C (clocked by clk_fpga_0) and design_1_i/onsemi_vita_cam_0/U0/onsemi_vita_cam_v3_1_S00_AXI_inst/onsemi_vita_cam_core_inst/vita_iserdes_v5.vita_iserdes/generate_datagen.datagen[4].db/cb/SerdesCntr_reg[4]/CE (clocked by vita_clk_1). Large setup violations at the end of those stages might be difficult to fix during the post-placement implementation flow and could be the result of non-optimal XDC constraints or non-optimal design architecture
Related violations: <none>

TIMING-16#294 Warning
Large setup violation  
There is a large setup violation of -5.033 ns between design_1_i/onsemi_vita_cam_0/U0/onsemi_vita_cam_v3_1_S00_AXI_inst/slv_reg4_reg[2]/C (clocked by clk_fpga_0) and design_1_i/onsemi_vita_cam_0/U0/onsemi_vita_cam_v3_1_S00_AXI_inst/onsemi_vita_cam_core_inst/vita_iserdes_v5.vita_iserdes/generate_datagen.datagen[4].db/cb/SerdesCntr_reg[5]/CE (clocked by vita_clk_1). Large setup violations at the end of those stages might be difficult to fix during the post-placement implementation flow and could be the result of non-optimal XDC constraints or non-optimal design architecture
Related violations: <none>

TIMING-16#295 Warning
Large setup violation  
There is a large setup violation of -5.033 ns between design_1_i/onsemi_vita_cam_0/U0/onsemi_vita_cam_v3_1_S00_AXI_inst/slv_reg4_reg[2]/C (clocked by clk_fpga_0) and design_1_i/onsemi_vita_cam_0/U0/onsemi_vita_cam_v3_1_S00_AXI_inst/onsemi_vita_cam_core_inst/vita_iserdes_v5.vita_iserdes/generate_datagen.datagen[4].db/cb/SerdesCntr_reg[6]/CE (clocked by vita_clk_1). Large setup violations at the end of those stages might be difficult to fix during the post-placement implementation flow and could be the result of non-optimal XDC constraints or non-optimal design architecture
Related violations: <none>

TIMING-16#296 Warning
Large setup violation  
There is a large setup violation of -5.033 ns between design_1_i/onsemi_vita_cam_0/U0/onsemi_vita_cam_v3_1_S00_AXI_inst/slv_reg4_reg[2]/C (clocked by clk_fpga_0) and design_1_i/onsemi_vita_cam_0/U0/onsemi_vita_cam_v3_1_S00_AXI_inst/onsemi_vita_cam_core_inst/vita_iserdes_v5.vita_iserdes/generate_datagen.datagen[4].db/cb/SerdesCntr_reg[7]/CE (clocked by vita_clk_1). Large setup violations at the end of those stages might be difficult to fix during the post-placement implementation flow and could be the result of non-optimal XDC constraints or non-optimal design architecture
Related violations: <none>

TIMING-16#297 Warning
Large setup violation  
There is a large setup violation of -5.034 ns between design_1_i/onsemi_vita_cam_0/U0/onsemi_vita_cam_v3_1_S00_AXI_inst/slv_reg6_reg[6]/C (clocked by clk_fpga_0) and design_1_i/onsemi_vita_cam_0/U0/onsemi_vita_cam_v3_1_S00_AXI_inst/onsemi_vita_cam_core_inst/vita_iserdes_v5.vita_iserdes/generate_datagen.datagen[3].db/cb/GenCntr_reg[6]/D (clocked by vita_clk_1). Large setup violations at the end of those stages might be difficult to fix during the post-placement implementation flow and could be the result of non-optimal XDC constraints or non-optimal design architecture
Related violations: <none>

TIMING-16#298 Warning
Large setup violation  
There is a large setup violation of -5.035 ns between design_1_i/onsemi_vita_cam_0/U0/onsemi_vita_cam_v3_1_S00_AXI_inst/slv_reg6_reg[0]/C (clocked by clk_fpga_0) and design_1_i/onsemi_vita_cam_0/U0/onsemi_vita_cam_v3_1_S00_AXI_inst/onsemi_vita_cam_core_inst/vita_iserdes_v5.vita_iserdes/generate_datagen.datagen[0].db/cb/GenCntr_reg[0]/D (clocked by vita_clk_1). Large setup violations at the end of those stages might be difficult to fix during the post-placement implementation flow and could be the result of non-optimal XDC constraints or non-optimal design architecture
Related violations: <none>

TIMING-16#299 Warning
Large setup violation  
There is a large setup violation of -5.042 ns between design_1_i/onsemi_vita_cam_0/U0/onsemi_vita_cam_v3_1_S00_AXI_inst/slv_reg28_reg[1]/C (clocked by clk_fpga_0) and design_1_i/onsemi_vita_cam_0/U0/onsemi_vita_cam_v3_1_S00_AXI_inst/onsemi_vita_cam_core_inst/vita_crc_checker/generate_CRC[0].the_crc_calc/CRC_tool_reg[4]/D (clocked by vita_clk_1). Large setup violations at the end of those stages might be difficult to fix during the post-placement implementation flow and could be the result of non-optimal XDC constraints or non-optimal design architecture
Related violations: <none>

TIMING-16#300 Warning
Large setup violation  
There is a large setup violation of -5.042 ns between design_1_i/onsemi_vita_cam_0/U0/onsemi_vita_cam_v3_1_S00_AXI_inst/slv_reg4_reg[2]/C (clocked by clk_fpga_0) and design_1_i/onsemi_vita_cam_0/U0/onsemi_vita_cam_v3_1_S00_AXI_inst/onsemi_vita_cam_core_inst/vita_iserdes_v5.vita_iserdes/generate_datagen.datagen[0].db/cb/TimeOutCntr_reg[2]/CE (clocked by vita_clk_1). Large setup violations at the end of those stages might be difficult to fix during the post-placement implementation flow and could be the result of non-optimal XDC constraints or non-optimal design architecture
Related violations: <none>

TIMING-16#301 Warning
Large setup violation  
There is a large setup violation of -5.042 ns between design_1_i/onsemi_vita_cam_0/U0/onsemi_vita_cam_v3_1_S00_AXI_inst/slv_reg4_reg[2]/C (clocked by clk_fpga_0) and design_1_i/onsemi_vita_cam_0/U0/onsemi_vita_cam_v3_1_S00_AXI_inst/onsemi_vita_cam_core_inst/vita_iserdes_v5.vita_iserdes/generate_datagen.datagen[0].db/cb/TimeOutCntr_reg[3]/CE (clocked by vita_clk_1). Large setup violations at the end of those stages might be difficult to fix during the post-placement implementation flow and could be the result of non-optimal XDC constraints or non-optimal design architecture
Related violations: <none>

TIMING-16#302 Warning
Large setup violation  
There is a large setup violation of -5.042 ns between design_1_i/onsemi_vita_cam_0/U0/onsemi_vita_cam_v3_1_S00_AXI_inst/slv_reg4_reg[2]/C (clocked by clk_fpga_0) and design_1_i/onsemi_vita_cam_0/U0/onsemi_vita_cam_v3_1_S00_AXI_inst/onsemi_vita_cam_core_inst/vita_iserdes_v5.vita_iserdes/generate_datagen.datagen[0].db/cb/TimeOutCntr_reg[4]/CE (clocked by vita_clk_1). Large setup violations at the end of those stages might be difficult to fix during the post-placement implementation flow and could be the result of non-optimal XDC constraints or non-optimal design architecture
Related violations: <none>

TIMING-16#303 Warning
Large setup violation  
There is a large setup violation of -5.042 ns between design_1_i/onsemi_vita_cam_0/U0/onsemi_vita_cam_v3_1_S00_AXI_inst/slv_reg4_reg[2]/C (clocked by clk_fpga_0) and design_1_i/onsemi_vita_cam_0/U0/onsemi_vita_cam_v3_1_S00_AXI_inst/onsemi_vita_cam_core_inst/vita_iserdes_v5.vita_iserdes/generate_datagen.datagen[0].db/cb/TimeOutCntr_reg[5]/CE (clocked by vita_clk_1). Large setup violations at the end of those stages might be difficult to fix during the post-placement implementation flow and could be the result of non-optimal XDC constraints or non-optimal design architecture
Related violations: <none>

TIMING-16#304 Warning
Large setup violation  
There is a large setup violation of -5.044 ns between design_1_i/onsemi_vita_cam_0/U0/onsemi_vita_cam_v3_1_S00_AXI_inst/slv_reg6_reg[0]/C (clocked by clk_fpga_0) and design_1_i/onsemi_vita_cam_0/U0/onsemi_vita_cam_v3_1_S00_AXI_inst/onsemi_vita_cam_core_inst/vita_iserdes_v5.vita_iserdes/generate_datagen.datagen[3].db/cb/GenCntr_reg[0]/D (clocked by vita_clk_1). Large setup violations at the end of those stages might be difficult to fix during the post-placement implementation flow and could be the result of non-optimal XDC constraints or non-optimal design architecture
Related violations: <none>

TIMING-16#305 Warning
Large setup violation  
There is a large setup violation of -5.046 ns between design_1_i/onsemi_vita_cam_0/U0/onsemi_vita_cam_v3_1_S00_AXI_inst/slv_reg4_reg[2]/C (clocked by clk_fpga_0) and design_1_i/onsemi_vita_cam_0/U0/onsemi_vita_cam_v3_1_S00_AXI_inst/onsemi_vita_cam_core_inst/vita_iserdes_v5.vita_iserdes/generate_datagen.datagen[3].db/cb/SerdesCntr_reg[11]/D (clocked by vita_clk_1). Large setup violations at the end of those stages might be difficult to fix during the post-placement implementation flow and could be the result of non-optimal XDC constraints or non-optimal design architecture
Related violations: <none>

TIMING-16#306 Warning
Large setup violation  
There is a large setup violation of -5.048 ns between design_1_i/onsemi_vita_cam_0/U0/onsemi_vita_cam_v3_1_S00_AXI_inst/slv_reg4_reg[2]/C (clocked by clk_fpga_0) and design_1_i/onsemi_vita_cam_0/U0/onsemi_vita_cam_v3_1_S00_AXI_inst/onsemi_vita_cam_core_inst/vita_iserdes_v5.vita_iserdes/generate_datagen.datagen[3].db/cb/SerdesCntr_reg[7]/D (clocked by vita_clk_1). Large setup violations at the end of those stages might be difficult to fix during the post-placement implementation flow and could be the result of non-optimal XDC constraints or non-optimal design architecture
Related violations: <none>

TIMING-16#307 Warning
Large setup violation  
There is a large setup violation of -5.054 ns between design_1_i/onsemi_vita_cam_0/U0/onsemi_vita_cam_v3_1_S00_AXI_inst/slv_reg28_reg[1]/C (clocked by clk_fpga_0) and design_1_i/onsemi_vita_cam_0/U0/onsemi_vita_cam_v3_1_S00_AXI_inst/onsemi_vita_cam_core_inst/vita_crc_checker/generate_CRC[1].the_crc_calc/CRC_tool_reg[4]/D (clocked by vita_clk_1). Large setup violations at the end of those stages might be difficult to fix during the post-placement implementation flow and could be the result of non-optimal XDC constraints or non-optimal design architecture
Related violations: <none>

TIMING-16#308 Warning
Large setup violation  
There is a large setup violation of -5.057 ns between design_1_i/onsemi_vita_cam_0/U0/onsemi_vita_cam_v3_1_S00_AXI_inst/slv_reg4_reg[2]/C (clocked by clk_fpga_0) and design_1_i/onsemi_vita_cam_0/U0/onsemi_vita_cam_v3_1_S00_AXI_inst/onsemi_vita_cam_core_inst/vita_iserdes_v5.vita_iserdes/generate_datagen.datagen[1].db/cb/SerdesCntr_reg[1]/D (clocked by vita_clk_1). Large setup violations at the end of those stages might be difficult to fix during the post-placement implementation flow and could be the result of non-optimal XDC constraints or non-optimal design architecture
Related violations: <none>

TIMING-16#309 Warning
Large setup violation  
There is a large setup violation of -5.058 ns between design_1_i/onsemi_vita_cam_0/U0/onsemi_vita_cam_v3_1_S00_AXI_inst/slv_reg4_reg[2]/C (clocked by clk_fpga_0) and design_1_i/onsemi_vita_cam_0/U0/onsemi_vita_cam_v3_1_S00_AXI_inst/onsemi_vita_cam_core_inst/vita_iserdes_v5.vita_iserdes/generate_datagen.datagen[2].db/cb/TimeOutCntr_reg[0]/CE (clocked by vita_clk_1). Large setup violations at the end of those stages might be difficult to fix during the post-placement implementation flow and could be the result of non-optimal XDC constraints or non-optimal design architecture
Related violations: <none>

TIMING-16#310 Warning
Large setup violation  
There is a large setup violation of -5.064 ns between design_1_i/onsemi_vita_cam_0/U0/onsemi_vita_cam_v3_1_S00_AXI_inst/slv_reg4_reg[2]/C (clocked by clk_fpga_0) and design_1_i/onsemi_vita_cam_0/U0/onsemi_vita_cam_v3_1_S00_AXI_inst/onsemi_vita_cam_core_inst/vita_iserdes_v5.vita_iserdes/generate_datagen.datagen[2].db/cb/SerdesCntr_reg[0]/CE (clocked by vita_clk_1). Large setup violations at the end of those stages might be difficult to fix during the post-placement implementation flow and could be the result of non-optimal XDC constraints or non-optimal design architecture
Related violations: <none>

TIMING-16#311 Warning
Large setup violation  
There is a large setup violation of -5.064 ns between design_1_i/onsemi_vita_cam_0/U0/onsemi_vita_cam_v3_1_S00_AXI_inst/slv_reg4_reg[2]/C (clocked by clk_fpga_0) and design_1_i/onsemi_vita_cam_0/U0/onsemi_vita_cam_v3_1_S00_AXI_inst/onsemi_vita_cam_core_inst/vita_iserdes_v5.vita_iserdes/generate_datagen.datagen[2].db/cb/SerdesCntr_reg[10]/CE (clocked by vita_clk_1). Large setup violations at the end of those stages might be difficult to fix during the post-placement implementation flow and could be the result of non-optimal XDC constraints or non-optimal design architecture
Related violations: <none>

TIMING-16#312 Warning
Large setup violation  
There is a large setup violation of -5.064 ns between design_1_i/onsemi_vita_cam_0/U0/onsemi_vita_cam_v3_1_S00_AXI_inst/slv_reg4_reg[2]/C (clocked by clk_fpga_0) and design_1_i/onsemi_vita_cam_0/U0/onsemi_vita_cam_v3_1_S00_AXI_inst/onsemi_vita_cam_core_inst/vita_iserdes_v5.vita_iserdes/generate_datagen.datagen[2].db/cb/SerdesCntr_reg[11]/CE (clocked by vita_clk_1). Large setup violations at the end of those stages might be difficult to fix during the post-placement implementation flow and could be the result of non-optimal XDC constraints or non-optimal design architecture
Related violations: <none>

TIMING-16#313 Warning
Large setup violation  
There is a large setup violation of -5.064 ns between design_1_i/onsemi_vita_cam_0/U0/onsemi_vita_cam_v3_1_S00_AXI_inst/slv_reg4_reg[2]/C (clocked by clk_fpga_0) and design_1_i/onsemi_vita_cam_0/U0/onsemi_vita_cam_v3_1_S00_AXI_inst/onsemi_vita_cam_core_inst/vita_iserdes_v5.vita_iserdes/generate_datagen.datagen[2].db/cb/SerdesCntr_reg[12]/CE (clocked by vita_clk_1). Large setup violations at the end of those stages might be difficult to fix during the post-placement implementation flow and could be the result of non-optimal XDC constraints or non-optimal design architecture
Related violations: <none>

TIMING-16#314 Warning
Large setup violation  
There is a large setup violation of -5.064 ns between design_1_i/onsemi_vita_cam_0/U0/onsemi_vita_cam_v3_1_S00_AXI_inst/slv_reg4_reg[2]/C (clocked by clk_fpga_0) and design_1_i/onsemi_vita_cam_0/U0/onsemi_vita_cam_v3_1_S00_AXI_inst/onsemi_vita_cam_core_inst/vita_iserdes_v5.vita_iserdes/generate_datagen.datagen[2].db/cb/SerdesCntr_reg[13]/CE (clocked by vita_clk_1). Large setup violations at the end of those stages might be difficult to fix during the post-placement implementation flow and could be the result of non-optimal XDC constraints or non-optimal design architecture
Related violations: <none>

TIMING-16#315 Warning
Large setup violation  
There is a large setup violation of -5.064 ns between design_1_i/onsemi_vita_cam_0/U0/onsemi_vita_cam_v3_1_S00_AXI_inst/slv_reg4_reg[2]/C (clocked by clk_fpga_0) and design_1_i/onsemi_vita_cam_0/U0/onsemi_vita_cam_v3_1_S00_AXI_inst/onsemi_vita_cam_core_inst/vita_iserdes_v5.vita_iserdes/generate_datagen.datagen[2].db/cb/SerdesCntr_reg[1]/CE (clocked by vita_clk_1). Large setup violations at the end of those stages might be difficult to fix during the post-placement implementation flow and could be the result of non-optimal XDC constraints or non-optimal design architecture
Related violations: <none>

TIMING-16#316 Warning
Large setup violation  
There is a large setup violation of -5.064 ns between design_1_i/onsemi_vita_cam_0/U0/onsemi_vita_cam_v3_1_S00_AXI_inst/slv_reg4_reg[2]/C (clocked by clk_fpga_0) and design_1_i/onsemi_vita_cam_0/U0/onsemi_vita_cam_v3_1_S00_AXI_inst/onsemi_vita_cam_core_inst/vita_iserdes_v5.vita_iserdes/generate_datagen.datagen[2].db/cb/SerdesCntr_reg[8]/CE (clocked by vita_clk_1). Large setup violations at the end of those stages might be difficult to fix during the post-placement implementation flow and could be the result of non-optimal XDC constraints or non-optimal design architecture
Related violations: <none>

TIMING-16#317 Warning
Large setup violation  
There is a large setup violation of -5.064 ns between design_1_i/onsemi_vita_cam_0/U0/onsemi_vita_cam_v3_1_S00_AXI_inst/slv_reg4_reg[2]/C (clocked by clk_fpga_0) and design_1_i/onsemi_vita_cam_0/U0/onsemi_vita_cam_v3_1_S00_AXI_inst/onsemi_vita_cam_core_inst/vita_iserdes_v5.vita_iserdes/generate_datagen.datagen[2].db/cb/SerdesCntr_reg[9]/CE (clocked by vita_clk_1). Large setup violations at the end of those stages might be difficult to fix during the post-placement implementation flow and could be the result of non-optimal XDC constraints or non-optimal design architecture
Related violations: <none>

TIMING-16#318 Warning
Large setup violation  
There is a large setup violation of -5.064 ns between design_1_i/onsemi_vita_cam_0/U0/onsemi_vita_cam_v3_1_S00_AXI_inst/slv_reg4_reg[2]/C (clocked by clk_fpga_0) and design_1_i/onsemi_vita_cam_0/U0/onsemi_vita_cam_v3_1_S00_AXI_inst/onsemi_vita_cam_core_inst/vita_iserdes_v5.vita_iserdes/generate_datagen.datagen[3].db/cb/SerdesCntr_reg[10]/D (clocked by vita_clk_1). Large setup violations at the end of those stages might be difficult to fix during the post-placement implementation flow and could be the result of non-optimal XDC constraints or non-optimal design architecture
Related violations: <none>

TIMING-16#319 Warning
Large setup violation  
There is a large setup violation of -5.064 ns between design_1_i/onsemi_vita_cam_0/U0/onsemi_vita_cam_v3_1_S00_AXI_inst/slv_reg4_reg[2]/C (clocked by clk_fpga_0) and design_1_i/onsemi_vita_cam_0/U0/onsemi_vita_cam_v3_1_S00_AXI_inst/onsemi_vita_cam_core_inst/vita_iserdes_v5.vita_iserdes/generate_datagen.datagen[3].db/cb/SerdesCntr_reg[6]/D (clocked by vita_clk_1). Large setup violations at the end of those stages might be difficult to fix during the post-placement implementation flow and could be the result of non-optimal XDC constraints or non-optimal design architecture
Related violations: <none>

TIMING-16#320 Warning
Large setup violation  
There is a large setup violation of -5.067 ns between design_1_i/onsemi_vita_cam_0/U0/onsemi_vita_cam_v3_1_S00_AXI_inst/slv_reg4_reg[0]/C (clocked by clk_fpga_0) and design_1_i/onsemi_vita_cam_0/U0/onsemi_vita_cam_v3_1_S00_AXI_inst/onsemi_vita_cam_core_inst/vita_iserdes_v5.vita_iserdes/generate_datagen.datagen[3].db/ss/datapipe_reg[1][0]/CE (clocked by vita_clk_1). Large setup violations at the end of those stages might be difficult to fix during the post-placement implementation flow and could be the result of non-optimal XDC constraints or non-optimal design architecture
Related violations: <none>

TIMING-16#321 Warning
Large setup violation  
There is a large setup violation of -5.067 ns between design_1_i/onsemi_vita_cam_0/U0/onsemi_vita_cam_v3_1_S00_AXI_inst/slv_reg4_reg[0]/C (clocked by clk_fpga_0) and design_1_i/onsemi_vita_cam_0/U0/onsemi_vita_cam_v3_1_S00_AXI_inst/onsemi_vita_cam_core_inst/vita_iserdes_v5.vita_iserdes/generate_datagen.datagen[3].db/ss/datapipe_reg[1][5]/CE (clocked by vita_clk_1). Large setup violations at the end of those stages might be difficult to fix during the post-placement implementation flow and could be the result of non-optimal XDC constraints or non-optimal design architecture
Related violations: <none>

TIMING-16#322 Warning
Large setup violation  
There is a large setup violation of -5.067 ns between design_1_i/onsemi_vita_cam_0/U0/onsemi_vita_cam_v3_1_S00_AXI_inst/slv_reg4_reg[0]/C (clocked by clk_fpga_0) and design_1_i/onsemi_vita_cam_0/U0/onsemi_vita_cam_v3_1_S00_AXI_inst/onsemi_vita_cam_core_inst/vita_iserdes_v5.vita_iserdes/generate_datagen.datagen[3].db/ss/datapipe_reg[1][6]/CE (clocked by vita_clk_1). Large setup violations at the end of those stages might be difficult to fix during the post-placement implementation flow and could be the result of non-optimal XDC constraints or non-optimal design architecture
Related violations: <none>

TIMING-16#323 Warning
Large setup violation  
There is a large setup violation of -5.067 ns between design_1_i/onsemi_vita_cam_0/U0/onsemi_vita_cam_v3_1_S00_AXI_inst/slv_reg4_reg[0]/C (clocked by clk_fpga_0) and design_1_i/onsemi_vita_cam_0/U0/onsemi_vita_cam_v3_1_S00_AXI_inst/onsemi_vita_cam_core_inst/vita_iserdes_v5.vita_iserdes/generate_datagen.datagen[3].db/ss/datapipe_reg[1][7]/CE (clocked by vita_clk_1). Large setup violations at the end of those stages might be difficult to fix during the post-placement implementation flow and could be the result of non-optimal XDC constraints or non-optimal design architecture
Related violations: <none>

TIMING-16#324 Warning
Large setup violation  
There is a large setup violation of -5.071 ns between design_1_i/onsemi_vita_cam_0/U0/onsemi_vita_cam_v3_1_S00_AXI_inst/slv_reg6_reg[3]/C (clocked by clk_fpga_0) and design_1_i/onsemi_vita_cam_0/U0/onsemi_vita_cam_v3_1_S00_AXI_inst/onsemi_vita_cam_core_inst/vita_iserdes_v5.vita_iserdes/generate_datagen.datagen[1].db/cb/GenCntr_reg[3]/D (clocked by vita_clk_1). Large setup violations at the end of those stages might be difficult to fix during the post-placement implementation flow and could be the result of non-optimal XDC constraints or non-optimal design architecture
Related violations: <none>

TIMING-16#325 Warning
Large setup violation  
There is a large setup violation of -5.072 ns between design_1_i/onsemi_vita_cam_0/U0/onsemi_vita_cam_v3_1_S00_AXI_inst/slv_reg4_reg[2]/C (clocked by clk_fpga_0) and design_1_i/onsemi_vita_cam_0/U0/onsemi_vita_cam_v3_1_S00_AXI_inst/onsemi_vita_cam_core_inst/vita_iserdes_v5.vita_iserdes/generate_datagen.datagen[4].db/cb/SerdesCntr_reg[10]/CE (clocked by vita_clk_1). Large setup violations at the end of those stages might be difficult to fix during the post-placement implementation flow and could be the result of non-optimal XDC constraints or non-optimal design architecture
Related violations: <none>

TIMING-16#326 Warning
Large setup violation  
There is a large setup violation of -5.072 ns between design_1_i/onsemi_vita_cam_0/U0/onsemi_vita_cam_v3_1_S00_AXI_inst/slv_reg4_reg[2]/C (clocked by clk_fpga_0) and design_1_i/onsemi_vita_cam_0/U0/onsemi_vita_cam_v3_1_S00_AXI_inst/onsemi_vita_cam_core_inst/vita_iserdes_v5.vita_iserdes/generate_datagen.datagen[4].db/cb/SerdesCntr_reg[11]/CE (clocked by vita_clk_1). Large setup violations at the end of those stages might be difficult to fix during the post-placement implementation flow and could be the result of non-optimal XDC constraints or non-optimal design architecture
Related violations: <none>

TIMING-16#327 Warning
Large setup violation  
There is a large setup violation of -5.072 ns between design_1_i/onsemi_vita_cam_0/U0/onsemi_vita_cam_v3_1_S00_AXI_inst/slv_reg4_reg[2]/C (clocked by clk_fpga_0) and design_1_i/onsemi_vita_cam_0/U0/onsemi_vita_cam_v3_1_S00_AXI_inst/onsemi_vita_cam_core_inst/vita_iserdes_v5.vita_iserdes/generate_datagen.datagen[4].db/cb/SerdesCntr_reg[12]/CE (clocked by vita_clk_1). Large setup violations at the end of those stages might be difficult to fix during the post-placement implementation flow and could be the result of non-optimal XDC constraints or non-optimal design architecture
Related violations: <none>

TIMING-16#328 Warning
Large setup violation  
There is a large setup violation of -5.072 ns between design_1_i/onsemi_vita_cam_0/U0/onsemi_vita_cam_v3_1_S00_AXI_inst/slv_reg4_reg[2]/C (clocked by clk_fpga_0) and design_1_i/onsemi_vita_cam_0/U0/onsemi_vita_cam_v3_1_S00_AXI_inst/onsemi_vita_cam_core_inst/vita_iserdes_v5.vita_iserdes/generate_datagen.datagen[4].db/cb/SerdesCntr_reg[13]/CE (clocked by vita_clk_1). Large setup violations at the end of those stages might be difficult to fix during the post-placement implementation flow and could be the result of non-optimal XDC constraints or non-optimal design architecture
Related violations: <none>

TIMING-16#329 Warning
Large setup violation  
There is a large setup violation of -5.072 ns between design_1_i/onsemi_vita_cam_0/U0/onsemi_vita_cam_v3_1_S00_AXI_inst/slv_reg4_reg[2]/C (clocked by clk_fpga_0) and design_1_i/onsemi_vita_cam_0/U0/onsemi_vita_cam_v3_1_S00_AXI_inst/onsemi_vita_cam_core_inst/vita_iserdes_v5.vita_iserdes/generate_datagen.datagen[4].db/cb/SerdesCntr_reg[14]/CE (clocked by vita_clk_1). Large setup violations at the end of those stages might be difficult to fix during the post-placement implementation flow and could be the result of non-optimal XDC constraints or non-optimal design architecture
Related violations: <none>

TIMING-16#330 Warning
Large setup violation  
There is a large setup violation of -5.072 ns between design_1_i/onsemi_vita_cam_0/U0/onsemi_vita_cam_v3_1_S00_AXI_inst/slv_reg4_reg[2]/C (clocked by clk_fpga_0) and design_1_i/onsemi_vita_cam_0/U0/onsemi_vita_cam_v3_1_S00_AXI_inst/onsemi_vita_cam_core_inst/vita_iserdes_v5.vita_iserdes/generate_datagen.datagen[4].db/cb/SerdesCntr_reg[15]/CE (clocked by vita_clk_1). Large setup violations at the end of those stages might be difficult to fix during the post-placement implementation flow and could be the result of non-optimal XDC constraints or non-optimal design architecture
Related violations: <none>

TIMING-16#331 Warning
Large setup violation  
There is a large setup violation of -5.074 ns between design_1_i/onsemi_vita_cam_0/U0/onsemi_vita_cam_v3_1_S00_AXI_inst/slv_reg6_reg[3]/C (clocked by clk_fpga_0) and design_1_i/onsemi_vita_cam_0/U0/onsemi_vita_cam_v3_1_S00_AXI_inst/onsemi_vita_cam_core_inst/vita_iserdes_v5.vita_iserdes/generate_datagen.datagen[0].db/cb/GenCntr_reg[3]/D (clocked by vita_clk_1). Large setup violations at the end of those stages might be difficult to fix during the post-placement implementation flow and could be the result of non-optimal XDC constraints or non-optimal design architecture
Related violations: <none>

TIMING-16#332 Warning
Large setup violation  
There is a large setup violation of -5.080 ns between design_1_i/onsemi_vita_cam_0/U0/onsemi_vita_cam_v3_1_S00_AXI_inst/slv_reg4_reg[0]/C (clocked by clk_fpga_0) and design_1_i/onsemi_vita_cam_0/U0/onsemi_vita_cam_v3_1_S00_AXI_inst/onsemi_vita_cam_core_inst/vita_iserdes_v5.vita_iserdes/generate_datagen.datagen[0].db/ss/datapipe_reg[0][7]/CE (clocked by vita_clk_1). Large setup violations at the end of those stages might be difficult to fix during the post-placement implementation flow and could be the result of non-optimal XDC constraints or non-optimal design architecture
Related violations: <none>

TIMING-16#333 Warning
Large setup violation  
There is a large setup violation of -5.080 ns between design_1_i/onsemi_vita_cam_0/U0/onsemi_vita_cam_v3_1_S00_AXI_inst/slv_reg4_reg[0]/C (clocked by clk_fpga_0) and design_1_i/onsemi_vita_cam_0/U0/onsemi_vita_cam_v3_1_S00_AXI_inst/onsemi_vita_cam_core_inst/vita_iserdes_v5.vita_iserdes/generate_datagen.datagen[0].db/ss/datapipe_reg[1][7]/CE (clocked by vita_clk_1). Large setup violations at the end of those stages might be difficult to fix during the post-placement implementation flow and could be the result of non-optimal XDC constraints or non-optimal design architecture
Related violations: <none>

TIMING-16#334 Warning
Large setup violation  
There is a large setup violation of -5.080 ns between design_1_i/onsemi_vita_cam_0/U0/onsemi_vita_cam_v3_1_S00_AXI_inst/slv_reg4_reg[2]/C (clocked by clk_fpga_0) and design_1_i/onsemi_vita_cam_0/U0/onsemi_vita_cam_v3_1_S00_AXI_inst/onsemi_vita_cam_core_inst/vita_iserdes_v5.vita_iserdes/generate_datagen.datagen[1].db/cb/start_align_i_reg/D (clocked by vita_clk_1). Large setup violations at the end of those stages might be difficult to fix during the post-placement implementation flow and could be the result of non-optimal XDC constraints or non-optimal design architecture
Related violations: <none>

TIMING-16#335 Warning
Large setup violation  
There is a large setup violation of -5.080 ns between design_1_i/onsemi_vita_cam_0/U0/onsemi_vita_cam_v3_1_S00_AXI_inst/slv_reg6_reg[2]/C (clocked by clk_fpga_0) and design_1_i/onsemi_vita_cam_0/U0/onsemi_vita_cam_v3_1_S00_AXI_inst/onsemi_vita_cam_core_inst/vita_iserdes_v5.vita_iserdes/generate_datagen.datagen[4].db/cb/GenCntr_reg[2]/D (clocked by vita_clk_1). Large setup violations at the end of those stages might be difficult to fix during the post-placement implementation flow and could be the result of non-optimal XDC constraints or non-optimal design architecture
Related violations: <none>

TIMING-16#336 Warning
Large setup violation  
There is a large setup violation of -5.081 ns between design_1_i/onsemi_vita_cam_0/U0/onsemi_vita_cam_v3_1_S00_AXI_inst/slv_reg4_reg[2]/C (clocked by clk_fpga_0) and design_1_i/onsemi_vita_cam_0/U0/onsemi_vita_cam_v3_1_S00_AXI_inst/onsemi_vita_cam_core_inst/vita_iserdes_v5.vita_iserdes/generate_datagen.datagen[4].db/cb/TimeOutCntr_reg[0]/CE (clocked by vita_clk_1). Large setup violations at the end of those stages might be difficult to fix during the post-placement implementation flow and could be the result of non-optimal XDC constraints or non-optimal design architecture
Related violations: <none>

TIMING-16#337 Warning
Large setup violation  
There is a large setup violation of -5.081 ns between design_1_i/onsemi_vita_cam_0/U0/onsemi_vita_cam_v3_1_S00_AXI_inst/slv_reg4_reg[2]/C (clocked by clk_fpga_0) and design_1_i/onsemi_vita_cam_0/U0/onsemi_vita_cam_v3_1_S00_AXI_inst/onsemi_vita_cam_core_inst/vita_iserdes_v5.vita_iserdes/generate_datagen.datagen[4].db/cb/TimeOutCntr_reg[1]/CE (clocked by vita_clk_1). Large setup violations at the end of those stages might be difficult to fix during the post-placement implementation flow and could be the result of non-optimal XDC constraints or non-optimal design architecture
Related violations: <none>

TIMING-16#338 Warning
Large setup violation  
There is a large setup violation of -5.081 ns between design_1_i/onsemi_vita_cam_0/U0/onsemi_vita_cam_v3_1_S00_AXI_inst/slv_reg4_reg[2]/C (clocked by clk_fpga_0) and design_1_i/onsemi_vita_cam_0/U0/onsemi_vita_cam_v3_1_S00_AXI_inst/onsemi_vita_cam_core_inst/vita_iserdes_v5.vita_iserdes/generate_datagen.datagen[4].db/cb/TimeOutCntr_reg[2]/CE (clocked by vita_clk_1). Large setup violations at the end of those stages might be difficult to fix during the post-placement implementation flow and could be the result of non-optimal XDC constraints or non-optimal design architecture
Related violations: <none>

TIMING-16#339 Warning
Large setup violation  
There is a large setup violation of -5.081 ns between design_1_i/onsemi_vita_cam_0/U0/onsemi_vita_cam_v3_1_S00_AXI_inst/slv_reg4_reg[2]/C (clocked by clk_fpga_0) and design_1_i/onsemi_vita_cam_0/U0/onsemi_vita_cam_v3_1_S00_AXI_inst/onsemi_vita_cam_core_inst/vita_iserdes_v5.vita_iserdes/generate_datagen.datagen[4].db/cb/TimeOutCntr_reg[3]/CE (clocked by vita_clk_1). Large setup violations at the end of those stages might be difficult to fix during the post-placement implementation flow and could be the result of non-optimal XDC constraints or non-optimal design architecture
Related violations: <none>

TIMING-16#340 Warning
Large setup violation  
There is a large setup violation of -5.081 ns between design_1_i/onsemi_vita_cam_0/U0/onsemi_vita_cam_v3_1_S00_AXI_inst/slv_reg4_reg[2]/C (clocked by clk_fpga_0) and design_1_i/onsemi_vita_cam_0/U0/onsemi_vita_cam_v3_1_S00_AXI_inst/onsemi_vita_cam_core_inst/vita_iserdes_v5.vita_iserdes/generate_datagen.datagen[4].db/cb/TimeOutCntr_reg[4]/CE (clocked by vita_clk_1). Large setup violations at the end of those stages might be difficult to fix during the post-placement implementation flow and could be the result of non-optimal XDC constraints or non-optimal design architecture
Related violations: <none>

TIMING-16#341 Warning
Large setup violation  
There is a large setup violation of -5.081 ns between design_1_i/onsemi_vita_cam_0/U0/onsemi_vita_cam_v3_1_S00_AXI_inst/slv_reg4_reg[2]/C (clocked by clk_fpga_0) and design_1_i/onsemi_vita_cam_0/U0/onsemi_vita_cam_v3_1_S00_AXI_inst/onsemi_vita_cam_core_inst/vita_iserdes_v5.vita_iserdes/generate_datagen.datagen[4].db/cb/TimeOutCntr_reg[5]/CE (clocked by vita_clk_1). Large setup violations at the end of those stages might be difficult to fix during the post-placement implementation flow and could be the result of non-optimal XDC constraints or non-optimal design architecture
Related violations: <none>

TIMING-16#342 Warning
Large setup violation  
There is a large setup violation of -5.082 ns between design_1_i/onsemi_vita_cam_0/U0/onsemi_vita_cam_v3_1_S00_AXI_inst/slv_reg4_reg[0]/C (clocked by clk_fpga_0) and design_1_i/onsemi_vita_cam_0/U0/onsemi_vita_cam_v3_1_S00_AXI_inst/onsemi_vita_cam_core_inst/vita_iserdes_v5.vita_iserdes/generate_datagen.datagen[3].db/ss/datapipe_reg[1][4]/CE (clocked by vita_clk_1). Large setup violations at the end of those stages might be difficult to fix during the post-placement implementation flow and could be the result of non-optimal XDC constraints or non-optimal design architecture
Related violations: <none>

TIMING-16#343 Warning
Large setup violation  
There is a large setup violation of -5.082 ns between design_1_i/onsemi_vita_cam_0/U0/onsemi_vita_cam_v3_1_S00_AXI_inst/slv_reg4_reg[0]/C (clocked by clk_fpga_0) and design_1_i/onsemi_vita_cam_0/U0/onsemi_vita_cam_v3_1_S00_AXI_inst/onsemi_vita_cam_core_inst/vita_iserdes_v5.vita_iserdes/generate_datagen.datagen[3].db/ss/datapipe_reg[1][8]/CE (clocked by vita_clk_1). Large setup violations at the end of those stages might be difficult to fix during the post-placement implementation flow and could be the result of non-optimal XDC constraints or non-optimal design architecture
Related violations: <none>

TIMING-16#344 Warning
Large setup violation  
There is a large setup violation of -5.082 ns between design_1_i/onsemi_vita_cam_0/U0/onsemi_vita_cam_v3_1_S00_AXI_inst/slv_reg4_reg[0]/C (clocked by clk_fpga_0) and design_1_i/onsemi_vita_cam_0/U0/onsemi_vita_cam_v3_1_S00_AXI_inst/onsemi_vita_cam_core_inst/vita_iserdes_v5.vita_iserdes/generate_datagen.datagen[3].db/ss/datapipe_reg[1][9]/CE (clocked by vita_clk_1). Large setup violations at the end of those stages might be difficult to fix during the post-placement implementation flow and could be the result of non-optimal XDC constraints or non-optimal design architecture
Related violations: <none>

TIMING-16#345 Warning
Large setup violation  
There is a large setup violation of -5.083 ns between design_1_i/onsemi_vita_cam_0/U0/onsemi_vita_cam_v3_1_S00_AXI_inst/slv_reg4_reg[2]/C (clocked by clk_fpga_0) and design_1_i/onsemi_vita_cam_0/U0/onsemi_vita_cam_v3_1_S00_AXI_inst/onsemi_vita_cam_core_inst/vita_iserdes_v5.vita_iserdes/generate_datagen.datagen[1].db/cb/CTRL_FIFO_RESET_reg/D (clocked by vita_clk_1). Large setup violations at the end of those stages might be difficult to fix during the post-placement implementation flow and could be the result of non-optimal XDC constraints or non-optimal design architecture
Related violations: <none>

TIMING-16#346 Warning
Large setup violation  
There is a large setup violation of -5.085 ns between design_1_i/onsemi_vita_cam_0/U0/onsemi_vita_cam_v3_1_S00_AXI_inst/slv_reg8_reg[1]/C (clocked by clk_fpga_0) and design_1_i/onsemi_vita_cam_0/U0/onsemi_vita_cam_v3_1_S00_AXI_inst/onsemi_vita_cam_core_inst/vita_crc_checker/generate_CRC[3].the_crc_comp/FSM_sequential_CompareState_reg[1]/D (clocked by vita_clk_1). Large setup violations at the end of those stages might be difficult to fix during the post-placement implementation flow and could be the result of non-optimal XDC constraints or non-optimal design architecture
Related violations: <none>

TIMING-16#347 Warning
Large setup violation  
There is a large setup violation of -5.093 ns between design_1_i/onsemi_vita_cam_0/U0/onsemi_vita_cam_v3_1_S00_AXI_inst/slv_reg28_reg[1]/C (clocked by clk_fpga_0) and design_1_i/onsemi_vita_cam_0/U0/onsemi_vita_cam_v3_1_S00_AXI_inst/onsemi_vita_cam_core_inst/vita_crc_checker/generate_CRC[0].the_crc_calc/CRC_tool_reg[1]/D (clocked by vita_clk_1). Large setup violations at the end of those stages might be difficult to fix during the post-placement implementation flow and could be the result of non-optimal XDC constraints or non-optimal design architecture
Related violations: <none>

TIMING-16#348 Warning
Large setup violation  
There is a large setup violation of -5.095 ns between design_1_i/onsemi_vita_cam_0/U0/onsemi_vita_cam_v3_1_S00_AXI_inst/slv_reg8_reg[1]/C (clocked by clk_fpga_0) and design_1_i/onsemi_vita_cam_0/U0/onsemi_vita_cam_v3_1_S00_AXI_inst/onsemi_vita_cam_core_inst/vita_crc_checker/generate_CRC[3].the_crc_comp/FSM_sequential_CompareState_reg[0]/D (clocked by vita_clk_1). Large setup violations at the end of those stages might be difficult to fix during the post-placement implementation flow and could be the result of non-optimal XDC constraints or non-optimal design architecture
Related violations: <none>

TIMING-16#349 Warning
Large setup violation  
There is a large setup violation of -5.097 ns between design_1_i/onsemi_vita_cam_0/U0/onsemi_vita_cam_v3_1_S00_AXI_inst/slv_reg6_reg[4]/C (clocked by clk_fpga_0) and design_1_i/onsemi_vita_cam_0/U0/onsemi_vita_cam_v3_1_S00_AXI_inst/onsemi_vita_cam_core_inst/vita_iserdes_v5.vita_iserdes/generate_datagen.datagen[1].db/cb/GenCntr_reg[4]/D (clocked by vita_clk_1). Large setup violations at the end of those stages might be difficult to fix during the post-placement implementation flow and could be the result of non-optimal XDC constraints or non-optimal design architecture
Related violations: <none>

TIMING-16#350 Warning
Large setup violation  
There is a large setup violation of -5.101 ns between design_1_i/onsemi_vita_cam_0/U0/onsemi_vita_cam_v3_1_S00_AXI_inst/slv_reg6_reg[7]/C (clocked by clk_fpga_0) and design_1_i/onsemi_vita_cam_0/U0/onsemi_vita_cam_v3_1_S00_AXI_inst/onsemi_vita_cam_core_inst/vita_iserdes_v5.vita_iserdes/generate_datagen.datagen[3].db/cb/GenCntr_reg[7]/D (clocked by vita_clk_1). Large setup violations at the end of those stages might be difficult to fix during the post-placement implementation flow and could be the result of non-optimal XDC constraints or non-optimal design architecture
Related violations: <none>

TIMING-16#351 Warning
Large setup violation  
There is a large setup violation of -5.106 ns between design_1_i/onsemi_vita_cam_0/U0/onsemi_vita_cam_v3_1_S00_AXI_inst/slv_reg4_reg[2]/C (clocked by clk_fpga_0) and design_1_i/onsemi_vita_cam_0/U0/onsemi_vita_cam_v3_1_S00_AXI_inst/onsemi_vita_cam_core_inst/vita_iserdes_v5.vita_iserdes/generate_datagen.datagen[1].db/cb/SerdesCntr_reg[0]/D (clocked by vita_clk_1). Large setup violations at the end of those stages might be difficult to fix during the post-placement implementation flow and could be the result of non-optimal XDC constraints or non-optimal design architecture
Related violations: <none>

TIMING-16#352 Warning
Large setup violation  
There is a large setup violation of -5.106 ns between design_1_i/onsemi_vita_cam_0/U0/onsemi_vita_cam_v3_1_S00_AXI_inst/slv_reg4_reg[2]/C (clocked by clk_fpga_0) and design_1_i/onsemi_vita_cam_0/U0/onsemi_vita_cam_v3_1_S00_AXI_inst/onsemi_vita_cam_core_inst/vita_iserdes_v5.vita_iserdes/generate_datagen.datagen[2].db/cb/selector_reg[0]/CE (clocked by vita_clk_1). Large setup violations at the end of those stages might be difficult to fix during the post-placement implementation flow and could be the result of non-optimal XDC constraints or non-optimal design architecture
Related violations: <none>

TIMING-16#353 Warning
Large setup violation  
There is a large setup violation of -5.108 ns between design_1_i/onsemi_vita_cam_0/U0/onsemi_vita_cam_v3_1_S00_AXI_inst/slv_reg28_reg[1]/C (clocked by clk_fpga_0) and design_1_i/onsemi_vita_cam_0/U0/onsemi_vita_cam_v3_1_S00_AXI_inst/onsemi_vita_cam_core_inst/vita_crc_checker/generate_CRC[0].the_crc_calc/CRC_tool_reg[3]/D (clocked by vita_clk_1). Large setup violations at the end of those stages might be difficult to fix during the post-placement implementation flow and could be the result of non-optimal XDC constraints or non-optimal design architecture
Related violations: <none>

TIMING-16#354 Warning
Large setup violation  
There is a large setup violation of -5.108 ns between design_1_i/onsemi_vita_cam_0/U0/onsemi_vita_cam_v3_1_S00_AXI_inst/slv_reg4_reg[2]/C (clocked by clk_fpga_0) and design_1_i/onsemi_vita_cam_0/U0/onsemi_vita_cam_v3_1_S00_AXI_inst/onsemi_vita_cam_core_inst/vita_iserdes_v5.vita_iserdes/generate_datagen.datagen[1].db/cb/selector_reg[0]/CE (clocked by vita_clk_1). Large setup violations at the end of those stages might be difficult to fix during the post-placement implementation flow and could be the result of non-optimal XDC constraints or non-optimal design architecture
Related violations: <none>

TIMING-16#355 Warning
Large setup violation  
There is a large setup violation of -5.109 ns between design_1_i/onsemi_vita_cam_0/U0/onsemi_vita_cam_v3_1_S00_AXI_inst/slv_reg4_reg[2]/C (clocked by clk_fpga_0) and design_1_i/onsemi_vita_cam_0/U0/onsemi_vita_cam_v3_1_S00_AXI_inst/onsemi_vita_cam_core_inst/vita_iserdes_v5.vita_iserdes/generate_datagen.datagen[2].db/cb/SerdesCntr_reg[14]/CE (clocked by vita_clk_1). Large setup violations at the end of those stages might be difficult to fix during the post-placement implementation flow and could be the result of non-optimal XDC constraints or non-optimal design architecture
Related violations: <none>

TIMING-16#356 Warning
Large setup violation  
There is a large setup violation of -5.109 ns between design_1_i/onsemi_vita_cam_0/U0/onsemi_vita_cam_v3_1_S00_AXI_inst/slv_reg4_reg[2]/C (clocked by clk_fpga_0) and design_1_i/onsemi_vita_cam_0/U0/onsemi_vita_cam_v3_1_S00_AXI_inst/onsemi_vita_cam_core_inst/vita_iserdes_v5.vita_iserdes/generate_datagen.datagen[2].db/cb/SerdesCntr_reg[15]/CE (clocked by vita_clk_1). Large setup violations at the end of those stages might be difficult to fix during the post-placement implementation flow and could be the result of non-optimal XDC constraints or non-optimal design architecture
Related violations: <none>

TIMING-16#357 Warning
Large setup violation  
There is a large setup violation of -5.114 ns between design_1_i/onsemi_vita_cam_0/U0/onsemi_vita_cam_v3_1_S00_AXI_inst/slv_reg4_reg[2]/C (clocked by clk_fpga_0) and design_1_i/onsemi_vita_cam_0/U0/onsemi_vita_cam_v3_1_S00_AXI_inst/onsemi_vita_cam_core_inst/vita_iserdes_v5.vita_iserdes/generate_datagen.datagen[2].db/cb/FSM_sequential_serdesseqstate_reg[0]/D (clocked by vita_clk_1). Large setup violations at the end of those stages might be difficult to fix during the post-placement implementation flow and could be the result of non-optimal XDC constraints or non-optimal design architecture
Related violations: <none>

TIMING-16#358 Warning
Large setup violation  
There is a large setup violation of -5.114 ns between design_1_i/onsemi_vita_cam_0/U0/onsemi_vita_cam_v3_1_S00_AXI_inst/slv_reg4_reg[2]/C (clocked by clk_fpga_0) and design_1_i/onsemi_vita_cam_0/U0/onsemi_vita_cam_v3_1_S00_AXI_inst/onsemi_vita_cam_core_inst/vita_iserdes_v5.vita_iserdes/generate_datagen.datagen[2].db/cb/start_align_i_reg/D (clocked by vita_clk_1). Large setup violations at the end of those stages might be difficult to fix during the post-placement implementation flow and could be the result of non-optimal XDC constraints or non-optimal design architecture
Related violations: <none>

TIMING-16#359 Warning
Large setup violation  
There is a large setup violation of -5.114 ns between design_1_i/onsemi_vita_cam_0/U0/onsemi_vita_cam_v3_1_S00_AXI_inst/slv_reg6_reg[8]/C (clocked by clk_fpga_0) and design_1_i/onsemi_vita_cam_0/U0/onsemi_vita_cam_v3_1_S00_AXI_inst/onsemi_vita_cam_core_inst/vita_iserdes_v5.vita_iserdes/generate_datagen.datagen[4].db/cb/GenCntr_reg[8]/D (clocked by vita_clk_1). Large setup violations at the end of those stages might be difficult to fix during the post-placement implementation flow and could be the result of non-optimal XDC constraints or non-optimal design architecture
Related violations: <none>

TIMING-16#360 Warning
Large setup violation  
There is a large setup violation of -5.121 ns between design_1_i/onsemi_vita_cam_0/U0/onsemi_vita_cam_v3_1_S00_AXI_inst/slv_reg4_reg[2]/C (clocked by clk_fpga_0) and design_1_i/onsemi_vita_cam_0/U0/onsemi_vita_cam_v3_1_S00_AXI_inst/onsemi_vita_cam_core_inst/vita_iserdes_v5.vita_iserdes/generate_datagen.datagen[0].db/cb/SerdesCntr_reg[10]/CE (clocked by vita_clk_1). Large setup violations at the end of those stages might be difficult to fix during the post-placement implementation flow and could be the result of non-optimal XDC constraints or non-optimal design architecture
Related violations: <none>

TIMING-16#361 Warning
Large setup violation  
There is a large setup violation of -5.121 ns between design_1_i/onsemi_vita_cam_0/U0/onsemi_vita_cam_v3_1_S00_AXI_inst/slv_reg4_reg[2]/C (clocked by clk_fpga_0) and design_1_i/onsemi_vita_cam_0/U0/onsemi_vita_cam_v3_1_S00_AXI_inst/onsemi_vita_cam_core_inst/vita_iserdes_v5.vita_iserdes/generate_datagen.datagen[0].db/cb/SerdesCntr_reg[11]/CE (clocked by vita_clk_1). Large setup violations at the end of those stages might be difficult to fix during the post-placement implementation flow and could be the result of non-optimal XDC constraints or non-optimal design architecture
Related violations: <none>

TIMING-16#362 Warning
Large setup violation  
There is a large setup violation of -5.121 ns between design_1_i/onsemi_vita_cam_0/U0/onsemi_vita_cam_v3_1_S00_AXI_inst/slv_reg4_reg[2]/C (clocked by clk_fpga_0) and design_1_i/onsemi_vita_cam_0/U0/onsemi_vita_cam_v3_1_S00_AXI_inst/onsemi_vita_cam_core_inst/vita_iserdes_v5.vita_iserdes/generate_datagen.datagen[0].db/cb/SerdesCntr_reg[8]/CE (clocked by vita_clk_1). Large setup violations at the end of those stages might be difficult to fix during the post-placement implementation flow and could be the result of non-optimal XDC constraints or non-optimal design architecture
Related violations: <none>

TIMING-16#363 Warning
Large setup violation  
There is a large setup violation of -5.121 ns between design_1_i/onsemi_vita_cam_0/U0/onsemi_vita_cam_v3_1_S00_AXI_inst/slv_reg4_reg[2]/C (clocked by clk_fpga_0) and design_1_i/onsemi_vita_cam_0/U0/onsemi_vita_cam_v3_1_S00_AXI_inst/onsemi_vita_cam_core_inst/vita_iserdes_v5.vita_iserdes/generate_datagen.datagen[0].db/cb/SerdesCntr_reg[9]/CE (clocked by vita_clk_1). Large setup violations at the end of those stages might be difficult to fix during the post-placement implementation flow and could be the result of non-optimal XDC constraints or non-optimal design architecture
Related violations: <none>

TIMING-16#364 Warning
Large setup violation  
There is a large setup violation of -5.121 ns between design_1_i/onsemi_vita_cam_0/U0/onsemi_vita_cam_v3_1_S00_AXI_inst/slv_reg4_reg[2]/C (clocked by clk_fpga_0) and design_1_i/onsemi_vita_cam_0/U0/onsemi_vita_cam_v3_1_S00_AXI_inst/onsemi_vita_cam_core_inst/vita_iserdes_v5.vita_iserdes/generate_datagen.datagen[2].db/cb/ALIGN_BUSY_reg/D (clocked by vita_clk_1). Large setup violations at the end of those stages might be difficult to fix during the post-placement implementation flow and could be the result of non-optimal XDC constraints or non-optimal design architecture
Related violations: <none>

TIMING-16#365 Warning
Large setup violation  
There is a large setup violation of -5.126 ns between design_1_i/onsemi_vita_cam_0/U0/onsemi_vita_cam_v3_1_S00_AXI_inst/slv_reg4_reg[2]/C (clocked by clk_fpga_0) and design_1_i/onsemi_vita_cam_0/U0/onsemi_vita_cam_v3_1_S00_AXI_inst/onsemi_vita_cam_core_inst/vita_iserdes_v5.vita_iserdes/generate_datagen.datagen[4].db/cb/SerdesCntr_reg[8]/CE (clocked by vita_clk_1). Large setup violations at the end of those stages might be difficult to fix during the post-placement implementation flow and could be the result of non-optimal XDC constraints or non-optimal design architecture
Related violations: <none>

TIMING-16#366 Warning
Large setup violation  
There is a large setup violation of -5.126 ns between design_1_i/onsemi_vita_cam_0/U0/onsemi_vita_cam_v3_1_S00_AXI_inst/slv_reg4_reg[2]/C (clocked by clk_fpga_0) and design_1_i/onsemi_vita_cam_0/U0/onsemi_vita_cam_v3_1_S00_AXI_inst/onsemi_vita_cam_core_inst/vita_iserdes_v5.vita_iserdes/generate_datagen.datagen[4].db/cb/SerdesCntr_reg[9]/CE (clocked by vita_clk_1). Large setup violations at the end of those stages might be difficult to fix during the post-placement implementation flow and could be the result of non-optimal XDC constraints or non-optimal design architecture
Related violations: <none>

TIMING-16#367 Warning
Large setup violation  
There is a large setup violation of -5.126 ns between design_1_i/onsemi_vita_cam_0/U0/onsemi_vita_cam_v3_1_S00_AXI_inst/slv_reg4_reg[2]/C (clocked by clk_fpga_0) and design_1_i/onsemi_vita_cam_0/U0/onsemi_vita_cam_v3_1_S00_AXI_inst/onsemi_vita_cam_core_inst/vita_iserdes_v5.vita_iserdes/generate_datagen.datagen[4].db/cb/selector_reg[0]/CE (clocked by vita_clk_1). Large setup violations at the end of those stages might be difficult to fix during the post-placement implementation flow and could be the result of non-optimal XDC constraints or non-optimal design architecture
Related violations: <none>

TIMING-16#368 Warning
Large setup violation  
There is a large setup violation of -5.129 ns between design_1_i/onsemi_vita_cam_0/U0/onsemi_vita_cam_v3_1_S00_AXI_inst/slv_reg6_reg[7]/C (clocked by clk_fpga_0) and design_1_i/onsemi_vita_cam_0/U0/onsemi_vita_cam_v3_1_S00_AXI_inst/onsemi_vita_cam_core_inst/vita_iserdes_v5.vita_iserdes/generate_datagen.datagen[0].db/cb/GenCntr_reg[7]/D (clocked by vita_clk_1). Large setup violations at the end of those stages might be difficult to fix during the post-placement implementation flow and could be the result of non-optimal XDC constraints or non-optimal design architecture
Related violations: <none>

TIMING-16#369 Warning
Large setup violation  
There is a large setup violation of -5.130 ns between design_1_i/onsemi_vita_cam_0/U0/onsemi_vita_cam_v3_1_S00_AXI_inst/slv_reg28_reg[1]/C (clocked by clk_fpga_0) and design_1_i/onsemi_vita_cam_0/U0/onsemi_vita_cam_v3_1_S00_AXI_inst/onsemi_vita_cam_core_inst/vita_crc_checker/generate_CRC[1].the_crc_calc/CRC_tool_reg[1]/D (clocked by vita_clk_1). Large setup violations at the end of those stages might be difficult to fix during the post-placement implementation flow and could be the result of non-optimal XDC constraints or non-optimal design architecture
Related violations: <none>

TIMING-16#370 Warning
Large setup violation  
There is a large setup violation of -5.133 ns between design_1_i/onsemi_vita_cam_0/U0/onsemi_vita_cam_v3_1_S00_AXI_inst/slv_reg28_reg[1]/C (clocked by clk_fpga_0) and design_1_i/onsemi_vita_cam_0/U0/onsemi_vita_cam_v3_1_S00_AXI_inst/onsemi_vita_cam_core_inst/vita_crc_checker/generate_CRC[0].the_crc_calc/CRC_tool_reg[7]/D (clocked by vita_clk_1). Large setup violations at the end of those stages might be difficult to fix during the post-placement implementation flow and could be the result of non-optimal XDC constraints or non-optimal design architecture
Related violations: <none>

TIMING-16#371 Warning
Large setup violation  
There is a large setup violation of -5.136 ns between design_1_i/onsemi_vita_cam_0/U0/onsemi_vita_cam_v3_1_S00_AXI_inst/slv_reg4_reg[2]/C (clocked by clk_fpga_0) and design_1_i/onsemi_vita_cam_0/U0/onsemi_vita_cam_v3_1_S00_AXI_inst/onsemi_vita_cam_core_inst/vita_iserdes_v5.vita_iserdes/generate_datagen.datagen[1].db/cb/TimeOutCntr_reg[0]/CE (clocked by vita_clk_1). Large setup violations at the end of those stages might be difficult to fix during the post-placement implementation flow and could be the result of non-optimal XDC constraints or non-optimal design architecture
Related violations: <none>

TIMING-16#372 Warning
Large setup violation  
There is a large setup violation of -5.136 ns between design_1_i/onsemi_vita_cam_0/U0/onsemi_vita_cam_v3_1_S00_AXI_inst/slv_reg4_reg[2]/C (clocked by clk_fpga_0) and design_1_i/onsemi_vita_cam_0/U0/onsemi_vita_cam_v3_1_S00_AXI_inst/onsemi_vita_cam_core_inst/vita_iserdes_v5.vita_iserdes/generate_datagen.datagen[1].db/cb/TimeOutCntr_reg[1]/CE (clocked by vita_clk_1). Large setup violations at the end of those stages might be difficult to fix during the post-placement implementation flow and could be the result of non-optimal XDC constraints or non-optimal design architecture
Related violations: <none>

TIMING-16#373 Warning
Large setup violation  
There is a large setup violation of -5.139 ns between design_1_i/onsemi_vita_cam_0/U0/onsemi_vita_cam_v3_1_S00_AXI_inst/slv_reg6_reg[5]/C (clocked by clk_fpga_0) and design_1_i/onsemi_vita_cam_0/U0/onsemi_vita_cam_v3_1_S00_AXI_inst/onsemi_vita_cam_core_inst/vita_iserdes_v5.vita_iserdes/generate_datagen.datagen[0].db/cb/GenCntr_reg[5]/D (clocked by vita_clk_1). Large setup violations at the end of those stages might be difficult to fix during the post-placement implementation flow and could be the result of non-optimal XDC constraints or non-optimal design architecture
Related violations: <none>

TIMING-16#374 Warning
Large setup violation  
There is a large setup violation of -5.142 ns between design_1_i/onsemi_vita_cam_0/U0/onsemi_vita_cam_v3_1_S00_AXI_inst/slv_reg28_reg[1]/C (clocked by clk_fpga_0) and design_1_i/onsemi_vita_cam_0/U0/onsemi_vita_cam_v3_1_S00_AXI_inst/onsemi_vita_cam_core_inst/vita_crc_checker/generate_CRC[0].the_crc_calc/CRC_tool_reg[8]/D (clocked by vita_clk_1). Large setup violations at the end of those stages might be difficult to fix during the post-placement implementation flow and could be the result of non-optimal XDC constraints or non-optimal design architecture
Related violations: <none>

TIMING-16#375 Warning
Large setup violation  
There is a large setup violation of -5.142 ns between design_1_i/onsemi_vita_cam_0/U0/onsemi_vita_cam_v3_1_S00_AXI_inst/slv_reg4_reg[0]/C (clocked by clk_fpga_0) and design_1_i/onsemi_vita_cam_0/U0/onsemi_vita_cam_v3_1_S00_AXI_inst/onsemi_vita_cam_core_inst/vita_iserdes_v5.vita_iserdes/generate_datagen.datagen[3].db/ss/datapipe_reg[1][1]/CE (clocked by vita_clk_1). Large setup violations at the end of those stages might be difficult to fix during the post-placement implementation flow and could be the result of non-optimal XDC constraints or non-optimal design architecture
Related violations: <none>

TIMING-16#376 Warning
Large setup violation  
There is a large setup violation of -5.142 ns between design_1_i/onsemi_vita_cam_0/U0/onsemi_vita_cam_v3_1_S00_AXI_inst/slv_reg4_reg[0]/C (clocked by clk_fpga_0) and design_1_i/onsemi_vita_cam_0/U0/onsemi_vita_cam_v3_1_S00_AXI_inst/onsemi_vita_cam_core_inst/vita_iserdes_v5.vita_iserdes/generate_datagen.datagen[3].db/ss/datapipe_reg[1][2]/CE (clocked by vita_clk_1). Large setup violations at the end of those stages might be difficult to fix during the post-placement implementation flow and could be the result of non-optimal XDC constraints or non-optimal design architecture
Related violations: <none>

TIMING-16#377 Warning
Large setup violation  
There is a large setup violation of -5.142 ns between design_1_i/onsemi_vita_cam_0/U0/onsemi_vita_cam_v3_1_S00_AXI_inst/slv_reg4_reg[0]/C (clocked by clk_fpga_0) and design_1_i/onsemi_vita_cam_0/U0/onsemi_vita_cam_v3_1_S00_AXI_inst/onsemi_vita_cam_core_inst/vita_iserdes_v5.vita_iserdes/generate_datagen.datagen[3].db/ss/datapipe_reg[1][3]/CE (clocked by vita_clk_1). Large setup violations at the end of those stages might be difficult to fix during the post-placement implementation flow and could be the result of non-optimal XDC constraints or non-optimal design architecture
Related violations: <none>

TIMING-16#378 Warning
Large setup violation  
There is a large setup violation of -5.145 ns between design_1_i/onsemi_vita_cam_0/U0/onsemi_vita_cam_v3_1_S00_AXI_inst/slv_reg28_reg[1]/C (clocked by clk_fpga_0) and design_1_i/onsemi_vita_cam_0/U0/onsemi_vita_cam_v3_1_S00_AXI_inst/onsemi_vita_cam_core_inst/vita_crc_checker/generate_CRC[0].the_crc_calc/CRC_tool_reg[5]/D (clocked by vita_clk_1). Large setup violations at the end of those stages might be difficult to fix during the post-placement implementation flow and could be the result of non-optimal XDC constraints or non-optimal design architecture
Related violations: <none>

TIMING-16#379 Warning
Large setup violation  
There is a large setup violation of -5.145 ns between design_1_i/onsemi_vita_cam_0/U0/onsemi_vita_cam_v3_1_S00_AXI_inst/slv_reg28_reg[1]/C (clocked by clk_fpga_0) and design_1_i/onsemi_vita_cam_0/U0/onsemi_vita_cam_v3_1_S00_AXI_inst/onsemi_vita_cam_core_inst/vita_crc_checker/generate_CRC[1].the_crc_calc/CRC_tool_reg[3]/D (clocked by vita_clk_1). Large setup violations at the end of those stages might be difficult to fix during the post-placement implementation flow and could be the result of non-optimal XDC constraints or non-optimal design architecture
Related violations: <none>

TIMING-16#380 Warning
Large setup violation  
There is a large setup violation of -5.146 ns between design_1_i/onsemi_vita_cam_0/U0/onsemi_vita_cam_v3_1_S00_AXI_inst/slv_reg6_reg[3]/C (clocked by clk_fpga_0) and design_1_i/onsemi_vita_cam_0/U0/onsemi_vita_cam_v3_1_S00_AXI_inst/onsemi_vita_cam_core_inst/vita_iserdes_v5.vita_iserdes/generate_datagen.datagen[4].db/cb/GenCntr_reg[3]/D (clocked by vita_clk_1). Large setup violations at the end of those stages might be difficult to fix during the post-placement implementation flow and could be the result of non-optimal XDC constraints or non-optimal design architecture
Related violations: <none>

TIMING-16#381 Warning
Large setup violation  
There is a large setup violation of -5.147 ns between design_1_i/onsemi_vita_cam_0/U0/onsemi_vita_cam_v3_1_S00_AXI_inst/slv_reg4_reg[2]/C (clocked by clk_fpga_0) and design_1_i/onsemi_vita_cam_0/U0/onsemi_vita_cam_v3_1_S00_AXI_inst/onsemi_vita_cam_core_inst/vita_iserdes_v5.vita_iserdes/generate_datagen.datagen[4].db/cb/SerdesCntr_reg[11]/D (clocked by vita_clk_1). Large setup violations at the end of those stages might be difficult to fix during the post-placement implementation flow and could be the result of non-optimal XDC constraints or non-optimal design architecture
Related violations: <none>

TIMING-16#382 Warning
Large setup violation  
There is a large setup violation of -5.155 ns between design_1_i/onsemi_vita_cam_0/U0/onsemi_vita_cam_v3_1_S00_AXI_inst/slv_reg6_reg[1]/C (clocked by clk_fpga_0) and design_1_i/onsemi_vita_cam_0/U0/onsemi_vita_cam_v3_1_S00_AXI_inst/onsemi_vita_cam_core_inst/vita_iserdes_v5.vita_iserdes/generate_datagen.datagen[0].db/cb/GenCntr_reg[1]/D (clocked by vita_clk_1). Large setup violations at the end of those stages might be difficult to fix during the post-placement implementation flow and could be the result of non-optimal XDC constraints or non-optimal design architecture
Related violations: <none>

TIMING-16#383 Warning
Large setup violation  
There is a large setup violation of -5.160 ns between design_1_i/onsemi_vita_cam_0/U0/onsemi_vita_cam_v3_1_S00_AXI_inst/slv_reg6_reg[8]/C (clocked by clk_fpga_0) and design_1_i/onsemi_vita_cam_0/U0/onsemi_vita_cam_v3_1_S00_AXI_inst/onsemi_vita_cam_core_inst/vita_iserdes_v5.vita_iserdes/generate_datagen.datagen[3].db/cb/GenCntr_reg[8]/D (clocked by vita_clk_1). Large setup violations at the end of those stages might be difficult to fix during the post-placement implementation flow and could be the result of non-optimal XDC constraints or non-optimal design architecture
Related violations: <none>

TIMING-16#384 Warning
Large setup violation  
There is a large setup violation of -5.162 ns between design_1_i/onsemi_vita_cam_0/U0/onsemi_vita_cam_v3_1_S00_AXI_inst/slv_reg4_reg[2]/C (clocked by clk_fpga_0) and design_1_i/onsemi_vita_cam_0/U0/onsemi_vita_cam_v3_1_S00_AXI_inst/onsemi_vita_cam_core_inst/vita_iserdes_v5.vita_iserdes/generate_datagen.datagen[4].db/cb/SerdesCntr_reg[10]/D (clocked by vita_clk_1). Large setup violations at the end of those stages might be difficult to fix during the post-placement implementation flow and could be the result of non-optimal XDC constraints or non-optimal design architecture
Related violations: <none>

TIMING-16#385 Warning
Large setup violation  
There is a large setup violation of -5.164 ns between design_1_i/onsemi_vita_cam_0/U0/onsemi_vita_cam_v3_1_S00_AXI_inst/slv_reg28_reg[1]/C (clocked by clk_fpga_0) and design_1_i/onsemi_vita_cam_0/U0/onsemi_vita_cam_v3_1_S00_AXI_inst/onsemi_vita_cam_core_inst/vita_crc_checker/generate_CRC[1].the_crc_calc/CRC_tool_reg[5]/D (clocked by vita_clk_1). Large setup violations at the end of those stages might be difficult to fix during the post-placement implementation flow and could be the result of non-optimal XDC constraints or non-optimal design architecture
Related violations: <none>

TIMING-16#386 Warning
Large setup violation  
There is a large setup violation of -5.171 ns between design_1_i/onsemi_vita_cam_0/U0/onsemi_vita_cam_v3_1_S00_AXI_inst/slv_reg4_reg[0]/C (clocked by clk_fpga_0) and design_1_i/onsemi_vita_cam_0/U0/onsemi_vita_cam_v3_1_S00_AXI_inst/onsemi_vita_cam_core_inst/vita_iserdes_v5.vita_iserdes/generate_datagen.datagen[2].db/ss/datapipe_reg[0][0]/CE (clocked by vita_clk_1). Large setup violations at the end of those stages might be difficult to fix during the post-placement implementation flow and could be the result of non-optimal XDC constraints or non-optimal design architecture
Related violations: <none>

TIMING-16#387 Warning
Large setup violation  
There is a large setup violation of -5.171 ns between design_1_i/onsemi_vita_cam_0/U0/onsemi_vita_cam_v3_1_S00_AXI_inst/slv_reg4_reg[0]/C (clocked by clk_fpga_0) and design_1_i/onsemi_vita_cam_0/U0/onsemi_vita_cam_v3_1_S00_AXI_inst/onsemi_vita_cam_core_inst/vita_iserdes_v5.vita_iserdes/generate_datagen.datagen[2].db/ss/datapipe_reg[0][6]/CE (clocked by vita_clk_1). Large setup violations at the end of those stages might be difficult to fix during the post-placement implementation flow and could be the result of non-optimal XDC constraints or non-optimal design architecture
Related violations: <none>

TIMING-16#388 Warning
Large setup violation  
There is a large setup violation of -5.171 ns between design_1_i/onsemi_vita_cam_0/U0/onsemi_vita_cam_v3_1_S00_AXI_inst/slv_reg4_reg[0]/C (clocked by clk_fpga_0) and design_1_i/onsemi_vita_cam_0/U0/onsemi_vita_cam_v3_1_S00_AXI_inst/onsemi_vita_cam_core_inst/vita_iserdes_v5.vita_iserdes/generate_datagen.datagen[2].db/ss/datapipe_reg[1][0]/CE (clocked by vita_clk_1). Large setup violations at the end of those stages might be difficult to fix during the post-placement implementation flow and could be the result of non-optimal XDC constraints or non-optimal design architecture
Related violations: <none>

TIMING-16#389 Warning
Large setup violation  
There is a large setup violation of -5.171 ns between design_1_i/onsemi_vita_cam_0/U0/onsemi_vita_cam_v3_1_S00_AXI_inst/slv_reg4_reg[0]/C (clocked by clk_fpga_0) and design_1_i/onsemi_vita_cam_0/U0/onsemi_vita_cam_v3_1_S00_AXI_inst/onsemi_vita_cam_core_inst/vita_iserdes_v5.vita_iserdes/generate_datagen.datagen[2].db/ss/datapipe_reg[1][6]/CE (clocked by vita_clk_1). Large setup violations at the end of those stages might be difficult to fix during the post-placement implementation flow and could be the result of non-optimal XDC constraints or non-optimal design architecture
Related violations: <none>

TIMING-16#390 Warning
Large setup violation  
There is a large setup violation of -5.179 ns between design_1_i/onsemi_vita_cam_0/U0/onsemi_vita_cam_v3_1_S00_AXI_inst/slv_reg6_reg[9]/C (clocked by clk_fpga_0) and design_1_i/onsemi_vita_cam_0/U0/onsemi_vita_cam_v3_1_S00_AXI_inst/onsemi_vita_cam_core_inst/vita_iserdes_v5.vita_iserdes/generate_datagen.datagen[2].db/cb/GenCntr_reg[9]/D (clocked by vita_clk_1). Large setup violations at the end of those stages might be difficult to fix during the post-placement implementation flow and could be the result of non-optimal XDC constraints or non-optimal design architecture
Related violations: <none>

TIMING-16#391 Warning
Large setup violation  
There is a large setup violation of -5.181 ns between design_1_i/onsemi_vita_cam_0/U0/onsemi_vita_cam_v3_1_S00_AXI_inst/slv_reg28_reg[1]/C (clocked by clk_fpga_0) and design_1_i/onsemi_vita_cam_0/U0/onsemi_vita_cam_v3_1_S00_AXI_inst/onsemi_vita_cam_core_inst/vita_crc_checker/generate_CRC[1].the_crc_calc/CRC_tool_reg[0]/D (clocked by vita_clk_1). Large setup violations at the end of those stages might be difficult to fix during the post-placement implementation flow and could be the result of non-optimal XDC constraints or non-optimal design architecture
Related violations: <none>

TIMING-16#392 Warning
Large setup violation  
There is a large setup violation of -5.182 ns between design_1_i/onsemi_vita_cam_0/U0/onsemi_vita_cam_v3_1_S00_AXI_inst/slv_reg4_reg[2]/C (clocked by clk_fpga_0) and design_1_i/onsemi_vita_cam_0/U0/onsemi_vita_cam_v3_1_S00_AXI_inst/onsemi_vita_cam_core_inst/vita_iserdes_v5.vita_iserdes/generate_datagen.datagen[1].db/cb/SerdesCntr_reg[3]/D (clocked by vita_clk_1). Large setup violations at the end of those stages might be difficult to fix during the post-placement implementation flow and could be the result of non-optimal XDC constraints or non-optimal design architecture
Related violations: <none>

TIMING-16#393 Warning
Large setup violation  
There is a large setup violation of -5.186 ns between design_1_i/onsemi_vita_cam_0/U0/onsemi_vita_cam_v3_1_S00_AXI_inst/slv_reg28_reg[1]/C (clocked by clk_fpga_0) and design_1_i/onsemi_vita_cam_0/U0/onsemi_vita_cam_v3_1_S00_AXI_inst/onsemi_vita_cam_core_inst/vita_crc_checker/generate_CRC[2].the_crc_calc/CRC_tool_reg[0]/D (clocked by vita_clk_1). Large setup violations at the end of those stages might be difficult to fix during the post-placement implementation flow and could be the result of non-optimal XDC constraints or non-optimal design architecture
Related violations: <none>

TIMING-16#394 Warning
Large setup violation  
There is a large setup violation of -5.186 ns between design_1_i/onsemi_vita_cam_0/U0/onsemi_vita_cam_v3_1_S00_AXI_inst/slv_reg28_reg[1]/C (clocked by clk_fpga_0) and design_1_i/onsemi_vita_cam_0/U0/onsemi_vita_cam_v3_1_S00_AXI_inst/onsemi_vita_cam_core_inst/vita_crc_checker/generate_CRC[2].the_crc_calc/CRC_tool_reg[2]/D (clocked by vita_clk_1). Large setup violations at the end of those stages might be difficult to fix during the post-placement implementation flow and could be the result of non-optimal XDC constraints or non-optimal design architecture
Related violations: <none>

TIMING-16#395 Warning
Large setup violation  
There is a large setup violation of -5.189 ns between design_1_i/onsemi_vita_cam_0/U0/onsemi_vita_cam_v3_1_S00_AXI_inst/slv_reg6_reg[2]/C (clocked by clk_fpga_0) and design_1_i/onsemi_vita_cam_0/U0/onsemi_vita_cam_v3_1_S00_AXI_inst/onsemi_vita_cam_core_inst/vita_iserdes_v5.vita_iserdes/generate_datagen.datagen[0].db/cb/GenCntr_reg[2]/D (clocked by vita_clk_1). Large setup violations at the end of those stages might be difficult to fix during the post-placement implementation flow and could be the result of non-optimal XDC constraints or non-optimal design architecture
Related violations: <none>

TIMING-16#396 Warning
Large setup violation  
There is a large setup violation of -5.193 ns between design_1_i/onsemi_vita_cam_0/U0/onsemi_vita_cam_v3_1_S00_AXI_inst/onsemi_vita_cam_core_inst/vita_crc_checker/generate_CRC[1].the_crc_comp/STATUS_reg/C (clocked by vita_clk_1) and design_1_i/onsemi_vita_cam_0/U0/onsemi_vita_cam_v3_1_S00_AXI_inst/axi_rdata_reg[1]/D (clocked by clk_fpga_0). Large setup violations at the end of those stages might be difficult to fix during the post-placement implementation flow and could be the result of non-optimal XDC constraints or non-optimal design architecture
Related violations: <none>

TIMING-16#397 Warning
Large setup violation  
There is a large setup violation of -5.194 ns between design_1_i/onsemi_vita_cam_0/U0/onsemi_vita_cam_v3_1_S00_AXI_inst/slv_reg4_reg[2]/C (clocked by clk_fpga_0) and design_1_i/onsemi_vita_cam_0/U0/onsemi_vita_cam_v3_1_S00_AXI_inst/onsemi_vita_cam_core_inst/vita_iserdes_v5.vita_iserdes/generate_datagen.datagen[4].db/cb/SerdesCntr_reg[0]/CE (clocked by vita_clk_1). Large setup violations at the end of those stages might be difficult to fix during the post-placement implementation flow and could be the result of non-optimal XDC constraints or non-optimal design architecture
Related violations: <none>

TIMING-16#398 Warning
Large setup violation  
There is a large setup violation of -5.194 ns between design_1_i/onsemi_vita_cam_0/U0/onsemi_vita_cam_v3_1_S00_AXI_inst/slv_reg4_reg[2]/C (clocked by clk_fpga_0) and design_1_i/onsemi_vita_cam_0/U0/onsemi_vita_cam_v3_1_S00_AXI_inst/onsemi_vita_cam_core_inst/vita_iserdes_v5.vita_iserdes/generate_datagen.datagen[4].db/cb/SerdesCntr_reg[1]/CE (clocked by vita_clk_1). Large setup violations at the end of those stages might be difficult to fix during the post-placement implementation flow and could be the result of non-optimal XDC constraints or non-optimal design architecture
Related violations: <none>

TIMING-16#399 Warning
Large setup violation  
There is a large setup violation of -5.194 ns between design_1_i/onsemi_vita_cam_0/U0/onsemi_vita_cam_v3_1_S00_AXI_inst/slv_reg4_reg[2]/C (clocked by clk_fpga_0) and design_1_i/onsemi_vita_cam_0/U0/onsemi_vita_cam_v3_1_S00_AXI_inst/onsemi_vita_cam_core_inst/vita_iserdes_v5.vita_iserdes/generate_datagen.datagen[4].db/cb/SerdesCntr_reg[2]/CE (clocked by vita_clk_1). Large setup violations at the end of those stages might be difficult to fix during the post-placement implementation flow and could be the result of non-optimal XDC constraints or non-optimal design architecture
Related violations: <none>

TIMING-16#400 Warning
Large setup violation  
There is a large setup violation of -5.194 ns between design_1_i/onsemi_vita_cam_0/U0/onsemi_vita_cam_v3_1_S00_AXI_inst/slv_reg4_reg[2]/C (clocked by clk_fpga_0) and design_1_i/onsemi_vita_cam_0/U0/onsemi_vita_cam_v3_1_S00_AXI_inst/onsemi_vita_cam_core_inst/vita_iserdes_v5.vita_iserdes/generate_datagen.datagen[4].db/cb/SerdesCntr_reg[3]/CE (clocked by vita_clk_1). Large setup violations at the end of those stages might be difficult to fix during the post-placement implementation flow and could be the result of non-optimal XDC constraints or non-optimal design architecture
Related violations: <none>

TIMING-16#401 Warning
Large setup violation  
There is a large setup violation of -5.196 ns between design_1_i/onsemi_vita_cam_0/U0/onsemi_vita_cam_v3_1_S00_AXI_inst/slv_reg4_reg[0]/C (clocked by clk_fpga_0) and design_1_i/onsemi_vita_cam_0/U0/onsemi_vita_cam_v3_1_S00_AXI_inst/onsemi_vita_cam_core_inst/vita_iserdes_v5.vita_iserdes/generate_datagen.datagen[1].db/ss/datapipe_reg[0][8]/CE (clocked by vita_clk_1). Large setup violations at the end of those stages might be difficult to fix during the post-placement implementation flow and could be the result of non-optimal XDC constraints or non-optimal design architecture
Related violations: <none>

TIMING-16#402 Warning
Large setup violation  
There is a large setup violation of -5.196 ns between design_1_i/onsemi_vita_cam_0/U0/onsemi_vita_cam_v3_1_S00_AXI_inst/slv_reg4_reg[0]/C (clocked by clk_fpga_0) and design_1_i/onsemi_vita_cam_0/U0/onsemi_vita_cam_v3_1_S00_AXI_inst/onsemi_vita_cam_core_inst/vita_iserdes_v5.vita_iserdes/generate_datagen.datagen[1].db/ss/datapipe_reg[0][9]/CE (clocked by vita_clk_1). Large setup violations at the end of those stages might be difficult to fix during the post-placement implementation flow and could be the result of non-optimal XDC constraints or non-optimal design architecture
Related violations: <none>

TIMING-16#403 Warning
Large setup violation  
There is a large setup violation of -5.196 ns between design_1_i/onsemi_vita_cam_0/U0/onsemi_vita_cam_v3_1_S00_AXI_inst/slv_reg4_reg[0]/C (clocked by clk_fpga_0) and design_1_i/onsemi_vita_cam_0/U0/onsemi_vita_cam_v3_1_S00_AXI_inst/onsemi_vita_cam_core_inst/vita_iserdes_v5.vita_iserdes/generate_datagen.datagen[1].db/ss/datapipe_reg[1][8]/CE (clocked by vita_clk_1). Large setup violations at the end of those stages might be difficult to fix during the post-placement implementation flow and could be the result of non-optimal XDC constraints or non-optimal design architecture
Related violations: <none>

TIMING-16#404 Warning
Large setup violation  
There is a large setup violation of -5.196 ns between design_1_i/onsemi_vita_cam_0/U0/onsemi_vita_cam_v3_1_S00_AXI_inst/slv_reg4_reg[0]/C (clocked by clk_fpga_0) and design_1_i/onsemi_vita_cam_0/U0/onsemi_vita_cam_v3_1_S00_AXI_inst/onsemi_vita_cam_core_inst/vita_iserdes_v5.vita_iserdes/generate_datagen.datagen[1].db/ss/datapipe_reg[1][9]/CE (clocked by vita_clk_1). Large setup violations at the end of those stages might be difficult to fix during the post-placement implementation flow and could be the result of non-optimal XDC constraints or non-optimal design architecture
Related violations: <none>

TIMING-16#405 Warning
Large setup violation  
There is a large setup violation of -5.199 ns between design_1_i/onsemi_vita_cam_0/U0/onsemi_vita_cam_v3_1_S00_AXI_inst/slv_reg28_reg[1]/C (clocked by clk_fpga_0) and design_1_i/onsemi_vita_cam_0/U0/onsemi_vita_cam_v3_1_S00_AXI_inst/onsemi_vita_cam_core_inst/vita_crc_checker/generate_CRC[3].the_crc_calc/CRC_tool_reg[3]/D (clocked by vita_clk_1). Large setup violations at the end of those stages might be difficult to fix during the post-placement implementation flow and could be the result of non-optimal XDC constraints or non-optimal design architecture
Related violations: <none>

TIMING-16#406 Warning
Large setup violation  
There is a large setup violation of -5.204 ns between design_1_i/onsemi_vita_cam_0/U0/onsemi_vita_cam_v3_1_S00_AXI_inst/slv_reg4_reg[2]/C (clocked by clk_fpga_0) and design_1_i/onsemi_vita_cam_0/U0/onsemi_vita_cam_v3_1_S00_AXI_inst/onsemi_vita_cam_core_inst/vita_iserdes_v5.vita_iserdes/generate_datagen.datagen[2].db/cb/SerdesCntr_reg[2]/CE (clocked by vita_clk_1). Large setup violations at the end of those stages might be difficult to fix during the post-placement implementation flow and could be the result of non-optimal XDC constraints or non-optimal design architecture
Related violations: <none>

TIMING-16#407 Warning
Large setup violation  
There is a large setup violation of -5.204 ns between design_1_i/onsemi_vita_cam_0/U0/onsemi_vita_cam_v3_1_S00_AXI_inst/slv_reg4_reg[2]/C (clocked by clk_fpga_0) and design_1_i/onsemi_vita_cam_0/U0/onsemi_vita_cam_v3_1_S00_AXI_inst/onsemi_vita_cam_core_inst/vita_iserdes_v5.vita_iserdes/generate_datagen.datagen[2].db/cb/SerdesCntr_reg[3]/CE (clocked by vita_clk_1). Large setup violations at the end of those stages might be difficult to fix during the post-placement implementation flow and could be the result of non-optimal XDC constraints or non-optimal design architecture
Related violations: <none>

TIMING-16#408 Warning
Large setup violation  
There is a large setup violation of -5.204 ns between design_1_i/onsemi_vita_cam_0/U0/onsemi_vita_cam_v3_1_S00_AXI_inst/slv_reg4_reg[2]/C (clocked by clk_fpga_0) and design_1_i/onsemi_vita_cam_0/U0/onsemi_vita_cam_v3_1_S00_AXI_inst/onsemi_vita_cam_core_inst/vita_iserdes_v5.vita_iserdes/generate_datagen.datagen[2].db/cb/SerdesCntr_reg[4]/CE (clocked by vita_clk_1). Large setup violations at the end of those stages might be difficult to fix during the post-placement implementation flow and could be the result of non-optimal XDC constraints or non-optimal design architecture
Related violations: <none>

TIMING-16#409 Warning
Large setup violation  
There is a large setup violation of -5.204 ns between design_1_i/onsemi_vita_cam_0/U0/onsemi_vita_cam_v3_1_S00_AXI_inst/slv_reg4_reg[2]/C (clocked by clk_fpga_0) and design_1_i/onsemi_vita_cam_0/U0/onsemi_vita_cam_v3_1_S00_AXI_inst/onsemi_vita_cam_core_inst/vita_iserdes_v5.vita_iserdes/generate_datagen.datagen[2].db/cb/SerdesCntr_reg[5]/CE (clocked by vita_clk_1). Large setup violations at the end of those stages might be difficult to fix during the post-placement implementation flow and could be the result of non-optimal XDC constraints or non-optimal design architecture
Related violations: <none>

TIMING-16#410 Warning
Large setup violation  
There is a large setup violation of -5.204 ns between design_1_i/onsemi_vita_cam_0/U0/onsemi_vita_cam_v3_1_S00_AXI_inst/slv_reg4_reg[2]/C (clocked by clk_fpga_0) and design_1_i/onsemi_vita_cam_0/U0/onsemi_vita_cam_v3_1_S00_AXI_inst/onsemi_vita_cam_core_inst/vita_iserdes_v5.vita_iserdes/generate_datagen.datagen[2].db/cb/SerdesCntr_reg[6]/CE (clocked by vita_clk_1). Large setup violations at the end of those stages might be difficult to fix during the post-placement implementation flow and could be the result of non-optimal XDC constraints or non-optimal design architecture
Related violations: <none>

TIMING-16#411 Warning
Large setup violation  
There is a large setup violation of -5.204 ns between design_1_i/onsemi_vita_cam_0/U0/onsemi_vita_cam_v3_1_S00_AXI_inst/slv_reg4_reg[2]/C (clocked by clk_fpga_0) and design_1_i/onsemi_vita_cam_0/U0/onsemi_vita_cam_v3_1_S00_AXI_inst/onsemi_vita_cam_core_inst/vita_iserdes_v5.vita_iserdes/generate_datagen.datagen[2].db/cb/SerdesCntr_reg[7]/CE (clocked by vita_clk_1). Large setup violations at the end of those stages might be difficult to fix during the post-placement implementation flow and could be the result of non-optimal XDC constraints or non-optimal design architecture
Related violations: <none>

TIMING-16#412 Warning
Large setup violation  
There is a large setup violation of -5.212 ns between design_1_i/onsemi_vita_cam_0/U0/onsemi_vita_cam_v3_1_S00_AXI_inst/slv_reg4_reg[2]/C (clocked by clk_fpga_0) and design_1_i/onsemi_vita_cam_0/U0/onsemi_vita_cam_v3_1_S00_AXI_inst/onsemi_vita_cam_core_inst/vita_iserdes_v5.vita_iserdes/generate_datagen.datagen[0].db/cb/SerdesCntr_reg[9]/D (clocked by vita_clk_1). Large setup violations at the end of those stages might be difficult to fix during the post-placement implementation flow and could be the result of non-optimal XDC constraints or non-optimal design architecture
Related violations: <none>

TIMING-16#413 Warning
Large setup violation  
There is a large setup violation of -5.215 ns between design_1_i/onsemi_vita_cam_0/U0/onsemi_vita_cam_v3_1_S00_AXI_inst/slv_reg4_reg[2]/C (clocked by clk_fpga_0) and design_1_i/onsemi_vita_cam_0/U0/onsemi_vita_cam_v3_1_S00_AXI_inst/onsemi_vita_cam_core_inst/vita_iserdes_v5.vita_iserdes/generate_datagen.datagen[0].db/cb/SerdesCntr_reg[1]/D (clocked by vita_clk_1). Large setup violations at the end of those stages might be difficult to fix during the post-placement implementation flow and could be the result of non-optimal XDC constraints or non-optimal design architecture
Related violations: <none>

TIMING-16#414 Warning
Large setup violation  
There is a large setup violation of -5.217 ns between design_1_i/onsemi_vita_cam_0/U0/onsemi_vita_cam_v3_1_S00_AXI_inst/slv_reg4_reg[2]/C (clocked by clk_fpga_0) and design_1_i/onsemi_vita_cam_0/U0/onsemi_vita_cam_v3_1_S00_AXI_inst/onsemi_vita_cam_core_inst/vita_iserdes_v5.vita_iserdes/generate_datagen.datagen[0].db/cb/SerdesCntr_reg[3]/D (clocked by vita_clk_1). Large setup violations at the end of those stages might be difficult to fix during the post-placement implementation flow and could be the result of non-optimal XDC constraints or non-optimal design architecture
Related violations: <none>

TIMING-16#415 Warning
Large setup violation  
There is a large setup violation of -5.218 ns between design_1_i/onsemi_vita_cam_0/U0/onsemi_vita_cam_v3_1_S00_AXI_inst/slv_reg4_reg[0]/C (clocked by clk_fpga_0) and design_1_i/onsemi_vita_cam_0/U0/onsemi_vita_cam_v3_1_S00_AXI_inst/onsemi_vita_cam_core_inst/vita_iserdes_v5.vita_iserdes/generate_datagen.datagen[3].db/ss/datapipe_reg[0][8]/CE (clocked by vita_clk_1). Large setup violations at the end of those stages might be difficult to fix during the post-placement implementation flow and could be the result of non-optimal XDC constraints or non-optimal design architecture
Related violations: <none>

TIMING-16#416 Warning
Large setup violation  
There is a large setup violation of -5.218 ns between design_1_i/onsemi_vita_cam_0/U0/onsemi_vita_cam_v3_1_S00_AXI_inst/slv_reg4_reg[0]/C (clocked by clk_fpga_0) and design_1_i/onsemi_vita_cam_0/U0/onsemi_vita_cam_v3_1_S00_AXI_inst/onsemi_vita_cam_core_inst/vita_iserdes_v5.vita_iserdes/generate_datagen.datagen[3].db/ss/datapipe_reg[0][9]/CE (clocked by vita_clk_1). Large setup violations at the end of those stages might be difficult to fix during the post-placement implementation flow and could be the result of non-optimal XDC constraints or non-optimal design architecture
Related violations: <none>

TIMING-16#417 Warning
Large setup violation  
There is a large setup violation of -5.218 ns between design_1_i/onsemi_vita_cam_0/U0/onsemi_vita_cam_v3_1_S00_AXI_inst/slv_reg4_reg[0]/C (clocked by clk_fpga_0) and design_1_i/onsemi_vita_cam_0/U0/onsemi_vita_cam_v3_1_S00_AXI_inst/onsemi_vita_cam_core_inst/vita_iserdes_v5.vita_iserdes/generate_datagen.datagen[4].db/ss/datapipe_reg[0][2]/CE (clocked by vita_clk_1). Large setup violations at the end of those stages might be difficult to fix during the post-placement implementation flow and could be the result of non-optimal XDC constraints or non-optimal design architecture
Related violations: <none>

TIMING-16#418 Warning
Large setup violation  
There is a large setup violation of -5.218 ns between design_1_i/onsemi_vita_cam_0/U0/onsemi_vita_cam_v3_1_S00_AXI_inst/slv_reg4_reg[0]/C (clocked by clk_fpga_0) and design_1_i/onsemi_vita_cam_0/U0/onsemi_vita_cam_v3_1_S00_AXI_inst/onsemi_vita_cam_core_inst/vita_iserdes_v5.vita_iserdes/generate_datagen.datagen[4].db/ss/datapipe_reg[0][3]/CE (clocked by vita_clk_1). Large setup violations at the end of those stages might be difficult to fix during the post-placement implementation flow and could be the result of non-optimal XDC constraints or non-optimal design architecture
Related violations: <none>

TIMING-16#419 Warning
Large setup violation  
There is a large setup violation of -5.218 ns between design_1_i/onsemi_vita_cam_0/U0/onsemi_vita_cam_v3_1_S00_AXI_inst/slv_reg4_reg[0]/C (clocked by clk_fpga_0) and design_1_i/onsemi_vita_cam_0/U0/onsemi_vita_cam_v3_1_S00_AXI_inst/onsemi_vita_cam_core_inst/vita_iserdes_v5.vita_iserdes/generate_datagen.datagen[4].db/ss/datapipe_reg[0][6]/CE (clocked by vita_clk_1). Large setup violations at the end of those stages might be difficult to fix during the post-placement implementation flow and could be the result of non-optimal XDC constraints or non-optimal design architecture
Related violations: <none>

TIMING-16#420 Warning
Large setup violation  
There is a large setup violation of -5.218 ns between design_1_i/onsemi_vita_cam_0/U0/onsemi_vita_cam_v3_1_S00_AXI_inst/slv_reg4_reg[0]/C (clocked by clk_fpga_0) and design_1_i/onsemi_vita_cam_0/U0/onsemi_vita_cam_v3_1_S00_AXI_inst/onsemi_vita_cam_core_inst/vita_iserdes_v5.vita_iserdes/generate_datagen.datagen[4].db/ss/datapipe_reg[0][8]/CE (clocked by vita_clk_1). Large setup violations at the end of those stages might be difficult to fix during the post-placement implementation flow and could be the result of non-optimal XDC constraints or non-optimal design architecture
Related violations: <none>

TIMING-16#421 Warning
Large setup violation  
There is a large setup violation of -5.218 ns between design_1_i/onsemi_vita_cam_0/U0/onsemi_vita_cam_v3_1_S00_AXI_inst/slv_reg4_reg[0]/C (clocked by clk_fpga_0) and design_1_i/onsemi_vita_cam_0/U0/onsemi_vita_cam_v3_1_S00_AXI_inst/onsemi_vita_cam_core_inst/vita_iserdes_v5.vita_iserdes/generate_datagen.datagen[4].db/ss/datapipe_reg[0][9]/CE (clocked by vita_clk_1). Large setup violations at the end of those stages might be difficult to fix during the post-placement implementation flow and could be the result of non-optimal XDC constraints or non-optimal design architecture
Related violations: <none>

TIMING-16#422 Warning
Large setup violation  
There is a large setup violation of -5.219 ns between design_1_i/onsemi_vita_cam_0/U0/onsemi_vita_cam_v3_1_S00_AXI_inst/slv_reg4_reg[0]/C (clocked by clk_fpga_0) and design_1_i/onsemi_vita_cam_0/U0/onsemi_vita_cam_v3_1_S00_AXI_inst/onsemi_vita_cam_core_inst/vita_iserdes_v5.vita_iserdes/generate_datagen.datagen[0].db/ss/datapipe_reg[0][2]/CE (clocked by vita_clk_1). Large setup violations at the end of those stages might be difficult to fix during the post-placement implementation flow and could be the result of non-optimal XDC constraints or non-optimal design architecture
Related violations: <none>

TIMING-16#423 Warning
Large setup violation  
There is a large setup violation of -5.219 ns between design_1_i/onsemi_vita_cam_0/U0/onsemi_vita_cam_v3_1_S00_AXI_inst/slv_reg4_reg[0]/C (clocked by clk_fpga_0) and design_1_i/onsemi_vita_cam_0/U0/onsemi_vita_cam_v3_1_S00_AXI_inst/onsemi_vita_cam_core_inst/vita_iserdes_v5.vita_iserdes/generate_datagen.datagen[0].db/ss/datapipe_reg[0][4]/CE (clocked by vita_clk_1). Large setup violations at the end of those stages might be difficult to fix during the post-placement implementation flow and could be the result of non-optimal XDC constraints or non-optimal design architecture
Related violations: <none>

TIMING-16#424 Warning
Large setup violation  
There is a large setup violation of -5.220 ns between design_1_i/onsemi_vita_cam_0/U0/onsemi_vita_cam_v3_1_S00_AXI_inst/slv_reg4_reg[0]/C (clocked by clk_fpga_0) and design_1_i/onsemi_vita_cam_0/U0/onsemi_vita_cam_v3_1_S00_AXI_inst/onsemi_vita_cam_core_inst/vita_iserdes_v5.vita_iserdes/generate_datagen.datagen[1].db/ss/datapipe_reg[0][0]/CE (clocked by vita_clk_1). Large setup violations at the end of those stages might be difficult to fix during the post-placement implementation flow and could be the result of non-optimal XDC constraints or non-optimal design architecture
Related violations: <none>

TIMING-16#425 Warning
Large setup violation  
There is a large setup violation of -5.220 ns between design_1_i/onsemi_vita_cam_0/U0/onsemi_vita_cam_v3_1_S00_AXI_inst/slv_reg4_reg[0]/C (clocked by clk_fpga_0) and design_1_i/onsemi_vita_cam_0/U0/onsemi_vita_cam_v3_1_S00_AXI_inst/onsemi_vita_cam_core_inst/vita_iserdes_v5.vita_iserdes/generate_datagen.datagen[1].db/ss/datapipe_reg[0][1]/CE (clocked by vita_clk_1). Large setup violations at the end of those stages might be difficult to fix during the post-placement implementation flow and could be the result of non-optimal XDC constraints or non-optimal design architecture
Related violations: <none>

TIMING-16#426 Warning
Large setup violation  
There is a large setup violation of -5.220 ns between design_1_i/onsemi_vita_cam_0/U0/onsemi_vita_cam_v3_1_S00_AXI_inst/slv_reg4_reg[0]/C (clocked by clk_fpga_0) and design_1_i/onsemi_vita_cam_0/U0/onsemi_vita_cam_v3_1_S00_AXI_inst/onsemi_vita_cam_core_inst/vita_iserdes_v5.vita_iserdes/generate_datagen.datagen[1].db/ss/datapipe_reg[0][2]/CE (clocked by vita_clk_1). Large setup violations at the end of those stages might be difficult to fix during the post-placement implementation flow and could be the result of non-optimal XDC constraints or non-optimal design architecture
Related violations: <none>

TIMING-16#427 Warning
Large setup violation  
There is a large setup violation of -5.220 ns between design_1_i/onsemi_vita_cam_0/U0/onsemi_vita_cam_v3_1_S00_AXI_inst/slv_reg4_reg[0]/C (clocked by clk_fpga_0) and design_1_i/onsemi_vita_cam_0/U0/onsemi_vita_cam_v3_1_S00_AXI_inst/onsemi_vita_cam_core_inst/vita_iserdes_v5.vita_iserdes/generate_datagen.datagen[1].db/ss/datapipe_reg[0][3]/CE (clocked by vita_clk_1). Large setup violations at the end of those stages might be difficult to fix during the post-placement implementation flow and could be the result of non-optimal XDC constraints or non-optimal design architecture
Related violations: <none>

TIMING-16#428 Warning
Large setup violation  
There is a large setup violation of -5.220 ns between design_1_i/onsemi_vita_cam_0/U0/onsemi_vita_cam_v3_1_S00_AXI_inst/slv_reg4_reg[0]/C (clocked by clk_fpga_0) and design_1_i/onsemi_vita_cam_0/U0/onsemi_vita_cam_v3_1_S00_AXI_inst/onsemi_vita_cam_core_inst/vita_iserdes_v5.vita_iserdes/generate_datagen.datagen[1].db/ss/datapipe_reg[0][4]/CE (clocked by vita_clk_1). Large setup violations at the end of those stages might be difficult to fix during the post-placement implementation flow and could be the result of non-optimal XDC constraints or non-optimal design architecture
Related violations: <none>

TIMING-16#429 Warning
Large setup violation  
There is a large setup violation of -5.220 ns between design_1_i/onsemi_vita_cam_0/U0/onsemi_vita_cam_v3_1_S00_AXI_inst/slv_reg4_reg[0]/C (clocked by clk_fpga_0) and design_1_i/onsemi_vita_cam_0/U0/onsemi_vita_cam_v3_1_S00_AXI_inst/onsemi_vita_cam_core_inst/vita_iserdes_v5.vita_iserdes/generate_datagen.datagen[1].db/ss/datapipe_reg[0][5]/CE (clocked by vita_clk_1). Large setup violations at the end of those stages might be difficult to fix during the post-placement implementation flow and could be the result of non-optimal XDC constraints or non-optimal design architecture
Related violations: <none>

TIMING-16#430 Warning
Large setup violation  
There is a large setup violation of -5.220 ns between design_1_i/onsemi_vita_cam_0/U0/onsemi_vita_cam_v3_1_S00_AXI_inst/slv_reg4_reg[0]/C (clocked by clk_fpga_0) and design_1_i/onsemi_vita_cam_0/U0/onsemi_vita_cam_v3_1_S00_AXI_inst/onsemi_vita_cam_core_inst/vita_iserdes_v5.vita_iserdes/generate_datagen.datagen[1].db/ss/datapipe_reg[0][6]/CE (clocked by vita_clk_1). Large setup violations at the end of those stages might be difficult to fix during the post-placement implementation flow and could be the result of non-optimal XDC constraints or non-optimal design architecture
Related violations: <none>

TIMING-16#431 Warning
Large setup violation  
There is a large setup violation of -5.220 ns between design_1_i/onsemi_vita_cam_0/U0/onsemi_vita_cam_v3_1_S00_AXI_inst/slv_reg4_reg[0]/C (clocked by clk_fpga_0) and design_1_i/onsemi_vita_cam_0/U0/onsemi_vita_cam_v3_1_S00_AXI_inst/onsemi_vita_cam_core_inst/vita_iserdes_v5.vita_iserdes/generate_datagen.datagen[1].db/ss/datapipe_reg[0][7]/CE (clocked by vita_clk_1). Large setup violations at the end of those stages might be difficult to fix during the post-placement implementation flow and could be the result of non-optimal XDC constraints or non-optimal design architecture
Related violations: <none>

TIMING-16#432 Warning
Large setup violation  
There is a large setup violation of -5.220 ns between design_1_i/onsemi_vita_cam_0/U0/onsemi_vita_cam_v3_1_S00_AXI_inst/slv_reg4_reg[0]/C (clocked by clk_fpga_0) and design_1_i/onsemi_vita_cam_0/U0/onsemi_vita_cam_v3_1_S00_AXI_inst/onsemi_vita_cam_core_inst/vita_iserdes_v5.vita_iserdes/generate_datagen.datagen[1].db/ss/datapipe_reg[1][0]/CE (clocked by vita_clk_1). Large setup violations at the end of those stages might be difficult to fix during the post-placement implementation flow and could be the result of non-optimal XDC constraints or non-optimal design architecture
Related violations: <none>

TIMING-16#433 Warning
Large setup violation  
There is a large setup violation of -5.220 ns between design_1_i/onsemi_vita_cam_0/U0/onsemi_vita_cam_v3_1_S00_AXI_inst/slv_reg4_reg[0]/C (clocked by clk_fpga_0) and design_1_i/onsemi_vita_cam_0/U0/onsemi_vita_cam_v3_1_S00_AXI_inst/onsemi_vita_cam_core_inst/vita_iserdes_v5.vita_iserdes/generate_datagen.datagen[1].db/ss/datapipe_reg[1][1]/CE (clocked by vita_clk_1). Large setup violations at the end of those stages might be difficult to fix during the post-placement implementation flow and could be the result of non-optimal XDC constraints or non-optimal design architecture
Related violations: <none>

TIMING-16#434 Warning
Large setup violation  
There is a large setup violation of -5.220 ns between design_1_i/onsemi_vita_cam_0/U0/onsemi_vita_cam_v3_1_S00_AXI_inst/slv_reg4_reg[0]/C (clocked by clk_fpga_0) and design_1_i/onsemi_vita_cam_0/U0/onsemi_vita_cam_v3_1_S00_AXI_inst/onsemi_vita_cam_core_inst/vita_iserdes_v5.vita_iserdes/generate_datagen.datagen[1].db/ss/datapipe_reg[1][2]/CE (clocked by vita_clk_1). Large setup violations at the end of those stages might be difficult to fix during the post-placement implementation flow and could be the result of non-optimal XDC constraints or non-optimal design architecture
Related violations: <none>

TIMING-16#435 Warning
Large setup violation  
There is a large setup violation of -5.220 ns between design_1_i/onsemi_vita_cam_0/U0/onsemi_vita_cam_v3_1_S00_AXI_inst/slv_reg4_reg[0]/C (clocked by clk_fpga_0) and design_1_i/onsemi_vita_cam_0/U0/onsemi_vita_cam_v3_1_S00_AXI_inst/onsemi_vita_cam_core_inst/vita_iserdes_v5.vita_iserdes/generate_datagen.datagen[1].db/ss/datapipe_reg[1][3]/CE (clocked by vita_clk_1). Large setup violations at the end of those stages might be difficult to fix during the post-placement implementation flow and could be the result of non-optimal XDC constraints or non-optimal design architecture
Related violations: <none>

TIMING-16#436 Warning
Large setup violation  
There is a large setup violation of -5.220 ns between design_1_i/onsemi_vita_cam_0/U0/onsemi_vita_cam_v3_1_S00_AXI_inst/slv_reg4_reg[0]/C (clocked by clk_fpga_0) and design_1_i/onsemi_vita_cam_0/U0/onsemi_vita_cam_v3_1_S00_AXI_inst/onsemi_vita_cam_core_inst/vita_iserdes_v5.vita_iserdes/generate_datagen.datagen[1].db/ss/datapipe_reg[1][4]/CE (clocked by vita_clk_1). Large setup violations at the end of those stages might be difficult to fix during the post-placement implementation flow and could be the result of non-optimal XDC constraints or non-optimal design architecture
Related violations: <none>

TIMING-16#437 Warning
Large setup violation  
There is a large setup violation of -5.220 ns between design_1_i/onsemi_vita_cam_0/U0/onsemi_vita_cam_v3_1_S00_AXI_inst/slv_reg4_reg[0]/C (clocked by clk_fpga_0) and design_1_i/onsemi_vita_cam_0/U0/onsemi_vita_cam_v3_1_S00_AXI_inst/onsemi_vita_cam_core_inst/vita_iserdes_v5.vita_iserdes/generate_datagen.datagen[1].db/ss/datapipe_reg[1][5]/CE (clocked by vita_clk_1). Large setup violations at the end of those stages might be difficult to fix during the post-placement implementation flow and could be the result of non-optimal XDC constraints or non-optimal design architecture
Related violations: <none>

TIMING-16#438 Warning
Large setup violation  
There is a large setup violation of -5.220 ns between design_1_i/onsemi_vita_cam_0/U0/onsemi_vita_cam_v3_1_S00_AXI_inst/slv_reg4_reg[0]/C (clocked by clk_fpga_0) and design_1_i/onsemi_vita_cam_0/U0/onsemi_vita_cam_v3_1_S00_AXI_inst/onsemi_vita_cam_core_inst/vita_iserdes_v5.vita_iserdes/generate_datagen.datagen[1].db/ss/datapipe_reg[1][6]/CE (clocked by vita_clk_1). Large setup violations at the end of those stages might be difficult to fix during the post-placement implementation flow and could be the result of non-optimal XDC constraints or non-optimal design architecture
Related violations: <none>

TIMING-16#439 Warning
Large setup violation  
There is a large setup violation of -5.220 ns between design_1_i/onsemi_vita_cam_0/U0/onsemi_vita_cam_v3_1_S00_AXI_inst/slv_reg4_reg[0]/C (clocked by clk_fpga_0) and design_1_i/onsemi_vita_cam_0/U0/onsemi_vita_cam_v3_1_S00_AXI_inst/onsemi_vita_cam_core_inst/vita_iserdes_v5.vita_iserdes/generate_datagen.datagen[1].db/ss/datapipe_reg[1][7]/CE (clocked by vita_clk_1). Large setup violations at the end of those stages might be difficult to fix during the post-placement implementation flow and could be the result of non-optimal XDC constraints or non-optimal design architecture
Related violations: <none>

TIMING-16#440 Warning
Large setup violation  
There is a large setup violation of -5.221 ns between design_1_i/onsemi_vita_cam_0/U0/onsemi_vita_cam_v3_1_S00_AXI_inst/slv_reg4_reg[0]/C (clocked by clk_fpga_0) and design_1_i/onsemi_vita_cam_0/U0/onsemi_vita_cam_v3_1_S00_AXI_inst/onsemi_vita_cam_core_inst/vita_iserdes_v5.vita_iserdes/generate_datagen.datagen[0].db/ss/datapipe_reg[0][6]/CE (clocked by vita_clk_1). Large setup violations at the end of those stages might be difficult to fix during the post-placement implementation flow and could be the result of non-optimal XDC constraints or non-optimal design architecture
Related violations: <none>

TIMING-16#441 Warning
Large setup violation  
There is a large setup violation of -5.221 ns between design_1_i/onsemi_vita_cam_0/U0/onsemi_vita_cam_v3_1_S00_AXI_inst/slv_reg4_reg[0]/C (clocked by clk_fpga_0) and design_1_i/onsemi_vita_cam_0/U0/onsemi_vita_cam_v3_1_S00_AXI_inst/onsemi_vita_cam_core_inst/vita_iserdes_v5.vita_iserdes/generate_datagen.datagen[0].db/ss/datapipe_reg[1][6]/CE (clocked by vita_clk_1). Large setup violations at the end of those stages might be difficult to fix during the post-placement implementation flow and could be the result of non-optimal XDC constraints or non-optimal design architecture
Related violations: <none>

TIMING-16#442 Warning
Large setup violation  
There is a large setup violation of -5.221 ns between design_1_i/onsemi_vita_cam_0/U0/onsemi_vita_cam_v3_1_S00_AXI_inst/slv_reg4_reg[0]/C (clocked by clk_fpga_0) and design_1_i/onsemi_vita_cam_0/U0/onsemi_vita_cam_v3_1_S00_AXI_inst/onsemi_vita_cam_core_inst/vita_iserdes_v5.vita_iserdes/generate_datagen.datagen[2].db/ss/datapipe_reg[0][3]/CE (clocked by vita_clk_1). Large setup violations at the end of those stages might be difficult to fix during the post-placement implementation flow and could be the result of non-optimal XDC constraints or non-optimal design architecture
Related violations: <none>

TIMING-16#443 Warning
Large setup violation  
There is a large setup violation of -5.221 ns between design_1_i/onsemi_vita_cam_0/U0/onsemi_vita_cam_v3_1_S00_AXI_inst/slv_reg4_reg[0]/C (clocked by clk_fpga_0) and design_1_i/onsemi_vita_cam_0/U0/onsemi_vita_cam_v3_1_S00_AXI_inst/onsemi_vita_cam_core_inst/vita_iserdes_v5.vita_iserdes/generate_datagen.datagen[2].db/ss/datapipe_reg[1][3]/CE (clocked by vita_clk_1). Large setup violations at the end of those stages might be difficult to fix during the post-placement implementation flow and could be the result of non-optimal XDC constraints or non-optimal design architecture
Related violations: <none>

TIMING-16#444 Warning
Large setup violation  
There is a large setup violation of -5.221 ns between design_1_i/onsemi_vita_cam_0/U0/onsemi_vita_cam_v3_1_S00_AXI_inst/slv_reg4_reg[2]/C (clocked by clk_fpga_0) and design_1_i/onsemi_vita_cam_0/U0/onsemi_vita_cam_v3_1_S00_AXI_inst/onsemi_vita_cam_core_inst/vita_iserdes_v5.vita_iserdes/generate_datagen.datagen[0].db/cb/SerdesCntr_reg[8]/D (clocked by vita_clk_1). Large setup violations at the end of those stages might be difficult to fix during the post-placement implementation flow and could be the result of non-optimal XDC constraints or non-optimal design architecture
Related violations: <none>

TIMING-16#445 Warning
Large setup violation  
There is a large setup violation of -5.226 ns between design_1_i/onsemi_vita_cam_0/U0/onsemi_vita_cam_v3_1_S00_AXI_inst/slv_reg4_reg[2]/C (clocked by clk_fpga_0) and design_1_i/onsemi_vita_cam_0/U0/onsemi_vita_cam_v3_1_S00_AXI_inst/onsemi_vita_cam_core_inst/vita_iserdes_v5.vita_iserdes/generate_datagen.datagen[1].db/cb/SerdesCntr_reg[2]/D (clocked by vita_clk_1). Large setup violations at the end of those stages might be difficult to fix during the post-placement implementation flow and could be the result of non-optimal XDC constraints or non-optimal design architecture
Related violations: <none>

TIMING-16#446 Warning
Large setup violation  
There is a large setup violation of -5.228 ns between design_1_i/onsemi_vita_cam_0/U0/onsemi_vita_cam_v3_1_S00_AXI_inst/slv_reg4_reg[2]/C (clocked by clk_fpga_0) and design_1_i/onsemi_vita_cam_0/U0/onsemi_vita_cam_v3_1_S00_AXI_inst/onsemi_vita_cam_core_inst/vita_iserdes_v5.vita_iserdes/generate_datagen.datagen[0].db/cb/SerdesCntr_reg[11]/D (clocked by vita_clk_1). Large setup violations at the end of those stages might be difficult to fix during the post-placement implementation flow and could be the result of non-optimal XDC constraints or non-optimal design architecture
Related violations: <none>

TIMING-16#447 Warning
Large setup violation  
There is a large setup violation of -5.228 ns between design_1_i/onsemi_vita_cam_0/U0/onsemi_vita_cam_v3_1_S00_AXI_inst/slv_reg4_reg[2]/C (clocked by clk_fpga_0) and design_1_i/onsemi_vita_cam_0/U0/onsemi_vita_cam_v3_1_S00_AXI_inst/onsemi_vita_cam_core_inst/vita_iserdes_v5.vita_iserdes/generate_datagen.datagen[1].db/cb/SerdesCntr_reg[12]/CE (clocked by vita_clk_1). Large setup violations at the end of those stages might be difficult to fix during the post-placement implementation flow and could be the result of non-optimal XDC constraints or non-optimal design architecture
Related violations: <none>

TIMING-16#448 Warning
Large setup violation  
There is a large setup violation of -5.228 ns between design_1_i/onsemi_vita_cam_0/U0/onsemi_vita_cam_v3_1_S00_AXI_inst/slv_reg4_reg[2]/C (clocked by clk_fpga_0) and design_1_i/onsemi_vita_cam_0/U0/onsemi_vita_cam_v3_1_S00_AXI_inst/onsemi_vita_cam_core_inst/vita_iserdes_v5.vita_iserdes/generate_datagen.datagen[1].db/cb/SerdesCntr_reg[13]/CE (clocked by vita_clk_1). Large setup violations at the end of those stages might be difficult to fix during the post-placement implementation flow and could be the result of non-optimal XDC constraints or non-optimal design architecture
Related violations: <none>

TIMING-16#449 Warning
Large setup violation  
There is a large setup violation of -5.228 ns between design_1_i/onsemi_vita_cam_0/U0/onsemi_vita_cam_v3_1_S00_AXI_inst/slv_reg4_reg[2]/C (clocked by clk_fpga_0) and design_1_i/onsemi_vita_cam_0/U0/onsemi_vita_cam_v3_1_S00_AXI_inst/onsemi_vita_cam_core_inst/vita_iserdes_v5.vita_iserdes/generate_datagen.datagen[1].db/cb/SerdesCntr_reg[14]/CE (clocked by vita_clk_1). Large setup violations at the end of those stages might be difficult to fix during the post-placement implementation flow and could be the result of non-optimal XDC constraints or non-optimal design architecture
Related violations: <none>

TIMING-16#450 Warning
Large setup violation  
There is a large setup violation of -5.228 ns between design_1_i/onsemi_vita_cam_0/U0/onsemi_vita_cam_v3_1_S00_AXI_inst/slv_reg4_reg[2]/C (clocked by clk_fpga_0) and design_1_i/onsemi_vita_cam_0/U0/onsemi_vita_cam_v3_1_S00_AXI_inst/onsemi_vita_cam_core_inst/vita_iserdes_v5.vita_iserdes/generate_datagen.datagen[1].db/cb/SerdesCntr_reg[15]/CE (clocked by vita_clk_1). Large setup violations at the end of those stages might be difficult to fix during the post-placement implementation flow and could be the result of non-optimal XDC constraints or non-optimal design architecture
Related violations: <none>

TIMING-16#451 Warning
Large setup violation  
There is a large setup violation of -5.228 ns between design_1_i/onsemi_vita_cam_0/U0/onsemi_vita_cam_v3_1_S00_AXI_inst/slv_reg4_reg[2]/C (clocked by clk_fpga_0) and design_1_i/onsemi_vita_cam_0/U0/onsemi_vita_cam_v3_1_S00_AXI_inst/onsemi_vita_cam_core_inst/vita_iserdes_v5.vita_iserdes/generate_datagen.datagen[1].db/cb/SerdesCntr_reg[6]/CE (clocked by vita_clk_1). Large setup violations at the end of those stages might be difficult to fix during the post-placement implementation flow and could be the result of non-optimal XDC constraints or non-optimal design architecture
Related violations: <none>

TIMING-16#452 Warning
Large setup violation  
There is a large setup violation of -5.228 ns between design_1_i/onsemi_vita_cam_0/U0/onsemi_vita_cam_v3_1_S00_AXI_inst/slv_reg4_reg[2]/C (clocked by clk_fpga_0) and design_1_i/onsemi_vita_cam_0/U0/onsemi_vita_cam_v3_1_S00_AXI_inst/onsemi_vita_cam_core_inst/vita_iserdes_v5.vita_iserdes/generate_datagen.datagen[1].db/cb/SerdesCntr_reg[7]/CE (clocked by vita_clk_1). Large setup violations at the end of those stages might be difficult to fix during the post-placement implementation flow and could be the result of non-optimal XDC constraints or non-optimal design architecture
Related violations: <none>

TIMING-16#453 Warning
Large setup violation  
There is a large setup violation of -5.228 ns between design_1_i/onsemi_vita_cam_0/U0/onsemi_vita_cam_v3_1_S00_AXI_inst/slv_reg4_reg[2]/C (clocked by clk_fpga_0) and design_1_i/onsemi_vita_cam_0/U0/onsemi_vita_cam_v3_1_S00_AXI_inst/onsemi_vita_cam_core_inst/vita_iserdes_v5.vita_iserdes/generate_datagen.datagen[1].db/cb/SerdesCntr_reg[8]/CE (clocked by vita_clk_1). Large setup violations at the end of those stages might be difficult to fix during the post-placement implementation flow and could be the result of non-optimal XDC constraints or non-optimal design architecture
Related violations: <none>

TIMING-16#454 Warning
Large setup violation  
There is a large setup violation of -5.228 ns between design_1_i/onsemi_vita_cam_0/U0/onsemi_vita_cam_v3_1_S00_AXI_inst/slv_reg4_reg[2]/C (clocked by clk_fpga_0) and design_1_i/onsemi_vita_cam_0/U0/onsemi_vita_cam_v3_1_S00_AXI_inst/onsemi_vita_cam_core_inst/vita_iserdes_v5.vita_iserdes/generate_datagen.datagen[1].db/cb/SerdesCntr_reg[9]/CE (clocked by vita_clk_1). Large setup violations at the end of those stages might be difficult to fix during the post-placement implementation flow and could be the result of non-optimal XDC constraints or non-optimal design architecture
Related violations: <none>

TIMING-16#455 Warning
Large setup violation  
There is a large setup violation of -5.233 ns between design_1_i/onsemi_vita_cam_0/U0/onsemi_vita_cam_v3_1_S00_AXI_inst/slv_reg4_reg[2]/C (clocked by clk_fpga_0) and design_1_i/onsemi_vita_cam_0/U0/onsemi_vita_cam_v3_1_S00_AXI_inst/onsemi_vita_cam_core_inst/vita_iserdes_v5.vita_iserdes/generate_datagen.datagen[0].db/cb/SerdesCntr_reg[0]/D (clocked by vita_clk_1). Large setup violations at the end of those stages might be difficult to fix during the post-placement implementation flow and could be the result of non-optimal XDC constraints or non-optimal design architecture
Related violations: <none>

TIMING-16#456 Warning
Large setup violation  
There is a large setup violation of -5.233 ns between design_1_i/onsemi_vita_cam_0/U0/onsemi_vita_cam_v3_1_S00_AXI_inst/slv_reg4_reg[2]/C (clocked by clk_fpga_0) and design_1_i/onsemi_vita_cam_0/U0/onsemi_vita_cam_v3_1_S00_AXI_inst/onsemi_vita_cam_core_inst/vita_iserdes_v5.vita_iserdes/generate_datagen.datagen[0].db/cb/SerdesCntr_reg[2]/D (clocked by vita_clk_1). Large setup violations at the end of those stages might be difficult to fix during the post-placement implementation flow and could be the result of non-optimal XDC constraints or non-optimal design architecture
Related violations: <none>

TIMING-16#457 Warning
Large setup violation  
There is a large setup violation of -5.236 ns between design_1_i/onsemi_vita_cam_0/U0/onsemi_vita_cam_v3_1_S00_AXI_inst/slv_reg4_reg[2]/C (clocked by clk_fpga_0) and design_1_i/onsemi_vita_cam_0/U0/onsemi_vita_cam_v3_1_S00_AXI_inst/onsemi_vita_cam_core_inst/vita_iserdes_v5.vita_iserdes/generate_datagen.datagen[1].db/cb/SerdesCntr_reg[10]/CE (clocked by vita_clk_1). Large setup violations at the end of those stages might be difficult to fix during the post-placement implementation flow and could be the result of non-optimal XDC constraints or non-optimal design architecture
Related violations: <none>

TIMING-16#458 Warning
Large setup violation  
There is a large setup violation of -5.236 ns between design_1_i/onsemi_vita_cam_0/U0/onsemi_vita_cam_v3_1_S00_AXI_inst/slv_reg4_reg[2]/C (clocked by clk_fpga_0) and design_1_i/onsemi_vita_cam_0/U0/onsemi_vita_cam_v3_1_S00_AXI_inst/onsemi_vita_cam_core_inst/vita_iserdes_v5.vita_iserdes/generate_datagen.datagen[1].db/cb/SerdesCntr_reg[11]/CE (clocked by vita_clk_1). Large setup violations at the end of those stages might be difficult to fix during the post-placement implementation flow and could be the result of non-optimal XDC constraints or non-optimal design architecture
Related violations: <none>

TIMING-16#459 Warning
Large setup violation  
There is a large setup violation of -5.238 ns between design_1_i/onsemi_vita_cam_0/U0/onsemi_vita_cam_v3_1_S00_AXI_inst/slv_reg28_reg[1]/C (clocked by clk_fpga_0) and design_1_i/onsemi_vita_cam_0/U0/onsemi_vita_cam_v3_1_S00_AXI_inst/onsemi_vita_cam_core_inst/vita_crc_checker/generate_CRC[3].the_crc_calc/CRC_tool_reg[1]/D (clocked by vita_clk_1). Large setup violations at the end of those stages might be difficult to fix during the post-placement implementation flow and could be the result of non-optimal XDC constraints or non-optimal design architecture
Related violations: <none>

TIMING-16#460 Warning
Large setup violation  
There is a large setup violation of -5.243 ns between design_1_i/onsemi_vita_cam_0/U0/onsemi_vita_cam_v3_1_S00_AXI_inst/slv_reg6_reg[6]/C (clocked by clk_fpga_0) and design_1_i/onsemi_vita_cam_0/U0/onsemi_vita_cam_v3_1_S00_AXI_inst/onsemi_vita_cam_core_inst/vita_iserdes_v5.vita_iserdes/generate_datagen.datagen[1].db/cb/GenCntr_reg[6]/D (clocked by vita_clk_1). Large setup violations at the end of those stages might be difficult to fix during the post-placement implementation flow and could be the result of non-optimal XDC constraints or non-optimal design architecture
Related violations: <none>

TIMING-16#461 Warning
Large setup violation  
There is a large setup violation of -5.245 ns between design_1_i/onsemi_vita_cam_0/U0/onsemi_vita_cam_v3_1_S00_AXI_inst/slv_reg4_reg[2]/C (clocked by clk_fpga_0) and design_1_i/onsemi_vita_cam_0/U0/onsemi_vita_cam_v3_1_S00_AXI_inst/onsemi_vita_cam_core_inst/vita_iserdes_v5.vita_iserdes/generate_datagen.datagen[0].db/cb/SerdesCntr_reg[10]/D (clocked by vita_clk_1). Large setup violations at the end of those stages might be difficult to fix during the post-placement implementation flow and could be the result of non-optimal XDC constraints or non-optimal design architecture
Related violations: <none>

TIMING-16#462 Warning
Large setup violation  
There is a large setup violation of -5.245 ns between design_1_i/onsemi_vita_cam_0/U0/onsemi_vita_cam_v3_1_S00_AXI_inst/slv_reg8_reg[1]/C (clocked by clk_fpga_0) and design_1_i/onsemi_vita_cam_0/U0/onsemi_vita_cam_v3_1_S00_AXI_inst/onsemi_vita_cam_core_inst/vita_crc_checker/generate_CRC[2].the_crc_comp/FSM_sequential_CompareState_reg[1]/D (clocked by vita_clk_1). Large setup violations at the end of those stages might be difficult to fix during the post-placement implementation flow and could be the result of non-optimal XDC constraints or non-optimal design architecture
Related violations: <none>

TIMING-16#463 Warning
Large setup violation  
There is a large setup violation of -5.246 ns between design_1_i/onsemi_vita_cam_0/U0/onsemi_vita_cam_v3_1_S00_AXI_inst/slv_reg8_reg[1]/C (clocked by clk_fpga_0) and design_1_i/onsemi_vita_cam_0/U0/onsemi_vita_cam_v3_1_S00_AXI_inst/onsemi_vita_cam_core_inst/vita_crc_checker/generate_CRC[2].the_crc_comp/STATUS_reg/D (clocked by vita_clk_1). Large setup violations at the end of those stages might be difficult to fix during the post-placement implementation flow and could be the result of non-optimal XDC constraints or non-optimal design architecture
Related violations: <none>

TIMING-16#464 Warning
Large setup violation  
There is a large setup violation of -5.247 ns between design_1_i/onsemi_vita_cam_0/U0/onsemi_vita_cam_v3_1_S00_AXI_inst/slv_reg30_reg[4]/C (clocked by clk_fpga_0) and design_1_i/onsemi_vita_cam_0/U0/onsemi_vita_cam_v3_1_S00_AXI_inst/onsemi_vita_cam_core_inst/vita_remapper/DATA_reg[4]/D (clocked by vita_clk_1). Large setup violations at the end of those stages might be difficult to fix during the post-placement implementation flow and could be the result of non-optimal XDC constraints or non-optimal design architecture
Related violations: <none>

TIMING-16#465 Warning
Large setup violation  
There is a large setup violation of -5.250 ns between design_1_i/onsemi_vita_cam_0/U0/onsemi_vita_cam_v3_1_S00_AXI_inst/onsemi_vita_cam_core_inst/vita_crc_checker/generate_CRC[2].the_crc_comp/STATUS_reg/C (clocked by vita_clk_1) and design_1_i/onsemi_vita_cam_0/U0/onsemi_vita_cam_v3_1_S00_AXI_inst/axi_rdata_reg[2]/D (clocked by clk_fpga_0). Large setup violations at the end of those stages might be difficult to fix during the post-placement implementation flow and could be the result of non-optimal XDC constraints or non-optimal design architecture
Related violations: <none>

TIMING-16#466 Warning
Large setup violation  
There is a large setup violation of -5.253 ns between design_1_i/onsemi_vita_cam_0/U0/onsemi_vita_cam_v3_1_S00_AXI_inst/slv_reg6_reg[6]/C (clocked by clk_fpga_0) and design_1_i/onsemi_vita_cam_0/U0/onsemi_vita_cam_v3_1_S00_AXI_inst/onsemi_vita_cam_core_inst/vita_iserdes_v5.vita_iserdes/generate_datagen.datagen[4].db/cb/GenCntr_reg[6]/D (clocked by vita_clk_1). Large setup violations at the end of those stages might be difficult to fix during the post-placement implementation flow and could be the result of non-optimal XDC constraints or non-optimal design architecture
Related violations: <none>

TIMING-16#467 Warning
Large setup violation  
There is a large setup violation of -5.257 ns between design_1_i/onsemi_vita_cam_0/U0/onsemi_vita_cam_v3_1_S00_AXI_inst/slv_reg30_reg[4]/C (clocked by clk_fpga_0) and design_1_i/onsemi_vita_cam_0/U0/onsemi_vita_cam_v3_1_S00_AXI_inst/onsemi_vita_cam_core_inst/vita_remapper/DATA_reg[5]/D (clocked by vita_clk_1). Large setup violations at the end of those stages might be difficult to fix during the post-placement implementation flow and could be the result of non-optimal XDC constraints or non-optimal design architecture
Related violations: <none>

TIMING-16#468 Warning
Large setup violation  
There is a large setup violation of -5.260 ns between design_1_i/onsemi_vita_cam_0/U0/onsemi_vita_cam_v3_1_S00_AXI_inst/slv_reg8_reg[1]/C (clocked by clk_fpga_0) and design_1_i/onsemi_vita_cam_0/U0/onsemi_vita_cam_v3_1_S00_AXI_inst/onsemi_vita_cam_core_inst/vita_crc_checker/generate_CRC[2].the_crc_comp/FSM_sequential_CompareState_reg[0]/D (clocked by vita_clk_1). Large setup violations at the end of those stages might be difficult to fix during the post-placement implementation flow and could be the result of non-optimal XDC constraints or non-optimal design architecture
Related violations: <none>

TIMING-16#469 Warning
Large setup violation  
There is a large setup violation of -5.267 ns between design_1_i/onsemi_vita_cam_0/U0/onsemi_vita_cam_v3_1_S00_AXI_inst/slv_reg4_reg[2]/C (clocked by clk_fpga_0) and design_1_i/onsemi_vita_cam_0/U0/onsemi_vita_cam_v3_1_S00_AXI_inst/onsemi_vita_cam_core_inst/vita_iserdes_v5.vita_iserdes/generate_datagen.datagen[0].db/cb/TimeOutCntr_reg[0]/CE (clocked by vita_clk_1). Large setup violations at the end of those stages might be difficult to fix during the post-placement implementation flow and could be the result of non-optimal XDC constraints or non-optimal design architecture
Related violations: <none>

TIMING-16#470 Warning
Large setup violation  
There is a large setup violation of -5.267 ns between design_1_i/onsemi_vita_cam_0/U0/onsemi_vita_cam_v3_1_S00_AXI_inst/slv_reg4_reg[2]/C (clocked by clk_fpga_0) and design_1_i/onsemi_vita_cam_0/U0/onsemi_vita_cam_v3_1_S00_AXI_inst/onsemi_vita_cam_core_inst/vita_iserdes_v5.vita_iserdes/generate_datagen.datagen[0].db/cb/TimeOutCntr_reg[1]/CE (clocked by vita_clk_1). Large setup violations at the end of those stages might be difficult to fix during the post-placement implementation flow and could be the result of non-optimal XDC constraints or non-optimal design architecture
Related violations: <none>

TIMING-16#471 Warning
Large setup violation  
There is a large setup violation of -5.269 ns between design_1_i/onsemi_vita_cam_0/U0/onsemi_vita_cam_v3_1_S00_AXI_inst/slv_reg4_reg[2]/C (clocked by clk_fpga_0) and design_1_i/onsemi_vita_cam_0/U0/onsemi_vita_cam_v3_1_S00_AXI_inst/onsemi_vita_cam_core_inst/vita_iserdes_v5.vita_iserdes/generate_datagen.datagen[0].db/cb/SerdesCntr_reg[4]/CE (clocked by vita_clk_1). Large setup violations at the end of those stages might be difficult to fix during the post-placement implementation flow and could be the result of non-optimal XDC constraints or non-optimal design architecture
Related violations: <none>

TIMING-16#472 Warning
Large setup violation  
There is a large setup violation of -5.269 ns between design_1_i/onsemi_vita_cam_0/U0/onsemi_vita_cam_v3_1_S00_AXI_inst/slv_reg4_reg[2]/C (clocked by clk_fpga_0) and design_1_i/onsemi_vita_cam_0/U0/onsemi_vita_cam_v3_1_S00_AXI_inst/onsemi_vita_cam_core_inst/vita_iserdes_v5.vita_iserdes/generate_datagen.datagen[0].db/cb/SerdesCntr_reg[5]/CE (clocked by vita_clk_1). Large setup violations at the end of those stages might be difficult to fix during the post-placement implementation flow and could be the result of non-optimal XDC constraints or non-optimal design architecture
Related violations: <none>

TIMING-16#473 Warning
Large setup violation  
There is a large setup violation of -5.269 ns between design_1_i/onsemi_vita_cam_0/U0/onsemi_vita_cam_v3_1_S00_AXI_inst/slv_reg4_reg[2]/C (clocked by clk_fpga_0) and design_1_i/onsemi_vita_cam_0/U0/onsemi_vita_cam_v3_1_S00_AXI_inst/onsemi_vita_cam_core_inst/vita_iserdes_v5.vita_iserdes/generate_datagen.datagen[0].db/cb/SerdesCntr_reg[6]/CE (clocked by vita_clk_1). Large setup violations at the end of those stages might be difficult to fix during the post-placement implementation flow and could be the result of non-optimal XDC constraints or non-optimal design architecture
Related violations: <none>

TIMING-16#474 Warning
Large setup violation  
There is a large setup violation of -5.269 ns between design_1_i/onsemi_vita_cam_0/U0/onsemi_vita_cam_v3_1_S00_AXI_inst/slv_reg4_reg[2]/C (clocked by clk_fpga_0) and design_1_i/onsemi_vita_cam_0/U0/onsemi_vita_cam_v3_1_S00_AXI_inst/onsemi_vita_cam_core_inst/vita_iserdes_v5.vita_iserdes/generate_datagen.datagen[0].db/cb/SerdesCntr_reg[7]/CE (clocked by vita_clk_1). Large setup violations at the end of those stages might be difficult to fix during the post-placement implementation flow and could be the result of non-optimal XDC constraints or non-optimal design architecture
Related violations: <none>

TIMING-16#475 Warning
Large setup violation  
There is a large setup violation of -5.269 ns between design_1_i/onsemi_vita_cam_0/U0/onsemi_vita_cam_v3_1_S00_AXI_inst/slv_reg4_reg[2]/C (clocked by clk_fpga_0) and design_1_i/onsemi_vita_cam_0/U0/onsemi_vita_cam_v3_1_S00_AXI_inst/onsemi_vita_cam_core_inst/vita_iserdes_v5.vita_iserdes/generate_datagen.datagen[0].db/cb/selector_reg[0]/CE (clocked by vita_clk_1). Large setup violations at the end of those stages might be difficult to fix during the post-placement implementation flow and could be the result of non-optimal XDC constraints or non-optimal design architecture
Related violations: <none>

TIMING-16#476 Warning
Large setup violation  
There is a large setup violation of -5.271 ns between design_1_i/onsemi_vita_cam_0/U0/onsemi_vita_cam_v3_1_S00_AXI_inst/slv_reg4_reg[2]/C (clocked by clk_fpga_0) and design_1_i/onsemi_vita_cam_0/U0/onsemi_vita_cam_v3_1_S00_AXI_inst/onsemi_vita_cam_core_inst/vita_iserdes_v5.vita_iserdes/generate_datagen.datagen[0].db/cb/SerdesCntr_reg[12]/CE (clocked by vita_clk_1). Large setup violations at the end of those stages might be difficult to fix during the post-placement implementation flow and could be the result of non-optimal XDC constraints or non-optimal design architecture
Related violations: <none>

TIMING-16#477 Warning
Large setup violation  
There is a large setup violation of -5.271 ns between design_1_i/onsemi_vita_cam_0/U0/onsemi_vita_cam_v3_1_S00_AXI_inst/slv_reg4_reg[2]/C (clocked by clk_fpga_0) and design_1_i/onsemi_vita_cam_0/U0/onsemi_vita_cam_v3_1_S00_AXI_inst/onsemi_vita_cam_core_inst/vita_iserdes_v5.vita_iserdes/generate_datagen.datagen[0].db/cb/SerdesCntr_reg[13]/CE (clocked by vita_clk_1). Large setup violations at the end of those stages might be difficult to fix during the post-placement implementation flow and could be the result of non-optimal XDC constraints or non-optimal design architecture
Related violations: <none>

TIMING-16#478 Warning
Large setup violation  
There is a large setup violation of -5.271 ns between design_1_i/onsemi_vita_cam_0/U0/onsemi_vita_cam_v3_1_S00_AXI_inst/slv_reg4_reg[2]/C (clocked by clk_fpga_0) and design_1_i/onsemi_vita_cam_0/U0/onsemi_vita_cam_v3_1_S00_AXI_inst/onsemi_vita_cam_core_inst/vita_iserdes_v5.vita_iserdes/generate_datagen.datagen[0].db/cb/SerdesCntr_reg[14]/CE (clocked by vita_clk_1). Large setup violations at the end of those stages might be difficult to fix during the post-placement implementation flow and could be the result of non-optimal XDC constraints or non-optimal design architecture
Related violations: <none>

TIMING-16#479 Warning
Large setup violation  
There is a large setup violation of -5.271 ns between design_1_i/onsemi_vita_cam_0/U0/onsemi_vita_cam_v3_1_S00_AXI_inst/slv_reg4_reg[2]/C (clocked by clk_fpga_0) and design_1_i/onsemi_vita_cam_0/U0/onsemi_vita_cam_v3_1_S00_AXI_inst/onsemi_vita_cam_core_inst/vita_iserdes_v5.vita_iserdes/generate_datagen.datagen[0].db/cb/SerdesCntr_reg[15]/CE (clocked by vita_clk_1). Large setup violations at the end of those stages might be difficult to fix during the post-placement implementation flow and could be the result of non-optimal XDC constraints or non-optimal design architecture
Related violations: <none>

TIMING-16#480 Warning
Large setup violation  
There is a large setup violation of -5.272 ns between design_1_i/onsemi_vita_cam_0/U0/onsemi_vita_cam_v3_1_S00_AXI_inst/slv_reg4_reg[2]/C (clocked by clk_fpga_0) and design_1_i/onsemi_vita_cam_0/U0/onsemi_vita_cam_v3_1_S00_AXI_inst/onsemi_vita_cam_core_inst/vita_iserdes_v5.vita_iserdes/generate_datagen.datagen[1].db/cb/SerdesCntr_reg[11]/D (clocked by vita_clk_1). Large setup violations at the end of those stages might be difficult to fix during the post-placement implementation flow and could be the result of non-optimal XDC constraints or non-optimal design architecture
Related violations: <none>

TIMING-16#481 Warning
Large setup violation  
There is a large setup violation of -5.280 ns between design_1_i/onsemi_vita_cam_0/U0/onsemi_vita_cam_v3_1_S00_AXI_inst/slv_reg28_reg[1]/C (clocked by clk_fpga_0) and design_1_i/onsemi_vita_cam_0/U0/onsemi_vita_cam_v3_1_S00_AXI_inst/onsemi_vita_cam_core_inst/vita_crc_checker/generate_CRC[1].the_crc_calc/CRC_tool_reg[8]/D (clocked by vita_clk_1). Large setup violations at the end of those stages might be difficult to fix during the post-placement implementation flow and could be the result of non-optimal XDC constraints or non-optimal design architecture
Related violations: <none>

TIMING-16#482 Warning
Large setup violation  
There is a large setup violation of -5.284 ns between design_1_i/onsemi_vita_cam_0/U0/onsemi_vita_cam_v3_1_S00_AXI_inst/slv_reg6_reg[4]/C (clocked by clk_fpga_0) and design_1_i/onsemi_vita_cam_0/U0/onsemi_vita_cam_v3_1_S00_AXI_inst/onsemi_vita_cam_core_inst/vita_iserdes_v5.vita_iserdes/generate_datagen.datagen[0].db/cb/GenCntr_reg[4]/D (clocked by vita_clk_1). Large setup violations at the end of those stages might be difficult to fix during the post-placement implementation flow and could be the result of non-optimal XDC constraints or non-optimal design architecture
Related violations: <none>

TIMING-16#483 Warning
Large setup violation  
There is a large setup violation of -5.303 ns between design_1_i/onsemi_vita_cam_0/U0/onsemi_vita_cam_v3_1_S00_AXI_inst/slv_reg8_reg[1]/C (clocked by clk_fpga_0) and design_1_i/onsemi_vita_cam_0/U0/onsemi_vita_cam_v3_1_S00_AXI_inst/onsemi_vita_cam_core_inst/vita_crc_checker/generate_CRC[1].the_crc_comp/STATUS_reg/D (clocked by vita_clk_1). Large setup violations at the end of those stages might be difficult to fix during the post-placement implementation flow and could be the result of non-optimal XDC constraints or non-optimal design architecture
Related violations: <none>

TIMING-16#484 Warning
Large setup violation  
There is a large setup violation of -5.304 ns between design_1_i/onsemi_vita_cam_0/U0/onsemi_vita_cam_v3_1_S00_AXI_inst/slv_reg28_reg[1]/C (clocked by clk_fpga_0) and design_1_i/onsemi_vita_cam_0/U0/onsemi_vita_cam_v3_1_S00_AXI_inst/onsemi_vita_cam_core_inst/vita_crc_checker/generate_CRC[1].the_crc_calc/CRC_tool_reg[2]/D (clocked by vita_clk_1). Large setup violations at the end of those stages might be difficult to fix during the post-placement implementation flow and could be the result of non-optimal XDC constraints or non-optimal design architecture
Related violations: <none>

TIMING-16#485 Warning
Large setup violation  
There is a large setup violation of -5.304 ns between design_1_i/onsemi_vita_cam_0/U0/onsemi_vita_cam_v3_1_S00_AXI_inst/slv_reg30_reg[5]/C (clocked by clk_fpga_0) and design_1_i/onsemi_vita_cam_0/U0/onsemi_vita_cam_v3_1_S00_AXI_inst/onsemi_vita_cam_core_inst/vita_remapper/DATA_reg[13]/CE (clocked by vita_clk_1). Large setup violations at the end of those stages might be difficult to fix during the post-placement implementation flow and could be the result of non-optimal XDC constraints or non-optimal design architecture
Related violations: <none>

TIMING-16#486 Warning
Large setup violation  
There is a large setup violation of -5.304 ns between design_1_i/onsemi_vita_cam_0/U0/onsemi_vita_cam_v3_1_S00_AXI_inst/slv_reg30_reg[5]/C (clocked by clk_fpga_0) and design_1_i/onsemi_vita_cam_0/U0/onsemi_vita_cam_v3_1_S00_AXI_inst/onsemi_vita_cam_core_inst/vita_remapper/DATA_reg[37]/CE (clocked by vita_clk_1). Large setup violations at the end of those stages might be difficult to fix during the post-placement implementation flow and could be the result of non-optimal XDC constraints or non-optimal design architecture
Related violations: <none>

TIMING-16#487 Warning
Large setup violation  
There is a large setup violation of -5.304 ns between design_1_i/onsemi_vita_cam_0/U0/onsemi_vita_cam_v3_1_S00_AXI_inst/slv_reg6_reg[5]/C (clocked by clk_fpga_0) and design_1_i/onsemi_vita_cam_0/U0/onsemi_vita_cam_v3_1_S00_AXI_inst/onsemi_vita_cam_core_inst/vita_iserdes_v5.vita_iserdes/generate_datagen.datagen[2].db/cb/GenCntr_reg[5]/D (clocked by vita_clk_1). Large setup violations at the end of those stages might be difficult to fix during the post-placement implementation flow and could be the result of non-optimal XDC constraints or non-optimal design architecture
Related violations: <none>

TIMING-16#488 Warning
Large setup violation  
There is a large setup violation of -5.308 ns between design_1_i/onsemi_vita_cam_0/U0/onsemi_vita_cam_v3_1_S00_AXI_inst/slv_reg4_reg[0]/C (clocked by clk_fpga_0) and design_1_i/onsemi_vita_cam_0/U0/onsemi_vita_cam_v3_1_S00_AXI_inst/onsemi_vita_cam_core_inst/vita_iserdes_v5.vita_iserdes/generate_datagen.datagen[3].db/ss/datapipe_reg[0][3]/CE (clocked by vita_clk_1). Large setup violations at the end of those stages might be difficult to fix during the post-placement implementation flow and could be the result of non-optimal XDC constraints or non-optimal design architecture
Related violations: <none>

TIMING-16#489 Warning
Large setup violation  
There is a large setup violation of -5.308 ns between design_1_i/onsemi_vita_cam_0/U0/onsemi_vita_cam_v3_1_S00_AXI_inst/slv_reg4_reg[0]/C (clocked by clk_fpga_0) and design_1_i/onsemi_vita_cam_0/U0/onsemi_vita_cam_v3_1_S00_AXI_inst/onsemi_vita_cam_core_inst/vita_iserdes_v5.vita_iserdes/generate_datagen.datagen[3].db/ss/datapipe_reg[0][7]/CE (clocked by vita_clk_1). Large setup violations at the end of those stages might be difficult to fix during the post-placement implementation flow and could be the result of non-optimal XDC constraints or non-optimal design architecture
Related violations: <none>

TIMING-16#490 Warning
Large setup violation  
There is a large setup violation of -5.321 ns between design_1_i/onsemi_vita_cam_0/U0/onsemi_vita_cam_v3_1_S00_AXI_inst/slv_reg4_reg[2]/C (clocked by clk_fpga_0) and design_1_i/onsemi_vita_cam_0/U0/onsemi_vita_cam_v3_1_S00_AXI_inst/onsemi_vita_cam_core_inst/vita_iserdes_v5.vita_iserdes/generate_datagen.datagen[1].db/cb/SerdesCntr_reg[10]/D (clocked by vita_clk_1). Large setup violations at the end of those stages might be difficult to fix during the post-placement implementation flow and could be the result of non-optimal XDC constraints or non-optimal design architecture
Related violations: <none>

TIMING-16#491 Warning
Large setup violation  
There is a large setup violation of -5.331 ns between design_1_i/onsemi_vita_cam_0/U0/onsemi_vita_cam_v3_1_S00_AXI_inst/slv_reg4_reg[2]/C (clocked by clk_fpga_0) and design_1_i/onsemi_vita_cam_0/U0/onsemi_vita_cam_v3_1_S00_AXI_inst/onsemi_vita_cam_core_inst/vita_iserdes_v5.vita_iserdes/generate_datagen.datagen[2].db/cb/CTRL_FIFO_RESET_reg/D (clocked by vita_clk_1). Large setup violations at the end of those stages might be difficult to fix during the post-placement implementation flow and could be the result of non-optimal XDC constraints or non-optimal design architecture
Related violations: <none>

TIMING-16#492 Warning
Large setup violation  
There is a large setup violation of -5.336 ns between design_1_i/onsemi_vita_cam_0/U0/onsemi_vita_cam_v3_1_S00_AXI_inst/slv_reg4_reg[2]/C (clocked by clk_fpga_0) and design_1_i/onsemi_vita_cam_0/U0/onsemi_vita_cam_v3_1_S00_AXI_inst/onsemi_vita_cam_core_inst/vita_iserdes_v5.vita_iserdes/generate_datagen.datagen[0].db/cb/start_align_i_reg/D (clocked by vita_clk_1). Large setup violations at the end of those stages might be difficult to fix during the post-placement implementation flow and could be the result of non-optimal XDC constraints or non-optimal design architecture
Related violations: <none>

TIMING-16#493 Warning
Large setup violation  
There is a large setup violation of -5.349 ns between design_1_i/onsemi_vita_cam_0/U0/onsemi_vita_cam_v3_1_S00_AXI_inst/slv_reg6_reg[7]/C (clocked by clk_fpga_0) and design_1_i/onsemi_vita_cam_0/U0/onsemi_vita_cam_v3_1_S00_AXI_inst/onsemi_vita_cam_core_inst/vita_iserdes_v5.vita_iserdes/generate_datagen.datagen[2].db/cb/GenCntr_reg[7]/D (clocked by vita_clk_1). Large setup violations at the end of those stages might be difficult to fix during the post-placement implementation flow and could be the result of non-optimal XDC constraints or non-optimal design architecture
Related violations: <none>

TIMING-16#494 Warning
Large setup violation  
There is a large setup violation of -5.368 ns between design_1_i/onsemi_vita_cam_0/U0/onsemi_vita_cam_v3_1_S00_AXI_inst/slv_reg30_reg[6]/C (clocked by clk_fpga_0) and design_1_i/onsemi_vita_cam_0/U0/onsemi_vita_cam_v3_1_S00_AXI_inst/onsemi_vita_cam_core_inst/vita_remapper/DATA_reg[29]/D (clocked by vita_clk_1). Large setup violations at the end of those stages might be difficult to fix during the post-placement implementation flow and could be the result of non-optimal XDC constraints or non-optimal design architecture
Related violations: <none>

TIMING-16#495 Warning
Large setup violation  
There is a large setup violation of -5.375 ns between design_1_i/onsemi_vita_cam_0/U0/onsemi_vita_cam_v3_1_S00_AXI_inst/slv_reg4_reg[2]/C (clocked by clk_fpga_0) and design_1_i/onsemi_vita_cam_0/U0/onsemi_vita_cam_v3_1_S00_AXI_inst/onsemi_vita_cam_core_inst/vita_iserdes_v5.vita_iserdes/generate_datagen.datagen[1].db/cb/SerdesCntr_reg[0]/CE (clocked by vita_clk_1). Large setup violations at the end of those stages might be difficult to fix during the post-placement implementation flow and could be the result of non-optimal XDC constraints or non-optimal design architecture
Related violations: <none>

TIMING-16#496 Warning
Large setup violation  
There is a large setup violation of -5.375 ns between design_1_i/onsemi_vita_cam_0/U0/onsemi_vita_cam_v3_1_S00_AXI_inst/slv_reg4_reg[2]/C (clocked by clk_fpga_0) and design_1_i/onsemi_vita_cam_0/U0/onsemi_vita_cam_v3_1_S00_AXI_inst/onsemi_vita_cam_core_inst/vita_iserdes_v5.vita_iserdes/generate_datagen.datagen[1].db/cb/SerdesCntr_reg[1]/CE (clocked by vita_clk_1). Large setup violations at the end of those stages might be difficult to fix during the post-placement implementation flow and could be the result of non-optimal XDC constraints or non-optimal design architecture
Related violations: <none>

TIMING-16#497 Warning
Large setup violation  
There is a large setup violation of -5.375 ns between design_1_i/onsemi_vita_cam_0/U0/onsemi_vita_cam_v3_1_S00_AXI_inst/slv_reg4_reg[2]/C (clocked by clk_fpga_0) and design_1_i/onsemi_vita_cam_0/U0/onsemi_vita_cam_v3_1_S00_AXI_inst/onsemi_vita_cam_core_inst/vita_iserdes_v5.vita_iserdes/generate_datagen.datagen[1].db/cb/SerdesCntr_reg[2]/CE (clocked by vita_clk_1). Large setup violations at the end of those stages might be difficult to fix during the post-placement implementation flow and could be the result of non-optimal XDC constraints or non-optimal design architecture
Related violations: <none>

TIMING-16#498 Warning
Large setup violation  
There is a large setup violation of -5.375 ns between design_1_i/onsemi_vita_cam_0/U0/onsemi_vita_cam_v3_1_S00_AXI_inst/slv_reg4_reg[2]/C (clocked by clk_fpga_0) and design_1_i/onsemi_vita_cam_0/U0/onsemi_vita_cam_v3_1_S00_AXI_inst/onsemi_vita_cam_core_inst/vita_iserdes_v5.vita_iserdes/generate_datagen.datagen[1].db/cb/SerdesCntr_reg[3]/CE (clocked by vita_clk_1). Large setup violations at the end of those stages might be difficult to fix during the post-placement implementation flow and could be the result of non-optimal XDC constraints or non-optimal design architecture
Related violations: <none>

TIMING-16#499 Warning
Large setup violation  
There is a large setup violation of -5.375 ns between design_1_i/onsemi_vita_cam_0/U0/onsemi_vita_cam_v3_1_S00_AXI_inst/slv_reg4_reg[2]/C (clocked by clk_fpga_0) and design_1_i/onsemi_vita_cam_0/U0/onsemi_vita_cam_v3_1_S00_AXI_inst/onsemi_vita_cam_core_inst/vita_iserdes_v5.vita_iserdes/generate_datagen.datagen[1].db/cb/SerdesCntr_reg[4]/CE (clocked by vita_clk_1). Large setup violations at the end of those stages might be difficult to fix during the post-placement implementation flow and could be the result of non-optimal XDC constraints or non-optimal design architecture
Related violations: <none>

TIMING-16#500 Warning
Large setup violation  
There is a large setup violation of -5.375 ns between design_1_i/onsemi_vita_cam_0/U0/onsemi_vita_cam_v3_1_S00_AXI_inst/slv_reg4_reg[2]/C (clocked by clk_fpga_0) and design_1_i/onsemi_vita_cam_0/U0/onsemi_vita_cam_v3_1_S00_AXI_inst/onsemi_vita_cam_core_inst/vita_iserdes_v5.vita_iserdes/generate_datagen.datagen[1].db/cb/SerdesCntr_reg[5]/CE (clocked by vita_clk_1). Large setup violations at the end of those stages might be difficult to fix during the post-placement implementation flow and could be the result of non-optimal XDC constraints or non-optimal design architecture
Related violations: <none>

TIMING-16#501 Warning
Large setup violation  
There is a large setup violation of -5.396 ns between design_1_i/onsemi_vita_cam_0/U0/onsemi_vita_cam_v3_1_S00_AXI_inst/slv_reg6_reg[5]/C (clocked by clk_fpga_0) and design_1_i/onsemi_vita_cam_0/U0/onsemi_vita_cam_v3_1_S00_AXI_inst/onsemi_vita_cam_core_inst/vita_iserdes_v5.vita_iserdes/generate_datagen.datagen[4].db/cb/GenCntr_reg[5]/D (clocked by vita_clk_1). Large setup violations at the end of those stages might be difficult to fix during the post-placement implementation flow and could be the result of non-optimal XDC constraints or non-optimal design architecture
Related violations: <none>

TIMING-16#502 Warning
Large setup violation  
There is a large setup violation of -5.399 ns between design_1_i/onsemi_vita_cam_0/U0/onsemi_vita_cam_v3_1_S00_AXI_inst/slv_reg4_reg[0]/C (clocked by clk_fpga_0) and design_1_i/onsemi_vita_cam_0/U0/onsemi_vita_cam_v3_1_S00_AXI_inst/onsemi_vita_cam_core_inst/vita_iserdes_v5.vita_iserdes/generate_datagen.datagen[4].db/ss/datapipe_reg[0][0]/CE (clocked by vita_clk_1). Large setup violations at the end of those stages might be difficult to fix during the post-placement implementation flow and could be the result of non-optimal XDC constraints or non-optimal design architecture
Related violations: <none>

TIMING-16#503 Warning
Large setup violation  
There is a large setup violation of -5.399 ns between design_1_i/onsemi_vita_cam_0/U0/onsemi_vita_cam_v3_1_S00_AXI_inst/slv_reg4_reg[0]/C (clocked by clk_fpga_0) and design_1_i/onsemi_vita_cam_0/U0/onsemi_vita_cam_v3_1_S00_AXI_inst/onsemi_vita_cam_core_inst/vita_iserdes_v5.vita_iserdes/generate_datagen.datagen[4].db/ss/datapipe_reg[0][4]/CE (clocked by vita_clk_1). Large setup violations at the end of those stages might be difficult to fix during the post-placement implementation flow and could be the result of non-optimal XDC constraints or non-optimal design architecture
Related violations: <none>

TIMING-16#504 Warning
Large setup violation  
There is a large setup violation of -5.399 ns between design_1_i/onsemi_vita_cam_0/U0/onsemi_vita_cam_v3_1_S00_AXI_inst/slv_reg4_reg[0]/C (clocked by clk_fpga_0) and design_1_i/onsemi_vita_cam_0/U0/onsemi_vita_cam_v3_1_S00_AXI_inst/onsemi_vita_cam_core_inst/vita_iserdes_v5.vita_iserdes/generate_datagen.datagen[4].db/ss/datapipe_reg[0][7]/CE (clocked by vita_clk_1). Large setup violations at the end of those stages might be difficult to fix during the post-placement implementation flow and could be the result of non-optimal XDC constraints or non-optimal design architecture
Related violations: <none>

TIMING-16#505 Warning
Large setup violation  
There is a large setup violation of -5.431 ns between design_1_i/onsemi_vita_cam_0/U0/onsemi_vita_cam_v3_1_S00_AXI_inst/slv_reg4_reg[2]/C (clocked by clk_fpga_0) and design_1_i/onsemi_vita_cam_0/U0/onsemi_vita_cam_v3_1_S00_AXI_inst/onsemi_vita_cam_core_inst/vita_iserdes_v5.vita_iserdes/generate_datagen.datagen[1].db/cb/SerdesCntr_reg[15]/D (clocked by vita_clk_1). Large setup violations at the end of those stages might be difficult to fix during the post-placement implementation flow and could be the result of non-optimal XDC constraints or non-optimal design architecture
Related violations: <none>

TIMING-16#506 Warning
Large setup violation  
There is a large setup violation of -5.445 ns between design_1_i/onsemi_vita_cam_0/U0/onsemi_vita_cam_v3_1_S00_AXI_inst/slv_reg8_reg[1]/C (clocked by clk_fpga_0) and design_1_i/onsemi_vita_cam_0/U0/onsemi_vita_cam_v3_1_S00_AXI_inst/onsemi_vita_cam_core_inst/vita_crc_checker/generate_CRC[1].the_crc_comp/FSM_sequential_CompareState_reg[1]/D (clocked by vita_clk_1). Large setup violations at the end of those stages might be difficult to fix during the post-placement implementation flow and could be the result of non-optimal XDC constraints or non-optimal design architecture
Related violations: <none>

TIMING-16#507 Warning
Large setup violation  
There is a large setup violation of -5.459 ns between design_1_i/onsemi_vita_cam_0/U0/onsemi_vita_cam_v3_1_S00_AXI_inst/slv_reg6_reg[7]/C (clocked by clk_fpga_0) and design_1_i/onsemi_vita_cam_0/U0/onsemi_vita_cam_v3_1_S00_AXI_inst/onsemi_vita_cam_core_inst/vita_iserdes_v5.vita_iserdes/generate_datagen.datagen[4].db/cb/GenCntr_reg[7]/D (clocked by vita_clk_1). Large setup violations at the end of those stages might be difficult to fix during the post-placement implementation flow and could be the result of non-optimal XDC constraints or non-optimal design architecture
Related violations: <none>

TIMING-16#508 Warning
Large setup violation  
There is a large setup violation of -5.463 ns between design_1_i/onsemi_vita_cam_0/U0/onsemi_vita_cam_v3_1_S00_AXI_inst/slv_reg8_reg[1]/C (clocked by clk_fpga_0) and design_1_i/onsemi_vita_cam_0/U0/onsemi_vita_cam_v3_1_S00_AXI_inst/onsemi_vita_cam_core_inst/vita_crc_checker/generate_CRC[1].the_crc_comp/FSM_sequential_CompareState_reg[0]/D (clocked by vita_clk_1). Large setup violations at the end of those stages might be difficult to fix during the post-placement implementation flow and could be the result of non-optimal XDC constraints or non-optimal design architecture
Related violations: <none>

TIMING-16#509 Warning
Large setup violation  
There is a large setup violation of -5.466 ns between design_1_i/onsemi_vita_cam_0/U0/onsemi_vita_cam_v3_1_S00_AXI_inst/slv_reg6_reg[3]/C (clocked by clk_fpga_0) and design_1_i/onsemi_vita_cam_0/U0/onsemi_vita_cam_v3_1_S00_AXI_inst/onsemi_vita_cam_core_inst/vita_iserdes_v5.vita_iserdes/generate_datagen.datagen[3].db/cb/GenCntr_reg[3]/D (clocked by vita_clk_1). Large setup violations at the end of those stages might be difficult to fix during the post-placement implementation flow and could be the result of non-optimal XDC constraints or non-optimal design architecture
Related violations: <none>

TIMING-16#510 Warning
Large setup violation  
There is a large setup violation of -5.471 ns between design_1_i/onsemi_vita_cam_0/U0/onsemi_vita_cam_v3_1_S00_AXI_inst/slv_reg30_reg[6]/C (clocked by clk_fpga_0) and design_1_i/onsemi_vita_cam_0/U0/onsemi_vita_cam_v3_1_S00_AXI_inst/onsemi_vita_cam_core_inst/vita_remapper/DATA_reg[28]/D (clocked by vita_clk_1). Large setup violations at the end of those stages might be difficult to fix during the post-placement implementation flow and could be the result of non-optimal XDC constraints or non-optimal design architecture
Related violations: <none>

TIMING-16#511 Warning
Large setup violation  
There is a large setup violation of -5.475 ns between design_1_i/onsemi_vita_cam_0/U0/onsemi_vita_cam_v3_1_S00_AXI_inst/slv_reg30_reg[5]/C (clocked by clk_fpga_0) and design_1_i/onsemi_vita_cam_0/U0/onsemi_vita_cam_v3_1_S00_AXI_inst/onsemi_vita_cam_core_inst/vita_remapper/DATA_reg[33]/CE (clocked by vita_clk_1). Large setup violations at the end of those stages might be difficult to fix during the post-placement implementation flow and could be the result of non-optimal XDC constraints or non-optimal design architecture
Related violations: <none>

TIMING-16#512 Warning
Large setup violation  
There is a large setup violation of -5.475 ns between design_1_i/onsemi_vita_cam_0/U0/onsemi_vita_cam_v3_1_S00_AXI_inst/slv_reg30_reg[5]/C (clocked by clk_fpga_0) and design_1_i/onsemi_vita_cam_0/U0/onsemi_vita_cam_v3_1_S00_AXI_inst/onsemi_vita_cam_core_inst/vita_remapper/DATA_reg[38]/CE (clocked by vita_clk_1). Large setup violations at the end of those stages might be difficult to fix during the post-placement implementation flow and could be the result of non-optimal XDC constraints or non-optimal design architecture
Related violations: <none>

TIMING-16#513 Warning
Large setup violation  
There is a large setup violation of -5.475 ns between design_1_i/onsemi_vita_cam_0/U0/onsemi_vita_cam_v3_1_S00_AXI_inst/slv_reg30_reg[5]/C (clocked by clk_fpga_0) and design_1_i/onsemi_vita_cam_0/U0/onsemi_vita_cam_v3_1_S00_AXI_inst/onsemi_vita_cam_core_inst/vita_remapper/DATA_reg[39]/CE (clocked by vita_clk_1). Large setup violations at the end of those stages might be difficult to fix during the post-placement implementation flow and could be the result of non-optimal XDC constraints or non-optimal design architecture
Related violations: <none>

TIMING-16#514 Warning
Large setup violation  
There is a large setup violation of -5.475 ns between design_1_i/onsemi_vita_cam_0/U0/onsemi_vita_cam_v3_1_S00_AXI_inst/slv_reg4_reg[2]/C (clocked by clk_fpga_0) and design_1_i/onsemi_vita_cam_0/U0/onsemi_vita_cam_v3_1_S00_AXI_inst/onsemi_vita_cam_core_inst/vita_iserdes_v5.vita_iserdes/generate_datagen.datagen[1].db/cb/SerdesCntr_reg[14]/D (clocked by vita_clk_1). Large setup violations at the end of those stages might be difficult to fix during the post-placement implementation flow and could be the result of non-optimal XDC constraints or non-optimal design architecture
Related violations: <none>

TIMING-16#515 Warning
Large setup violation  
There is a large setup violation of -5.492 ns between design_1_i/onsemi_vita_cam_0/U0/onsemi_vita_cam_v3_1_S00_AXI_inst/slv_reg6_reg[8]/C (clocked by clk_fpga_0) and design_1_i/onsemi_vita_cam_0/U0/onsemi_vita_cam_v3_1_S00_AXI_inst/onsemi_vita_cam_core_inst/vita_iserdes_v5.vita_iserdes/generate_datagen.datagen[2].db/cb/GenCntr_reg[8]/D (clocked by vita_clk_1). Large setup violations at the end of those stages might be difficult to fix during the post-placement implementation flow and could be the result of non-optimal XDC constraints or non-optimal design architecture
Related violations: <none>

TIMING-16#516 Warning
Large setup violation  
There is a large setup violation of -5.500 ns between design_1_i/onsemi_vita_cam_0/U0/onsemi_vita_cam_v3_1_S00_AXI_inst/slv_reg30_reg[6]/C (clocked by clk_fpga_0) and design_1_i/onsemi_vita_cam_0/U0/onsemi_vita_cam_v3_1_S00_AXI_inst/onsemi_vita_cam_core_inst/vita_remapper/DATA_reg[38]/D (clocked by vita_clk_1). Large setup violations at the end of those stages might be difficult to fix during the post-placement implementation flow and could be the result of non-optimal XDC constraints or non-optimal design architecture
Related violations: <none>

TIMING-16#517 Warning
Large setup violation  
There is a large setup violation of -5.506 ns between design_1_i/onsemi_vita_cam_0/U0/onsemi_vita_cam_v3_1_S00_AXI_inst/slv_reg30_reg[6]/C (clocked by clk_fpga_0) and design_1_i/onsemi_vita_cam_0/U0/onsemi_vita_cam_v3_1_S00_AXI_inst/onsemi_vita_cam_core_inst/vita_remapper/DATA_reg[33]/D (clocked by vita_clk_1). Large setup violations at the end of those stages might be difficult to fix during the post-placement implementation flow and could be the result of non-optimal XDC constraints or non-optimal design architecture
Related violations: <none>

TIMING-16#518 Warning
Large setup violation  
There is a large setup violation of -5.506 ns between design_1_i/onsemi_vita_cam_0/U0/onsemi_vita_cam_v3_1_S00_AXI_inst/slv_reg30_reg[6]/C (clocked by clk_fpga_0) and design_1_i/onsemi_vita_cam_0/U0/onsemi_vita_cam_v3_1_S00_AXI_inst/onsemi_vita_cam_core_inst/vita_remapper/DATA_reg[39]/D (clocked by vita_clk_1). Large setup violations at the end of those stages might be difficult to fix during the post-placement implementation flow and could be the result of non-optimal XDC constraints or non-optimal design architecture
Related violations: <none>

TIMING-16#519 Warning
Large setup violation  
There is a large setup violation of -5.514 ns between design_1_i/onsemi_vita_cam_0/U0/onsemi_vita_cam_v3_1_S00_AXI_inst/slv_reg8_reg[0]/C (clocked by clk_fpga_0) and design_1_i/onsemi_vita_cam_0/U0/onsemi_vita_cam_v3_1_S00_AXI_inst/onsemi_vita_cam_core_inst/vita_crc_checker/PAR_DATA_OUT_reg[18]/CE (clocked by vita_clk_1). Large setup violations at the end of those stages might be difficult to fix during the post-placement implementation flow and could be the result of non-optimal XDC constraints or non-optimal design architecture
Related violations: <none>

TIMING-16#520 Warning
Large setup violation  
There is a large setup violation of -5.514 ns between design_1_i/onsemi_vita_cam_0/U0/onsemi_vita_cam_v3_1_S00_AXI_inst/slv_reg8_reg[0]/C (clocked by clk_fpga_0) and design_1_i/onsemi_vita_cam_0/U0/onsemi_vita_cam_v3_1_S00_AXI_inst/onsemi_vita_cam_core_inst/vita_crc_checker/PAR_DATA_OUT_reg[25]/CE (clocked by vita_clk_1). Large setup violations at the end of those stages might be difficult to fix during the post-placement implementation flow and could be the result of non-optimal XDC constraints or non-optimal design architecture
Related violations: <none>

TIMING-16#521 Warning
Large setup violation  
There is a large setup violation of -5.514 ns between design_1_i/onsemi_vita_cam_0/U0/onsemi_vita_cam_v3_1_S00_AXI_inst/slv_reg8_reg[0]/C (clocked by clk_fpga_0) and design_1_i/onsemi_vita_cam_0/U0/onsemi_vita_cam_v3_1_S00_AXI_inst/onsemi_vita_cam_core_inst/vita_crc_checker/PAR_DATA_OUT_reg[27]/CE (clocked by vita_clk_1). Large setup violations at the end of those stages might be difficult to fix during the post-placement implementation flow and could be the result of non-optimal XDC constraints or non-optimal design architecture
Related violations: <none>

TIMING-16#522 Warning
Large setup violation  
There is a large setup violation of -5.514 ns between design_1_i/onsemi_vita_cam_0/U0/onsemi_vita_cam_v3_1_S00_AXI_inst/slv_reg8_reg[0]/C (clocked by clk_fpga_0) and design_1_i/onsemi_vita_cam_0/U0/onsemi_vita_cam_v3_1_S00_AXI_inst/onsemi_vita_cam_core_inst/vita_crc_checker/PAR_DATA_OUT_reg[39]/CE (clocked by vita_clk_1). Large setup violations at the end of those stages might be difficult to fix during the post-placement implementation flow and could be the result of non-optimal XDC constraints or non-optimal design architecture
Related violations: <none>

TIMING-16#523 Warning
Large setup violation  
There is a large setup violation of -5.514 ns between design_1_i/onsemi_vita_cam_0/U0/onsemi_vita_cam_v3_1_S00_AXI_inst/slv_reg8_reg[0]/C (clocked by clk_fpga_0) and design_1_i/onsemi_vita_cam_0/U0/onsemi_vita_cam_v3_1_S00_AXI_inst/onsemi_vita_cam_core_inst/vita_crc_checker/PAR_DATA_int_reg[25]/CE (clocked by vita_clk_1). Large setup violations at the end of those stages might be difficult to fix during the post-placement implementation flow and could be the result of non-optimal XDC constraints or non-optimal design architecture
Related violations: <none>

TIMING-16#524 Warning
Large setup violation  
There is a large setup violation of -5.514 ns between design_1_i/onsemi_vita_cam_0/U0/onsemi_vita_cam_v3_1_S00_AXI_inst/slv_reg8_reg[0]/C (clocked by clk_fpga_0) and design_1_i/onsemi_vita_cam_0/U0/onsemi_vita_cam_v3_1_S00_AXI_inst/onsemi_vita_cam_core_inst/vita_remapper/DATA_BUS_reg[25]/CE (clocked by vita_clk_1). Large setup violations at the end of those stages might be difficult to fix during the post-placement implementation flow and could be the result of non-optimal XDC constraints or non-optimal design architecture
Related violations: <none>

TIMING-16#525 Warning
Large setup violation  
There is a large setup violation of -5.514 ns between design_1_i/onsemi_vita_cam_0/U0/onsemi_vita_cam_v3_1_S00_AXI_inst/slv_reg8_reg[0]/C (clocked by clk_fpga_0) and design_1_i/onsemi_vita_cam_0/U0/onsemi_vita_cam_v3_1_S00_AXI_inst/onsemi_vita_cam_core_inst/vita_remapper/DATA_BUS_reg[27]/CE (clocked by vita_clk_1). Large setup violations at the end of those stages might be difficult to fix during the post-placement implementation flow and could be the result of non-optimal XDC constraints or non-optimal design architecture
Related violations: <none>

TIMING-16#526 Warning
Large setup violation  
There is a large setup violation of -5.514 ns between design_1_i/onsemi_vita_cam_0/U0/onsemi_vita_cam_v3_1_S00_AXI_inst/slv_reg8_reg[0]/C (clocked by clk_fpga_0) and design_1_i/onsemi_vita_cam_0/U0/onsemi_vita_cam_v3_1_S00_AXI_inst/onsemi_vita_cam_core_inst/vita_remapper/DATA_r_reg[74]/CE (clocked by vita_clk_1). Large setup violations at the end of those stages might be difficult to fix during the post-placement implementation flow and could be the result of non-optimal XDC constraints or non-optimal design architecture
Related violations: <none>

TIMING-16#527 Warning
Large setup violation  
There is a large setup violation of -5.522 ns between design_1_i/onsemi_vita_cam_0/U0/onsemi_vita_cam_v3_1_S00_AXI_inst/slv_reg4_reg[2]/C (clocked by clk_fpga_0) and design_1_i/onsemi_vita_cam_0/U0/onsemi_vita_cam_v3_1_S00_AXI_inst/onsemi_vita_cam_core_inst/vita_iserdes_v5.vita_iserdes/generate_datagen.datagen[2].db/cb/SerdesCntr_reg[15]/D (clocked by vita_clk_1). Large setup violations at the end of those stages might be difficult to fix during the post-placement implementation flow and could be the result of non-optimal XDC constraints or non-optimal design architecture
Related violations: <none>

TIMING-16#528 Warning
Large setup violation  
There is a large setup violation of -5.525 ns between design_1_i/onsemi_vita_cam_0/U0/onsemi_vita_cam_v3_1_S00_AXI_inst/slv_reg8_reg[0]/C (clocked by clk_fpga_0) and design_1_i/onsemi_vita_cam_0/U0/onsemi_vita_cam_v3_1_S00_AXI_inst/onsemi_vita_cam_core_inst/vita_syncchanneldecoder/DataDelayPipe_reg[3][32]_srl4/CE (clocked by vita_clk_1). Large setup violations at the end of those stages might be difficult to fix during the post-placement implementation flow and could be the result of non-optimal XDC constraints or non-optimal design architecture
Related violations: <none>

TIMING-16#529 Warning
Large setup violation  
There is a large setup violation of -5.525 ns between design_1_i/onsemi_vita_cam_0/U0/onsemi_vita_cam_v3_1_S00_AXI_inst/slv_reg8_reg[0]/C (clocked by clk_fpga_0) and design_1_i/onsemi_vita_cam_0/U0/onsemi_vita_cam_v3_1_S00_AXI_inst/onsemi_vita_cam_core_inst/vita_syncchanneldecoder/DataDelayPipe_reg[3][33]_srl4/CE (clocked by vita_clk_1). Large setup violations at the end of those stages might be difficult to fix during the post-placement implementation flow and could be the result of non-optimal XDC constraints or non-optimal design architecture
Related violations: <none>

TIMING-16#530 Warning
Large setup violation  
There is a large setup violation of -5.525 ns between design_1_i/onsemi_vita_cam_0/U0/onsemi_vita_cam_v3_1_S00_AXI_inst/slv_reg8_reg[0]/C (clocked by clk_fpga_0) and design_1_i/onsemi_vita_cam_0/U0/onsemi_vita_cam_v3_1_S00_AXI_inst/onsemi_vita_cam_core_inst/vita_syncchanneldecoder/DataDelayPipe_reg[3][34]_srl4/CE (clocked by vita_clk_1). Large setup violations at the end of those stages might be difficult to fix during the post-placement implementation flow and could be the result of non-optimal XDC constraints or non-optimal design architecture
Related violations: <none>

TIMING-16#531 Warning
Large setup violation  
There is a large setup violation of -5.525 ns between design_1_i/onsemi_vita_cam_0/U0/onsemi_vita_cam_v3_1_S00_AXI_inst/slv_reg8_reg[0]/C (clocked by clk_fpga_0) and design_1_i/onsemi_vita_cam_0/U0/onsemi_vita_cam_v3_1_S00_AXI_inst/onsemi_vita_cam_core_inst/vita_syncchanneldecoder/DataDelayPipe_reg[3][35]_srl4/CE (clocked by vita_clk_1). Large setup violations at the end of those stages might be difficult to fix during the post-placement implementation flow and could be the result of non-optimal XDC constraints or non-optimal design architecture
Related violations: <none>

TIMING-16#532 Warning
Large setup violation  
There is a large setup violation of -5.525 ns between design_1_i/onsemi_vita_cam_0/U0/onsemi_vita_cam_v3_1_S00_AXI_inst/slv_reg8_reg[0]/C (clocked by clk_fpga_0) and design_1_i/onsemi_vita_cam_0/U0/onsemi_vita_cam_v3_1_S00_AXI_inst/onsemi_vita_cam_core_inst/vita_syncchanneldecoder/DataDelayPipe_reg[3][36]_srl4/CE (clocked by vita_clk_1). Large setup violations at the end of those stages might be difficult to fix during the post-placement implementation flow and could be the result of non-optimal XDC constraints or non-optimal design architecture
Related violations: <none>

TIMING-16#533 Warning
Large setup violation  
There is a large setup violation of -5.525 ns between design_1_i/onsemi_vita_cam_0/U0/onsemi_vita_cam_v3_1_S00_AXI_inst/slv_reg8_reg[0]/C (clocked by clk_fpga_0) and design_1_i/onsemi_vita_cam_0/U0/onsemi_vita_cam_v3_1_S00_AXI_inst/onsemi_vita_cam_core_inst/vita_syncchanneldecoder/DataDelayPipe_reg[3][37]_srl4/CE (clocked by vita_clk_1). Large setup violations at the end of those stages might be difficult to fix during the post-placement implementation flow and could be the result of non-optimal XDC constraints or non-optimal design architecture
Related violations: <none>

TIMING-16#534 Warning
Large setup violation  
There is a large setup violation of -5.525 ns between design_1_i/onsemi_vita_cam_0/U0/onsemi_vita_cam_v3_1_S00_AXI_inst/slv_reg8_reg[0]/C (clocked by clk_fpga_0) and design_1_i/onsemi_vita_cam_0/U0/onsemi_vita_cam_v3_1_S00_AXI_inst/onsemi_vita_cam_core_inst/vita_syncchanneldecoder/DataDelayPipe_reg[3][38]_srl4/CE (clocked by vita_clk_1). Large setup violations at the end of those stages might be difficult to fix during the post-placement implementation flow and could be the result of non-optimal XDC constraints or non-optimal design architecture
Related violations: <none>

TIMING-16#535 Warning
Large setup violation  
There is a large setup violation of -5.525 ns between design_1_i/onsemi_vita_cam_0/U0/onsemi_vita_cam_v3_1_S00_AXI_inst/slv_reg8_reg[0]/C (clocked by clk_fpga_0) and design_1_i/onsemi_vita_cam_0/U0/onsemi_vita_cam_v3_1_S00_AXI_inst/onsemi_vita_cam_core_inst/vita_syncchanneldecoder/DataDelayPipe_reg[3][39]_srl4/CE (clocked by vita_clk_1). Large setup violations at the end of those stages might be difficult to fix during the post-placement implementation flow and could be the result of non-optimal XDC constraints or non-optimal design architecture
Related violations: <none>

TIMING-16#536 Warning
Large setup violation  
There is a large setup violation of -5.527 ns between design_1_i/onsemi_vita_cam_0/U0/onsemi_vita_cam_v3_1_S00_AXI_inst/slv_reg30_reg[6]/C (clocked by clk_fpga_0) and design_1_i/onsemi_vita_cam_0/U0/onsemi_vita_cam_v3_1_S00_AXI_inst/onsemi_vita_cam_core_inst/vita_remapper/DATA_reg[27]/D (clocked by vita_clk_1). Large setup violations at the end of those stages might be difficult to fix during the post-placement implementation flow and could be the result of non-optimal XDC constraints or non-optimal design architecture
Related violations: <none>

TIMING-16#537 Warning
Large setup violation  
There is a large setup violation of -5.529 ns between design_1_i/onsemi_vita_cam_0/U0/onsemi_vita_cam_v3_1_S00_AXI_inst/slv_reg30_reg[5]/C (clocked by clk_fpga_0) and design_1_i/onsemi_vita_cam_0/U0/onsemi_vita_cam_v3_1_S00_AXI_inst/onsemi_vita_cam_core_inst/vita_remapper/DATA_reg[15]/CE (clocked by vita_clk_1). Large setup violations at the end of those stages might be difficult to fix during the post-placement implementation flow and could be the result of non-optimal XDC constraints or non-optimal design architecture
Related violations: <none>

TIMING-16#538 Warning
Large setup violation  
There is a large setup violation of -5.529 ns between design_1_i/onsemi_vita_cam_0/U0/onsemi_vita_cam_v3_1_S00_AXI_inst/slv_reg30_reg[5]/C (clocked by clk_fpga_0) and design_1_i/onsemi_vita_cam_0/U0/onsemi_vita_cam_v3_1_S00_AXI_inst/onsemi_vita_cam_core_inst/vita_remapper/DATA_reg[35]/CE (clocked by vita_clk_1). Large setup violations at the end of those stages might be difficult to fix during the post-placement implementation flow and could be the result of non-optimal XDC constraints or non-optimal design architecture
Related violations: <none>

TIMING-16#539 Warning
Large setup violation  
There is a large setup violation of -5.529 ns between design_1_i/onsemi_vita_cam_0/U0/onsemi_vita_cam_v3_1_S00_AXI_inst/slv_reg8_reg[0]/C (clocked by clk_fpga_0) and design_1_i/onsemi_vita_cam_0/U0/onsemi_vita_cam_v3_1_S00_AXI_inst/onsemi_vita_cam_core_inst/vita_syncchanneldecoder/DataDelayPipe_reg[3][24]_srl4/CE (clocked by vita_clk_1). Large setup violations at the end of those stages might be difficult to fix during the post-placement implementation flow and could be the result of non-optimal XDC constraints or non-optimal design architecture
Related violations: <none>

TIMING-16#540 Warning
Large setup violation  
There is a large setup violation of -5.529 ns between design_1_i/onsemi_vita_cam_0/U0/onsemi_vita_cam_v3_1_S00_AXI_inst/slv_reg8_reg[0]/C (clocked by clk_fpga_0) and design_1_i/onsemi_vita_cam_0/U0/onsemi_vita_cam_v3_1_S00_AXI_inst/onsemi_vita_cam_core_inst/vita_syncchanneldecoder/DataDelayPipe_reg[3][25]_srl4/CE (clocked by vita_clk_1). Large setup violations at the end of those stages might be difficult to fix during the post-placement implementation flow and could be the result of non-optimal XDC constraints or non-optimal design architecture
Related violations: <none>

TIMING-16#541 Warning
Large setup violation  
There is a large setup violation of -5.529 ns between design_1_i/onsemi_vita_cam_0/U0/onsemi_vita_cam_v3_1_S00_AXI_inst/slv_reg8_reg[0]/C (clocked by clk_fpga_0) and design_1_i/onsemi_vita_cam_0/U0/onsemi_vita_cam_v3_1_S00_AXI_inst/onsemi_vita_cam_core_inst/vita_syncchanneldecoder/DataDelayPipe_reg[3][26]_srl4/CE (clocked by vita_clk_1). Large setup violations at the end of those stages might be difficult to fix during the post-placement implementation flow and could be the result of non-optimal XDC constraints or non-optimal design architecture
Related violations: <none>

TIMING-16#542 Warning
Large setup violation  
There is a large setup violation of -5.529 ns between design_1_i/onsemi_vita_cam_0/U0/onsemi_vita_cam_v3_1_S00_AXI_inst/slv_reg8_reg[0]/C (clocked by clk_fpga_0) and design_1_i/onsemi_vita_cam_0/U0/onsemi_vita_cam_v3_1_S00_AXI_inst/onsemi_vita_cam_core_inst/vita_syncchanneldecoder/DataDelayPipe_reg[3][27]_srl4/CE (clocked by vita_clk_1). Large setup violations at the end of those stages might be difficult to fix during the post-placement implementation flow and could be the result of non-optimal XDC constraints or non-optimal design architecture
Related violations: <none>

TIMING-16#543 Warning
Large setup violation  
There is a large setup violation of -5.529 ns between design_1_i/onsemi_vita_cam_0/U0/onsemi_vita_cam_v3_1_S00_AXI_inst/slv_reg8_reg[0]/C (clocked by clk_fpga_0) and design_1_i/onsemi_vita_cam_0/U0/onsemi_vita_cam_v3_1_S00_AXI_inst/onsemi_vita_cam_core_inst/vita_syncchanneldecoder/DataDelayPipe_reg[3][28]_srl4/CE (clocked by vita_clk_1). Large setup violations at the end of those stages might be difficult to fix during the post-placement implementation flow and could be the result of non-optimal XDC constraints or non-optimal design architecture
Related violations: <none>

TIMING-16#544 Warning
Large setup violation  
There is a large setup violation of -5.529 ns between design_1_i/onsemi_vita_cam_0/U0/onsemi_vita_cam_v3_1_S00_AXI_inst/slv_reg8_reg[0]/C (clocked by clk_fpga_0) and design_1_i/onsemi_vita_cam_0/U0/onsemi_vita_cam_v3_1_S00_AXI_inst/onsemi_vita_cam_core_inst/vita_syncchanneldecoder/DataDelayPipe_reg[3][29]_srl4/CE (clocked by vita_clk_1). Large setup violations at the end of those stages might be difficult to fix during the post-placement implementation flow and could be the result of non-optimal XDC constraints or non-optimal design architecture
Related violations: <none>

TIMING-16#545 Warning
Large setup violation  
There is a large setup violation of -5.529 ns between design_1_i/onsemi_vita_cam_0/U0/onsemi_vita_cam_v3_1_S00_AXI_inst/slv_reg8_reg[0]/C (clocked by clk_fpga_0) and design_1_i/onsemi_vita_cam_0/U0/onsemi_vita_cam_v3_1_S00_AXI_inst/onsemi_vita_cam_core_inst/vita_syncchanneldecoder/DataDelayPipe_reg[3][30]_srl4/CE (clocked by vita_clk_1). Large setup violations at the end of those stages might be difficult to fix during the post-placement implementation flow and could be the result of non-optimal XDC constraints or non-optimal design architecture
Related violations: <none>

TIMING-16#546 Warning
Large setup violation  
There is a large setup violation of -5.529 ns between design_1_i/onsemi_vita_cam_0/U0/onsemi_vita_cam_v3_1_S00_AXI_inst/slv_reg8_reg[0]/C (clocked by clk_fpga_0) and design_1_i/onsemi_vita_cam_0/U0/onsemi_vita_cam_v3_1_S00_AXI_inst/onsemi_vita_cam_core_inst/vita_syncchanneldecoder/DataDelayPipe_reg[3][31]_srl4/CE (clocked by vita_clk_1). Large setup violations at the end of those stages might be difficult to fix during the post-placement implementation flow and could be the result of non-optimal XDC constraints or non-optimal design architecture
Related violations: <none>

TIMING-16#547 Warning
Large setup violation  
There is a large setup violation of -5.540 ns between design_1_i/onsemi_vita_cam_0/U0/onsemi_vita_cam_v3_1_S00_AXI_inst/slv_reg4_reg[2]/C (clocked by clk_fpga_0) and design_1_i/onsemi_vita_cam_0/U0/onsemi_vita_cam_v3_1_S00_AXI_inst/onsemi_vita_cam_core_inst/vita_iserdes_v5.vita_iserdes/generate_datagen.datagen[2].db/cb/SerdesCntr_reg[14]/D (clocked by vita_clk_1). Large setup violations at the end of those stages might be difficult to fix during the post-placement implementation flow and could be the result of non-optimal XDC constraints or non-optimal design architecture
Related violations: <none>

TIMING-16#548 Warning
Large setup violation  
There is a large setup violation of -5.542 ns between design_1_i/onsemi_vita_cam_0/U0/onsemi_vita_cam_v3_1_S00_AXI_inst/slv_reg8_reg[0]/C (clocked by clk_fpga_0) and design_1_i/onsemi_vita_cam_0/U0/onsemi_vita_cam_v3_1_S00_AXI_inst/onsemi_vita_cam_core_inst/vita_crc_checker/PAR_DATA_OUT_reg[13]/CE (clocked by vita_clk_1). Large setup violations at the end of those stages might be difficult to fix during the post-placement implementation flow and could be the result of non-optimal XDC constraints or non-optimal design architecture
Related violations: <none>

TIMING-16#549 Warning
Large setup violation  
There is a large setup violation of -5.542 ns between design_1_i/onsemi_vita_cam_0/U0/onsemi_vita_cam_v3_1_S00_AXI_inst/slv_reg8_reg[0]/C (clocked by clk_fpga_0) and design_1_i/onsemi_vita_cam_0/U0/onsemi_vita_cam_v3_1_S00_AXI_inst/onsemi_vita_cam_core_inst/vita_remapper/DATA_BUS_VALID_reg/CE (clocked by vita_clk_1). Large setup violations at the end of those stages might be difficult to fix during the post-placement implementation flow and could be the result of non-optimal XDC constraints or non-optimal design architecture
Related violations: <none>

TIMING-16#550 Warning
Large setup violation  
There is a large setup violation of -5.542 ns between design_1_i/onsemi_vita_cam_0/U0/onsemi_vita_cam_v3_1_S00_AXI_inst/slv_reg8_reg[0]/C (clocked by clk_fpga_0) and design_1_i/onsemi_vita_cam_0/U0/onsemi_vita_cam_v3_1_S00_AXI_inst/onsemi_vita_cam_core_inst/vita_remapper/DATA_BUS_reg[13]/CE (clocked by vita_clk_1). Large setup violations at the end of those stages might be difficult to fix during the post-placement implementation flow and could be the result of non-optimal XDC constraints or non-optimal design architecture
Related violations: <none>

TIMING-16#551 Warning
Large setup violation  
There is a large setup violation of -5.542 ns between design_1_i/onsemi_vita_cam_0/U0/onsemi_vita_cam_v3_1_S00_AXI_inst/slv_reg8_reg[0]/C (clocked by clk_fpga_0) and design_1_i/onsemi_vita_cam_0/U0/onsemi_vita_cam_v3_1_S00_AXI_inst/onsemi_vita_cam_core_inst/vita_remapper/DATA_r_reg[64]/CE (clocked by vita_clk_1). Large setup violations at the end of those stages might be difficult to fix during the post-placement implementation flow and could be the result of non-optimal XDC constraints or non-optimal design architecture
Related violations: <none>

TIMING-16#552 Warning
Large setup violation  
There is a large setup violation of -5.542 ns between design_1_i/onsemi_vita_cam_0/U0/onsemi_vita_cam_v3_1_S00_AXI_inst/slv_reg8_reg[0]/C (clocked by clk_fpga_0) and design_1_i/onsemi_vita_cam_0/U0/onsemi_vita_cam_v3_1_S00_AXI_inst/onsemi_vita_cam_core_inst/vita_remapper/DATA_r_reg[67]/CE (clocked by vita_clk_1). Large setup violations at the end of those stages might be difficult to fix during the post-placement implementation flow and could be the result of non-optimal XDC constraints or non-optimal design architecture
Related violations: <none>

TIMING-16#553 Warning
Large setup violation  
There is a large setup violation of -5.549 ns between design_1_i/onsemi_vita_cam_0/U0/onsemi_vita_cam_v3_1_S00_AXI_inst/slv_reg8_reg[0]/C (clocked by clk_fpga_0) and design_1_i/onsemi_vita_cam_0/U0/onsemi_vita_cam_v3_1_S00_AXI_inst/onsemi_vita_cam_core_inst/vita_crc_checker/PAR_DATA_OUT_reg[28]/CE (clocked by vita_clk_1). Large setup violations at the end of those stages might be difficult to fix during the post-placement implementation flow and could be the result of non-optimal XDC constraints or non-optimal design architecture
Related violations: <none>

TIMING-16#554 Warning
Large setup violation  
There is a large setup violation of -5.549 ns between design_1_i/onsemi_vita_cam_0/U0/onsemi_vita_cam_v3_1_S00_AXI_inst/slv_reg8_reg[0]/C (clocked by clk_fpga_0) and design_1_i/onsemi_vita_cam_0/U0/onsemi_vita_cam_v3_1_S00_AXI_inst/onsemi_vita_cam_core_inst/vita_crc_checker/PAR_DATA_int_reg[28]/CE (clocked by vita_clk_1). Large setup violations at the end of those stages might be difficult to fix during the post-placement implementation flow and could be the result of non-optimal XDC constraints or non-optimal design architecture
Related violations: <none>

TIMING-16#555 Warning
Large setup violation  
There is a large setup violation of -5.549 ns between design_1_i/onsemi_vita_cam_0/U0/onsemi_vita_cam_v3_1_S00_AXI_inst/slv_reg8_reg[0]/C (clocked by clk_fpga_0) and design_1_i/onsemi_vita_cam_0/U0/onsemi_vita_cam_v3_1_S00_AXI_inst/onsemi_vita_cam_core_inst/vita_remapper/DATA_BUS_reg[28]/CE (clocked by vita_clk_1). Large setup violations at the end of those stages might be difficult to fix during the post-placement implementation flow and could be the result of non-optimal XDC constraints or non-optimal design architecture
Related violations: <none>

TIMING-16#556 Warning
Large setup violation  
There is a large setup violation of -5.549 ns between design_1_i/onsemi_vita_cam_0/U0/onsemi_vita_cam_v3_1_S00_AXI_inst/slv_reg8_reg[0]/C (clocked by clk_fpga_0) and design_1_i/onsemi_vita_cam_0/U0/onsemi_vita_cam_v3_1_S00_AXI_inst/onsemi_vita_cam_core_inst/vita_remapper/DATA_r_reg[45]/CE (clocked by vita_clk_1). Large setup violations at the end of those stages might be difficult to fix during the post-placement implementation flow and could be the result of non-optimal XDC constraints or non-optimal design architecture
Related violations: <none>

TIMING-16#557 Warning
Large setup violation  
There is a large setup violation of -5.549 ns between design_1_i/onsemi_vita_cam_0/U0/onsemi_vita_cam_v3_1_S00_AXI_inst/slv_reg8_reg[0]/C (clocked by clk_fpga_0) and design_1_i/onsemi_vita_cam_0/U0/onsemi_vita_cam_v3_1_S00_AXI_inst/onsemi_vita_cam_core_inst/vita_remapper/DATA_r_reg[54]/CE (clocked by vita_clk_1). Large setup violations at the end of those stages might be difficult to fix during the post-placement implementation flow and could be the result of non-optimal XDC constraints or non-optimal design architecture
Related violations: <none>

TIMING-16#558 Warning
Large setup violation  
There is a large setup violation of -5.549 ns between design_1_i/onsemi_vita_cam_0/U0/onsemi_vita_cam_v3_1_S00_AXI_inst/slv_reg8_reg[0]/C (clocked by clk_fpga_0) and design_1_i/onsemi_vita_cam_0/U0/onsemi_vita_cam_v3_1_S00_AXI_inst/onsemi_vita_cam_core_inst/vita_remapper/DATA_r_reg[56]/CE (clocked by vita_clk_1). Large setup violations at the end of those stages might be difficult to fix during the post-placement implementation flow and could be the result of non-optimal XDC constraints or non-optimal design architecture
Related violations: <none>

TIMING-16#559 Warning
Large setup violation  
There is a large setup violation of -5.549 ns between design_1_i/onsemi_vita_cam_0/U0/onsemi_vita_cam_v3_1_S00_AXI_inst/slv_reg8_reg[0]/C (clocked by clk_fpga_0) and design_1_i/onsemi_vita_cam_0/U0/onsemi_vita_cam_v3_1_S00_AXI_inst/onsemi_vita_cam_core_inst/vita_remapper/DATA_r_reg[68]/CE (clocked by vita_clk_1). Large setup violations at the end of those stages might be difficult to fix during the post-placement implementation flow and could be the result of non-optimal XDC constraints or non-optimal design architecture
Related violations: <none>

TIMING-16#560 Warning
Large setup violation  
There is a large setup violation of -5.549 ns between design_1_i/onsemi_vita_cam_0/U0/onsemi_vita_cam_v3_1_S00_AXI_inst/slv_reg8_reg[0]/C (clocked by clk_fpga_0) and design_1_i/onsemi_vita_cam_0/U0/onsemi_vita_cam_v3_1_S00_AXI_inst/onsemi_vita_cam_core_inst/vita_remapper/DATA_r_reg[69]/CE (clocked by vita_clk_1). Large setup violations at the end of those stages might be difficult to fix during the post-placement implementation flow and could be the result of non-optimal XDC constraints or non-optimal design architecture
Related violations: <none>

TIMING-16#561 Warning
Large setup violation  
There is a large setup violation of -5.564 ns between design_1_i/onsemi_vita_cam_0/U0/onsemi_vita_cam_v3_1_S00_AXI_inst/slv_reg8_reg[0]/C (clocked by clk_fpga_0) and design_1_i/onsemi_vita_cam_0/U0/onsemi_vita_cam_v3_1_S00_AXI_inst/onsemi_vita_cam_core_inst/vita_crc_checker/PAR_DATA_OUT_reg[12]/CE (clocked by vita_clk_1). Large setup violations at the end of those stages might be difficult to fix during the post-placement implementation flow and could be the result of non-optimal XDC constraints or non-optimal design architecture
Related violations: <none>

TIMING-16#562 Warning
Large setup violation  
There is a large setup violation of -5.564 ns between design_1_i/onsemi_vita_cam_0/U0/onsemi_vita_cam_v3_1_S00_AXI_inst/slv_reg8_reg[0]/C (clocked by clk_fpga_0) and design_1_i/onsemi_vita_cam_0/U0/onsemi_vita_cam_v3_1_S00_AXI_inst/onsemi_vita_cam_core_inst/vita_crc_checker/PAR_DATA_OUT_reg[19]/CE (clocked by vita_clk_1). Large setup violations at the end of those stages might be difficult to fix during the post-placement implementation flow and could be the result of non-optimal XDC constraints or non-optimal design architecture
Related violations: <none>

TIMING-16#563 Warning
Large setup violation  
There is a large setup violation of -5.564 ns between design_1_i/onsemi_vita_cam_0/U0/onsemi_vita_cam_v3_1_S00_AXI_inst/slv_reg8_reg[0]/C (clocked by clk_fpga_0) and design_1_i/onsemi_vita_cam_0/U0/onsemi_vita_cam_v3_1_S00_AXI_inst/onsemi_vita_cam_core_inst/vita_crc_checker/PAR_DATA_OUT_reg[36]/CE (clocked by vita_clk_1). Large setup violations at the end of those stages might be difficult to fix during the post-placement implementation flow and could be the result of non-optimal XDC constraints or non-optimal design architecture
Related violations: <none>

TIMING-16#564 Warning
Large setup violation  
There is a large setup violation of -5.564 ns between design_1_i/onsemi_vita_cam_0/U0/onsemi_vita_cam_v3_1_S00_AXI_inst/slv_reg8_reg[0]/C (clocked by clk_fpga_0) and design_1_i/onsemi_vita_cam_0/U0/onsemi_vita_cam_v3_1_S00_AXI_inst/onsemi_vita_cam_core_inst/vita_remapper/DATA_BUS_reg[12]/CE (clocked by vita_clk_1). Large setup violations at the end of those stages might be difficult to fix during the post-placement implementation flow and could be the result of non-optimal XDC constraints or non-optimal design architecture
Related violations: <none>

TIMING-16#565 Warning
Large setup violation  
There is a large setup violation of -5.564 ns between design_1_i/onsemi_vita_cam_0/U0/onsemi_vita_cam_v3_1_S00_AXI_inst/slv_reg8_reg[0]/C (clocked by clk_fpga_0) and design_1_i/onsemi_vita_cam_0/U0/onsemi_vita_cam_v3_1_S00_AXI_inst/onsemi_vita_cam_core_inst/vita_remapper/DATA_BUS_reg[19]/CE (clocked by vita_clk_1). Large setup violations at the end of those stages might be difficult to fix during the post-placement implementation flow and could be the result of non-optimal XDC constraints or non-optimal design architecture
Related violations: <none>

TIMING-16#566 Warning
Large setup violation  
There is a large setup violation of -5.564 ns between design_1_i/onsemi_vita_cam_0/U0/onsemi_vita_cam_v3_1_S00_AXI_inst/slv_reg8_reg[0]/C (clocked by clk_fpga_0) and design_1_i/onsemi_vita_cam_0/U0/onsemi_vita_cam_v3_1_S00_AXI_inst/onsemi_vita_cam_core_inst/vita_remapper/DATA_BUS_reg[36]/CE (clocked by vita_clk_1). Large setup violations at the end of those stages might be difficult to fix during the post-placement implementation flow and could be the result of non-optimal XDC constraints or non-optimal design architecture
Related violations: <none>

TIMING-16#567 Warning
Large setup violation  
There is a large setup violation of -5.564 ns between design_1_i/onsemi_vita_cam_0/U0/onsemi_vita_cam_v3_1_S00_AXI_inst/slv_reg8_reg[0]/C (clocked by clk_fpga_0) and design_1_i/onsemi_vita_cam_0/U0/onsemi_vita_cam_v3_1_S00_AXI_inst/onsemi_vita_cam_core_inst/vita_remapper/DATA_BUS_reg[5]/CE (clocked by vita_clk_1). Large setup violations at the end of those stages might be difficult to fix during the post-placement implementation flow and could be the result of non-optimal XDC constraints or non-optimal design architecture
Related violations: <none>

TIMING-16#568 Warning
Large setup violation  
There is a large setup violation of -5.564 ns between design_1_i/onsemi_vita_cam_0/U0/onsemi_vita_cam_v3_1_S00_AXI_inst/slv_reg8_reg[0]/C (clocked by clk_fpga_0) and design_1_i/onsemi_vita_cam_0/U0/onsemi_vita_cam_v3_1_S00_AXI_inst/onsemi_vita_cam_core_inst/vita_remapper/DATA_r_reg[62]/CE (clocked by vita_clk_1). Large setup violations at the end of those stages might be difficult to fix during the post-placement implementation flow and could be the result of non-optimal XDC constraints or non-optimal design architecture
Related violations: <none>

TIMING-16#569 Warning
Large setup violation  
There is a large setup violation of -5.570 ns between design_1_i/onsemi_vita_cam_0/U0/onsemi_vita_cam_v3_1_S00_AXI_inst/slv_reg4_reg[0]/C (clocked by clk_fpga_0) and design_1_i/onsemi_vita_cam_0/U0/onsemi_vita_cam_v3_1_S00_AXI_inst/onsemi_vita_cam_core_inst/vita_iserdes_v5.vita_iserdes/generate_datagen.datagen[4].db/ss/datapipe_reg[0][1]/CE (clocked by vita_clk_1). Large setup violations at the end of those stages might be difficult to fix during the post-placement implementation flow and could be the result of non-optimal XDC constraints or non-optimal design architecture
Related violations: <none>

TIMING-16#570 Warning
Large setup violation  
There is a large setup violation of -5.570 ns between design_1_i/onsemi_vita_cam_0/U0/onsemi_vita_cam_v3_1_S00_AXI_inst/slv_reg4_reg[0]/C (clocked by clk_fpga_0) and design_1_i/onsemi_vita_cam_0/U0/onsemi_vita_cam_v3_1_S00_AXI_inst/onsemi_vita_cam_core_inst/vita_iserdes_v5.vita_iserdes/generate_datagen.datagen[4].db/ss/datapipe_reg[0][5]/CE (clocked by vita_clk_1). Large setup violations at the end of those stages might be difficult to fix during the post-placement implementation flow and could be the result of non-optimal XDC constraints or non-optimal design architecture
Related violations: <none>

TIMING-16#571 Warning
Large setup violation  
There is a large setup violation of -5.576 ns between design_1_i/onsemi_vita_cam_0/U0/onsemi_vita_cam_v3_1_S00_AXI_inst/slv_reg4_reg[2]/C (clocked by clk_fpga_0) and design_1_i/onsemi_vita_cam_0/U0/onsemi_vita_cam_v3_1_S00_AXI_inst/onsemi_vita_cam_core_inst/vita_iserdes_v5.vita_iserdes/generate_datagen.datagen[0].db/cb/SerdesCntr_reg[0]/CE (clocked by vita_clk_1). Large setup violations at the end of those stages might be difficult to fix during the post-placement implementation flow and could be the result of non-optimal XDC constraints or non-optimal design architecture
Related violations: <none>

TIMING-16#572 Warning
Large setup violation  
There is a large setup violation of -5.576 ns between design_1_i/onsemi_vita_cam_0/U0/onsemi_vita_cam_v3_1_S00_AXI_inst/slv_reg4_reg[2]/C (clocked by clk_fpga_0) and design_1_i/onsemi_vita_cam_0/U0/onsemi_vita_cam_v3_1_S00_AXI_inst/onsemi_vita_cam_core_inst/vita_iserdes_v5.vita_iserdes/generate_datagen.datagen[0].db/cb/SerdesCntr_reg[1]/CE (clocked by vita_clk_1). Large setup violations at the end of those stages might be difficult to fix during the post-placement implementation flow and could be the result of non-optimal XDC constraints or non-optimal design architecture
Related violations: <none>

TIMING-16#573 Warning
Large setup violation  
There is a large setup violation of -5.576 ns between design_1_i/onsemi_vita_cam_0/U0/onsemi_vita_cam_v3_1_S00_AXI_inst/slv_reg4_reg[2]/C (clocked by clk_fpga_0) and design_1_i/onsemi_vita_cam_0/U0/onsemi_vita_cam_v3_1_S00_AXI_inst/onsemi_vita_cam_core_inst/vita_iserdes_v5.vita_iserdes/generate_datagen.datagen[0].db/cb/SerdesCntr_reg[2]/CE (clocked by vita_clk_1). Large setup violations at the end of those stages might be difficult to fix during the post-placement implementation flow and could be the result of non-optimal XDC constraints or non-optimal design architecture
Related violations: <none>

TIMING-16#574 Warning
Large setup violation  
There is a large setup violation of -5.576 ns between design_1_i/onsemi_vita_cam_0/U0/onsemi_vita_cam_v3_1_S00_AXI_inst/slv_reg4_reg[2]/C (clocked by clk_fpga_0) and design_1_i/onsemi_vita_cam_0/U0/onsemi_vita_cam_v3_1_S00_AXI_inst/onsemi_vita_cam_core_inst/vita_iserdes_v5.vita_iserdes/generate_datagen.datagen[0].db/cb/SerdesCntr_reg[3]/CE (clocked by vita_clk_1). Large setup violations at the end of those stages might be difficult to fix during the post-placement implementation flow and could be the result of non-optimal XDC constraints or non-optimal design architecture
Related violations: <none>

TIMING-16#575 Warning
Large setup violation  
There is a large setup violation of -5.582 ns between design_1_i/onsemi_vita_cam_0/U0/onsemi_vita_cam_v3_1_S00_AXI_inst/slv_reg8_reg[0]/C (clocked by clk_fpga_0) and design_1_i/onsemi_vita_cam_0/U0/onsemi_vita_cam_v3_1_S00_AXI_inst/onsemi_vita_cam_core_inst/vita_crc_checker/PAR_DATA_OUT_reg[24]/CE (clocked by vita_clk_1). Large setup violations at the end of those stages might be difficult to fix during the post-placement implementation flow and could be the result of non-optimal XDC constraints or non-optimal design architecture
Related violations: <none>

TIMING-16#576 Warning
Large setup violation  
There is a large setup violation of -5.582 ns between design_1_i/onsemi_vita_cam_0/U0/onsemi_vita_cam_v3_1_S00_AXI_inst/slv_reg8_reg[0]/C (clocked by clk_fpga_0) and design_1_i/onsemi_vita_cam_0/U0/onsemi_vita_cam_v3_1_S00_AXI_inst/onsemi_vita_cam_core_inst/vita_crc_checker/PAR_DATA_OUT_reg[2]/CE (clocked by vita_clk_1). Large setup violations at the end of those stages might be difficult to fix during the post-placement implementation flow and could be the result of non-optimal XDC constraints or non-optimal design architecture
Related violations: <none>

TIMING-16#577 Warning
Large setup violation  
There is a large setup violation of -5.582 ns between design_1_i/onsemi_vita_cam_0/U0/onsemi_vita_cam_v3_1_S00_AXI_inst/slv_reg8_reg[0]/C (clocked by clk_fpga_0) and design_1_i/onsemi_vita_cam_0/U0/onsemi_vita_cam_v3_1_S00_AXI_inst/onsemi_vita_cam_core_inst/vita_remapper/DATA_BUS_reg[24]/CE (clocked by vita_clk_1). Large setup violations at the end of those stages might be difficult to fix during the post-placement implementation flow and could be the result of non-optimal XDC constraints or non-optimal design architecture
Related violations: <none>

TIMING-16#578 Warning
Large setup violation  
There is a large setup violation of -5.582 ns between design_1_i/onsemi_vita_cam_0/U0/onsemi_vita_cam_v3_1_S00_AXI_inst/slv_reg8_reg[0]/C (clocked by clk_fpga_0) and design_1_i/onsemi_vita_cam_0/U0/onsemi_vita_cam_v3_1_S00_AXI_inst/onsemi_vita_cam_core_inst/vita_remapper/DATA_BUS_reg[2]/CE (clocked by vita_clk_1). Large setup violations at the end of those stages might be difficult to fix during the post-placement implementation flow and could be the result of non-optimal XDC constraints or non-optimal design architecture
Related violations: <none>

TIMING-16#579 Warning
Large setup violation  
There is a large setup violation of -5.582 ns between design_1_i/onsemi_vita_cam_0/U0/onsemi_vita_cam_v3_1_S00_AXI_inst/slv_reg8_reg[0]/C (clocked by clk_fpga_0) and design_1_i/onsemi_vita_cam_0/U0/onsemi_vita_cam_v3_1_S00_AXI_inst/onsemi_vita_cam_core_inst/vita_remapper/DATA_r_reg[47]/CE (clocked by vita_clk_1). Large setup violations at the end of those stages might be difficult to fix during the post-placement implementation flow and could be the result of non-optimal XDC constraints or non-optimal design architecture
Related violations: <none>

TIMING-16#580 Warning
Large setup violation  
There is a large setup violation of -5.582 ns between design_1_i/onsemi_vita_cam_0/U0/onsemi_vita_cam_v3_1_S00_AXI_inst/slv_reg8_reg[0]/C (clocked by clk_fpga_0) and design_1_i/onsemi_vita_cam_0/U0/onsemi_vita_cam_v3_1_S00_AXI_inst/onsemi_vita_cam_core_inst/vita_remapper/SYNC_BUS_reg[3]/CE (clocked by vita_clk_1). Large setup violations at the end of those stages might be difficult to fix during the post-placement implementation flow and could be the result of non-optimal XDC constraints or non-optimal design architecture
Related violations: <none>

TIMING-16#581 Warning
Large setup violation  
There is a large setup violation of -5.583 ns between design_1_i/onsemi_vita_cam_0/U0/onsemi_vita_cam_v3_1_S00_AXI_inst/slv_reg30_reg[4]/C (clocked by clk_fpga_0) and design_1_i/onsemi_vita_cam_0/U0/onsemi_vita_cam_v3_1_S00_AXI_inst/onsemi_vita_cam_core_inst/vita_remapper/DATA_reg[6]/D (clocked by vita_clk_1). Large setup violations at the end of those stages might be difficult to fix during the post-placement implementation flow and could be the result of non-optimal XDC constraints or non-optimal design architecture
Related violations: <none>

TIMING-16#582 Warning
Large setup violation  
There is a large setup violation of -5.585 ns between design_1_i/onsemi_vita_cam_0/U0/onsemi_vita_cam_v3_1_S00_AXI_inst/slv_reg4_reg[0]/C (clocked by clk_fpga_0) and design_1_i/onsemi_vita_cam_0/U0/onsemi_vita_cam_v3_1_S00_AXI_inst/onsemi_vita_cam_core_inst/vita_iserdes_v5.vita_iserdes/generate_datagen.datagen[3].db/ss/datapipe_reg[0][0]/CE (clocked by vita_clk_1). Large setup violations at the end of those stages might be difficult to fix during the post-placement implementation flow and could be the result of non-optimal XDC constraints or non-optimal design architecture
Related violations: <none>

TIMING-16#583 Warning
Large setup violation  
There is a large setup violation of -5.585 ns between design_1_i/onsemi_vita_cam_0/U0/onsemi_vita_cam_v3_1_S00_AXI_inst/slv_reg4_reg[0]/C (clocked by clk_fpga_0) and design_1_i/onsemi_vita_cam_0/U0/onsemi_vita_cam_v3_1_S00_AXI_inst/onsemi_vita_cam_core_inst/vita_iserdes_v5.vita_iserdes/generate_datagen.datagen[3].db/ss/datapipe_reg[0][1]/CE (clocked by vita_clk_1). Large setup violations at the end of those stages might be difficult to fix during the post-placement implementation flow and could be the result of non-optimal XDC constraints or non-optimal design architecture
Related violations: <none>

TIMING-16#584 Warning
Large setup violation  
There is a large setup violation of -5.585 ns between design_1_i/onsemi_vita_cam_0/U0/onsemi_vita_cam_v3_1_S00_AXI_inst/slv_reg4_reg[0]/C (clocked by clk_fpga_0) and design_1_i/onsemi_vita_cam_0/U0/onsemi_vita_cam_v3_1_S00_AXI_inst/onsemi_vita_cam_core_inst/vita_iserdes_v5.vita_iserdes/generate_datagen.datagen[3].db/ss/datapipe_reg[0][2]/CE (clocked by vita_clk_1). Large setup violations at the end of those stages might be difficult to fix during the post-placement implementation flow and could be the result of non-optimal XDC constraints or non-optimal design architecture
Related violations: <none>

TIMING-16#585 Warning
Large setup violation  
There is a large setup violation of -5.585 ns between design_1_i/onsemi_vita_cam_0/U0/onsemi_vita_cam_v3_1_S00_AXI_inst/slv_reg4_reg[0]/C (clocked by clk_fpga_0) and design_1_i/onsemi_vita_cam_0/U0/onsemi_vita_cam_v3_1_S00_AXI_inst/onsemi_vita_cam_core_inst/vita_iserdes_v5.vita_iserdes/generate_datagen.datagen[3].db/ss/datapipe_reg[0][4]/CE (clocked by vita_clk_1). Large setup violations at the end of those stages might be difficult to fix during the post-placement implementation flow and could be the result of non-optimal XDC constraints or non-optimal design architecture
Related violations: <none>

TIMING-16#586 Warning
Large setup violation  
There is a large setup violation of -5.585 ns between design_1_i/onsemi_vita_cam_0/U0/onsemi_vita_cam_v3_1_S00_AXI_inst/slv_reg4_reg[0]/C (clocked by clk_fpga_0) and design_1_i/onsemi_vita_cam_0/U0/onsemi_vita_cam_v3_1_S00_AXI_inst/onsemi_vita_cam_core_inst/vita_iserdes_v5.vita_iserdes/generate_datagen.datagen[3].db/ss/datapipe_reg[0][5]/CE (clocked by vita_clk_1). Large setup violations at the end of those stages might be difficult to fix during the post-placement implementation flow and could be the result of non-optimal XDC constraints or non-optimal design architecture
Related violations: <none>

TIMING-16#587 Warning
Large setup violation  
There is a large setup violation of -5.585 ns between design_1_i/onsemi_vita_cam_0/U0/onsemi_vita_cam_v3_1_S00_AXI_inst/slv_reg4_reg[0]/C (clocked by clk_fpga_0) and design_1_i/onsemi_vita_cam_0/U0/onsemi_vita_cam_v3_1_S00_AXI_inst/onsemi_vita_cam_core_inst/vita_iserdes_v5.vita_iserdes/generate_datagen.datagen[3].db/ss/datapipe_reg[0][6]/CE (clocked by vita_clk_1). Large setup violations at the end of those stages might be difficult to fix during the post-placement implementation flow and could be the result of non-optimal XDC constraints or non-optimal design architecture
Related violations: <none>

TIMING-16#588 Warning
Large setup violation  
There is a large setup violation of -5.598 ns between design_1_i/onsemi_vita_cam_0/U0/onsemi_vita_cam_v3_1_S00_AXI_inst/slv_reg30_reg[4]/C (clocked by clk_fpga_0) and design_1_i/onsemi_vita_cam_0/U0/onsemi_vita_cam_v3_1_S00_AXI_inst/onsemi_vita_cam_core_inst/vita_remapper/DATA_reg[24]/D (clocked by vita_clk_1). Large setup violations at the end of those stages might be difficult to fix during the post-placement implementation flow and could be the result of non-optimal XDC constraints or non-optimal design architecture
Related violations: <none>

TIMING-16#589 Warning
Large setup violation  
There is a large setup violation of -5.598 ns between design_1_i/onsemi_vita_cam_0/U0/onsemi_vita_cam_v3_1_S00_AXI_inst/slv_reg6_reg[0]/C (clocked by clk_fpga_0) and design_1_i/onsemi_vita_cam_0/U0/onsemi_vita_cam_v3_1_S00_AXI_inst/onsemi_vita_cam_core_inst/vita_iserdes_v5.vita_iserdes/generate_datagen.datagen[1].db/cb/GenCntr_reg[0]/D (clocked by vita_clk_1). Large setup violations at the end of those stages might be difficult to fix during the post-placement implementation flow and could be the result of non-optimal XDC constraints or non-optimal design architecture
Related violations: <none>

TIMING-16#590 Warning
Large setup violation  
There is a large setup violation of -5.600 ns between design_1_i/onsemi_vita_cam_0/U0/onsemi_vita_cam_v3_1_S00_AXI_inst/slv_reg8_reg[0]/C (clocked by clk_fpga_0) and design_1_i/onsemi_vita_cam_0/U0/onsemi_vita_cam_v3_1_S00_AXI_inst/onsemi_vita_cam_core_inst/vita_crc_checker/PAR_DATA_OUT_reg[23]/CE (clocked by vita_clk_1). Large setup violations at the end of those stages might be difficult to fix during the post-placement implementation flow and could be the result of non-optimal XDC constraints or non-optimal design architecture
Related violations: <none>

TIMING-16#591 Warning
Large setup violation  
There is a large setup violation of -5.600 ns between design_1_i/onsemi_vita_cam_0/U0/onsemi_vita_cam_v3_1_S00_AXI_inst/slv_reg8_reg[0]/C (clocked by clk_fpga_0) and design_1_i/onsemi_vita_cam_0/U0/onsemi_vita_cam_v3_1_S00_AXI_inst/onsemi_vita_cam_core_inst/vita_crc_checker/PAR_DATA_OUT_reg[33]/CE (clocked by vita_clk_1). Large setup violations at the end of those stages might be difficult to fix during the post-placement implementation flow and could be the result of non-optimal XDC constraints or non-optimal design architecture
Related violations: <none>

TIMING-16#592 Warning
Large setup violation  
There is a large setup violation of -5.600 ns between design_1_i/onsemi_vita_cam_0/U0/onsemi_vita_cam_v3_1_S00_AXI_inst/slv_reg8_reg[0]/C (clocked by clk_fpga_0) and design_1_i/onsemi_vita_cam_0/U0/onsemi_vita_cam_v3_1_S00_AXI_inst/onsemi_vita_cam_core_inst/vita_crc_checker/PAR_DATA_int_reg[12]/CE (clocked by vita_clk_1). Large setup violations at the end of those stages might be difficult to fix during the post-placement implementation flow and could be the result of non-optimal XDC constraints or non-optimal design architecture
Related violations: <none>

TIMING-16#593 Warning
Large setup violation  
There is a large setup violation of -5.600 ns between design_1_i/onsemi_vita_cam_0/U0/onsemi_vita_cam_v3_1_S00_AXI_inst/slv_reg8_reg[0]/C (clocked by clk_fpga_0) and design_1_i/onsemi_vita_cam_0/U0/onsemi_vita_cam_v3_1_S00_AXI_inst/onsemi_vita_cam_core_inst/vita_crc_checker/PAR_DATA_int_reg[17]/CE (clocked by vita_clk_1). Large setup violations at the end of those stages might be difficult to fix during the post-placement implementation flow and could be the result of non-optimal XDC constraints or non-optimal design architecture
Related violations: <none>

TIMING-16#594 Warning
Large setup violation  
There is a large setup violation of -5.600 ns between design_1_i/onsemi_vita_cam_0/U0/onsemi_vita_cam_v3_1_S00_AXI_inst/slv_reg8_reg[0]/C (clocked by clk_fpga_0) and design_1_i/onsemi_vita_cam_0/U0/onsemi_vita_cam_v3_1_S00_AXI_inst/onsemi_vita_cam_core_inst/vita_crc_checker/PAR_DATA_int_reg[19]/CE (clocked by vita_clk_1). Large setup violations at the end of those stages might be difficult to fix during the post-placement implementation flow and could be the result of non-optimal XDC constraints or non-optimal design architecture
Related violations: <none>

TIMING-16#595 Warning
Large setup violation  
There is a large setup violation of -5.600 ns between design_1_i/onsemi_vita_cam_0/U0/onsemi_vita_cam_v3_1_S00_AXI_inst/slv_reg8_reg[0]/C (clocked by clk_fpga_0) and design_1_i/onsemi_vita_cam_0/U0/onsemi_vita_cam_v3_1_S00_AXI_inst/onsemi_vita_cam_core_inst/vita_crc_checker/PAR_DATA_int_reg[22]/CE (clocked by vita_clk_1). Large setup violations at the end of those stages might be difficult to fix during the post-placement implementation flow and could be the result of non-optimal XDC constraints or non-optimal design architecture
Related violations: <none>

TIMING-16#596 Warning
Large setup violation  
There is a large setup violation of -5.600 ns between design_1_i/onsemi_vita_cam_0/U0/onsemi_vita_cam_v3_1_S00_AXI_inst/slv_reg8_reg[0]/C (clocked by clk_fpga_0) and design_1_i/onsemi_vita_cam_0/U0/onsemi_vita_cam_v3_1_S00_AXI_inst/onsemi_vita_cam_core_inst/vita_remapper/DATA_BUS_reg[23]/CE (clocked by vita_clk_1). Large setup violations at the end of those stages might be difficult to fix during the post-placement implementation flow and could be the result of non-optimal XDC constraints or non-optimal design architecture
Related violations: <none>

TIMING-16#597 Warning
Large setup violation  
There is a large setup violation of -5.600 ns between design_1_i/onsemi_vita_cam_0/U0/onsemi_vita_cam_v3_1_S00_AXI_inst/slv_reg8_reg[0]/C (clocked by clk_fpga_0) and design_1_i/onsemi_vita_cam_0/U0/onsemi_vita_cam_v3_1_S00_AXI_inst/onsemi_vita_cam_core_inst/vita_remapper/DATA_BUS_reg[33]/CE (clocked by vita_clk_1). Large setup violations at the end of those stages might be difficult to fix during the post-placement implementation flow and could be the result of non-optimal XDC constraints or non-optimal design architecture
Related violations: <none>

TIMING-16#598 Warning
Large setup violation  
There is a large setup violation of -5.601 ns between design_1_i/onsemi_vita_cam_0/U0/onsemi_vita_cam_v3_1_S00_AXI_inst/slv_reg30_reg[6]/C (clocked by clk_fpga_0) and design_1_i/onsemi_vita_cam_0/U0/onsemi_vita_cam_v3_1_S00_AXI_inst/onsemi_vita_cam_core_inst/vita_remapper/DATA_reg[7]/D (clocked by vita_clk_1). Large setup violations at the end of those stages might be difficult to fix during the post-placement implementation flow and could be the result of non-optimal XDC constraints or non-optimal design architecture
Related violations: <none>

TIMING-16#599 Warning
Large setup violation  
There is a large setup violation of -5.607 ns between design_1_i/onsemi_vita_cam_0/U0/onsemi_vita_cam_v3_1_S00_AXI_inst/slv_reg6_reg[4]/C (clocked by clk_fpga_0) and design_1_i/onsemi_vita_cam_0/U0/onsemi_vita_cam_v3_1_S00_AXI_inst/onsemi_vita_cam_core_inst/vita_iserdes_v5.vita_iserdes/generate_datagen.datagen[3].db/cb/GenCntr_reg[4]/D (clocked by vita_clk_1). Large setup violations at the end of those stages might be difficult to fix during the post-placement implementation flow and could be the result of non-optimal XDC constraints or non-optimal design architecture
Related violations: <none>

TIMING-16#600 Warning
Large setup violation  
There is a large setup violation of -5.611 ns between design_1_i/onsemi_vita_cam_0/U0/onsemi_vita_cam_v3_1_S00_AXI_inst/slv_reg30_reg[5]/C (clocked by clk_fpga_0) and design_1_i/onsemi_vita_cam_0/U0/onsemi_vita_cam_v3_1_S00_AXI_inst/onsemi_vita_cam_core_inst/vita_remapper/DATA_reg[3]/D (clocked by vita_clk_1). Large setup violations at the end of those stages might be difficult to fix during the post-placement implementation flow and could be the result of non-optimal XDC constraints or non-optimal design architecture
Related violations: <none>

TIMING-16#601 Warning
Large setup violation  
There is a large setup violation of -5.613 ns between design_1_i/onsemi_vita_cam_0/U0/onsemi_vita_cam_v3_1_S00_AXI_inst/slv_reg30_reg[6]/C (clocked by clk_fpga_0) and design_1_i/onsemi_vita_cam_0/U0/onsemi_vita_cam_v3_1_S00_AXI_inst/onsemi_vita_cam_core_inst/vita_remapper/DATA_reg[37]/D (clocked by vita_clk_1). Large setup violations at the end of those stages might be difficult to fix during the post-placement implementation flow and could be the result of non-optimal XDC constraints or non-optimal design architecture
Related violations: <none>

TIMING-16#602 Warning
Large setup violation  
There is a large setup violation of -5.615 ns between design_1_i/onsemi_vita_cam_0/U0/onsemi_vita_cam_v3_1_S00_AXI_inst/slv_reg30_reg[5]/C (clocked by clk_fpga_0) and design_1_i/onsemi_vita_cam_0/U0/onsemi_vita_cam_v3_1_S00_AXI_inst/onsemi_vita_cam_core_inst/vita_remapper/DATA_reg[16]/CE (clocked by vita_clk_1). Large setup violations at the end of those stages might be difficult to fix during the post-placement implementation flow and could be the result of non-optimal XDC constraints or non-optimal design architecture
Related violations: <none>

TIMING-16#603 Warning
Large setup violation  
There is a large setup violation of -5.615 ns between design_1_i/onsemi_vita_cam_0/U0/onsemi_vita_cam_v3_1_S00_AXI_inst/slv_reg30_reg[5]/C (clocked by clk_fpga_0) and design_1_i/onsemi_vita_cam_0/U0/onsemi_vita_cam_v3_1_S00_AXI_inst/onsemi_vita_cam_core_inst/vita_remapper/DATA_reg[17]/CE (clocked by vita_clk_1). Large setup violations at the end of those stages might be difficult to fix during the post-placement implementation flow and could be the result of non-optimal XDC constraints or non-optimal design architecture
Related violations: <none>

TIMING-16#604 Warning
Large setup violation  
There is a large setup violation of -5.615 ns between design_1_i/onsemi_vita_cam_0/U0/onsemi_vita_cam_v3_1_S00_AXI_inst/slv_reg30_reg[5]/C (clocked by clk_fpga_0) and design_1_i/onsemi_vita_cam_0/U0/onsemi_vita_cam_v3_1_S00_AXI_inst/onsemi_vita_cam_core_inst/vita_remapper/DATA_reg[36]/CE (clocked by vita_clk_1). Large setup violations at the end of those stages might be difficult to fix during the post-placement implementation flow and could be the result of non-optimal XDC constraints or non-optimal design architecture
Related violations: <none>

TIMING-16#605 Warning
Large setup violation  
There is a large setup violation of -5.618 ns between design_1_i/onsemi_vita_cam_0/U0/onsemi_vita_cam_v3_1_S00_AXI_inst/slv_reg8_reg[0]/C (clocked by clk_fpga_0) and design_1_i/onsemi_vita_cam_0/U0/onsemi_vita_cam_v3_1_S00_AXI_inst/onsemi_vita_cam_core_inst/vita_crc_checker/PAR_DATA_int_reg[10]/CE (clocked by vita_clk_1). Large setup violations at the end of those stages might be difficult to fix during the post-placement implementation flow and could be the result of non-optimal XDC constraints or non-optimal design architecture
Related violations: <none>

TIMING-16#606 Warning
Large setup violation  
There is a large setup violation of -5.618 ns between design_1_i/onsemi_vita_cam_0/U0/onsemi_vita_cam_v3_1_S00_AXI_inst/slv_reg8_reg[0]/C (clocked by clk_fpga_0) and design_1_i/onsemi_vita_cam_0/U0/onsemi_vita_cam_v3_1_S00_AXI_inst/onsemi_vita_cam_core_inst/vita_crc_checker/PAR_DATA_int_reg[32]/CE (clocked by vita_clk_1). Large setup violations at the end of those stages might be difficult to fix during the post-placement implementation flow and could be the result of non-optimal XDC constraints or non-optimal design architecture
Related violations: <none>

TIMING-16#607 Warning
Large setup violation  
There is a large setup violation of -5.618 ns between design_1_i/onsemi_vita_cam_0/U0/onsemi_vita_cam_v3_1_S00_AXI_inst/slv_reg8_reg[0]/C (clocked by clk_fpga_0) and design_1_i/onsemi_vita_cam_0/U0/onsemi_vita_cam_v3_1_S00_AXI_inst/onsemi_vita_cam_core_inst/vita_crc_checker/PAR_DATA_int_reg[34]/CE (clocked by vita_clk_1). Large setup violations at the end of those stages might be difficult to fix during the post-placement implementation flow and could be the result of non-optimal XDC constraints or non-optimal design architecture
Related violations: <none>

TIMING-16#608 Warning
Large setup violation  
There is a large setup violation of -5.618 ns between design_1_i/onsemi_vita_cam_0/U0/onsemi_vita_cam_v3_1_S00_AXI_inst/slv_reg8_reg[0]/C (clocked by clk_fpga_0) and design_1_i/onsemi_vita_cam_0/U0/onsemi_vita_cam_v3_1_S00_AXI_inst/onsemi_vita_cam_core_inst/vita_crc_checker/PAR_DATA_int_reg[36]/CE (clocked by vita_clk_1). Large setup violations at the end of those stages might be difficult to fix during the post-placement implementation flow and could be the result of non-optimal XDC constraints or non-optimal design architecture
Related violations: <none>

TIMING-16#609 Warning
Large setup violation  
There is a large setup violation of -5.623 ns between design_1_i/onsemi_vita_cam_0/U0/onsemi_vita_cam_v3_1_S00_AXI_inst/slv_reg30_reg[5]/C (clocked by clk_fpga_0) and design_1_i/onsemi_vita_cam_0/U0/onsemi_vita_cam_v3_1_S00_AXI_inst/onsemi_vita_cam_core_inst/vita_remapper/DATA_reg[12]/CE (clocked by vita_clk_1). Large setup violations at the end of those stages might be difficult to fix during the post-placement implementation flow and could be the result of non-optimal XDC constraints or non-optimal design architecture
Related violations: <none>

TIMING-16#610 Warning
Large setup violation  
There is a large setup violation of -5.623 ns between design_1_i/onsemi_vita_cam_0/U0/onsemi_vita_cam_v3_1_S00_AXI_inst/slv_reg30_reg[5]/C (clocked by clk_fpga_0) and design_1_i/onsemi_vita_cam_0/U0/onsemi_vita_cam_v3_1_S00_AXI_inst/onsemi_vita_cam_core_inst/vita_remapper/DATA_reg[14]/CE (clocked by vita_clk_1). Large setup violations at the end of those stages might be difficult to fix during the post-placement implementation flow and could be the result of non-optimal XDC constraints or non-optimal design architecture
Related violations: <none>

TIMING-16#611 Warning
Large setup violation  
There is a large setup violation of -5.623 ns between design_1_i/onsemi_vita_cam_0/U0/onsemi_vita_cam_v3_1_S00_AXI_inst/slv_reg30_reg[5]/C (clocked by clk_fpga_0) and design_1_i/onsemi_vita_cam_0/U0/onsemi_vita_cam_v3_1_S00_AXI_inst/onsemi_vita_cam_core_inst/vita_remapper/DATA_reg[32]/CE (clocked by vita_clk_1). Large setup violations at the end of those stages might be difficult to fix during the post-placement implementation flow and could be the result of non-optimal XDC constraints or non-optimal design architecture
Related violations: <none>

TIMING-16#612 Warning
Large setup violation  
There is a large setup violation of -5.623 ns between design_1_i/onsemi_vita_cam_0/U0/onsemi_vita_cam_v3_1_S00_AXI_inst/slv_reg30_reg[5]/C (clocked by clk_fpga_0) and design_1_i/onsemi_vita_cam_0/U0/onsemi_vita_cam_v3_1_S00_AXI_inst/onsemi_vita_cam_core_inst/vita_remapper/DATA_reg[34]/CE (clocked by vita_clk_1). Large setup violations at the end of those stages might be difficult to fix during the post-placement implementation flow and could be the result of non-optimal XDC constraints or non-optimal design architecture
Related violations: <none>

TIMING-16#613 Warning
Large setup violation  
There is a large setup violation of -5.625 ns between design_1_i/onsemi_vita_cam_0/U0/onsemi_vita_cam_v3_1_S00_AXI_inst/slv_reg4_reg[2]/C (clocked by clk_fpga_0) and design_1_i/onsemi_vita_cam_0/U0/onsemi_vita_cam_v3_1_S00_AXI_inst/onsemi_vita_cam_core_inst/vita_iserdes_v5.vita_iserdes/generate_datagen.datagen[3].db/cb/TimeOutCntr_reg[0]/CE (clocked by vita_clk_1). Large setup violations at the end of those stages might be difficult to fix during the post-placement implementation flow and could be the result of non-optimal XDC constraints or non-optimal design architecture
Related violations: <none>

TIMING-16#614 Warning
Large setup violation  
There is a large setup violation of -5.625 ns between design_1_i/onsemi_vita_cam_0/U0/onsemi_vita_cam_v3_1_S00_AXI_inst/slv_reg4_reg[2]/C (clocked by clk_fpga_0) and design_1_i/onsemi_vita_cam_0/U0/onsemi_vita_cam_v3_1_S00_AXI_inst/onsemi_vita_cam_core_inst/vita_iserdes_v5.vita_iserdes/generate_datagen.datagen[3].db/cb/TimeOutCntr_reg[1]/CE (clocked by vita_clk_1). Large setup violations at the end of those stages might be difficult to fix during the post-placement implementation flow and could be the result of non-optimal XDC constraints or non-optimal design architecture
Related violations: <none>

TIMING-16#615 Warning
Large setup violation  
There is a large setup violation of -5.628 ns between design_1_i/onsemi_vita_cam_0/U0/onsemi_vita_cam_v3_1_S00_AXI_inst/slv_reg30_reg[4]/C (clocked by clk_fpga_0) and design_1_i/onsemi_vita_cam_0/U0/onsemi_vita_cam_v3_1_S00_AXI_inst/onsemi_vita_cam_core_inst/vita_remapper/DATA_reg[65]/D (clocked by vita_clk_1). Large setup violations at the end of those stages might be difficult to fix during the post-placement implementation flow and could be the result of non-optimal XDC constraints or non-optimal design architecture
Related violations: <none>

TIMING-16#616 Warning
Large setup violation  
There is a large setup violation of -5.636 ns between design_1_i/onsemi_vita_cam_0/U0/onsemi_vita_cam_v3_1_S00_AXI_inst/onsemi_vita_cam_core_inst/vita_crc_checker/generate_CRC[0].the_crc_comp/STATUS_reg/C (clocked by vita_clk_1) and design_1_i/onsemi_vita_cam_0/U0/onsemi_vita_cam_v3_1_S00_AXI_inst/axi_rdata_reg[0]/D (clocked by clk_fpga_0). Large setup violations at the end of those stages might be difficult to fix during the post-placement implementation flow and could be the result of non-optimal XDC constraints or non-optimal design architecture
Related violations: <none>

TIMING-16#617 Warning
Large setup violation  
There is a large setup violation of -5.642 ns between design_1_i/onsemi_vita_cam_0/U0/onsemi_vita_cam_v3_1_S00_AXI_inst/slv_reg30_reg[6]/C (clocked by clk_fpga_0) and design_1_i/onsemi_vita_cam_0/U0/onsemi_vita_cam_v3_1_S00_AXI_inst/onsemi_vita_cam_core_inst/vita_remapper/DATA_reg[13]/D (clocked by vita_clk_1). Large setup violations at the end of those stages might be difficult to fix during the post-placement implementation flow and could be the result of non-optimal XDC constraints or non-optimal design architecture
Related violations: <none>

TIMING-16#618 Warning
Large setup violation  
There is a large setup violation of -5.645 ns between design_1_i/onsemi_vita_cam_0/U0/onsemi_vita_cam_v3_1_S00_AXI_inst/slv_reg30_reg[4]/C (clocked by clk_fpga_0) and design_1_i/onsemi_vita_cam_0/U0/onsemi_vita_cam_v3_1_S00_AXI_inst/onsemi_vita_cam_core_inst/vita_remapper/DATA_reg[44]/CE (clocked by vita_clk_1). Large setup violations at the end of those stages might be difficult to fix during the post-placement implementation flow and could be the result of non-optimal XDC constraints or non-optimal design architecture
Related violations: <none>

TIMING-16#619 Warning
Large setup violation  
There is a large setup violation of -5.645 ns between design_1_i/onsemi_vita_cam_0/U0/onsemi_vita_cam_v3_1_S00_AXI_inst/slv_reg30_reg[4]/C (clocked by clk_fpga_0) and design_1_i/onsemi_vita_cam_0/U0/onsemi_vita_cam_v3_1_S00_AXI_inst/onsemi_vita_cam_core_inst/vita_remapper/DATA_reg[48]/CE (clocked by vita_clk_1). Large setup violations at the end of those stages might be difficult to fix during the post-placement implementation flow and could be the result of non-optimal XDC constraints or non-optimal design architecture
Related violations: <none>

TIMING-16#620 Warning
Large setup violation  
There is a large setup violation of -5.645 ns between design_1_i/onsemi_vita_cam_0/U0/onsemi_vita_cam_v3_1_S00_AXI_inst/slv_reg30_reg[4]/C (clocked by clk_fpga_0) and design_1_i/onsemi_vita_cam_0/U0/onsemi_vita_cam_v3_1_S00_AXI_inst/onsemi_vita_cam_core_inst/vita_remapper/DATA_reg[49]/CE (clocked by vita_clk_1). Large setup violations at the end of those stages might be difficult to fix during the post-placement implementation flow and could be the result of non-optimal XDC constraints or non-optimal design architecture
Related violations: <none>

TIMING-16#621 Warning
Large setup violation  
There is a large setup violation of -5.645 ns between design_1_i/onsemi_vita_cam_0/U0/onsemi_vita_cam_v3_1_S00_AXI_inst/slv_reg30_reg[4]/C (clocked by clk_fpga_0) and design_1_i/onsemi_vita_cam_0/U0/onsemi_vita_cam_v3_1_S00_AXI_inst/onsemi_vita_cam_core_inst/vita_remapper/DATA_reg[64]/CE (clocked by vita_clk_1). Large setup violations at the end of those stages might be difficult to fix during the post-placement implementation flow and could be the result of non-optimal XDC constraints or non-optimal design architecture
Related violations: <none>

TIMING-16#622 Warning
Large setup violation  
There is a large setup violation of -5.649 ns between design_1_i/onsemi_vita_cam_0/U0/onsemi_vita_cam_v3_1_S00_AXI_inst/slv_reg4_reg[2]/C (clocked by clk_fpga_0) and design_1_i/onsemi_vita_cam_0/U0/onsemi_vita_cam_v3_1_S00_AXI_inst/onsemi_vita_cam_core_inst/vita_iserdes_v5.vita_iserdes/generate_datagen.datagen[3].db/cb/SerdesCntr_reg[1]/D (clocked by vita_clk_1). Large setup violations at the end of those stages might be difficult to fix during the post-placement implementation flow and could be the result of non-optimal XDC constraints or non-optimal design architecture
Related violations: <none>

TIMING-16#623 Warning
Large setup violation  
There is a large setup violation of -5.653 ns between design_1_i/onsemi_vita_cam_0/U0/onsemi_vita_cam_v3_1_S00_AXI_inst/slv_reg8_reg[0]/C (clocked by clk_fpga_0) and design_1_i/onsemi_vita_cam_0/U0/onsemi_vita_cam_v3_1_S00_AXI_inst/onsemi_vita_cam_core_inst/vita_crc_checker/PAR_DATA_OUT_reg[14]/CE (clocked by vita_clk_1). Large setup violations at the end of those stages might be difficult to fix during the post-placement implementation flow and could be the result of non-optimal XDC constraints or non-optimal design architecture
Related violations: <none>

TIMING-16#624 Warning
Large setup violation  
There is a large setup violation of -5.653 ns between design_1_i/onsemi_vita_cam_0/U0/onsemi_vita_cam_v3_1_S00_AXI_inst/slv_reg8_reg[0]/C (clocked by clk_fpga_0) and design_1_i/onsemi_vita_cam_0/U0/onsemi_vita_cam_v3_1_S00_AXI_inst/onsemi_vita_cam_core_inst/vita_crc_checker/PAR_DATA_OUT_reg[3]/CE (clocked by vita_clk_1). Large setup violations at the end of those stages might be difficult to fix during the post-placement implementation flow and could be the result of non-optimal XDC constraints or non-optimal design architecture
Related violations: <none>

TIMING-16#625 Warning
Large setup violation  
There is a large setup violation of -5.653 ns between design_1_i/onsemi_vita_cam_0/U0/onsemi_vita_cam_v3_1_S00_AXI_inst/slv_reg8_reg[0]/C (clocked by clk_fpga_0) and design_1_i/onsemi_vita_cam_0/U0/onsemi_vita_cam_v3_1_S00_AXI_inst/onsemi_vita_cam_core_inst/vita_crc_checker/PAR_DATA_OUT_reg[9]/CE (clocked by vita_clk_1). Large setup violations at the end of those stages might be difficult to fix during the post-placement implementation flow and could be the result of non-optimal XDC constraints or non-optimal design architecture
Related violations: <none>

TIMING-16#626 Warning
Large setup violation  
There is a large setup violation of -5.653 ns between design_1_i/onsemi_vita_cam_0/U0/onsemi_vita_cam_v3_1_S00_AXI_inst/slv_reg8_reg[0]/C (clocked by clk_fpga_0) and design_1_i/onsemi_vita_cam_0/U0/onsemi_vita_cam_v3_1_S00_AXI_inst/onsemi_vita_cam_core_inst/vita_remapper/DATA_BUS_reg[14]/CE (clocked by vita_clk_1). Large setup violations at the end of those stages might be difficult to fix during the post-placement implementation flow and could be the result of non-optimal XDC constraints or non-optimal design architecture
Related violations: <none>

TIMING-16#627 Warning
Large setup violation  
There is a large setup violation of -5.653 ns between design_1_i/onsemi_vita_cam_0/U0/onsemi_vita_cam_v3_1_S00_AXI_inst/slv_reg8_reg[0]/C (clocked by clk_fpga_0) and design_1_i/onsemi_vita_cam_0/U0/onsemi_vita_cam_v3_1_S00_AXI_inst/onsemi_vita_cam_core_inst/vita_remapper/DATA_BUS_reg[3]/CE (clocked by vita_clk_1). Large setup violations at the end of those stages might be difficult to fix during the post-placement implementation flow and could be the result of non-optimal XDC constraints or non-optimal design architecture
Related violations: <none>

TIMING-16#628 Warning
Large setup violation  
There is a large setup violation of -5.653 ns between design_1_i/onsemi_vita_cam_0/U0/onsemi_vita_cam_v3_1_S00_AXI_inst/slv_reg8_reg[0]/C (clocked by clk_fpga_0) and design_1_i/onsemi_vita_cam_0/U0/onsemi_vita_cam_v3_1_S00_AXI_inst/onsemi_vita_cam_core_inst/vita_remapper/DATA_BUS_reg[9]/CE (clocked by vita_clk_1). Large setup violations at the end of those stages might be difficult to fix during the post-placement implementation flow and could be the result of non-optimal XDC constraints or non-optimal design architecture
Related violations: <none>

TIMING-16#629 Warning
Large setup violation  
There is a large setup violation of -5.653 ns between design_1_i/onsemi_vita_cam_0/U0/onsemi_vita_cam_v3_1_S00_AXI_inst/slv_reg8_reg[0]/C (clocked by clk_fpga_0) and design_1_i/onsemi_vita_cam_0/U0/onsemi_vita_cam_v3_1_S00_AXI_inst/onsemi_vita_cam_core_inst/vita_remapper/DATA_r_reg[63]/CE (clocked by vita_clk_1). Large setup violations at the end of those stages might be difficult to fix during the post-placement implementation flow and could be the result of non-optimal XDC constraints or non-optimal design architecture
Related violations: <none>

TIMING-16#630 Warning
Large setup violation  
There is a large setup violation of -5.653 ns between design_1_i/onsemi_vita_cam_0/U0/onsemi_vita_cam_v3_1_S00_AXI_inst/slv_reg8_reg[0]/C (clocked by clk_fpga_0) and design_1_i/onsemi_vita_cam_0/U0/onsemi_vita_cam_v3_1_S00_AXI_inst/onsemi_vita_cam_core_inst/vita_remapper/DATA_r_reg[66]/CE (clocked by vita_clk_1). Large setup violations at the end of those stages might be difficult to fix during the post-placement implementation flow and could be the result of non-optimal XDC constraints or non-optimal design architecture
Related violations: <none>

TIMING-16#631 Warning
Large setup violation  
There is a large setup violation of -5.656 ns between design_1_i/onsemi_vita_cam_0/U0/onsemi_vita_cam_v3_1_S00_AXI_inst/slv_reg8_reg[0]/C (clocked by clk_fpga_0) and design_1_i/onsemi_vita_cam_0/U0/onsemi_vita_cam_v3_1_S00_AXI_inst/onsemi_vita_cam_core_inst/vita_crc_checker/PAR_DATA_int_reg[18]/CE (clocked by vita_clk_1). Large setup violations at the end of those stages might be difficult to fix during the post-placement implementation flow and could be the result of non-optimal XDC constraints or non-optimal design architecture
Related violations: <none>

TIMING-16#632 Warning
Large setup violation  
There is a large setup violation of -5.656 ns between design_1_i/onsemi_vita_cam_0/U0/onsemi_vita_cam_v3_1_S00_AXI_inst/slv_reg8_reg[0]/C (clocked by clk_fpga_0) and design_1_i/onsemi_vita_cam_0/U0/onsemi_vita_cam_v3_1_S00_AXI_inst/onsemi_vita_cam_core_inst/vita_crc_checker/PAR_DATA_int_reg[24]/CE (clocked by vita_clk_1). Large setup violations at the end of those stages might be difficult to fix during the post-placement implementation flow and could be the result of non-optimal XDC constraints or non-optimal design architecture
Related violations: <none>

TIMING-16#633 Warning
Large setup violation  
There is a large setup violation of -5.656 ns between design_1_i/onsemi_vita_cam_0/U0/onsemi_vita_cam_v3_1_S00_AXI_inst/slv_reg8_reg[0]/C (clocked by clk_fpga_0) and design_1_i/onsemi_vita_cam_0/U0/onsemi_vita_cam_v3_1_S00_AXI_inst/onsemi_vita_cam_core_inst/vita_crc_checker/PAR_DATA_int_reg[27]/CE (clocked by vita_clk_1). Large setup violations at the end of those stages might be difficult to fix during the post-placement implementation flow and could be the result of non-optimal XDC constraints or non-optimal design architecture
Related violations: <none>

TIMING-16#634 Warning
Large setup violation  
There is a large setup violation of -5.656 ns between design_1_i/onsemi_vita_cam_0/U0/onsemi_vita_cam_v3_1_S00_AXI_inst/slv_reg8_reg[0]/C (clocked by clk_fpga_0) and design_1_i/onsemi_vita_cam_0/U0/onsemi_vita_cam_v3_1_S00_AXI_inst/onsemi_vita_cam_core_inst/vita_remapper/SYNC_BUS_reg[2]/CE (clocked by vita_clk_1). Large setup violations at the end of those stages might be difficult to fix during the post-placement implementation flow and could be the result of non-optimal XDC constraints or non-optimal design architecture
Related violations: <none>

TIMING-16#635 Warning
Large setup violation  
There is a large setup violation of -5.656 ns between design_1_i/onsemi_vita_cam_0/U0/onsemi_vita_cam_v3_1_S00_AXI_inst/slv_reg8_reg[0]/C (clocked by clk_fpga_0) and design_1_i/onsemi_vita_cam_0/U0/onsemi_vita_cam_v3_1_S00_AXI_inst/onsemi_vita_cam_core_inst/vita_remapper/SYNC_BUS_reg[4]/CE (clocked by vita_clk_1). Large setup violations at the end of those stages might be difficult to fix during the post-placement implementation flow and could be the result of non-optimal XDC constraints or non-optimal design architecture
Related violations: <none>

TIMING-16#636 Warning
Large setup violation  
There is a large setup violation of -5.656 ns between design_1_i/onsemi_vita_cam_0/U0/onsemi_vita_cam_v3_1_S00_AXI_inst/slv_reg8_reg[0]/C (clocked by clk_fpga_0) and design_1_i/onsemi_vita_cam_0/U0/onsemi_vita_cam_v3_1_S00_AXI_inst/onsemi_vita_cam_core_inst/vita_remapper/SYNC_BUS_reg[7]/CE (clocked by vita_clk_1). Large setup violations at the end of those stages might be difficult to fix during the post-placement implementation flow and could be the result of non-optimal XDC constraints or non-optimal design architecture
Related violations: <none>

TIMING-16#637 Warning
Large setup violation  
There is a large setup violation of -5.656 ns between design_1_i/onsemi_vita_cam_0/U0/onsemi_vita_cam_v3_1_S00_AXI_inst/slv_reg8_reg[0]/C (clocked by clk_fpga_0) and design_1_i/onsemi_vita_cam_0/U0/onsemi_vita_cam_v3_1_S00_AXI_inst/onsemi_vita_cam_core_inst/vita_remapper/SYNC_BUS_reg[8]/CE (clocked by vita_clk_1). Large setup violations at the end of those stages might be difficult to fix during the post-placement implementation flow and could be the result of non-optimal XDC constraints or non-optimal design architecture
Related violations: <none>

TIMING-16#638 Warning
Large setup violation  
There is a large setup violation of -5.656 ns between design_1_i/onsemi_vita_cam_0/U0/onsemi_vita_cam_v3_1_S00_AXI_inst/slv_reg8_reg[0]/C (clocked by clk_fpga_0) and design_1_i/onsemi_vita_cam_0/U0/onsemi_vita_cam_v3_1_S00_AXI_inst/onsemi_vita_cam_core_inst/vita_remapper/SYNC_BUS_reg[9]/CE (clocked by vita_clk_1). Large setup violations at the end of those stages might be difficult to fix during the post-placement implementation flow and could be the result of non-optimal XDC constraints or non-optimal design architecture
Related violations: <none>

TIMING-16#639 Warning
Large setup violation  
There is a large setup violation of -5.669 ns between design_1_i/onsemi_vita_cam_0/U0/onsemi_vita_cam_v3_1_S00_AXI_inst/slv_reg30_reg[6]/C (clocked by clk_fpga_0) and design_1_i/onsemi_vita_cam_0/U0/onsemi_vita_cam_v3_1_S00_AXI_inst/onsemi_vita_cam_core_inst/vita_remapper/DATA_reg[26]/D (clocked by vita_clk_1). Large setup violations at the end of those stages might be difficult to fix during the post-placement implementation flow and could be the result of non-optimal XDC constraints or non-optimal design architecture
Related violations: <none>

TIMING-16#640 Warning
Large setup violation  
There is a large setup violation of -5.669 ns between design_1_i/onsemi_vita_cam_0/U0/onsemi_vita_cam_v3_1_S00_AXI_inst/slv_reg4_reg[2]/C (clocked by clk_fpga_0) and design_1_i/onsemi_vita_cam_0/U0/onsemi_vita_cam_v3_1_S00_AXI_inst/onsemi_vita_cam_core_inst/vita_iserdes_v5.vita_iserdes/generate_datagen.datagen[3].db/cb/SerdesCntr_reg[0]/D (clocked by vita_clk_1). Large setup violations at the end of those stages might be difficult to fix during the post-placement implementation flow and could be the result of non-optimal XDC constraints or non-optimal design architecture
Related violations: <none>

TIMING-16#641 Warning
Large setup violation  
There is a large setup violation of -5.683 ns between design_1_i/onsemi_vita_cam_0/U0/onsemi_vita_cam_v3_1_S00_AXI_inst/slv_reg8_reg[0]/C (clocked by clk_fpga_0) and design_1_i/onsemi_vita_cam_0/U0/onsemi_vita_cam_v3_1_S00_AXI_inst/onsemi_vita_cam_core_inst/vita_crc_checker/PAR_DATA_OUT_reg[16]/CE (clocked by vita_clk_1). Large setup violations at the end of those stages might be difficult to fix during the post-placement implementation flow and could be the result of non-optimal XDC constraints or non-optimal design architecture
Related violations: <none>

TIMING-16#642 Warning
Large setup violation  
There is a large setup violation of -5.683 ns between design_1_i/onsemi_vita_cam_0/U0/onsemi_vita_cam_v3_1_S00_AXI_inst/slv_reg8_reg[0]/C (clocked by clk_fpga_0) and design_1_i/onsemi_vita_cam_0/U0/onsemi_vita_cam_v3_1_S00_AXI_inst/onsemi_vita_cam_core_inst/vita_crc_checker/PAR_DATA_OUT_reg[4]/CE (clocked by vita_clk_1). Large setup violations at the end of those stages might be difficult to fix during the post-placement implementation flow and could be the result of non-optimal XDC constraints or non-optimal design architecture
Related violations: <none>

TIMING-16#643 Warning
Large setup violation  
There is a large setup violation of -5.683 ns between design_1_i/onsemi_vita_cam_0/U0/onsemi_vita_cam_v3_1_S00_AXI_inst/slv_reg8_reg[0]/C (clocked by clk_fpga_0) and design_1_i/onsemi_vita_cam_0/U0/onsemi_vita_cam_v3_1_S00_AXI_inst/onsemi_vita_cam_core_inst/vita_crc_checker/PAR_DATA_int_reg[16]/CE (clocked by vita_clk_1). Large setup violations at the end of those stages might be difficult to fix during the post-placement implementation flow and could be the result of non-optimal XDC constraints or non-optimal design architecture
Related violations: <none>

TIMING-16#644 Warning
Large setup violation  
There is a large setup violation of -5.683 ns between design_1_i/onsemi_vita_cam_0/U0/onsemi_vita_cam_v3_1_S00_AXI_inst/slv_reg8_reg[0]/C (clocked by clk_fpga_0) and design_1_i/onsemi_vita_cam_0/U0/onsemi_vita_cam_v3_1_S00_AXI_inst/onsemi_vita_cam_core_inst/vita_remapper/DATA_BUS_reg[16]/CE (clocked by vita_clk_1). Large setup violations at the end of those stages might be difficult to fix during the post-placement implementation flow and could be the result of non-optimal XDC constraints or non-optimal design architecture
Related violations: <none>

TIMING-16#645 Warning
Large setup violation  
There is a large setup violation of -5.683 ns between design_1_i/onsemi_vita_cam_0/U0/onsemi_vita_cam_v3_1_S00_AXI_inst/slv_reg8_reg[0]/C (clocked by clk_fpga_0) and design_1_i/onsemi_vita_cam_0/U0/onsemi_vita_cam_v3_1_S00_AXI_inst/onsemi_vita_cam_core_inst/vita_remapper/DATA_BUS_reg[4]/CE (clocked by vita_clk_1). Large setup violations at the end of those stages might be difficult to fix during the post-placement implementation flow and could be the result of non-optimal XDC constraints or non-optimal design architecture
Related violations: <none>

TIMING-16#646 Warning
Large setup violation  
There is a large setup violation of -5.683 ns between design_1_i/onsemi_vita_cam_0/U0/onsemi_vita_cam_v3_1_S00_AXI_inst/slv_reg8_reg[0]/C (clocked by clk_fpga_0) and design_1_i/onsemi_vita_cam_0/U0/onsemi_vita_cam_v3_1_S00_AXI_inst/onsemi_vita_cam_core_inst/vita_remapper/DATA_r_reg[42]/CE (clocked by vita_clk_1). Large setup violations at the end of those stages might be difficult to fix during the post-placement implementation flow and could be the result of non-optimal XDC constraints or non-optimal design architecture
Related violations: <none>

TIMING-16#647 Warning
Large setup violation  
There is a large setup violation of -5.683 ns between design_1_i/onsemi_vita_cam_0/U0/onsemi_vita_cam_v3_1_S00_AXI_inst/slv_reg8_reg[0]/C (clocked by clk_fpga_0) and design_1_i/onsemi_vita_cam_0/U0/onsemi_vita_cam_v3_1_S00_AXI_inst/onsemi_vita_cam_core_inst/vita_remapper/DATA_r_reg[43]/CE (clocked by vita_clk_1). Large setup violations at the end of those stages might be difficult to fix during the post-placement implementation flow and could be the result of non-optimal XDC constraints or non-optimal design architecture
Related violations: <none>

TIMING-16#648 Warning
Large setup violation  
There is a large setup violation of -5.683 ns between design_1_i/onsemi_vita_cam_0/U0/onsemi_vita_cam_v3_1_S00_AXI_inst/slv_reg8_reg[0]/C (clocked by clk_fpga_0) and design_1_i/onsemi_vita_cam_0/U0/onsemi_vita_cam_v3_1_S00_AXI_inst/onsemi_vita_cam_core_inst/vita_remapper/DATA_r_reg[77]/CE (clocked by vita_clk_1). Large setup violations at the end of those stages might be difficult to fix during the post-placement implementation flow and could be the result of non-optimal XDC constraints or non-optimal design architecture
Related violations: <none>

TIMING-16#649 Warning
Large setup violation  
There is a large setup violation of -5.684 ns between design_1_i/onsemi_vita_cam_0/U0/onsemi_vita_cam_v3_1_S00_AXI_inst/slv_reg30_reg[5]/C (clocked by clk_fpga_0) and design_1_i/onsemi_vita_cam_0/U0/onsemi_vita_cam_v3_1_S00_AXI_inst/onsemi_vita_cam_core_inst/vita_remapper/DATA_reg[44]/D (clocked by vita_clk_1). Large setup violations at the end of those stages might be difficult to fix during the post-placement implementation flow and could be the result of non-optimal XDC constraints or non-optimal design architecture
Related violations: <none>

TIMING-16#650 Warning
Large setup violation  
There is a large setup violation of -5.690 ns between design_1_i/onsemi_vita_cam_0/U0/onsemi_vita_cam_v3_1_S00_AXI_inst/slv_reg30_reg[5]/C (clocked by clk_fpga_0) and design_1_i/onsemi_vita_cam_0/U0/onsemi_vita_cam_v3_1_S00_AXI_inst/onsemi_vita_cam_core_inst/vita_remapper/DATA_reg[48]/D (clocked by vita_clk_1). Large setup violations at the end of those stages might be difficult to fix during the post-placement implementation flow and could be the result of non-optimal XDC constraints or non-optimal design architecture
Related violations: <none>

TIMING-16#651 Warning
Large setup violation  
There is a large setup violation of -5.699 ns between design_1_i/onsemi_vita_cam_0/U0/onsemi_vita_cam_v3_1_S00_AXI_inst/slv_reg30_reg[4]/C (clocked by clk_fpga_0) and design_1_i/onsemi_vita_cam_0/U0/onsemi_vita_cam_v3_1_S00_AXI_inst/onsemi_vita_cam_core_inst/vita_remapper/DATA_reg[2]/D (clocked by vita_clk_1). Large setup violations at the end of those stages might be difficult to fix during the post-placement implementation flow and could be the result of non-optimal XDC constraints or non-optimal design architecture
Related violations: <none>

TIMING-16#652 Warning
Large setup violation  
There is a large setup violation of -5.704 ns between design_1_i/onsemi_vita_cam_0/U0/onsemi_vita_cam_v3_1_S00_AXI_inst/slv_reg8_reg[0]/C (clocked by clk_fpga_0) and design_1_i/onsemi_vita_cam_0/U0/onsemi_vita_cam_v3_1_S00_AXI_inst/onsemi_vita_cam_core_inst/vita_crc_checker/PAR_DATA_OUT_reg[35]/CE (clocked by vita_clk_1). Large setup violations at the end of those stages might be difficult to fix during the post-placement implementation flow and could be the result of non-optimal XDC constraints or non-optimal design architecture
Related violations: <none>

TIMING-16#653 Warning
Large setup violation  
There is a large setup violation of -5.704 ns between design_1_i/onsemi_vita_cam_0/U0/onsemi_vita_cam_v3_1_S00_AXI_inst/slv_reg8_reg[0]/C (clocked by clk_fpga_0) and design_1_i/onsemi_vita_cam_0/U0/onsemi_vita_cam_v3_1_S00_AXI_inst/onsemi_vita_cam_core_inst/vita_crc_checker/PAR_DATA_int_reg[35]/CE (clocked by vita_clk_1). Large setup violations at the end of those stages might be difficult to fix during the post-placement implementation flow and could be the result of non-optimal XDC constraints or non-optimal design architecture
Related violations: <none>

TIMING-16#654 Warning
Large setup violation  
There is a large setup violation of -5.704 ns between design_1_i/onsemi_vita_cam_0/U0/onsemi_vita_cam_v3_1_S00_AXI_inst/slv_reg8_reg[0]/C (clocked by clk_fpga_0) and design_1_i/onsemi_vita_cam_0/U0/onsemi_vita_cam_v3_1_S00_AXI_inst/onsemi_vita_cam_core_inst/vita_crc_checker/PAR_DATA_int_reg[37]/CE (clocked by vita_clk_1). Large setup violations at the end of those stages might be difficult to fix during the post-placement implementation flow and could be the result of non-optimal XDC constraints or non-optimal design architecture
Related violations: <none>

TIMING-16#655 Warning
Large setup violation  
There is a large setup violation of -5.704 ns between design_1_i/onsemi_vita_cam_0/U0/onsemi_vita_cam_v3_1_S00_AXI_inst/slv_reg8_reg[0]/C (clocked by clk_fpga_0) and design_1_i/onsemi_vita_cam_0/U0/onsemi_vita_cam_v3_1_S00_AXI_inst/onsemi_vita_cam_core_inst/vita_remapper/DATA_BUS_reg[35]/CE (clocked by vita_clk_1). Large setup violations at the end of those stages might be difficult to fix during the post-placement implementation flow and could be the result of non-optimal XDC constraints or non-optimal design architecture
Related violations: <none>

TIMING-16#656 Warning
Large setup violation  
There is a large setup violation of -5.704 ns between design_1_i/onsemi_vita_cam_0/U0/onsemi_vita_cam_v3_1_S00_AXI_inst/slv_reg8_reg[0]/C (clocked by clk_fpga_0) and design_1_i/onsemi_vita_cam_0/U0/onsemi_vita_cam_v3_1_S00_AXI_inst/onsemi_vita_cam_core_inst/vita_remapper/DATA_BUS_reg[7]/CE (clocked by vita_clk_1). Large setup violations at the end of those stages might be difficult to fix during the post-placement implementation flow and could be the result of non-optimal XDC constraints or non-optimal design architecture
Related violations: <none>

TIMING-16#657 Warning
Large setup violation  
There is a large setup violation of -5.704 ns between design_1_i/onsemi_vita_cam_0/U0/onsemi_vita_cam_v3_1_S00_AXI_inst/slv_reg8_reg[0]/C (clocked by clk_fpga_0) and design_1_i/onsemi_vita_cam_0/U0/onsemi_vita_cam_v3_1_S00_AXI_inst/onsemi_vita_cam_core_inst/vita_remapper/DATA_r_reg[57]/CE (clocked by vita_clk_1). Large setup violations at the end of those stages might be difficult to fix during the post-placement implementation flow and could be the result of non-optimal XDC constraints or non-optimal design architecture
Related violations: <none>

TIMING-16#658 Warning
Large setup violation  
There is a large setup violation of -5.708 ns between design_1_i/onsemi_vita_cam_0/U0/onsemi_vita_cam_v3_1_S00_AXI_inst/slv_reg8_reg[0]/C (clocked by clk_fpga_0) and design_1_i/onsemi_vita_cam_0/U0/onsemi_vita_cam_v3_1_S00_AXI_inst/onsemi_vita_cam_core_inst/vita_syncchanneldecoder/DataDelayPipe_reg[3][16]_srl4/CE (clocked by vita_clk_1). Large setup violations at the end of those stages might be difficult to fix during the post-placement implementation flow and could be the result of non-optimal XDC constraints or non-optimal design architecture
Related violations: <none>

TIMING-16#659 Warning
Large setup violation  
There is a large setup violation of -5.708 ns between design_1_i/onsemi_vita_cam_0/U0/onsemi_vita_cam_v3_1_S00_AXI_inst/slv_reg8_reg[0]/C (clocked by clk_fpga_0) and design_1_i/onsemi_vita_cam_0/U0/onsemi_vita_cam_v3_1_S00_AXI_inst/onsemi_vita_cam_core_inst/vita_syncchanneldecoder/DataDelayPipe_reg[3][17]_srl4/CE (clocked by vita_clk_1). Large setup violations at the end of those stages might be difficult to fix during the post-placement implementation flow and could be the result of non-optimal XDC constraints or non-optimal design architecture
Related violations: <none>

TIMING-16#660 Warning
Large setup violation  
There is a large setup violation of -5.708 ns between design_1_i/onsemi_vita_cam_0/U0/onsemi_vita_cam_v3_1_S00_AXI_inst/slv_reg8_reg[0]/C (clocked by clk_fpga_0) and design_1_i/onsemi_vita_cam_0/U0/onsemi_vita_cam_v3_1_S00_AXI_inst/onsemi_vita_cam_core_inst/vita_syncchanneldecoder/DataDelayPipe_reg[3][18]_srl4/CE (clocked by vita_clk_1). Large setup violations at the end of those stages might be difficult to fix during the post-placement implementation flow and could be the result of non-optimal XDC constraints or non-optimal design architecture
Related violations: <none>

TIMING-16#661 Warning
Large setup violation  
There is a large setup violation of -5.708 ns between design_1_i/onsemi_vita_cam_0/U0/onsemi_vita_cam_v3_1_S00_AXI_inst/slv_reg8_reg[0]/C (clocked by clk_fpga_0) and design_1_i/onsemi_vita_cam_0/U0/onsemi_vita_cam_v3_1_S00_AXI_inst/onsemi_vita_cam_core_inst/vita_syncchanneldecoder/DataDelayPipe_reg[3][19]_srl4/CE (clocked by vita_clk_1). Large setup violations at the end of those stages might be difficult to fix during the post-placement implementation flow and could be the result of non-optimal XDC constraints or non-optimal design architecture
Related violations: <none>

TIMING-16#662 Warning
Large setup violation  
There is a large setup violation of -5.708 ns between design_1_i/onsemi_vita_cam_0/U0/onsemi_vita_cam_v3_1_S00_AXI_inst/slv_reg8_reg[0]/C (clocked by clk_fpga_0) and design_1_i/onsemi_vita_cam_0/U0/onsemi_vita_cam_v3_1_S00_AXI_inst/onsemi_vita_cam_core_inst/vita_syncchanneldecoder/DataDelayPipe_reg[3][20]_srl4/CE (clocked by vita_clk_1). Large setup violations at the end of those stages might be difficult to fix during the post-placement implementation flow and could be the result of non-optimal XDC constraints or non-optimal design architecture
Related violations: <none>

TIMING-16#663 Warning
Large setup violation  
There is a large setup violation of -5.708 ns between design_1_i/onsemi_vita_cam_0/U0/onsemi_vita_cam_v3_1_S00_AXI_inst/slv_reg8_reg[0]/C (clocked by clk_fpga_0) and design_1_i/onsemi_vita_cam_0/U0/onsemi_vita_cam_v3_1_S00_AXI_inst/onsemi_vita_cam_core_inst/vita_syncchanneldecoder/DataDelayPipe_reg[3][21]_srl4/CE (clocked by vita_clk_1). Large setup violations at the end of those stages might be difficult to fix during the post-placement implementation flow and could be the result of non-optimal XDC constraints or non-optimal design architecture
Related violations: <none>

TIMING-16#664 Warning
Large setup violation  
There is a large setup violation of -5.708 ns between design_1_i/onsemi_vita_cam_0/U0/onsemi_vita_cam_v3_1_S00_AXI_inst/slv_reg8_reg[0]/C (clocked by clk_fpga_0) and design_1_i/onsemi_vita_cam_0/U0/onsemi_vita_cam_v3_1_S00_AXI_inst/onsemi_vita_cam_core_inst/vita_syncchanneldecoder/DataDelayPipe_reg[3][22]_srl4/CE (clocked by vita_clk_1). Large setup violations at the end of those stages might be difficult to fix during the post-placement implementation flow and could be the result of non-optimal XDC constraints or non-optimal design architecture
Related violations: <none>

TIMING-16#665 Warning
Large setup violation  
There is a large setup violation of -5.708 ns between design_1_i/onsemi_vita_cam_0/U0/onsemi_vita_cam_v3_1_S00_AXI_inst/slv_reg8_reg[0]/C (clocked by clk_fpga_0) and design_1_i/onsemi_vita_cam_0/U0/onsemi_vita_cam_v3_1_S00_AXI_inst/onsemi_vita_cam_core_inst/vita_syncchanneldecoder/DataDelayPipe_reg[3][23]_srl4/CE (clocked by vita_clk_1). Large setup violations at the end of those stages might be difficult to fix during the post-placement implementation flow and could be the result of non-optimal XDC constraints or non-optimal design architecture
Related violations: <none>

TIMING-16#666 Warning
Large setup violation  
There is a large setup violation of -5.716 ns between design_1_i/onsemi_vita_cam_0/U0/onsemi_vita_cam_v3_1_S00_AXI_inst/slv_reg8_reg[0]/C (clocked by clk_fpga_0) and design_1_i/onsemi_vita_cam_0/U0/onsemi_vita_cam_v3_1_S00_AXI_inst/onsemi_vita_cam_core_inst/vita_crc_checker/PAR_DATA_OUT_reg[15]/CE (clocked by vita_clk_1). Large setup violations at the end of those stages might be difficult to fix during the post-placement implementation flow and could be the result of non-optimal XDC constraints or non-optimal design architecture
Related violations: <none>

TIMING-16#667 Warning
Large setup violation  
There is a large setup violation of -5.716 ns between design_1_i/onsemi_vita_cam_0/U0/onsemi_vita_cam_v3_1_S00_AXI_inst/slv_reg8_reg[0]/C (clocked by clk_fpga_0) and design_1_i/onsemi_vita_cam_0/U0/onsemi_vita_cam_v3_1_S00_AXI_inst/onsemi_vita_cam_core_inst/vita_crc_checker/PAR_DATA_OUT_reg[32]/CE (clocked by vita_clk_1). Large setup violations at the end of those stages might be difficult to fix during the post-placement implementation flow and could be the result of non-optimal XDC constraints or non-optimal design architecture
Related violations: <none>

TIMING-16#668 Warning
Large setup violation  
There is a large setup violation of -5.716 ns between design_1_i/onsemi_vita_cam_0/U0/onsemi_vita_cam_v3_1_S00_AXI_inst/slv_reg8_reg[0]/C (clocked by clk_fpga_0) and design_1_i/onsemi_vita_cam_0/U0/onsemi_vita_cam_v3_1_S00_AXI_inst/onsemi_vita_cam_core_inst/vita_crc_checker/PAR_DATA_OUT_reg[34]/CE (clocked by vita_clk_1). Large setup violations at the end of those stages might be difficult to fix during the post-placement implementation flow and could be the result of non-optimal XDC constraints or non-optimal design architecture
Related violations: <none>

TIMING-16#669 Warning
Large setup violation  
There is a large setup violation of -5.716 ns between design_1_i/onsemi_vita_cam_0/U0/onsemi_vita_cam_v3_1_S00_AXI_inst/slv_reg8_reg[0]/C (clocked by clk_fpga_0) and design_1_i/onsemi_vita_cam_0/U0/onsemi_vita_cam_v3_1_S00_AXI_inst/onsemi_vita_cam_core_inst/vita_crc_checker/PAR_DATA_int_reg[11]/CE (clocked by vita_clk_1). Large setup violations at the end of those stages might be difficult to fix during the post-placement implementation flow and could be the result of non-optimal XDC constraints or non-optimal design architecture
Related violations: <none>

TIMING-16#670 Warning
Large setup violation  
There is a large setup violation of -5.716 ns between design_1_i/onsemi_vita_cam_0/U0/onsemi_vita_cam_v3_1_S00_AXI_inst/slv_reg8_reg[0]/C (clocked by clk_fpga_0) and design_1_i/onsemi_vita_cam_0/U0/onsemi_vita_cam_v3_1_S00_AXI_inst/onsemi_vita_cam_core_inst/vita_crc_checker/PAR_DATA_int_reg[4]/CE (clocked by vita_clk_1). Large setup violations at the end of those stages might be difficult to fix during the post-placement implementation flow and could be the result of non-optimal XDC constraints or non-optimal design architecture
Related violations: <none>

TIMING-16#671 Warning
Large setup violation  
There is a large setup violation of -5.716 ns between design_1_i/onsemi_vita_cam_0/U0/onsemi_vita_cam_v3_1_S00_AXI_inst/slv_reg8_reg[0]/C (clocked by clk_fpga_0) and design_1_i/onsemi_vita_cam_0/U0/onsemi_vita_cam_v3_1_S00_AXI_inst/onsemi_vita_cam_core_inst/vita_remapper/DATA_BUS_reg[15]/CE (clocked by vita_clk_1). Large setup violations at the end of those stages might be difficult to fix during the post-placement implementation flow and could be the result of non-optimal XDC constraints or non-optimal design architecture
Related violations: <none>

TIMING-16#672 Warning
Large setup violation  
There is a large setup violation of -5.716 ns between design_1_i/onsemi_vita_cam_0/U0/onsemi_vita_cam_v3_1_S00_AXI_inst/slv_reg8_reg[0]/C (clocked by clk_fpga_0) and design_1_i/onsemi_vita_cam_0/U0/onsemi_vita_cam_v3_1_S00_AXI_inst/onsemi_vita_cam_core_inst/vita_remapper/DATA_BUS_reg[32]/CE (clocked by vita_clk_1). Large setup violations at the end of those stages might be difficult to fix during the post-placement implementation flow and could be the result of non-optimal XDC constraints or non-optimal design architecture
Related violations: <none>

TIMING-16#673 Warning
Large setup violation  
There is a large setup violation of -5.716 ns between design_1_i/onsemi_vita_cam_0/U0/onsemi_vita_cam_v3_1_S00_AXI_inst/slv_reg8_reg[0]/C (clocked by clk_fpga_0) and design_1_i/onsemi_vita_cam_0/U0/onsemi_vita_cam_v3_1_S00_AXI_inst/onsemi_vita_cam_core_inst/vita_remapper/DATA_BUS_reg[34]/CE (clocked by vita_clk_1). Large setup violations at the end of those stages might be difficult to fix during the post-placement implementation flow and could be the result of non-optimal XDC constraints or non-optimal design architecture
Related violations: <none>

TIMING-16#674 Warning
Large setup violation  
There is a large setup violation of -5.717 ns between design_1_i/onsemi_vita_cam_0/U0/onsemi_vita_cam_v3_1_S00_AXI_inst/slv_reg8_reg[0]/C (clocked by clk_fpga_0) and design_1_i/onsemi_vita_cam_0/U0/onsemi_vita_cam_v3_1_S00_AXI_inst/onsemi_vita_cam_core_inst/vita_syncchanneldecoder/DataDelayPipe_reg[3][10]_srl4/CE (clocked by vita_clk_1). Large setup violations at the end of those stages might be difficult to fix during the post-placement implementation flow and could be the result of non-optimal XDC constraints or non-optimal design architecture
Related violations: <none>

TIMING-16#675 Warning
Large setup violation  
There is a large setup violation of -5.717 ns between design_1_i/onsemi_vita_cam_0/U0/onsemi_vita_cam_v3_1_S00_AXI_inst/slv_reg8_reg[0]/C (clocked by clk_fpga_0) and design_1_i/onsemi_vita_cam_0/U0/onsemi_vita_cam_v3_1_S00_AXI_inst/onsemi_vita_cam_core_inst/vita_syncchanneldecoder/DataDelayPipe_reg[3][11]_srl4/CE (clocked by vita_clk_1). Large setup violations at the end of those stages might be difficult to fix during the post-placement implementation flow and could be the result of non-optimal XDC constraints or non-optimal design architecture
Related violations: <none>

TIMING-16#676 Warning
Large setup violation  
There is a large setup violation of -5.717 ns between design_1_i/onsemi_vita_cam_0/U0/onsemi_vita_cam_v3_1_S00_AXI_inst/slv_reg8_reg[0]/C (clocked by clk_fpga_0) and design_1_i/onsemi_vita_cam_0/U0/onsemi_vita_cam_v3_1_S00_AXI_inst/onsemi_vita_cam_core_inst/vita_syncchanneldecoder/DataDelayPipe_reg[3][12]_srl4/CE (clocked by vita_clk_1). Large setup violations at the end of those stages might be difficult to fix during the post-placement implementation flow and could be the result of non-optimal XDC constraints or non-optimal design architecture
Related violations: <none>

TIMING-16#677 Warning
Large setup violation  
There is a large setup violation of -5.717 ns between design_1_i/onsemi_vita_cam_0/U0/onsemi_vita_cam_v3_1_S00_AXI_inst/slv_reg8_reg[0]/C (clocked by clk_fpga_0) and design_1_i/onsemi_vita_cam_0/U0/onsemi_vita_cam_v3_1_S00_AXI_inst/onsemi_vita_cam_core_inst/vita_syncchanneldecoder/DataDelayPipe_reg[3][13]_srl4/CE (clocked by vita_clk_1). Large setup violations at the end of those stages might be difficult to fix during the post-placement implementation flow and could be the result of non-optimal XDC constraints or non-optimal design architecture
Related violations: <none>

TIMING-16#678 Warning
Large setup violation  
There is a large setup violation of -5.717 ns between design_1_i/onsemi_vita_cam_0/U0/onsemi_vita_cam_v3_1_S00_AXI_inst/slv_reg8_reg[0]/C (clocked by clk_fpga_0) and design_1_i/onsemi_vita_cam_0/U0/onsemi_vita_cam_v3_1_S00_AXI_inst/onsemi_vita_cam_core_inst/vita_syncchanneldecoder/DataDelayPipe_reg[3][14]_srl4/CE (clocked by vita_clk_1). Large setup violations at the end of those stages might be difficult to fix during the post-placement implementation flow and could be the result of non-optimal XDC constraints or non-optimal design architecture
Related violations: <none>

TIMING-16#679 Warning
Large setup violation  
There is a large setup violation of -5.717 ns between design_1_i/onsemi_vita_cam_0/U0/onsemi_vita_cam_v3_1_S00_AXI_inst/slv_reg8_reg[0]/C (clocked by clk_fpga_0) and design_1_i/onsemi_vita_cam_0/U0/onsemi_vita_cam_v3_1_S00_AXI_inst/onsemi_vita_cam_core_inst/vita_syncchanneldecoder/DataDelayPipe_reg[3][15]_srl4/CE (clocked by vita_clk_1). Large setup violations at the end of those stages might be difficult to fix during the post-placement implementation flow and could be the result of non-optimal XDC constraints or non-optimal design architecture
Related violations: <none>

TIMING-16#680 Warning
Large setup violation  
There is a large setup violation of -5.717 ns between design_1_i/onsemi_vita_cam_0/U0/onsemi_vita_cam_v3_1_S00_AXI_inst/slv_reg8_reg[0]/C (clocked by clk_fpga_0) and design_1_i/onsemi_vita_cam_0/U0/onsemi_vita_cam_v3_1_S00_AXI_inst/onsemi_vita_cam_core_inst/vita_syncchanneldecoder/DataDelayPipe_reg[3][8]_srl4/CE (clocked by vita_clk_1). Large setup violations at the end of those stages might be difficult to fix during the post-placement implementation flow and could be the result of non-optimal XDC constraints or non-optimal design architecture
Related violations: <none>

TIMING-16#681 Warning
Large setup violation  
There is a large setup violation of -5.717 ns between design_1_i/onsemi_vita_cam_0/U0/onsemi_vita_cam_v3_1_S00_AXI_inst/slv_reg8_reg[0]/C (clocked by clk_fpga_0) and design_1_i/onsemi_vita_cam_0/U0/onsemi_vita_cam_v3_1_S00_AXI_inst/onsemi_vita_cam_core_inst/vita_syncchanneldecoder/DataDelayPipe_reg[3][9]_srl4/CE (clocked by vita_clk_1). Large setup violations at the end of those stages might be difficult to fix during the post-placement implementation flow and could be the result of non-optimal XDC constraints or non-optimal design architecture
Related violations: <none>

TIMING-16#682 Warning
Large setup violation  
There is a large setup violation of -5.719 ns between design_1_i/onsemi_vita_cam_0/U0/onsemi_vita_cam_v3_1_S00_AXI_inst/slv_reg4_reg[2]/C (clocked by clk_fpga_0) and design_1_i/onsemi_vita_cam_0/U0/onsemi_vita_cam_v3_1_S00_AXI_inst/onsemi_vita_cam_core_inst/vita_iserdes_v5.vita_iserdes/generate_datagen.datagen[3].db/cb/TimeOutCntr_reg[2]/CE (clocked by vita_clk_1). Large setup violations at the end of those stages might be difficult to fix during the post-placement implementation flow and could be the result of non-optimal XDC constraints or non-optimal design architecture
Related violations: <none>

TIMING-16#683 Warning
Large setup violation  
There is a large setup violation of -5.719 ns between design_1_i/onsemi_vita_cam_0/U0/onsemi_vita_cam_v3_1_S00_AXI_inst/slv_reg4_reg[2]/C (clocked by clk_fpga_0) and design_1_i/onsemi_vita_cam_0/U0/onsemi_vita_cam_v3_1_S00_AXI_inst/onsemi_vita_cam_core_inst/vita_iserdes_v5.vita_iserdes/generate_datagen.datagen[3].db/cb/TimeOutCntr_reg[3]/CE (clocked by vita_clk_1). Large setup violations at the end of those stages might be difficult to fix during the post-placement implementation flow and could be the result of non-optimal XDC constraints or non-optimal design architecture
Related violations: <none>

TIMING-16#684 Warning
Large setup violation  
There is a large setup violation of -5.719 ns between design_1_i/onsemi_vita_cam_0/U0/onsemi_vita_cam_v3_1_S00_AXI_inst/slv_reg4_reg[2]/C (clocked by clk_fpga_0) and design_1_i/onsemi_vita_cam_0/U0/onsemi_vita_cam_v3_1_S00_AXI_inst/onsemi_vita_cam_core_inst/vita_iserdes_v5.vita_iserdes/generate_datagen.datagen[3].db/cb/TimeOutCntr_reg[4]/CE (clocked by vita_clk_1). Large setup violations at the end of those stages might be difficult to fix during the post-placement implementation flow and could be the result of non-optimal XDC constraints or non-optimal design architecture
Related violations: <none>

TIMING-16#685 Warning
Large setup violation  
There is a large setup violation of -5.719 ns between design_1_i/onsemi_vita_cam_0/U0/onsemi_vita_cam_v3_1_S00_AXI_inst/slv_reg4_reg[2]/C (clocked by clk_fpga_0) and design_1_i/onsemi_vita_cam_0/U0/onsemi_vita_cam_v3_1_S00_AXI_inst/onsemi_vita_cam_core_inst/vita_iserdes_v5.vita_iserdes/generate_datagen.datagen[3].db/cb/TimeOutCntr_reg[5]/CE (clocked by vita_clk_1). Large setup violations at the end of those stages might be difficult to fix during the post-placement implementation flow and could be the result of non-optimal XDC constraints or non-optimal design architecture
Related violations: <none>

TIMING-16#686 Warning
Large setup violation  
There is a large setup violation of -5.725 ns between design_1_i/onsemi_vita_cam_0/U0/onsemi_vita_cam_v3_1_S00_AXI_inst/slv_reg8_reg[1]/C (clocked by clk_fpga_0) and design_1_i/onsemi_vita_cam_0/U0/onsemi_vita_cam_v3_1_S00_AXI_inst/onsemi_vita_cam_core_inst/vita_crc_checker/init_reg/D (clocked by vita_clk_1). Large setup violations at the end of those stages might be difficult to fix during the post-placement implementation flow and could be the result of non-optimal XDC constraints or non-optimal design architecture
Related violations: <none>

TIMING-16#687 Warning
Large setup violation  
There is a large setup violation of -5.727 ns between design_1_i/onsemi_vita_cam_0/U0/onsemi_vita_cam_v3_1_S00_AXI_inst/slv_reg30_reg[6]/C (clocked by clk_fpga_0) and design_1_i/onsemi_vita_cam_0/U0/onsemi_vita_cam_v3_1_S00_AXI_inst/onsemi_vita_cam_core_inst/vita_remapper/DATA_reg[66]/D (clocked by vita_clk_1). Large setup violations at the end of those stages might be difficult to fix during the post-placement implementation flow and could be the result of non-optimal XDC constraints or non-optimal design architecture
Related violations: <none>

TIMING-16#688 Warning
Large setup violation  
There is a large setup violation of -5.732 ns between design_1_i/onsemi_vita_cam_0/U0/onsemi_vita_cam_v3_1_S00_AXI_inst/slv_reg8_reg[0]/C (clocked by clk_fpga_0) and design_1_i/onsemi_vita_cam_0/U0/onsemi_vita_cam_v3_1_S00_AXI_inst/onsemi_vita_cam_core_inst/vita_remapper/SYNC_BUS_reg[5]/CE (clocked by vita_clk_1). Large setup violations at the end of those stages might be difficult to fix during the post-placement implementation flow and could be the result of non-optimal XDC constraints or non-optimal design architecture
Related violations: <none>

TIMING-16#689 Warning
Large setup violation  
There is a large setup violation of -5.734 ns between design_1_i/onsemi_vita_cam_0/U0/onsemi_vita_cam_v3_1_S00_AXI_inst/slv_reg30_reg[4]/C (clocked by clk_fpga_0) and design_1_i/onsemi_vita_cam_0/U0/onsemi_vita_cam_v3_1_S00_AXI_inst/onsemi_vita_cam_core_inst/vita_remapper/DATA_reg[78]/D (clocked by vita_clk_1). Large setup violations at the end of those stages might be difficult to fix during the post-placement implementation flow and could be the result of non-optimal XDC constraints or non-optimal design architecture
Related violations: <none>

TIMING-16#690 Warning
Large setup violation  
There is a large setup violation of -5.738 ns between design_1_i/onsemi_vita_cam_0/U0/onsemi_vita_cam_v3_1_S00_AXI_inst/slv_reg30_reg[6]/C (clocked by clk_fpga_0) and design_1_i/onsemi_vita_cam_0/U0/onsemi_vita_cam_v3_1_S00_AXI_inst/onsemi_vita_cam_core_inst/vita_remapper/DATA_reg[68]/D (clocked by vita_clk_1). Large setup violations at the end of those stages might be difficult to fix during the post-placement implementation flow and could be the result of non-optimal XDC constraints or non-optimal design architecture
Related violations: <none>

TIMING-16#691 Warning
Large setup violation  
There is a large setup violation of -5.739 ns between design_1_i/onsemi_vita_cam_0/U0/onsemi_vita_cam_v3_1_S00_AXI_inst/slv_reg30_reg[6]/C (clocked by clk_fpga_0) and design_1_i/onsemi_vita_cam_0/U0/onsemi_vita_cam_v3_1_S00_AXI_inst/onsemi_vita_cam_core_inst/vita_remapper/DATA_reg[73]/D (clocked by vita_clk_1). Large setup violations at the end of those stages might be difficult to fix during the post-placement implementation flow and could be the result of non-optimal XDC constraints or non-optimal design architecture
Related violations: <none>

TIMING-16#692 Warning
Large setup violation  
There is a large setup violation of -5.740 ns between design_1_i/onsemi_vita_cam_0/U0/onsemi_vita_cam_v3_1_S00_AXI_inst/slv_reg30_reg[4]/C (clocked by clk_fpga_0) and design_1_i/onsemi_vita_cam_0/U0/onsemi_vita_cam_v3_1_S00_AXI_inst/onsemi_vita_cam_core_inst/vita_remapper/DATA_reg[43]/CE (clocked by vita_clk_1). Large setup violations at the end of those stages might be difficult to fix during the post-placement implementation flow and could be the result of non-optimal XDC constraints or non-optimal design architecture
Related violations: <none>

TIMING-16#693 Warning
Large setup violation  
There is a large setup violation of -5.740 ns between design_1_i/onsemi_vita_cam_0/U0/onsemi_vita_cam_v3_1_S00_AXI_inst/slv_reg30_reg[4]/C (clocked by clk_fpga_0) and design_1_i/onsemi_vita_cam_0/U0/onsemi_vita_cam_v3_1_S00_AXI_inst/onsemi_vita_cam_core_inst/vita_remapper/DATA_reg[63]/CE (clocked by vita_clk_1). Large setup violations at the end of those stages might be difficult to fix during the post-placement implementation flow and could be the result of non-optimal XDC constraints or non-optimal design architecture
Related violations: <none>

TIMING-16#694 Warning
Large setup violation  
There is a large setup violation of -5.740 ns between design_1_i/onsemi_vita_cam_0/U0/onsemi_vita_cam_v3_1_S00_AXI_inst/slv_reg30_reg[4]/C (clocked by clk_fpga_0) and design_1_i/onsemi_vita_cam_0/U0/onsemi_vita_cam_v3_1_S00_AXI_inst/onsemi_vita_cam_core_inst/vita_remapper/DATA_reg[66]/CE (clocked by vita_clk_1). Large setup violations at the end of those stages might be difficult to fix during the post-placement implementation flow and could be the result of non-optimal XDC constraints or non-optimal design architecture
Related violations: <none>

TIMING-16#695 Warning
Large setup violation  
There is a large setup violation of -5.740 ns between design_1_i/onsemi_vita_cam_0/U0/onsemi_vita_cam_v3_1_S00_AXI_inst/slv_reg30_reg[4]/C (clocked by clk_fpga_0) and design_1_i/onsemi_vita_cam_0/U0/onsemi_vita_cam_v3_1_S00_AXI_inst/onsemi_vita_cam_core_inst/vita_remapper/DATA_reg[67]/CE (clocked by vita_clk_1). Large setup violations at the end of those stages might be difficult to fix during the post-placement implementation flow and could be the result of non-optimal XDC constraints or non-optimal design architecture
Related violations: <none>

TIMING-16#696 Warning
Large setup violation  
There is a large setup violation of -5.744 ns between design_1_i/onsemi_vita_cam_0/U0/onsemi_vita_cam_v3_1_S00_AXI_inst/slv_reg30_reg[4]/C (clocked by clk_fpga_0) and design_1_i/onsemi_vita_cam_0/U0/onsemi_vita_cam_v3_1_S00_AXI_inst/onsemi_vita_cam_core_inst/vita_remapper/DATA_reg[76]/D (clocked by vita_clk_1). Large setup violations at the end of those stages might be difficult to fix during the post-placement implementation flow and could be the result of non-optimal XDC constraints or non-optimal design architecture
Related violations: <none>

TIMING-16#697 Warning
Large setup violation  
There is a large setup violation of -5.746 ns between design_1_i/onsemi_vita_cam_0/U0/onsemi_vita_cam_v3_1_S00_AXI_inst/slv_reg8_reg[0]/C (clocked by clk_fpga_0) and design_1_i/onsemi_vita_cam_0/U0/onsemi_vita_cam_v3_1_S00_AXI_inst/onsemi_vita_cam_core_inst/vita_crc_checker/PAR_DATA_int_reg[23]/CE (clocked by vita_clk_1). Large setup violations at the end of those stages might be difficult to fix during the post-placement implementation flow and could be the result of non-optimal XDC constraints or non-optimal design architecture
Related violations: <none>

TIMING-16#698 Warning
Large setup violation  
There is a large setup violation of -5.748 ns between design_1_i/onsemi_vita_cam_0/U0/onsemi_vita_cam_v3_1_S00_AXI_inst/slv_reg30_reg[6]/C (clocked by clk_fpga_0) and design_1_i/onsemi_vita_cam_0/U0/onsemi_vita_cam_v3_1_S00_AXI_inst/onsemi_vita_cam_core_inst/vita_remapper/DATA_reg[32]/D (clocked by vita_clk_1). Large setup violations at the end of those stages might be difficult to fix during the post-placement implementation flow and could be the result of non-optimal XDC constraints or non-optimal design architecture
Related violations: <none>

TIMING-16#699 Warning
Large setup violation  
There is a large setup violation of -5.752 ns between design_1_i/onsemi_vita_cam_0/U0/onsemi_vita_cam_v3_1_S00_AXI_inst/slv_reg8_reg[0]/C (clocked by clk_fpga_0) and design_1_i/onsemi_vita_cam_0/U0/onsemi_vita_cam_v3_1_S00_AXI_inst/onsemi_vita_cam_core_inst/vita_crc_checker/PAR_DATA_OUT_reg[26]/CE (clocked by vita_clk_1). Large setup violations at the end of those stages might be difficult to fix during the post-placement implementation flow and could be the result of non-optimal XDC constraints or non-optimal design architecture
Related violations: <none>

TIMING-16#700 Warning
Large setup violation  
There is a large setup violation of -5.752 ns between design_1_i/onsemi_vita_cam_0/U0/onsemi_vita_cam_v3_1_S00_AXI_inst/slv_reg8_reg[0]/C (clocked by clk_fpga_0) and design_1_i/onsemi_vita_cam_0/U0/onsemi_vita_cam_v3_1_S00_AXI_inst/onsemi_vita_cam_core_inst/vita_crc_checker/PAR_DATA_OUT_reg[38]/CE (clocked by vita_clk_1). Large setup violations at the end of those stages might be difficult to fix during the post-placement implementation flow and could be the result of non-optimal XDC constraints or non-optimal design architecture
Related violations: <none>

TIMING-16#701 Warning
Large setup violation  
There is a large setup violation of -5.752 ns between design_1_i/onsemi_vita_cam_0/U0/onsemi_vita_cam_v3_1_S00_AXI_inst/slv_reg8_reg[0]/C (clocked by clk_fpga_0) and design_1_i/onsemi_vita_cam_0/U0/onsemi_vita_cam_v3_1_S00_AXI_inst/onsemi_vita_cam_core_inst/vita_crc_checker/PAR_DATA_int_reg[0]/CE (clocked by vita_clk_1). Large setup violations at the end of those stages might be difficult to fix during the post-placement implementation flow and could be the result of non-optimal XDC constraints or non-optimal design architecture
Related violations: <none>

TIMING-16#702 Warning
Large setup violation  
There is a large setup violation of -5.752 ns between design_1_i/onsemi_vita_cam_0/U0/onsemi_vita_cam_v3_1_S00_AXI_inst/slv_reg8_reg[0]/C (clocked by clk_fpga_0) and design_1_i/onsemi_vita_cam_0/U0/onsemi_vita_cam_v3_1_S00_AXI_inst/onsemi_vita_cam_core_inst/vita_crc_checker/PAR_DATA_int_reg[15]/CE (clocked by vita_clk_1). Large setup violations at the end of those stages might be difficult to fix during the post-placement implementation flow and could be the result of non-optimal XDC constraints or non-optimal design architecture
Related violations: <none>

TIMING-16#703 Warning
Large setup violation  
There is a large setup violation of -5.752 ns between design_1_i/onsemi_vita_cam_0/U0/onsemi_vita_cam_v3_1_S00_AXI_inst/slv_reg8_reg[0]/C (clocked by clk_fpga_0) and design_1_i/onsemi_vita_cam_0/U0/onsemi_vita_cam_v3_1_S00_AXI_inst/onsemi_vita_cam_core_inst/vita_crc_checker/PAR_DATA_int_reg[2]/CE (clocked by vita_clk_1). Large setup violations at the end of those stages might be difficult to fix during the post-placement implementation flow and could be the result of non-optimal XDC constraints or non-optimal design architecture
Related violations: <none>

TIMING-16#704 Warning
Large setup violation  
There is a large setup violation of -5.752 ns between design_1_i/onsemi_vita_cam_0/U0/onsemi_vita_cam_v3_1_S00_AXI_inst/slv_reg8_reg[0]/C (clocked by clk_fpga_0) and design_1_i/onsemi_vita_cam_0/U0/onsemi_vita_cam_v3_1_S00_AXI_inst/onsemi_vita_cam_core_inst/vita_remapper/DATA_BUS_reg[26]/CE (clocked by vita_clk_1). Large setup violations at the end of those stages might be difficult to fix during the post-placement implementation flow and could be the result of non-optimal XDC constraints or non-optimal design architecture
Related violations: <none>

TIMING-16#705 Warning
Large setup violation  
There is a large setup violation of -5.752 ns between design_1_i/onsemi_vita_cam_0/U0/onsemi_vita_cam_v3_1_S00_AXI_inst/slv_reg8_reg[0]/C (clocked by clk_fpga_0) and design_1_i/onsemi_vita_cam_0/U0/onsemi_vita_cam_v3_1_S00_AXI_inst/onsemi_vita_cam_core_inst/vita_remapper/DATA_BUS_reg[38]/CE (clocked by vita_clk_1). Large setup violations at the end of those stages might be difficult to fix during the post-placement implementation flow and could be the result of non-optimal XDC constraints or non-optimal design architecture
Related violations: <none>

TIMING-16#706 Warning
Large setup violation  
There is a large setup violation of -5.752 ns between design_1_i/onsemi_vita_cam_0/U0/onsemi_vita_cam_v3_1_S00_AXI_inst/slv_reg8_reg[0]/C (clocked by clk_fpga_0) and design_1_i/onsemi_vita_cam_0/U0/onsemi_vita_cam_v3_1_S00_AXI_inst/onsemi_vita_cam_core_inst/vita_remapper/DATA_r_reg[58]/CE (clocked by vita_clk_1). Large setup violations at the end of those stages might be difficult to fix during the post-placement implementation flow and could be the result of non-optimal XDC constraints or non-optimal design architecture
Related violations: <none>

TIMING-16#707 Warning
Large setup violation  
There is a large setup violation of -5.755 ns between design_1_i/onsemi_vita_cam_0/U0/onsemi_vita_cam_v3_1_S00_AXI_inst/slv_reg30_reg[5]/C (clocked by clk_fpga_0) and design_1_i/onsemi_vita_cam_0/U0/onsemi_vita_cam_v3_1_S00_AXI_inst/onsemi_vita_cam_core_inst/vita_remapper/DATA_reg[64]/D (clocked by vita_clk_1). Large setup violations at the end of those stages might be difficult to fix during the post-placement implementation flow and could be the result of non-optimal XDC constraints or non-optimal design architecture
Related violations: <none>

TIMING-16#708 Warning
Large setup violation  
There is a large setup violation of -5.756 ns between design_1_i/onsemi_vita_cam_0/U0/onsemi_vita_cam_v3_1_S00_AXI_inst/slv_reg30_reg[4]/C (clocked by clk_fpga_0) and design_1_i/onsemi_vita_cam_0/U0/onsemi_vita_cam_v3_1_S00_AXI_inst/onsemi_vita_cam_core_inst/vita_remapper/DATA_reg[9]/D (clocked by vita_clk_1). Large setup violations at the end of those stages might be difficult to fix during the post-placement implementation flow and could be the result of non-optimal XDC constraints or non-optimal design architecture
Related violations: <none>

TIMING-16#709 Warning
Large setup violation  
There is a large setup violation of -5.761 ns between design_1_i/onsemi_vita_cam_0/U0/onsemi_vita_cam_v3_1_S00_AXI_inst/slv_reg30_reg[4]/C (clocked by clk_fpga_0) and design_1_i/onsemi_vita_cam_0/U0/onsemi_vita_cam_v3_1_S00_AXI_inst/onsemi_vita_cam_core_inst/vita_remapper/DATA_reg[45]/D (clocked by vita_clk_1). Large setup violations at the end of those stages might be difficult to fix during the post-placement implementation flow and could be the result of non-optimal XDC constraints or non-optimal design architecture
Related violations: <none>

TIMING-16#710 Warning
Large setup violation  
There is a large setup violation of -5.762 ns between design_1_i/onsemi_vita_cam_0/U0/onsemi_vita_cam_v3_1_S00_AXI_inst/slv_reg30_reg[4]/C (clocked by clk_fpga_0) and design_1_i/onsemi_vita_cam_0/U0/onsemi_vita_cam_v3_1_S00_AXI_inst/onsemi_vita_cam_core_inst/vita_remapper/DATA_reg[22]/D (clocked by vita_clk_1). Large setup violations at the end of those stages might be difficult to fix during the post-placement implementation flow and could be the result of non-optimal XDC constraints or non-optimal design architecture
Related violations: <none>

TIMING-16#711 Warning
Large setup violation  
There is a large setup violation of -5.763 ns between design_1_i/onsemi_vita_cam_0/U0/onsemi_vita_cam_v3_1_S00_AXI_inst/slv_reg6_reg[0]/C (clocked by clk_fpga_0) and design_1_i/onsemi_vita_cam_0/U0/onsemi_vita_cam_v3_1_S00_AXI_inst/onsemi_vita_cam_core_inst/vita_iserdes_v5.vita_iserdes/generate_datagen.datagen[4].db/cb/GenCntr_reg[0]/D (clocked by vita_clk_1). Large setup violations at the end of those stages might be difficult to fix during the post-placement implementation flow and could be the result of non-optimal XDC constraints or non-optimal design architecture
Related violations: <none>

TIMING-16#712 Warning
Large setup violation  
There is a large setup violation of -5.765 ns between design_1_i/onsemi_vita_cam_0/U0/onsemi_vita_cam_v3_1_S00_AXI_inst/slv_reg30_reg[5]/C (clocked by clk_fpga_0) and design_1_i/onsemi_vita_cam_0/U0/onsemi_vita_cam_v3_1_S00_AXI_inst/onsemi_vita_cam_core_inst/vita_remapper/DATA_reg[63]/D (clocked by vita_clk_1). Large setup violations at the end of those stages might be difficult to fix during the post-placement implementation flow and could be the result of non-optimal XDC constraints or non-optimal design architecture
Related violations: <none>

TIMING-16#713 Warning
Large setup violation  
There is a large setup violation of -5.766 ns between design_1_i/onsemi_vita_cam_0/U0/onsemi_vita_cam_v3_1_S00_AXI_inst/slv_reg30_reg[6]/C (clocked by clk_fpga_0) and design_1_i/onsemi_vita_cam_0/U0/onsemi_vita_cam_v3_1_S00_AXI_inst/onsemi_vita_cam_core_inst/vita_remapper/DATA_reg[34]/D (clocked by vita_clk_1). Large setup violations at the end of those stages might be difficult to fix during the post-placement implementation flow and could be the result of non-optimal XDC constraints or non-optimal design architecture
Related violations: <none>

TIMING-16#714 Warning
Large setup violation  
There is a large setup violation of -5.767 ns between design_1_i/onsemi_vita_cam_0/U0/onsemi_vita_cam_v3_1_S00_AXI_inst/slv_reg30_reg[6]/C (clocked by clk_fpga_0) and design_1_i/onsemi_vita_cam_0/U0/onsemi_vita_cam_v3_1_S00_AXI_inst/onsemi_vita_cam_core_inst/vita_remapper/DATA_reg[14]/D (clocked by vita_clk_1). Large setup violations at the end of those stages might be difficult to fix during the post-placement implementation flow and could be the result of non-optimal XDC constraints or non-optimal design architecture
Related violations: <none>

TIMING-16#715 Warning
Large setup violation  
There is a large setup violation of -5.769 ns between design_1_i/onsemi_vita_cam_0/U0/onsemi_vita_cam_v3_1_S00_AXI_inst/slv_reg30_reg[4]/C (clocked by clk_fpga_0) and design_1_i/onsemi_vita_cam_0/U0/onsemi_vita_cam_v3_1_S00_AXI_inst/onsemi_vita_cam_core_inst/vita_remapper/DATA_reg[72]/D (clocked by vita_clk_1). Large setup violations at the end of those stages might be difficult to fix during the post-placement implementation flow and could be the result of non-optimal XDC constraints or non-optimal design architecture
Related violations: <none>

TIMING-16#716 Warning
Large setup violation  
There is a large setup violation of -5.769 ns between design_1_i/onsemi_vita_cam_0/U0/onsemi_vita_cam_v3_1_S00_AXI_inst/slv_reg30_reg[6]/C (clocked by clk_fpga_0) and design_1_i/onsemi_vita_cam_0/U0/onsemi_vita_cam_v3_1_S00_AXI_inst/onsemi_vita_cam_core_inst/vita_remapper/DATA_reg[36]/D (clocked by vita_clk_1). Large setup violations at the end of those stages might be difficult to fix during the post-placement implementation flow and could be the result of non-optimal XDC constraints or non-optimal design architecture
Related violations: <none>

TIMING-16#717 Warning
Large setup violation  
There is a large setup violation of -5.775 ns between design_1_i/onsemi_vita_cam_0/U0/onsemi_vita_cam_v3_1_S00_AXI_inst/slv_reg30_reg[6]/C (clocked by clk_fpga_0) and design_1_i/onsemi_vita_cam_0/U0/onsemi_vita_cam_v3_1_S00_AXI_inst/onsemi_vita_cam_core_inst/vita_remapper/DATA_reg[74]/D (clocked by vita_clk_1). Large setup violations at the end of those stages might be difficult to fix during the post-placement implementation flow and could be the result of non-optimal XDC constraints or non-optimal design architecture
Related violations: <none>

TIMING-16#718 Warning
Large setup violation  
There is a large setup violation of -5.787 ns between design_1_i/onsemi_vita_cam_0/U0/onsemi_vita_cam_v3_1_S00_AXI_inst/slv_reg30_reg[6]/C (clocked by clk_fpga_0) and design_1_i/onsemi_vita_cam_0/U0/onsemi_vita_cam_v3_1_S00_AXI_inst/onsemi_vita_cam_core_inst/vita_remapper/DATA_reg[35]/D (clocked by vita_clk_1). Large setup violations at the end of those stages might be difficult to fix during the post-placement implementation flow and could be the result of non-optimal XDC constraints or non-optimal design architecture
Related violations: <none>

TIMING-16#719 Warning
Large setup violation  
There is a large setup violation of -5.792 ns between design_1_i/onsemi_vita_cam_0/U0/onsemi_vita_cam_v3_1_S00_AXI_inst/slv_reg8_reg[0]/C (clocked by clk_fpga_0) and design_1_i/onsemi_vita_cam_0/U0/onsemi_vita_cam_v3_1_S00_AXI_inst/onsemi_vita_cam_core_inst/vita_crc_checker/PAR_DATA_int_reg[31]/CE (clocked by vita_clk_1). Large setup violations at the end of those stages might be difficult to fix during the post-placement implementation flow and could be the result of non-optimal XDC constraints or non-optimal design architecture
Related violations: <none>

TIMING-16#720 Warning
Large setup violation  
There is a large setup violation of -5.792 ns between design_1_i/onsemi_vita_cam_0/U0/onsemi_vita_cam_v3_1_S00_AXI_inst/slv_reg8_reg[0]/C (clocked by clk_fpga_0) and design_1_i/onsemi_vita_cam_0/U0/onsemi_vita_cam_v3_1_S00_AXI_inst/onsemi_vita_cam_core_inst/vita_remapper/DATA_r_reg[65]/CE (clocked by vita_clk_1). Large setup violations at the end of those stages might be difficult to fix during the post-placement implementation flow and could be the result of non-optimal XDC constraints or non-optimal design architecture
Related violations: <none>

TIMING-16#721 Warning
Large setup violation  
There is a large setup violation of -5.792 ns between design_1_i/onsemi_vita_cam_0/U0/onsemi_vita_cam_v3_1_S00_AXI_inst/slv_reg8_reg[0]/C (clocked by clk_fpga_0) and design_1_i/onsemi_vita_cam_0/U0/onsemi_vita_cam_v3_1_S00_AXI_inst/onsemi_vita_cam_core_inst/vita_remapper/DATA_r_reg[72]/CE (clocked by vita_clk_1). Large setup violations at the end of those stages might be difficult to fix during the post-placement implementation flow and could be the result of non-optimal XDC constraints or non-optimal design architecture
Related violations: <none>

TIMING-16#722 Warning
Large setup violation  
There is a large setup violation of -5.792 ns between design_1_i/onsemi_vita_cam_0/U0/onsemi_vita_cam_v3_1_S00_AXI_inst/slv_reg8_reg[0]/C (clocked by clk_fpga_0) and design_1_i/onsemi_vita_cam_0/U0/onsemi_vita_cam_v3_1_S00_AXI_inst/onsemi_vita_cam_core_inst/vita_remapper/DATA_r_reg[73]/CE (clocked by vita_clk_1). Large setup violations at the end of those stages might be difficult to fix during the post-placement implementation flow and could be the result of non-optimal XDC constraints or non-optimal design architecture
Related violations: <none>

TIMING-16#723 Warning
Large setup violation  
There is a large setup violation of -5.796 ns between design_1_i/onsemi_vita_cam_0/U0/onsemi_vita_cam_v3_1_S00_AXI_inst/slv_reg30_reg[4]/C (clocked by clk_fpga_0) and design_1_i/onsemi_vita_cam_0/U0/onsemi_vita_cam_v3_1_S00_AXI_inst/onsemi_vita_cam_core_inst/vita_remapper/DATA_reg[56]/D (clocked by vita_clk_1). Large setup violations at the end of those stages might be difficult to fix during the post-placement implementation flow and could be the result of non-optimal XDC constraints or non-optimal design architecture
Related violations: <none>

TIMING-16#724 Warning
Large setup violation  
There is a large setup violation of -5.804 ns between design_1_i/onsemi_vita_cam_0/U0/onsemi_vita_cam_v3_1_S00_AXI_inst/slv_reg30_reg[4]/C (clocked by clk_fpga_0) and design_1_i/onsemi_vita_cam_0/U0/onsemi_vita_cam_v3_1_S00_AXI_inst/onsemi_vita_cam_core_inst/vita_remapper/DATA_reg[42]/CE (clocked by vita_clk_1). Large setup violations at the end of those stages might be difficult to fix during the post-placement implementation flow and could be the result of non-optimal XDC constraints or non-optimal design architecture
Related violations: <none>

TIMING-16#725 Warning
Large setup violation  
There is a large setup violation of -5.804 ns between design_1_i/onsemi_vita_cam_0/U0/onsemi_vita_cam_v3_1_S00_AXI_inst/slv_reg30_reg[4]/C (clocked by clk_fpga_0) and design_1_i/onsemi_vita_cam_0/U0/onsemi_vita_cam_v3_1_S00_AXI_inst/onsemi_vita_cam_core_inst/vita_remapper/DATA_reg[46]/CE (clocked by vita_clk_1). Large setup violations at the end of those stages might be difficult to fix during the post-placement implementation flow and could be the result of non-optimal XDC constraints or non-optimal design architecture
Related violations: <none>

TIMING-16#726 Warning
Large setup violation  
There is a large setup violation of -5.804 ns between design_1_i/onsemi_vita_cam_0/U0/onsemi_vita_cam_v3_1_S00_AXI_inst/slv_reg30_reg[4]/C (clocked by clk_fpga_0) and design_1_i/onsemi_vita_cam_0/U0/onsemi_vita_cam_v3_1_S00_AXI_inst/onsemi_vita_cam_core_inst/vita_remapper/DATA_reg[62]/CE (clocked by vita_clk_1). Large setup violations at the end of those stages might be difficult to fix during the post-placement implementation flow and could be the result of non-optimal XDC constraints or non-optimal design architecture
Related violations: <none>

TIMING-16#727 Warning
Large setup violation  
There is a large setup violation of -5.804 ns between design_1_i/onsemi_vita_cam_0/U0/onsemi_vita_cam_v3_1_S00_AXI_inst/slv_reg30_reg[4]/C (clocked by clk_fpga_0) and design_1_i/onsemi_vita_cam_0/U0/onsemi_vita_cam_v3_1_S00_AXI_inst/onsemi_vita_cam_core_inst/vita_remapper/DATA_reg[69]/CE (clocked by vita_clk_1). Large setup violations at the end of those stages might be difficult to fix during the post-placement implementation flow and could be the result of non-optimal XDC constraints or non-optimal design architecture
Related violations: <none>

TIMING-16#728 Warning
Large setup violation  
There is a large setup violation of -5.806 ns between design_1_i/onsemi_vita_cam_0/U0/onsemi_vita_cam_v3_1_S00_AXI_inst/slv_reg30_reg[4]/C (clocked by clk_fpga_0) and design_1_i/onsemi_vita_cam_0/U0/onsemi_vita_cam_v3_1_S00_AXI_inst/onsemi_vita_cam_core_inst/vita_remapper/DATA_reg[58]/D (clocked by vita_clk_1). Large setup violations at the end of those stages might be difficult to fix during the post-placement implementation flow and could be the result of non-optimal XDC constraints or non-optimal design architecture
Related violations: <none>

TIMING-16#729 Warning
Large setup violation  
There is a large setup violation of -5.824 ns between design_1_i/onsemi_vita_cam_0/U0/onsemi_vita_cam_v3_1_S00_AXI_inst/slv_reg8_reg[0]/C (clocked by clk_fpga_0) and design_1_i/onsemi_vita_cam_0/U0/onsemi_vita_cam_v3_1_S00_AXI_inst/onsemi_vita_cam_core_inst/vita_crc_checker/PAR_DATA_OUT_reg[29]/CE (clocked by vita_clk_1). Large setup violations at the end of those stages might be difficult to fix during the post-placement implementation flow and could be the result of non-optimal XDC constraints or non-optimal design architecture
Related violations: <none>

TIMING-16#730 Warning
Large setup violation  
There is a large setup violation of -5.824 ns between design_1_i/onsemi_vita_cam_0/U0/onsemi_vita_cam_v3_1_S00_AXI_inst/slv_reg8_reg[0]/C (clocked by clk_fpga_0) and design_1_i/onsemi_vita_cam_0/U0/onsemi_vita_cam_v3_1_S00_AXI_inst/onsemi_vita_cam_core_inst/vita_crc_checker/PAR_DATA_int_reg[14]/CE (clocked by vita_clk_1). Large setup violations at the end of those stages might be difficult to fix during the post-placement implementation flow and could be the result of non-optimal XDC constraints or non-optimal design architecture
Related violations: <none>

TIMING-16#731 Warning
Large setup violation  
There is a large setup violation of -5.824 ns between design_1_i/onsemi_vita_cam_0/U0/onsemi_vita_cam_v3_1_S00_AXI_inst/slv_reg8_reg[0]/C (clocked by clk_fpga_0) and design_1_i/onsemi_vita_cam_0/U0/onsemi_vita_cam_v3_1_S00_AXI_inst/onsemi_vita_cam_core_inst/vita_crc_checker/PAR_DATA_int_reg[26]/CE (clocked by vita_clk_1). Large setup violations at the end of those stages might be difficult to fix during the post-placement implementation flow and could be the result of non-optimal XDC constraints or non-optimal design architecture
Related violations: <none>

TIMING-16#732 Warning
Large setup violation  
There is a large setup violation of -5.824 ns between design_1_i/onsemi_vita_cam_0/U0/onsemi_vita_cam_v3_1_S00_AXI_inst/slv_reg8_reg[0]/C (clocked by clk_fpga_0) and design_1_i/onsemi_vita_cam_0/U0/onsemi_vita_cam_v3_1_S00_AXI_inst/onsemi_vita_cam_core_inst/vita_crc_checker/PAR_DATA_int_reg[29]/CE (clocked by vita_clk_1). Large setup violations at the end of those stages might be difficult to fix during the post-placement implementation flow and could be the result of non-optimal XDC constraints or non-optimal design architecture
Related violations: <none>

TIMING-16#733 Warning
Large setup violation  
There is a large setup violation of -5.824 ns between design_1_i/onsemi_vita_cam_0/U0/onsemi_vita_cam_v3_1_S00_AXI_inst/slv_reg8_reg[0]/C (clocked by clk_fpga_0) and design_1_i/onsemi_vita_cam_0/U0/onsemi_vita_cam_v3_1_S00_AXI_inst/onsemi_vita_cam_core_inst/vita_remapper/DATA_BUS_reg[29]/CE (clocked by vita_clk_1). Large setup violations at the end of those stages might be difficult to fix during the post-placement implementation flow and could be the result of non-optimal XDC constraints or non-optimal design architecture
Related violations: <none>

TIMING-16#734 Warning
Large setup violation  
There is a large setup violation of -5.824 ns between design_1_i/onsemi_vita_cam_0/U0/onsemi_vita_cam_v3_1_S00_AXI_inst/slv_reg8_reg[0]/C (clocked by clk_fpga_0) and design_1_i/onsemi_vita_cam_0/U0/onsemi_vita_cam_v3_1_S00_AXI_inst/onsemi_vita_cam_core_inst/vita_remapper/DATA_BUS_reg[39]/CE (clocked by vita_clk_1). Large setup violations at the end of those stages might be difficult to fix during the post-placement implementation flow and could be the result of non-optimal XDC constraints or non-optimal design architecture
Related violations: <none>

TIMING-16#735 Warning
Large setup violation  
There is a large setup violation of -5.832 ns between design_1_i/onsemi_vita_cam_0/U0/onsemi_vita_cam_v3_1_S00_AXI_inst/slv_reg30_reg[4]/C (clocked by clk_fpga_0) and design_1_i/onsemi_vita_cam_0/U0/onsemi_vita_cam_v3_1_S00_AXI_inst/onsemi_vita_cam_core_inst/vita_remapper/DATA_reg[73]/CE (clocked by vita_clk_1). Large setup violations at the end of those stages might be difficult to fix during the post-placement implementation flow and could be the result of non-optimal XDC constraints or non-optimal design architecture
Related violations: <none>

TIMING-16#736 Warning
Large setup violation  
There is a large setup violation of -5.832 ns between design_1_i/onsemi_vita_cam_0/U0/onsemi_vita_cam_v3_1_S00_AXI_inst/slv_reg30_reg[4]/C (clocked by clk_fpga_0) and design_1_i/onsemi_vita_cam_0/U0/onsemi_vita_cam_v3_1_S00_AXI_inst/onsemi_vita_cam_core_inst/vita_remapper/DATA_reg[74]/CE (clocked by vita_clk_1). Large setup violations at the end of those stages might be difficult to fix during the post-placement implementation flow and could be the result of non-optimal XDC constraints or non-optimal design architecture
Related violations: <none>

TIMING-16#737 Warning
Large setup violation  
There is a large setup violation of -5.832 ns between design_1_i/onsemi_vita_cam_0/U0/onsemi_vita_cam_v3_1_S00_AXI_inst/slv_reg30_reg[4]/C (clocked by clk_fpga_0) and design_1_i/onsemi_vita_cam_0/U0/onsemi_vita_cam_v3_1_S00_AXI_inst/onsemi_vita_cam_core_inst/vita_remapper/DATA_reg[79]/CE (clocked by vita_clk_1). Large setup violations at the end of those stages might be difficult to fix during the post-placement implementation flow and could be the result of non-optimal XDC constraints or non-optimal design architecture
Related violations: <none>

TIMING-16#738 Warning
Large setup violation  
There is a large setup violation of -5.834 ns between design_1_i/onsemi_vita_cam_0/U0/onsemi_vita_cam_v3_1_S00_AXI_inst/slv_reg8_reg[0]/C (clocked by clk_fpga_0) and design_1_i/onsemi_vita_cam_0/U0/onsemi_vita_cam_v3_1_S00_AXI_inst/onsemi_vita_cam_core_inst/vita_crc_checker/PAR_DATA_OUT_reg[8]/CE (clocked by vita_clk_1). Large setup violations at the end of those stages might be difficult to fix during the post-placement implementation flow and could be the result of non-optimal XDC constraints or non-optimal design architecture
Related violations: <none>

TIMING-16#739 Warning
Large setup violation  
There is a large setup violation of -5.834 ns between design_1_i/onsemi_vita_cam_0/U0/onsemi_vita_cam_v3_1_S00_AXI_inst/slv_reg8_reg[0]/C (clocked by clk_fpga_0) and design_1_i/onsemi_vita_cam_0/U0/onsemi_vita_cam_v3_1_S00_AXI_inst/onsemi_vita_cam_core_inst/vita_crc_checker/PAR_DATA_int_reg[13]/CE (clocked by vita_clk_1). Large setup violations at the end of those stages might be difficult to fix during the post-placement implementation flow and could be the result of non-optimal XDC constraints or non-optimal design architecture
Related violations: <none>

TIMING-16#740 Warning
Large setup violation  
There is a large setup violation of -5.834 ns between design_1_i/onsemi_vita_cam_0/U0/onsemi_vita_cam_v3_1_S00_AXI_inst/slv_reg8_reg[0]/C (clocked by clk_fpga_0) and design_1_i/onsemi_vita_cam_0/U0/onsemi_vita_cam_v3_1_S00_AXI_inst/onsemi_vita_cam_core_inst/vita_crc_checker/PAR_DATA_int_reg[8]/CE (clocked by vita_clk_1). Large setup violations at the end of those stages might be difficult to fix during the post-placement implementation flow and could be the result of non-optimal XDC constraints or non-optimal design architecture
Related violations: <none>

TIMING-16#741 Warning
Large setup violation  
There is a large setup violation of -5.834 ns between design_1_i/onsemi_vita_cam_0/U0/onsemi_vita_cam_v3_1_S00_AXI_inst/slv_reg8_reg[0]/C (clocked by clk_fpga_0) and design_1_i/onsemi_vita_cam_0/U0/onsemi_vita_cam_v3_1_S00_AXI_inst/onsemi_vita_cam_core_inst/vita_crc_checker/PAR_DATA_int_reg[9]/CE (clocked by vita_clk_1). Large setup violations at the end of those stages might be difficult to fix during the post-placement implementation flow and could be the result of non-optimal XDC constraints or non-optimal design architecture
Related violations: <none>

TIMING-16#742 Warning
Large setup violation  
There is a large setup violation of -5.834 ns between design_1_i/onsemi_vita_cam_0/U0/onsemi_vita_cam_v3_1_S00_AXI_inst/slv_reg8_reg[0]/C (clocked by clk_fpga_0) and design_1_i/onsemi_vita_cam_0/U0/onsemi_vita_cam_v3_1_S00_AXI_inst/onsemi_vita_cam_core_inst/vita_remapper/DATA_BUS_reg[8]/CE (clocked by vita_clk_1). Large setup violations at the end of those stages might be difficult to fix during the post-placement implementation flow and could be the result of non-optimal XDC constraints or non-optimal design architecture
Related violations: <none>

TIMING-16#743 Warning
Large setup violation  
There is a large setup violation of -5.834 ns between design_1_i/onsemi_vita_cam_0/U0/onsemi_vita_cam_v3_1_S00_AXI_inst/slv_reg8_reg[0]/C (clocked by clk_fpga_0) and design_1_i/onsemi_vita_cam_0/U0/onsemi_vita_cam_v3_1_S00_AXI_inst/onsemi_vita_cam_core_inst/vita_remapper/DATA_r_reg[44]/CE (clocked by vita_clk_1). Large setup violations at the end of those stages might be difficult to fix during the post-placement implementation flow and could be the result of non-optimal XDC constraints or non-optimal design architecture
Related violations: <none>

TIMING-16#744 Warning
Large setup violation  
There is a large setup violation of -5.834 ns between design_1_i/onsemi_vita_cam_0/U0/onsemi_vita_cam_v3_1_S00_AXI_inst/slv_reg8_reg[0]/C (clocked by clk_fpga_0) and design_1_i/onsemi_vita_cam_0/U0/onsemi_vita_cam_v3_1_S00_AXI_inst/onsemi_vita_cam_core_inst/vita_remapper/DATA_r_reg[46]/CE (clocked by vita_clk_1). Large setup violations at the end of those stages might be difficult to fix during the post-placement implementation flow and could be the result of non-optimal XDC constraints or non-optimal design architecture
Related violations: <none>

TIMING-16#745 Warning
Large setup violation  
There is a large setup violation of -5.834 ns between design_1_i/onsemi_vita_cam_0/U0/onsemi_vita_cam_v3_1_S00_AXI_inst/slv_reg8_reg[0]/C (clocked by clk_fpga_0) and design_1_i/onsemi_vita_cam_0/U0/onsemi_vita_cam_v3_1_S00_AXI_inst/onsemi_vita_cam_core_inst/vita_remapper/DATA_r_reg[55]/CE (clocked by vita_clk_1). Large setup violations at the end of those stages might be difficult to fix during the post-placement implementation flow and could be the result of non-optimal XDC constraints or non-optimal design architecture
Related violations: <none>

TIMING-16#746 Warning
Large setup violation  
There is a large setup violation of -5.837 ns between design_1_i/onsemi_vita_cam_0/U0/onsemi_vita_cam_v3_1_S00_AXI_inst/slv_reg30_reg[4]/C (clocked by clk_fpga_0) and design_1_i/onsemi_vita_cam_0/U0/onsemi_vita_cam_v3_1_S00_AXI_inst/onsemi_vita_cam_core_inst/vita_remapper/DATA_reg[79]/D (clocked by vita_clk_1). Large setup violations at the end of those stages might be difficult to fix during the post-placement implementation flow and could be the result of non-optimal XDC constraints or non-optimal design architecture
Related violations: <none>

TIMING-16#747 Warning
Large setup violation  
There is a large setup violation of -5.838 ns between design_1_i/onsemi_vita_cam_0/U0/onsemi_vita_cam_v3_1_S00_AXI_inst/slv_reg8_reg[0]/C (clocked by clk_fpga_0) and design_1_i/onsemi_vita_cam_0/U0/onsemi_vita_cam_v3_1_S00_AXI_inst/onsemi_vita_cam_core_inst/vita_crc_checker/PAR_DATA_OUT_reg[5]/CE (clocked by vita_clk_1). Large setup violations at the end of those stages might be difficult to fix during the post-placement implementation flow and could be the result of non-optimal XDC constraints or non-optimal design architecture
Related violations: <none>

TIMING-16#748 Warning
Large setup violation  
There is a large setup violation of -5.838 ns between design_1_i/onsemi_vita_cam_0/U0/onsemi_vita_cam_v3_1_S00_AXI_inst/slv_reg8_reg[0]/C (clocked by clk_fpga_0) and design_1_i/onsemi_vita_cam_0/U0/onsemi_vita_cam_v3_1_S00_AXI_inst/onsemi_vita_cam_core_inst/vita_crc_checker/PAR_DATA_OUT_reg[7]/CE (clocked by vita_clk_1). Large setup violations at the end of those stages might be difficult to fix during the post-placement implementation flow and could be the result of non-optimal XDC constraints or non-optimal design architecture
Related violations: <none>

TIMING-16#749 Warning
Large setup violation  
There is a large setup violation of -5.838 ns between design_1_i/onsemi_vita_cam_0/U0/onsemi_vita_cam_v3_1_S00_AXI_inst/slv_reg8_reg[0]/C (clocked by clk_fpga_0) and design_1_i/onsemi_vita_cam_0/U0/onsemi_vita_cam_v3_1_S00_AXI_inst/onsemi_vita_cam_core_inst/vita_crc_checker/PAR_DATA_int_reg[30]/CE (clocked by vita_clk_1). Large setup violations at the end of those stages might be difficult to fix during the post-placement implementation flow and could be the result of non-optimal XDC constraints or non-optimal design architecture
Related violations: <none>

TIMING-16#750 Warning
Large setup violation  
There is a large setup violation of -5.838 ns between design_1_i/onsemi_vita_cam_0/U0/onsemi_vita_cam_v3_1_S00_AXI_inst/slv_reg8_reg[0]/C (clocked by clk_fpga_0) and design_1_i/onsemi_vita_cam_0/U0/onsemi_vita_cam_v3_1_S00_AXI_inst/onsemi_vita_cam_core_inst/vita_crc_checker/PAR_DATA_int_reg[39]/CE (clocked by vita_clk_1). Large setup violations at the end of those stages might be difficult to fix during the post-placement implementation flow and could be the result of non-optimal XDC constraints or non-optimal design architecture
Related violations: <none>

TIMING-16#751 Warning
Large setup violation  
There is a large setup violation of -5.838 ns between design_1_i/onsemi_vita_cam_0/U0/onsemi_vita_cam_v3_1_S00_AXI_inst/slv_reg8_reg[0]/C (clocked by clk_fpga_0) and design_1_i/onsemi_vita_cam_0/U0/onsemi_vita_cam_v3_1_S00_AXI_inst/onsemi_vita_cam_core_inst/vita_remapper/DATA_r_reg[53]/CE (clocked by vita_clk_1). Large setup violations at the end of those stages might be difficult to fix during the post-placement implementation flow and could be the result of non-optimal XDC constraints or non-optimal design architecture
Related violations: <none>

TIMING-16#752 Warning
Large setup violation  
There is a large setup violation of -5.838 ns between design_1_i/onsemi_vita_cam_0/U0/onsemi_vita_cam_v3_1_S00_AXI_inst/slv_reg8_reg[0]/C (clocked by clk_fpga_0) and design_1_i/onsemi_vita_cam_0/U0/onsemi_vita_cam_v3_1_S00_AXI_inst/onsemi_vita_cam_core_inst/vita_remapper/SYNC_BUS_reg[6]/CE (clocked by vita_clk_1). Large setup violations at the end of those stages might be difficult to fix during the post-placement implementation flow and could be the result of non-optimal XDC constraints or non-optimal design architecture
Related violations: <none>

TIMING-16#753 Warning
Large setup violation  
There is a large setup violation of -5.850 ns between design_1_i/onsemi_vita_cam_0/U0/onsemi_vita_cam_v3_1_S00_AXI_inst/slv_reg8_reg[0]/C (clocked by clk_fpga_0) and design_1_i/onsemi_vita_cam_0/U0/onsemi_vita_cam_v3_1_S00_AXI_inst/onsemi_vita_cam_core_inst/vita_syncchanneldecoder/DataDelayPipe_reg[3][0]_srl4/CE (clocked by vita_clk_1). Large setup violations at the end of those stages might be difficult to fix during the post-placement implementation flow and could be the result of non-optimal XDC constraints or non-optimal design architecture
Related violations: <none>

TIMING-16#754 Warning
Large setup violation  
There is a large setup violation of -5.850 ns between design_1_i/onsemi_vita_cam_0/U0/onsemi_vita_cam_v3_1_S00_AXI_inst/slv_reg8_reg[0]/C (clocked by clk_fpga_0) and design_1_i/onsemi_vita_cam_0/U0/onsemi_vita_cam_v3_1_S00_AXI_inst/onsemi_vita_cam_core_inst/vita_syncchanneldecoder/DataDelayPipe_reg[3][1]_srl4/CE (clocked by vita_clk_1). Large setup violations at the end of those stages might be difficult to fix during the post-placement implementation flow and could be the result of non-optimal XDC constraints or non-optimal design architecture
Related violations: <none>

TIMING-16#755 Warning
Large setup violation  
There is a large setup violation of -5.850 ns between design_1_i/onsemi_vita_cam_0/U0/onsemi_vita_cam_v3_1_S00_AXI_inst/slv_reg8_reg[0]/C (clocked by clk_fpga_0) and design_1_i/onsemi_vita_cam_0/U0/onsemi_vita_cam_v3_1_S00_AXI_inst/onsemi_vita_cam_core_inst/vita_syncchanneldecoder/DataDelayPipe_reg[3][2]_srl4/CE (clocked by vita_clk_1). Large setup violations at the end of those stages might be difficult to fix during the post-placement implementation flow and could be the result of non-optimal XDC constraints or non-optimal design architecture
Related violations: <none>

TIMING-16#756 Warning
Large setup violation  
There is a large setup violation of -5.850 ns between design_1_i/onsemi_vita_cam_0/U0/onsemi_vita_cam_v3_1_S00_AXI_inst/slv_reg8_reg[0]/C (clocked by clk_fpga_0) and design_1_i/onsemi_vita_cam_0/U0/onsemi_vita_cam_v3_1_S00_AXI_inst/onsemi_vita_cam_core_inst/vita_syncchanneldecoder/DataDelayPipe_reg[3][3]_srl4/CE (clocked by vita_clk_1). Large setup violations at the end of those stages might be difficult to fix during the post-placement implementation flow and could be the result of non-optimal XDC constraints or non-optimal design architecture
Related violations: <none>

TIMING-16#757 Warning
Large setup violation  
There is a large setup violation of -5.850 ns between design_1_i/onsemi_vita_cam_0/U0/onsemi_vita_cam_v3_1_S00_AXI_inst/slv_reg8_reg[0]/C (clocked by clk_fpga_0) and design_1_i/onsemi_vita_cam_0/U0/onsemi_vita_cam_v3_1_S00_AXI_inst/onsemi_vita_cam_core_inst/vita_syncchanneldecoder/DataDelayPipe_reg[3][4]_srl4/CE (clocked by vita_clk_1). Large setup violations at the end of those stages might be difficult to fix during the post-placement implementation flow and could be the result of non-optimal XDC constraints or non-optimal design architecture
Related violations: <none>

TIMING-16#758 Warning
Large setup violation  
There is a large setup violation of -5.850 ns between design_1_i/onsemi_vita_cam_0/U0/onsemi_vita_cam_v3_1_S00_AXI_inst/slv_reg8_reg[0]/C (clocked by clk_fpga_0) and design_1_i/onsemi_vita_cam_0/U0/onsemi_vita_cam_v3_1_S00_AXI_inst/onsemi_vita_cam_core_inst/vita_syncchanneldecoder/DataDelayPipe_reg[3][5]_srl4/CE (clocked by vita_clk_1). Large setup violations at the end of those stages might be difficult to fix during the post-placement implementation flow and could be the result of non-optimal XDC constraints or non-optimal design architecture
Related violations: <none>

TIMING-16#759 Warning
Large setup violation  
There is a large setup violation of -5.850 ns between design_1_i/onsemi_vita_cam_0/U0/onsemi_vita_cam_v3_1_S00_AXI_inst/slv_reg8_reg[0]/C (clocked by clk_fpga_0) and design_1_i/onsemi_vita_cam_0/U0/onsemi_vita_cam_v3_1_S00_AXI_inst/onsemi_vita_cam_core_inst/vita_syncchanneldecoder/DataDelayPipe_reg[3][6]_srl4/CE (clocked by vita_clk_1). Large setup violations at the end of those stages might be difficult to fix during the post-placement implementation flow and could be the result of non-optimal XDC constraints or non-optimal design architecture
Related violations: <none>

TIMING-16#760 Warning
Large setup violation  
There is a large setup violation of -5.850 ns between design_1_i/onsemi_vita_cam_0/U0/onsemi_vita_cam_v3_1_S00_AXI_inst/slv_reg8_reg[0]/C (clocked by clk_fpga_0) and design_1_i/onsemi_vita_cam_0/U0/onsemi_vita_cam_v3_1_S00_AXI_inst/onsemi_vita_cam_core_inst/vita_syncchanneldecoder/DataDelayPipe_reg[3][7]_srl4/CE (clocked by vita_clk_1). Large setup violations at the end of those stages might be difficult to fix during the post-placement implementation flow and could be the result of non-optimal XDC constraints or non-optimal design architecture
Related violations: <none>

TIMING-16#761 Warning
Large setup violation  
There is a large setup violation of -5.856 ns between design_1_i/onsemi_vita_cam_0/U0/onsemi_vita_cam_v3_1_S00_AXI_inst/slv_reg30_reg[4]/C (clocked by clk_fpga_0) and design_1_i/onsemi_vita_cam_0/U0/onsemi_vita_cam_v3_1_S00_AXI_inst/onsemi_vita_cam_core_inst/vita_remapper/DATA_reg[57]/D (clocked by vita_clk_1). Large setup violations at the end of those stages might be difficult to fix during the post-placement implementation flow and could be the result of non-optimal XDC constraints or non-optimal design architecture
Related violations: <none>

TIMING-16#762 Warning
Large setup violation  
There is a large setup violation of -5.858 ns between design_1_i/onsemi_vita_cam_0/U0/onsemi_vita_cam_v3_1_S00_AXI_inst/slv_reg30_reg[6]/C (clocked by clk_fpga_0) and design_1_i/onsemi_vita_cam_0/U0/onsemi_vita_cam_v3_1_S00_AXI_inst/onsemi_vita_cam_core_inst/vita_remapper/DATA_reg[17]/D (clocked by vita_clk_1). Large setup violations at the end of those stages might be difficult to fix during the post-placement implementation flow and could be the result of non-optimal XDC constraints or non-optimal design architecture
Related violations: <none>

TIMING-16#763 Warning
Large setup violation  
There is a large setup violation of -5.859 ns between design_1_i/onsemi_vita_cam_0/U0/onsemi_vita_cam_v3_1_S00_AXI_inst/slv_reg30_reg[4]/C (clocked by clk_fpga_0) and design_1_i/onsemi_vita_cam_0/U0/onsemi_vita_cam_v3_1_S00_AXI_inst/onsemi_vita_cam_core_inst/vita_remapper/DATA_reg[24]/CE (clocked by vita_clk_1). Large setup violations at the end of those stages might be difficult to fix during the post-placement implementation flow and could be the result of non-optimal XDC constraints or non-optimal design architecture
Related violations: <none>

TIMING-16#764 Warning
Large setup violation  
There is a large setup violation of -5.859 ns between design_1_i/onsemi_vita_cam_0/U0/onsemi_vita_cam_v3_1_S00_AXI_inst/slv_reg30_reg[4]/C (clocked by clk_fpga_0) and design_1_i/onsemi_vita_cam_0/U0/onsemi_vita_cam_v3_1_S00_AXI_inst/onsemi_vita_cam_core_inst/vita_remapper/DATA_reg[8]/CE (clocked by vita_clk_1). Large setup violations at the end of those stages might be difficult to fix during the post-placement implementation flow and could be the result of non-optimal XDC constraints or non-optimal design architecture
Related violations: <none>

TIMING-16#765 Warning
Large setup violation  
There is a large setup violation of -5.859 ns between design_1_i/onsemi_vita_cam_0/U0/onsemi_vita_cam_v3_1_S00_AXI_inst/slv_reg30_reg[4]/C (clocked by clk_fpga_0) and design_1_i/onsemi_vita_cam_0/U0/onsemi_vita_cam_v3_1_S00_AXI_inst/onsemi_vita_cam_core_inst/vita_remapper/DATA_reg[9]/CE (clocked by vita_clk_1). Large setup violations at the end of those stages might be difficult to fix during the post-placement implementation flow and could be the result of non-optimal XDC constraints or non-optimal design architecture
Related violations: <none>

TIMING-16#766 Warning
Large setup violation  
There is a large setup violation of -5.865 ns between design_1_i/onsemi_vita_cam_0/U0/onsemi_vita_cam_v3_1_S00_AXI_inst/slv_reg30_reg[6]/C (clocked by clk_fpga_0) and design_1_i/onsemi_vita_cam_0/U0/onsemi_vita_cam_v3_1_S00_AXI_inst/onsemi_vita_cam_core_inst/vita_remapper/DATA_reg[16]/D (clocked by vita_clk_1). Large setup violations at the end of those stages might be difficult to fix during the post-placement implementation flow and could be the result of non-optimal XDC constraints or non-optimal design architecture
Related violations: <none>

TIMING-16#767 Warning
Large setup violation  
There is a large setup violation of -5.874 ns between design_1_i/onsemi_vita_cam_0/U0/onsemi_vita_cam_v3_1_S00_AXI_inst/slv_reg30_reg[4]/C (clocked by clk_fpga_0) and design_1_i/onsemi_vita_cam_0/U0/onsemi_vita_cam_v3_1_S00_AXI_inst/onsemi_vita_cam_core_inst/vita_remapper/DATA_reg[22]/CE (clocked by vita_clk_1). Large setup violations at the end of those stages might be difficult to fix during the post-placement implementation flow and could be the result of non-optimal XDC constraints or non-optimal design architecture
Related violations: <none>

TIMING-16#768 Warning
Large setup violation  
There is a large setup violation of -5.874 ns between design_1_i/onsemi_vita_cam_0/U0/onsemi_vita_cam_v3_1_S00_AXI_inst/slv_reg30_reg[4]/C (clocked by clk_fpga_0) and design_1_i/onsemi_vita_cam_0/U0/onsemi_vita_cam_v3_1_S00_AXI_inst/onsemi_vita_cam_core_inst/vita_remapper/DATA_reg[23]/CE (clocked by vita_clk_1). Large setup violations at the end of those stages might be difficult to fix during the post-placement implementation flow and could be the result of non-optimal XDC constraints or non-optimal design architecture
Related violations: <none>

TIMING-16#769 Warning
Large setup violation  
There is a large setup violation of -5.874 ns between design_1_i/onsemi_vita_cam_0/U0/onsemi_vita_cam_v3_1_S00_AXI_inst/slv_reg30_reg[4]/C (clocked by clk_fpga_0) and design_1_i/onsemi_vita_cam_0/U0/onsemi_vita_cam_v3_1_S00_AXI_inst/onsemi_vita_cam_core_inst/vita_remapper/DATA_reg[25]/CE (clocked by vita_clk_1). Large setup violations at the end of those stages might be difficult to fix during the post-placement implementation flow and could be the result of non-optimal XDC constraints or non-optimal design architecture
Related violations: <none>

TIMING-16#770 Warning
Large setup violation  
There is a large setup violation of -5.876 ns between design_1_i/onsemi_vita_cam_0/U0/onsemi_vita_cam_v3_1_S00_AXI_inst/slv_reg30_reg[4]/C (clocked by clk_fpga_0) and design_1_i/onsemi_vita_cam_0/U0/onsemi_vita_cam_v3_1_S00_AXI_inst/onsemi_vita_cam_core_inst/vita_remapper/DATA_reg[42]/D (clocked by vita_clk_1). Large setup violations at the end of those stages might be difficult to fix during the post-placement implementation flow and could be the result of non-optimal XDC constraints or non-optimal design architecture
Related violations: <none>

TIMING-16#771 Warning
Large setup violation  
There is a large setup violation of -5.876 ns between design_1_i/onsemi_vita_cam_0/U0/onsemi_vita_cam_v3_1_S00_AXI_inst/slv_reg8_reg[0]/C (clocked by clk_fpga_0) and design_1_i/onsemi_vita_cam_0/U0/onsemi_vita_cam_v3_1_S00_AXI_inst/onsemi_vita_cam_core_inst/vita_crc_checker/PAR_DATA_OUT_reg[22]/CE (clocked by vita_clk_1). Large setup violations at the end of those stages might be difficult to fix during the post-placement implementation flow and could be the result of non-optimal XDC constraints or non-optimal design architecture
Related violations: <none>

TIMING-16#772 Warning
Large setup violation  
There is a large setup violation of -5.876 ns between design_1_i/onsemi_vita_cam_0/U0/onsemi_vita_cam_v3_1_S00_AXI_inst/slv_reg8_reg[0]/C (clocked by clk_fpga_0) and design_1_i/onsemi_vita_cam_0/U0/onsemi_vita_cam_v3_1_S00_AXI_inst/onsemi_vita_cam_core_inst/vita_crc_checker/PAR_DATA_int_reg[1]/CE (clocked by vita_clk_1). Large setup violations at the end of those stages might be difficult to fix during the post-placement implementation flow and could be the result of non-optimal XDC constraints or non-optimal design architecture
Related violations: <none>

TIMING-16#773 Warning
Large setup violation  
There is a large setup violation of -5.876 ns between design_1_i/onsemi_vita_cam_0/U0/onsemi_vita_cam_v3_1_S00_AXI_inst/slv_reg8_reg[0]/C (clocked by clk_fpga_0) and design_1_i/onsemi_vita_cam_0/U0/onsemi_vita_cam_v3_1_S00_AXI_inst/onsemi_vita_cam_core_inst/vita_remapper/DATA_BUS_reg[22]/CE (clocked by vita_clk_1). Large setup violations at the end of those stages might be difficult to fix during the post-placement implementation flow and could be the result of non-optimal XDC constraints or non-optimal design architecture
Related violations: <none>

TIMING-16#774 Warning
Large setup violation  
There is a large setup violation of -5.880 ns between design_1_i/onsemi_vita_cam_0/U0/onsemi_vita_cam_v3_1_S00_AXI_inst/slv_reg8_reg[0]/C (clocked by clk_fpga_0) and design_1_i/onsemi_vita_cam_0/U0/onsemi_vita_cam_v3_1_S00_AXI_inst/onsemi_vita_cam_core_inst/vita_crc_checker/PAR_DATA_int_reg[38]/CE (clocked by vita_clk_1). Large setup violations at the end of those stages might be difficult to fix during the post-placement implementation flow and could be the result of non-optimal XDC constraints or non-optimal design architecture
Related violations: <none>

TIMING-16#775 Warning
Large setup violation  
There is a large setup violation of -5.880 ns between design_1_i/onsemi_vita_cam_0/U0/onsemi_vita_cam_v3_1_S00_AXI_inst/slv_reg8_reg[0]/C (clocked by clk_fpga_0) and design_1_i/onsemi_vita_cam_0/U0/onsemi_vita_cam_v3_1_S00_AXI_inst/onsemi_vita_cam_core_inst/vita_crc_checker/PAR_DATA_int_reg[3]/CE (clocked by vita_clk_1). Large setup violations at the end of those stages might be difficult to fix during the post-placement implementation flow and could be the result of non-optimal XDC constraints or non-optimal design architecture
Related violations: <none>

TIMING-16#776 Warning
Large setup violation  
There is a large setup violation of -5.880 ns between design_1_i/onsemi_vita_cam_0/U0/onsemi_vita_cam_v3_1_S00_AXI_inst/slv_reg8_reg[0]/C (clocked by clk_fpga_0) and design_1_i/onsemi_vita_cam_0/U0/onsemi_vita_cam_v3_1_S00_AXI_inst/onsemi_vita_cam_core_inst/vita_crc_checker/PAR_DATA_int_reg[5]/CE (clocked by vita_clk_1). Large setup violations at the end of those stages might be difficult to fix during the post-placement implementation flow and could be the result of non-optimal XDC constraints or non-optimal design architecture
Related violations: <none>

TIMING-16#777 Warning
Large setup violation  
There is a large setup violation of -5.880 ns between design_1_i/onsemi_vita_cam_0/U0/onsemi_vita_cam_v3_1_S00_AXI_inst/slv_reg8_reg[0]/C (clocked by clk_fpga_0) and design_1_i/onsemi_vita_cam_0/U0/onsemi_vita_cam_v3_1_S00_AXI_inst/onsemi_vita_cam_core_inst/vita_crc_checker/PAR_DATA_int_reg[7]/CE (clocked by vita_clk_1). Large setup violations at the end of those stages might be difficult to fix during the post-placement implementation flow and could be the result of non-optimal XDC constraints or non-optimal design architecture
Related violations: <none>

TIMING-16#778 Warning
Large setup violation  
There is a large setup violation of -5.880 ns between design_1_i/onsemi_vita_cam_0/U0/onsemi_vita_cam_v3_1_S00_AXI_inst/slv_reg8_reg[0]/C (clocked by clk_fpga_0) and design_1_i/onsemi_vita_cam_0/U0/onsemi_vita_cam_v3_1_S00_AXI_inst/onsemi_vita_cam_core_inst/vita_remapper/DATA_r_reg[48]/CE (clocked by vita_clk_1). Large setup violations at the end of those stages might be difficult to fix during the post-placement implementation flow and could be the result of non-optimal XDC constraints or non-optimal design architecture
Related violations: <none>

TIMING-16#779 Warning
Large setup violation  
There is a large setup violation of -5.880 ns between design_1_i/onsemi_vita_cam_0/U0/onsemi_vita_cam_v3_1_S00_AXI_inst/slv_reg8_reg[0]/C (clocked by clk_fpga_0) and design_1_i/onsemi_vita_cam_0/U0/onsemi_vita_cam_v3_1_S00_AXI_inst/onsemi_vita_cam_core_inst/vita_remapper/DATA_r_reg[49]/CE (clocked by vita_clk_1). Large setup violations at the end of those stages might be difficult to fix during the post-placement implementation flow and could be the result of non-optimal XDC constraints or non-optimal design architecture
Related violations: <none>

TIMING-16#780 Warning
Large setup violation  
There is a large setup violation of -5.880 ns between design_1_i/onsemi_vita_cam_0/U0/onsemi_vita_cam_v3_1_S00_AXI_inst/slv_reg8_reg[0]/C (clocked by clk_fpga_0) and design_1_i/onsemi_vita_cam_0/U0/onsemi_vita_cam_v3_1_S00_AXI_inst/onsemi_vita_cam_core_inst/vita_remapper/DATA_r_reg[52]/CE (clocked by vita_clk_1). Large setup violations at the end of those stages might be difficult to fix during the post-placement implementation flow and could be the result of non-optimal XDC constraints or non-optimal design architecture
Related violations: <none>

TIMING-16#781 Warning
Large setup violation  
There is a large setup violation of -5.880 ns between design_1_i/onsemi_vita_cam_0/U0/onsemi_vita_cam_v3_1_S00_AXI_inst/slv_reg8_reg[0]/C (clocked by clk_fpga_0) and design_1_i/onsemi_vita_cam_0/U0/onsemi_vita_cam_v3_1_S00_AXI_inst/onsemi_vita_cam_core_inst/vita_remapper/DATA_r_reg[79]/CE (clocked by vita_clk_1). Large setup violations at the end of those stages might be difficult to fix during the post-placement implementation flow and could be the result of non-optimal XDC constraints or non-optimal design architecture
Related violations: <none>

TIMING-16#782 Warning
Large setup violation  
There is a large setup violation of -5.882 ns between design_1_i/onsemi_vita_cam_0/U0/onsemi_vita_cam_v3_1_S00_AXI_inst/slv_reg30_reg[4]/C (clocked by clk_fpga_0) and design_1_i/onsemi_vita_cam_0/U0/onsemi_vita_cam_v3_1_S00_AXI_inst/onsemi_vita_cam_core_inst/vita_remapper/DATA_reg[27]/CE (clocked by vita_clk_1). Large setup violations at the end of those stages might be difficult to fix during the post-placement implementation flow and could be the result of non-optimal XDC constraints or non-optimal design architecture
Related violations: <none>

TIMING-16#783 Warning
Large setup violation  
There is a large setup violation of -5.882 ns between design_1_i/onsemi_vita_cam_0/U0/onsemi_vita_cam_v3_1_S00_AXI_inst/slv_reg30_reg[4]/C (clocked by clk_fpga_0) and design_1_i/onsemi_vita_cam_0/U0/onsemi_vita_cam_v3_1_S00_AXI_inst/onsemi_vita_cam_core_inst/vita_remapper/DATA_reg[28]/CE (clocked by vita_clk_1). Large setup violations at the end of those stages might be difficult to fix during the post-placement implementation flow and could be the result of non-optimal XDC constraints or non-optimal design architecture
Related violations: <none>

TIMING-16#784 Warning
Large setup violation  
There is a large setup violation of -5.882 ns between design_1_i/onsemi_vita_cam_0/U0/onsemi_vita_cam_v3_1_S00_AXI_inst/slv_reg30_reg[4]/C (clocked by clk_fpga_0) and design_1_i/onsemi_vita_cam_0/U0/onsemi_vita_cam_v3_1_S00_AXI_inst/onsemi_vita_cam_core_inst/vita_remapper/DATA_reg[46]/D (clocked by vita_clk_1). Large setup violations at the end of those stages might be difficult to fix during the post-placement implementation flow and could be the result of non-optimal XDC constraints or non-optimal design architecture
Related violations: <none>

TIMING-16#785 Warning
Large setup violation  
There is a large setup violation of -5.889 ns between design_1_i/onsemi_vita_cam_0/U0/onsemi_vita_cam_v3_1_S00_AXI_inst/slv_reg8_reg[0]/C (clocked by clk_fpga_0) and design_1_i/onsemi_vita_cam_0/U0/onsemi_vita_cam_v3_1_S00_AXI_inst/onsemi_vita_cam_core_inst/vita_crc_checker/PAR_DATA_int_reg[21]/CE (clocked by vita_clk_1). Large setup violations at the end of those stages might be difficult to fix during the post-placement implementation flow and could be the result of non-optimal XDC constraints or non-optimal design architecture
Related violations: <none>

TIMING-16#786 Warning
Large setup violation  
There is a large setup violation of -5.889 ns between design_1_i/onsemi_vita_cam_0/U0/onsemi_vita_cam_v3_1_S00_AXI_inst/slv_reg8_reg[0]/C (clocked by clk_fpga_0) and design_1_i/onsemi_vita_cam_0/U0/onsemi_vita_cam_v3_1_S00_AXI_inst/onsemi_vita_cam_core_inst/vita_crc_checker/PAR_DATA_int_reg[33]/CE (clocked by vita_clk_1). Large setup violations at the end of those stages might be difficult to fix during the post-placement implementation flow and could be the result of non-optimal XDC constraints or non-optimal design architecture
Related violations: <none>

TIMING-16#787 Warning
Large setup violation  
There is a large setup violation of -5.889 ns between design_1_i/onsemi_vita_cam_0/U0/onsemi_vita_cam_v3_1_S00_AXI_inst/slv_reg8_reg[0]/C (clocked by clk_fpga_0) and design_1_i/onsemi_vita_cam_0/U0/onsemi_vita_cam_v3_1_S00_AXI_inst/onsemi_vita_cam_core_inst/vita_crc_checker/PAR_DATA_int_reg[6]/CE (clocked by vita_clk_1). Large setup violations at the end of those stages might be difficult to fix during the post-placement implementation flow and could be the result of non-optimal XDC constraints or non-optimal design architecture
Related violations: <none>

TIMING-16#788 Warning
Large setup violation  
There is a large setup violation of -5.889 ns between design_1_i/onsemi_vita_cam_0/U0/onsemi_vita_cam_v3_1_S00_AXI_inst/slv_reg8_reg[0]/C (clocked by clk_fpga_0) and design_1_i/onsemi_vita_cam_0/U0/onsemi_vita_cam_v3_1_S00_AXI_inst/onsemi_vita_cam_core_inst/vita_remapper/DATA_r_reg[75]/CE (clocked by vita_clk_1). Large setup violations at the end of those stages might be difficult to fix during the post-placement implementation flow and could be the result of non-optimal XDC constraints or non-optimal design architecture
Related violations: <none>

TIMING-16#789 Warning
Large setup violation  
There is a large setup violation of -5.890 ns between design_1_i/onsemi_vita_cam_0/U0/onsemi_vita_cam_v3_1_S00_AXI_inst/slv_reg30_reg[6]/C (clocked by clk_fpga_0) and design_1_i/onsemi_vita_cam_0/U0/onsemi_vita_cam_v3_1_S00_AXI_inst/onsemi_vita_cam_core_inst/vita_remapper/DATA_reg[18]/D (clocked by vita_clk_1). Large setup violations at the end of those stages might be difficult to fix during the post-placement implementation flow and could be the result of non-optimal XDC constraints or non-optimal design architecture
Related violations: <none>

TIMING-16#790 Warning
Large setup violation  
There is a large setup violation of -5.894 ns between design_1_i/onsemi_vita_cam_0/U0/onsemi_vita_cam_v3_1_S00_AXI_inst/slv_reg30_reg[4]/C (clocked by clk_fpga_0) and design_1_i/onsemi_vita_cam_0/U0/onsemi_vita_cam_v3_1_S00_AXI_inst/onsemi_vita_cam_core_inst/vita_remapper/DATA_reg[49]/D (clocked by vita_clk_1). Large setup violations at the end of those stages might be difficult to fix during the post-placement implementation flow and could be the result of non-optimal XDC constraints or non-optimal design architecture
Related violations: <none>

TIMING-16#791 Warning
Large setup violation  
There is a large setup violation of -5.896 ns between design_1_i/onsemi_vita_cam_0/U0/onsemi_vita_cam_v3_1_S00_AXI_inst/slv_reg30_reg[5]/C (clocked by clk_fpga_0) and design_1_i/onsemi_vita_cam_0/U0/onsemi_vita_cam_v3_1_S00_AXI_inst/onsemi_vita_cam_core_inst/vita_remapper/DATA_reg[77]/D (clocked by vita_clk_1). Large setup violations at the end of those stages might be difficult to fix during the post-placement implementation flow and could be the result of non-optimal XDC constraints or non-optimal design architecture
Related violations: <none>

TIMING-16#792 Warning
Large setup violation  
There is a large setup violation of -5.899 ns between design_1_i/onsemi_vita_cam_0/U0/onsemi_vita_cam_v3_1_S00_AXI_inst/slv_reg30_reg[4]/C (clocked by clk_fpga_0) and design_1_i/onsemi_vita_cam_0/U0/onsemi_vita_cam_v3_1_S00_AXI_inst/onsemi_vita_cam_core_inst/vita_remapper/DATA_reg[29]/CE (clocked by vita_clk_1). Large setup violations at the end of those stages might be difficult to fix during the post-placement implementation flow and could be the result of non-optimal XDC constraints or non-optimal design architecture
Related violations: <none>

TIMING-16#793 Warning
Large setup violation  
There is a large setup violation of -5.899 ns between design_1_i/onsemi_vita_cam_0/U0/onsemi_vita_cam_v3_1_S00_AXI_inst/slv_reg30_reg[4]/C (clocked by clk_fpga_0) and design_1_i/onsemi_vita_cam_0/U0/onsemi_vita_cam_v3_1_S00_AXI_inst/onsemi_vita_cam_core_inst/vita_remapper/DATA_reg[3]/CE (clocked by vita_clk_1). Large setup violations at the end of those stages might be difficult to fix during the post-placement implementation flow and could be the result of non-optimal XDC constraints or non-optimal design architecture
Related violations: <none>

TIMING-16#794 Warning
Large setup violation  
There is a large setup violation of -5.899 ns between design_1_i/onsemi_vita_cam_0/U0/onsemi_vita_cam_v3_1_S00_AXI_inst/slv_reg30_reg[4]/C (clocked by clk_fpga_0) and design_1_i/onsemi_vita_cam_0/U0/onsemi_vita_cam_v3_1_S00_AXI_inst/onsemi_vita_cam_core_inst/vita_remapper/DATA_reg[4]/CE (clocked by vita_clk_1). Large setup violations at the end of those stages might be difficult to fix during the post-placement implementation flow and could be the result of non-optimal XDC constraints or non-optimal design architecture
Related violations: <none>

TIMING-16#795 Warning
Large setup violation  
There is a large setup violation of -5.899 ns between design_1_i/onsemi_vita_cam_0/U0/onsemi_vita_cam_v3_1_S00_AXI_inst/slv_reg30_reg[4]/C (clocked by clk_fpga_0) and design_1_i/onsemi_vita_cam_0/U0/onsemi_vita_cam_v3_1_S00_AXI_inst/onsemi_vita_cam_core_inst/vita_remapper/DATA_reg[5]/CE (clocked by vita_clk_1). Large setup violations at the end of those stages might be difficult to fix during the post-placement implementation flow and could be the result of non-optimal XDC constraints or non-optimal design architecture
Related violations: <none>

TIMING-16#796 Warning
Large setup violation  
There is a large setup violation of -5.906 ns between design_1_i/onsemi_vita_cam_0/U0/onsemi_vita_cam_v3_1_S00_AXI_inst/slv_reg30_reg[6]/C (clocked by clk_fpga_0) and design_1_i/onsemi_vita_cam_0/U0/onsemi_vita_cam_v3_1_S00_AXI_inst/onsemi_vita_cam_core_inst/vita_remapper/DATA_reg[12]/D (clocked by vita_clk_1). Large setup violations at the end of those stages might be difficult to fix during the post-placement implementation flow and could be the result of non-optimal XDC constraints or non-optimal design architecture
Related violations: <none>

TIMING-16#797 Warning
Large setup violation  
There is a large setup violation of -5.923 ns between design_1_i/onsemi_vita_cam_0/U0/onsemi_vita_cam_v3_1_S00_AXI_inst/slv_reg8_reg[0]/C (clocked by clk_fpga_0) and design_1_i/onsemi_vita_cam_0/U0/onsemi_vita_cam_v3_1_S00_AXI_inst/onsemi_vita_cam_core_inst/vita_remapper/DATA_r_reg[78]/CE (clocked by vita_clk_1). Large setup violations at the end of those stages might be difficult to fix during the post-placement implementation flow and could be the result of non-optimal XDC constraints or non-optimal design architecture
Related violations: <none>

TIMING-16#798 Warning
Large setup violation  
There is a large setup violation of -5.927 ns between design_1_i/onsemi_vita_cam_0/U0/onsemi_vita_cam_v3_1_S00_AXI_inst/slv_reg5_reg[4]/C (clocked by clk_fpga_0) and design_1_i/onsemi_vita_cam_0/U0/onsemi_vita_cam_v3_1_S00_AXI_inst/onsemi_vita_cam_core_inst/vita_iserdes_v5.vita_iserdes/generate_datagen.datagen[1].db/cb/alignstate_reg[2]/D (clocked by vita_clk_1). Large setup violations at the end of those stages might be difficult to fix during the post-placement implementation flow and could be the result of non-optimal XDC constraints or non-optimal design architecture
Related violations: <none>

TIMING-16#799 Warning
Large setup violation  
There is a large setup violation of -5.929 ns between design_1_i/onsemi_vita_cam_0/U0/onsemi_vita_cam_v3_1_S00_AXI_inst/slv_reg30_reg[5]/C (clocked by clk_fpga_0) and design_1_i/onsemi_vita_cam_0/U0/onsemi_vita_cam_v3_1_S00_AXI_inst/onsemi_vita_cam_core_inst/vita_remapper/DATA_reg[69]/D (clocked by vita_clk_1). Large setup violations at the end of those stages might be difficult to fix during the post-placement implementation flow and could be the result of non-optimal XDC constraints or non-optimal design architecture
Related violations: <none>

TIMING-16#800 Warning
Large setup violation  
There is a large setup violation of -5.929 ns between design_1_i/onsemi_vita_cam_0/U0/onsemi_vita_cam_v3_1_S00_AXI_inst/slv_reg30_reg[6]/C (clocked by clk_fpga_0) and design_1_i/onsemi_vita_cam_0/U0/onsemi_vita_cam_v3_1_S00_AXI_inst/onsemi_vita_cam_core_inst/vita_remapper/DATA_reg[19]/D (clocked by vita_clk_1). Large setup violations at the end of those stages might be difficult to fix during the post-placement implementation flow and could be the result of non-optimal XDC constraints or non-optimal design architecture
Related violations: <none>

TIMING-16#801 Warning
Large setup violation  
There is a large setup violation of -5.935 ns between design_1_i/onsemi_vita_cam_0/U0/onsemi_vita_cam_v3_1_S00_AXI_inst/slv_reg30_reg[5]/C (clocked by clk_fpga_0) and design_1_i/onsemi_vita_cam_0/U0/onsemi_vita_cam_v3_1_S00_AXI_inst/onsemi_vita_cam_core_inst/vita_remapper/DATA_reg[62]/D (clocked by vita_clk_1). Large setup violations at the end of those stages might be difficult to fix during the post-placement implementation flow and could be the result of non-optimal XDC constraints or non-optimal design architecture
Related violations: <none>

TIMING-16#802 Warning
Large setup violation  
There is a large setup violation of -5.938 ns between design_1_i/onsemi_vita_cam_0/U0/onsemi_vita_cam_v3_1_S00_AXI_inst/slv_reg30_reg[4]/C (clocked by clk_fpga_0) and design_1_i/onsemi_vita_cam_0/U0/onsemi_vita_cam_v3_1_S00_AXI_inst/onsemi_vita_cam_core_inst/vita_remapper/DATA_reg[53]/CE (clocked by vita_clk_1). Large setup violations at the end of those stages might be difficult to fix during the post-placement implementation flow and could be the result of non-optimal XDC constraints or non-optimal design architecture
Related violations: <none>

TIMING-16#803 Warning
Large setup violation  
There is a large setup violation of -5.938 ns between design_1_i/onsemi_vita_cam_0/U0/onsemi_vita_cam_v3_1_S00_AXI_inst/slv_reg30_reg[4]/C (clocked by clk_fpga_0) and design_1_i/onsemi_vita_cam_0/U0/onsemi_vita_cam_v3_1_S00_AXI_inst/onsemi_vita_cam_core_inst/vita_remapper/DATA_reg[54]/CE (clocked by vita_clk_1). Large setup violations at the end of those stages might be difficult to fix during the post-placement implementation flow and could be the result of non-optimal XDC constraints or non-optimal design architecture
Related violations: <none>

TIMING-16#804 Warning
Large setup violation  
There is a large setup violation of -5.938 ns between design_1_i/onsemi_vita_cam_0/U0/onsemi_vita_cam_v3_1_S00_AXI_inst/slv_reg30_reg[4]/C (clocked by clk_fpga_0) and design_1_i/onsemi_vita_cam_0/U0/onsemi_vita_cam_v3_1_S00_AXI_inst/onsemi_vita_cam_core_inst/vita_remapper/DATA_reg[56]/CE (clocked by vita_clk_1). Large setup violations at the end of those stages might be difficult to fix during the post-placement implementation flow and could be the result of non-optimal XDC constraints or non-optimal design architecture
Related violations: <none>

TIMING-16#805 Warning
Large setup violation  
There is a large setup violation of -5.938 ns between design_1_i/onsemi_vita_cam_0/U0/onsemi_vita_cam_v3_1_S00_AXI_inst/slv_reg30_reg[4]/C (clocked by clk_fpga_0) and design_1_i/onsemi_vita_cam_0/U0/onsemi_vita_cam_v3_1_S00_AXI_inst/onsemi_vita_cam_core_inst/vita_remapper/DATA_reg[58]/CE (clocked by vita_clk_1). Large setup violations at the end of those stages might be difficult to fix during the post-placement implementation flow and could be the result of non-optimal XDC constraints or non-optimal design architecture
Related violations: <none>

TIMING-16#806 Warning
Large setup violation  
There is a large setup violation of -5.943 ns between design_1_i/onsemi_vita_cam_0/U0/onsemi_vita_cam_v3_1_S00_AXI_inst/slv_reg30_reg[5]/C (clocked by clk_fpga_0) and design_1_i/onsemi_vita_cam_0/U0/onsemi_vita_cam_v3_1_S00_AXI_inst/onsemi_vita_cam_core_inst/vita_remapper/DATA_reg[8]/D (clocked by vita_clk_1). Large setup violations at the end of those stages might be difficult to fix during the post-placement implementation flow and could be the result of non-optimal XDC constraints or non-optimal design architecture
Related violations: <none>

TIMING-16#807 Warning
Large setup violation  
There is a large setup violation of -5.946 ns between design_1_i/onsemi_vita_cam_0/U0/onsemi_vita_cam_v3_1_S00_AXI_inst/slv_reg30_reg[4]/C (clocked by clk_fpga_0) and design_1_i/onsemi_vita_cam_0/U0/onsemi_vita_cam_v3_1_S00_AXI_inst/onsemi_vita_cam_core_inst/vita_remapper/DATA_reg[26]/CE (clocked by vita_clk_1). Large setup violations at the end of those stages might be difficult to fix during the post-placement implementation flow and could be the result of non-optimal XDC constraints or non-optimal design architecture
Related violations: <none>

TIMING-16#808 Warning
Large setup violation  
There is a large setup violation of -5.946 ns between design_1_i/onsemi_vita_cam_0/U0/onsemi_vita_cam_v3_1_S00_AXI_inst/slv_reg30_reg[4]/C (clocked by clk_fpga_0) and design_1_i/onsemi_vita_cam_0/U0/onsemi_vita_cam_v3_1_S00_AXI_inst/onsemi_vita_cam_core_inst/vita_remapper/DATA_reg[2]/CE (clocked by vita_clk_1). Large setup violations at the end of those stages might be difficult to fix during the post-placement implementation flow and could be the result of non-optimal XDC constraints or non-optimal design architecture
Related violations: <none>

TIMING-16#809 Warning
Large setup violation  
There is a large setup violation of -5.946 ns between design_1_i/onsemi_vita_cam_0/U0/onsemi_vita_cam_v3_1_S00_AXI_inst/slv_reg30_reg[4]/C (clocked by clk_fpga_0) and design_1_i/onsemi_vita_cam_0/U0/onsemi_vita_cam_v3_1_S00_AXI_inst/onsemi_vita_cam_core_inst/vita_remapper/DATA_reg[6]/CE (clocked by vita_clk_1). Large setup violations at the end of those stages might be difficult to fix during the post-placement implementation flow and could be the result of non-optimal XDC constraints or non-optimal design architecture
Related violations: <none>

TIMING-16#810 Warning
Large setup violation  
There is a large setup violation of -5.946 ns between design_1_i/onsemi_vita_cam_0/U0/onsemi_vita_cam_v3_1_S00_AXI_inst/slv_reg30_reg[4]/C (clocked by clk_fpga_0) and design_1_i/onsemi_vita_cam_0/U0/onsemi_vita_cam_v3_1_S00_AXI_inst/onsemi_vita_cam_core_inst/vita_remapper/DATA_reg[7]/CE (clocked by vita_clk_1). Large setup violations at the end of those stages might be difficult to fix during the post-placement implementation flow and could be the result of non-optimal XDC constraints or non-optimal design architecture
Related violations: <none>

TIMING-16#811 Warning
Large setup violation  
There is a large setup violation of -5.951 ns between design_1_i/onsemi_vita_cam_0/U0/onsemi_vita_cam_v3_1_S00_AXI_inst/slv_reg5_reg[5]/C (clocked by clk_fpga_0) and design_1_i/onsemi_vita_cam_0/U0/onsemi_vita_cam_v3_1_S00_AXI_inst/onsemi_vita_cam_core_inst/vita_iserdes_v5.vita_iserdes/generate_datagen.datagen[0].db/cb/alignstate_reg[1]/D (clocked by vita_clk_1). Large setup violations at the end of those stages might be difficult to fix during the post-placement implementation flow and could be the result of non-optimal XDC constraints or non-optimal design architecture
Related violations: <none>

TIMING-16#812 Warning
Large setup violation  
There is a large setup violation of -5.958 ns between design_1_i/onsemi_vita_cam_0/U0/onsemi_vita_cam_v3_1_S00_AXI_inst/slv_reg5_reg[5]/C (clocked by clk_fpga_0) and design_1_i/onsemi_vita_cam_0/U0/onsemi_vita_cam_v3_1_S00_AXI_inst/onsemi_vita_cam_core_inst/vita_iserdes_v5.vita_iserdes/generate_datagen.datagen[0].db/cb/alignstate_reg[2]/D (clocked by vita_clk_1). Large setup violations at the end of those stages might be difficult to fix during the post-placement implementation flow and could be the result of non-optimal XDC constraints or non-optimal design architecture
Related violations: <none>

TIMING-16#813 Warning
Large setup violation  
There is a large setup violation of -5.961 ns between design_1_i/onsemi_vita_cam_0/U0/onsemi_vita_cam_v3_1_S00_AXI_inst/slv_reg30_reg[4]/C (clocked by clk_fpga_0) and design_1_i/onsemi_vita_cam_0/U0/onsemi_vita_cam_v3_1_S00_AXI_inst/onsemi_vita_cam_core_inst/vita_remapper/DATA_reg[59]/D (clocked by vita_clk_1). Large setup violations at the end of those stages might be difficult to fix during the post-placement implementation flow and could be the result of non-optimal XDC constraints or non-optimal design architecture
Related violations: <none>

TIMING-16#814 Warning
Large setup violation  
There is a large setup violation of -5.963 ns between design_1_i/onsemi_vita_cam_0/U0/onsemi_vita_cam_v3_1_S00_AXI_inst/slv_reg30_reg[4]/C (clocked by clk_fpga_0) and design_1_i/onsemi_vita_cam_0/U0/onsemi_vita_cam_v3_1_S00_AXI_inst/onsemi_vita_cam_core_inst/vita_remapper/DATA_reg[52]/D (clocked by vita_clk_1). Large setup violations at the end of those stages might be difficult to fix during the post-placement implementation flow and could be the result of non-optimal XDC constraints or non-optimal design architecture
Related violations: <none>

TIMING-16#815 Warning
Large setup violation  
There is a large setup violation of -5.965 ns between design_1_i/onsemi_vita_cam_0/U0/onsemi_vita_cam_v3_1_S00_AXI_inst/slv_reg30_reg[4]/C (clocked by clk_fpga_0) and design_1_i/onsemi_vita_cam_0/U0/onsemi_vita_cam_v3_1_S00_AXI_inst/onsemi_vita_cam_core_inst/vita_remapper/DATA_reg[25]/D (clocked by vita_clk_1). Large setup violations at the end of those stages might be difficult to fix during the post-placement implementation flow and could be the result of non-optimal XDC constraints or non-optimal design architecture
Related violations: <none>

TIMING-16#816 Warning
Large setup violation  
There is a large setup violation of -5.966 ns between design_1_i/onsemi_vita_cam_0/U0/onsemi_vita_cam_v3_1_S00_AXI_inst/slv_reg30_reg[4]/C (clocked by clk_fpga_0) and design_1_i/onsemi_vita_cam_0/U0/onsemi_vita_cam_v3_1_S00_AXI_inst/onsemi_vita_cam_core_inst/vita_remapper/DATA_reg[45]/CE (clocked by vita_clk_1). Large setup violations at the end of those stages might be difficult to fix during the post-placement implementation flow and could be the result of non-optimal XDC constraints or non-optimal design architecture
Related violations: <none>

TIMING-16#817 Warning
Large setup violation  
There is a large setup violation of -5.966 ns between design_1_i/onsemi_vita_cam_0/U0/onsemi_vita_cam_v3_1_S00_AXI_inst/slv_reg30_reg[4]/C (clocked by clk_fpga_0) and design_1_i/onsemi_vita_cam_0/U0/onsemi_vita_cam_v3_1_S00_AXI_inst/onsemi_vita_cam_core_inst/vita_remapper/DATA_reg[47]/CE (clocked by vita_clk_1). Large setup violations at the end of those stages might be difficult to fix during the post-placement implementation flow and could be the result of non-optimal XDC constraints or non-optimal design architecture
Related violations: <none>

TIMING-16#818 Warning
Large setup violation  
There is a large setup violation of -5.966 ns between design_1_i/onsemi_vita_cam_0/U0/onsemi_vita_cam_v3_1_S00_AXI_inst/slv_reg30_reg[4]/C (clocked by clk_fpga_0) and design_1_i/onsemi_vita_cam_0/U0/onsemi_vita_cam_v3_1_S00_AXI_inst/onsemi_vita_cam_core_inst/vita_remapper/DATA_reg[65]/CE (clocked by vita_clk_1). Large setup violations at the end of those stages might be difficult to fix during the post-placement implementation flow and could be the result of non-optimal XDC constraints or non-optimal design architecture
Related violations: <none>

TIMING-16#819 Warning
Large setup violation  
There is a large setup violation of -5.966 ns between design_1_i/onsemi_vita_cam_0/U0/onsemi_vita_cam_v3_1_S00_AXI_inst/slv_reg30_reg[4]/C (clocked by clk_fpga_0) and design_1_i/onsemi_vita_cam_0/U0/onsemi_vita_cam_v3_1_S00_AXI_inst/onsemi_vita_cam_core_inst/vita_remapper/DATA_reg[68]/CE (clocked by vita_clk_1). Large setup violations at the end of those stages might be difficult to fix during the post-placement implementation flow and could be the result of non-optimal XDC constraints or non-optimal design architecture
Related violations: <none>

TIMING-16#820 Warning
Large setup violation  
There is a large setup violation of -5.968 ns between design_1_i/onsemi_vita_cam_0/U0/onsemi_vita_cam_v3_1_S00_AXI_inst/slv_reg30_reg[4]/C (clocked by clk_fpga_0) and design_1_i/onsemi_vita_cam_0/U0/onsemi_vita_cam_v3_1_S00_AXI_inst/onsemi_vita_cam_core_inst/vita_remapper/DATA_reg[23]/D (clocked by vita_clk_1). Large setup violations at the end of those stages might be difficult to fix during the post-placement implementation flow and could be the result of non-optimal XDC constraints or non-optimal design architecture
Related violations: <none>

TIMING-16#821 Warning
Large setup violation  
There is a large setup violation of -5.972 ns between design_1_i/onsemi_vita_cam_0/U0/onsemi_vita_cam_v3_1_S00_AXI_inst/slv_reg30_reg[4]/C (clocked by clk_fpga_0) and design_1_i/onsemi_vita_cam_0/U0/onsemi_vita_cam_v3_1_S00_AXI_inst/onsemi_vita_cam_core_inst/vita_remapper/DATA_reg[52]/CE (clocked by vita_clk_1). Large setup violations at the end of those stages might be difficult to fix during the post-placement implementation flow and could be the result of non-optimal XDC constraints or non-optimal design architecture
Related violations: <none>

TIMING-16#822 Warning
Large setup violation  
There is a large setup violation of -5.972 ns between design_1_i/onsemi_vita_cam_0/U0/onsemi_vita_cam_v3_1_S00_AXI_inst/slv_reg30_reg[4]/C (clocked by clk_fpga_0) and design_1_i/onsemi_vita_cam_0/U0/onsemi_vita_cam_v3_1_S00_AXI_inst/onsemi_vita_cam_core_inst/vita_remapper/DATA_reg[55]/D (clocked by vita_clk_1). Large setup violations at the end of those stages might be difficult to fix during the post-placement implementation flow and could be the result of non-optimal XDC constraints or non-optimal design architecture
Related violations: <none>

TIMING-16#823 Warning
Large setup violation  
There is a large setup violation of -5.972 ns between design_1_i/onsemi_vita_cam_0/U0/onsemi_vita_cam_v3_1_S00_AXI_inst/slv_reg30_reg[4]/C (clocked by clk_fpga_0) and design_1_i/onsemi_vita_cam_0/U0/onsemi_vita_cam_v3_1_S00_AXI_inst/onsemi_vita_cam_core_inst/vita_remapper/DATA_reg[59]/CE (clocked by vita_clk_1). Large setup violations at the end of those stages might be difficult to fix during the post-placement implementation flow and could be the result of non-optimal XDC constraints or non-optimal design architecture
Related violations: <none>

TIMING-16#824 Warning
Large setup violation  
There is a large setup violation of -5.977 ns between design_1_i/onsemi_vita_cam_0/U0/onsemi_vita_cam_v3_1_S00_AXI_inst/slv_reg30_reg[5]/C (clocked by clk_fpga_0) and design_1_i/onsemi_vita_cam_0/U0/onsemi_vita_cam_v3_1_S00_AXI_inst/onsemi_vita_cam_core_inst/vita_remapper/DATA_reg[18]/CE (clocked by vita_clk_1). Large setup violations at the end of those stages might be difficult to fix during the post-placement implementation flow and could be the result of non-optimal XDC constraints or non-optimal design architecture
Related violations: <none>

TIMING-16#825 Warning
Large setup violation  
There is a large setup violation of -5.981 ns between design_1_i/onsemi_vita_cam_0/U0/onsemi_vita_cam_v3_1_S00_AXI_inst/slv_reg30_reg[4]/C (clocked by clk_fpga_0) and design_1_i/onsemi_vita_cam_0/U0/onsemi_vita_cam_v3_1_S00_AXI_inst/onsemi_vita_cam_core_inst/vita_remapper/DATA_reg[54]/D (clocked by vita_clk_1). Large setup violations at the end of those stages might be difficult to fix during the post-placement implementation flow and could be the result of non-optimal XDC constraints or non-optimal design architecture
Related violations: <none>

TIMING-16#826 Warning
Large setup violation  
There is a large setup violation of -5.985 ns between design_1_i/onsemi_vita_cam_0/U0/onsemi_vita_cam_v3_1_S00_AXI_inst/slv_reg5_reg[4]/C (clocked by clk_fpga_0) and design_1_i/onsemi_vita_cam_0/U0/onsemi_vita_cam_v3_1_S00_AXI_inst/onsemi_vita_cam_core_inst/vita_iserdes_v5.vita_iserdes/generate_datagen.datagen[4].db/cb/alignstate_reg[2]/D (clocked by vita_clk_1). Large setup violations at the end of those stages might be difficult to fix during the post-placement implementation flow and could be the result of non-optimal XDC constraints or non-optimal design architecture
Related violations: <none>

TIMING-16#827 Warning
Large setup violation  
There is a large setup violation of -5.990 ns between design_1_i/onsemi_vita_cam_0/U0/onsemi_vita_cam_v3_1_S00_AXI_inst/slv_reg5_reg[4]/C (clocked by clk_fpga_0) and design_1_i/onsemi_vita_cam_0/U0/onsemi_vita_cam_v3_1_S00_AXI_inst/onsemi_vita_cam_core_inst/vita_iserdes_v5.vita_iserdes/generate_datagen.datagen[4].db/cb/alignstate_reg[1]/D (clocked by vita_clk_1). Large setup violations at the end of those stages might be difficult to fix during the post-placement implementation flow and could be the result of non-optimal XDC constraints or non-optimal design architecture
Related violations: <none>

TIMING-16#828 Warning
Large setup violation  
There is a large setup violation of -5.992 ns between design_1_i/onsemi_vita_cam_0/U0/onsemi_vita_cam_v3_1_S00_AXI_inst/slv_reg30_reg[4]/C (clocked by clk_fpga_0) and design_1_i/onsemi_vita_cam_0/U0/onsemi_vita_cam_v3_1_S00_AXI_inst/onsemi_vita_cam_core_inst/vita_remapper/DATA_reg[55]/CE (clocked by vita_clk_1). Large setup violations at the end of those stages might be difficult to fix during the post-placement implementation flow and could be the result of non-optimal XDC constraints or non-optimal design architecture
Related violations: <none>

TIMING-16#829 Warning
Large setup violation  
There is a large setup violation of -5.992 ns between design_1_i/onsemi_vita_cam_0/U0/onsemi_vita_cam_v3_1_S00_AXI_inst/slv_reg30_reg[4]/C (clocked by clk_fpga_0) and design_1_i/onsemi_vita_cam_0/U0/onsemi_vita_cam_v3_1_S00_AXI_inst/onsemi_vita_cam_core_inst/vita_remapper/DATA_reg[57]/CE (clocked by vita_clk_1). Large setup violations at the end of those stages might be difficult to fix during the post-placement implementation flow and could be the result of non-optimal XDC constraints or non-optimal design architecture
Related violations: <none>

TIMING-16#830 Warning
Large setup violation  
There is a large setup violation of -5.992 ns between design_1_i/onsemi_vita_cam_0/U0/onsemi_vita_cam_v3_1_S00_AXI_inst/slv_reg30_reg[4]/C (clocked by clk_fpga_0) and design_1_i/onsemi_vita_cam_0/U0/onsemi_vita_cam_v3_1_S00_AXI_inst/onsemi_vita_cam_core_inst/vita_remapper/DATA_reg[77]/CE (clocked by vita_clk_1). Large setup violations at the end of those stages might be difficult to fix during the post-placement implementation flow and could be the result of non-optimal XDC constraints or non-optimal design architecture
Related violations: <none>

TIMING-16#831 Warning
Large setup violation  
There is a large setup violation of -5.992 ns between design_1_i/onsemi_vita_cam_0/U0/onsemi_vita_cam_v3_1_S00_AXI_inst/slv_reg30_reg[5]/C (clocked by clk_fpga_0) and design_1_i/onsemi_vita_cam_0/U0/onsemi_vita_cam_v3_1_S00_AXI_inst/onsemi_vita_cam_core_inst/vita_remapper/DATA_reg[67]/D (clocked by vita_clk_1). Large setup violations at the end of those stages might be difficult to fix during the post-placement implementation flow and could be the result of non-optimal XDC constraints or non-optimal design architecture
Related violations: <none>

TIMING-16#832 Warning
Large setup violation  
There is a large setup violation of -6.016 ns between design_1_i/onsemi_vita_cam_0/U0/onsemi_vita_cam_v3_1_S00_AXI_inst/slv_reg30_reg[4]/C (clocked by clk_fpga_0) and design_1_i/onsemi_vita_cam_0/U0/onsemi_vita_cam_v3_1_S00_AXI_inst/onsemi_vita_cam_core_inst/vita_remapper/DATA_reg[76]/CE (clocked by vita_clk_1). Large setup violations at the end of those stages might be difficult to fix during the post-placement implementation flow and could be the result of non-optimal XDC constraints or non-optimal design architecture
Related violations: <none>

TIMING-16#833 Warning
Large setup violation  
There is a large setup violation of -6.016 ns between design_1_i/onsemi_vita_cam_0/U0/onsemi_vita_cam_v3_1_S00_AXI_inst/slv_reg30_reg[4]/C (clocked by clk_fpga_0) and design_1_i/onsemi_vita_cam_0/U0/onsemi_vita_cam_v3_1_S00_AXI_inst/onsemi_vita_cam_core_inst/vita_remapper/DATA_reg[78]/CE (clocked by vita_clk_1). Large setup violations at the end of those stages might be difficult to fix during the post-placement implementation flow and could be the result of non-optimal XDC constraints or non-optimal design architecture
Related violations: <none>

TIMING-16#834 Warning
Large setup violation  
There is a large setup violation of -6.025 ns between design_1_i/onsemi_vita_cam_0/U0/onsemi_vita_cam_v3_1_S00_AXI_inst/slv_reg30_reg[5]/C (clocked by clk_fpga_0) and design_1_i/onsemi_vita_cam_0/U0/onsemi_vita_cam_v3_1_S00_AXI_inst/onsemi_vita_cam_core_inst/vita_remapper/DATA_reg[19]/CE (clocked by vita_clk_1). Large setup violations at the end of those stages might be difficult to fix during the post-placement implementation flow and could be the result of non-optimal XDC constraints or non-optimal design architecture
Related violations: <none>

TIMING-16#835 Warning
Large setup violation  
There is a large setup violation of -6.028 ns between design_1_i/onsemi_vita_cam_0/U0/onsemi_vita_cam_v3_1_S00_AXI_inst/slv_reg8_reg[0]/C (clocked by clk_fpga_0) and design_1_i/onsemi_vita_cam_0/U0/onsemi_vita_cam_v3_1_S00_AXI_inst/onsemi_vita_cam_core_inst/vita_crc_checker/PAR_DATA_OUT_reg[17]/CE (clocked by vita_clk_1). Large setup violations at the end of those stages might be difficult to fix during the post-placement implementation flow and could be the result of non-optimal XDC constraints or non-optimal design architecture
Related violations: <none>

TIMING-16#836 Warning
Large setup violation  
There is a large setup violation of -6.028 ns between design_1_i/onsemi_vita_cam_0/U0/onsemi_vita_cam_v3_1_S00_AXI_inst/slv_reg8_reg[0]/C (clocked by clk_fpga_0) and design_1_i/onsemi_vita_cam_0/U0/onsemi_vita_cam_v3_1_S00_AXI_inst/onsemi_vita_cam_core_inst/vita_crc_checker/PAR_DATA_OUT_reg[6]/CE (clocked by vita_clk_1). Large setup violations at the end of those stages might be difficult to fix during the post-placement implementation flow and could be the result of non-optimal XDC constraints or non-optimal design architecture
Related violations: <none>

TIMING-16#837 Warning
Large setup violation  
There is a large setup violation of -6.028 ns between design_1_i/onsemi_vita_cam_0/U0/onsemi_vita_cam_v3_1_S00_AXI_inst/slv_reg8_reg[0]/C (clocked by clk_fpga_0) and design_1_i/onsemi_vita_cam_0/U0/onsemi_vita_cam_v3_1_S00_AXI_inst/onsemi_vita_cam_core_inst/vita_remapper/DATA_BUS_reg[17]/CE (clocked by vita_clk_1). Large setup violations at the end of those stages might be difficult to fix during the post-placement implementation flow and could be the result of non-optimal XDC constraints or non-optimal design architecture
Related violations: <none>

TIMING-16#838 Warning
Large setup violation  
There is a large setup violation of -6.028 ns between design_1_i/onsemi_vita_cam_0/U0/onsemi_vita_cam_v3_1_S00_AXI_inst/slv_reg8_reg[0]/C (clocked by clk_fpga_0) and design_1_i/onsemi_vita_cam_0/U0/onsemi_vita_cam_v3_1_S00_AXI_inst/onsemi_vita_cam_core_inst/vita_remapper/DATA_BUS_reg[18]/CE (clocked by vita_clk_1). Large setup violations at the end of those stages might be difficult to fix during the post-placement implementation flow and could be the result of non-optimal XDC constraints or non-optimal design architecture
Related violations: <none>

TIMING-16#839 Warning
Large setup violation  
There is a large setup violation of -6.028 ns between design_1_i/onsemi_vita_cam_0/U0/onsemi_vita_cam_v3_1_S00_AXI_inst/slv_reg8_reg[0]/C (clocked by clk_fpga_0) and design_1_i/onsemi_vita_cam_0/U0/onsemi_vita_cam_v3_1_S00_AXI_inst/onsemi_vita_cam_core_inst/vita_remapper/DATA_BUS_reg[6]/CE (clocked by vita_clk_1). Large setup violations at the end of those stages might be difficult to fix during the post-placement implementation flow and could be the result of non-optimal XDC constraints or non-optimal design architecture
Related violations: <none>

TIMING-16#840 Warning
Large setup violation  
There is a large setup violation of -6.028 ns between design_1_i/onsemi_vita_cam_0/U0/onsemi_vita_cam_v3_1_S00_AXI_inst/slv_reg8_reg[0]/C (clocked by clk_fpga_0) and design_1_i/onsemi_vita_cam_0/U0/onsemi_vita_cam_v3_1_S00_AXI_inst/onsemi_vita_cam_core_inst/vita_remapper/DATA_r_reg[59]/CE (clocked by vita_clk_1). Large setup violations at the end of those stages might be difficult to fix during the post-placement implementation flow and could be the result of non-optimal XDC constraints or non-optimal design architecture
Related violations: <none>

TIMING-16#841 Warning
Large setup violation  
There is a large setup violation of -6.028 ns between design_1_i/onsemi_vita_cam_0/U0/onsemi_vita_cam_v3_1_S00_AXI_inst/slv_reg8_reg[0]/C (clocked by clk_fpga_0) and design_1_i/onsemi_vita_cam_0/U0/onsemi_vita_cam_v3_1_S00_AXI_inst/onsemi_vita_cam_core_inst/vita_remapper/DATA_r_reg[76]/CE (clocked by vita_clk_1). Large setup violations at the end of those stages might be difficult to fix during the post-placement implementation flow and could be the result of non-optimal XDC constraints or non-optimal design architecture
Related violations: <none>

TIMING-16#842 Warning
Large setup violation  
There is a large setup violation of -6.031 ns between design_1_i/onsemi_vita_cam_0/U0/onsemi_vita_cam_v3_1_S00_AXI_inst/slv_reg30_reg[4]/C (clocked by clk_fpga_0) and design_1_i/onsemi_vita_cam_0/U0/onsemi_vita_cam_v3_1_S00_AXI_inst/onsemi_vita_cam_core_inst/vita_remapper/DATA_reg[53]/D (clocked by vita_clk_1). Large setup violations at the end of those stages might be difficult to fix during the post-placement implementation flow and could be the result of non-optimal XDC constraints or non-optimal design architecture
Related violations: <none>

TIMING-16#843 Warning
Large setup violation  
There is a large setup violation of -6.042 ns between design_1_i/onsemi_vita_cam_0/U0/onsemi_vita_cam_v3_1_S00_AXI_inst/slv_reg8_reg[0]/C (clocked by clk_fpga_0) and design_1_i/onsemi_vita_cam_0/U0/onsemi_vita_cam_v3_1_S00_AXI_inst/onsemi_vita_cam_core_inst/vita_crc_checker/PAR_DATA_int_reg[20]/CE (clocked by vita_clk_1). Large setup violations at the end of those stages might be difficult to fix during the post-placement implementation flow and could be the result of non-optimal XDC constraints or non-optimal design architecture
Related violations: <none>

TIMING-16#844 Warning
Large setup violation  
There is a large setup violation of -6.043 ns between design_1_i/onsemi_vita_cam_0/U0/onsemi_vita_cam_v3_1_S00_AXI_inst/slv_reg30_reg[4]/C (clocked by clk_fpga_0) and design_1_i/onsemi_vita_cam_0/U0/onsemi_vita_cam_v3_1_S00_AXI_inst/onsemi_vita_cam_core_inst/vita_remapper/DATA_reg[47]/D (clocked by vita_clk_1). Large setup violations at the end of those stages might be difficult to fix during the post-placement implementation flow and could be the result of non-optimal XDC constraints or non-optimal design architecture
Related violations: <none>

TIMING-16#845 Warning
Large setup violation  
There is a large setup violation of -6.057 ns between design_1_i/onsemi_vita_cam_0/U0/onsemi_vita_cam_v3_1_S00_AXI_inst/slv_reg30_reg[5]/C (clocked by clk_fpga_0) and design_1_i/onsemi_vita_cam_0/U0/onsemi_vita_cam_v3_1_S00_AXI_inst/onsemi_vita_cam_core_inst/vita_remapper/DATA_reg[43]/D (clocked by vita_clk_1). Large setup violations at the end of those stages might be difficult to fix during the post-placement implementation flow and could be the result of non-optimal XDC constraints or non-optimal design architecture
Related violations: <none>

TIMING-16#846 Warning
Large setup violation  
There is a large setup violation of -6.073 ns between design_1_i/onsemi_vita_cam_0/U0/onsemi_vita_cam_v3_1_S00_AXI_inst/slv_reg30_reg[4]/C (clocked by clk_fpga_0) and design_1_i/onsemi_vita_cam_0/U0/onsemi_vita_cam_v3_1_S00_AXI_inst/onsemi_vita_cam_core_inst/vita_remapper/DATA_reg[75]/D (clocked by vita_clk_1). Large setup violations at the end of those stages might be difficult to fix during the post-placement implementation flow and could be the result of non-optimal XDC constraints or non-optimal design architecture
Related violations: <none>

TIMING-16#847 Warning
Large setup violation  
There is a large setup violation of -6.074 ns between design_1_i/onsemi_vita_cam_0/U0/onsemi_vita_cam_v3_1_S00_AXI_inst/slv_reg5_reg[4]/C (clocked by clk_fpga_0) and design_1_i/onsemi_vita_cam_0/U0/onsemi_vita_cam_v3_1_S00_AXI_inst/onsemi_vita_cam_core_inst/vita_iserdes_v5.vita_iserdes/generate_datagen.datagen[1].db/cb/alignstate_reg[1]/D (clocked by vita_clk_1). Large setup violations at the end of those stages might be difficult to fix during the post-placement implementation flow and could be the result of non-optimal XDC constraints or non-optimal design architecture
Related violations: <none>

TIMING-16#848 Warning
Large setup violation  
There is a large setup violation of -6.075 ns between design_1_i/onsemi_vita_cam_0/U0/onsemi_vita_cam_v3_1_S00_AXI_inst/slv_reg8_reg[0]/C (clocked by clk_fpga_0) and design_1_i/onsemi_vita_cam_0/U0/onsemi_vita_cam_v3_1_S00_AXI_inst/onsemi_vita_cam_core_inst/vita_crc_checker/PAR_DATA_OUT_reg[37]/CE (clocked by vita_clk_1). Large setup violations at the end of those stages might be difficult to fix during the post-placement implementation flow and could be the result of non-optimal XDC constraints or non-optimal design architecture
Related violations: <none>

TIMING-16#849 Warning
Large setup violation  
There is a large setup violation of -6.075 ns between design_1_i/onsemi_vita_cam_0/U0/onsemi_vita_cam_v3_1_S00_AXI_inst/slv_reg8_reg[0]/C (clocked by clk_fpga_0) and design_1_i/onsemi_vita_cam_0/U0/onsemi_vita_cam_v3_1_S00_AXI_inst/onsemi_vita_cam_core_inst/vita_remapper/DATA_BUS_reg[37]/CE (clocked by vita_clk_1). Large setup violations at the end of those stages might be difficult to fix during the post-placement implementation flow and could be the result of non-optimal XDC constraints or non-optimal design architecture
Related violations: <none>

TIMING-16#850 Warning
Large setup violation  
There is a large setup violation of -6.084 ns between design_1_i/onsemi_vita_cam_0/U0/onsemi_vita_cam_v3_1_S00_AXI_inst/slv_reg5_reg[2]/C (clocked by clk_fpga_0) and design_1_i/onsemi_vita_cam_0/U0/onsemi_vita_cam_v3_1_S00_AXI_inst/onsemi_vita_cam_core_inst/vita_iserdes_v5.vita_iserdes/generate_datagen.datagen[2].db/cb/alignstate_reg[1]/D (clocked by vita_clk_1). Large setup violations at the end of those stages might be difficult to fix during the post-placement implementation flow and could be the result of non-optimal XDC constraints or non-optimal design architecture
Related violations: <none>

TIMING-16#851 Warning
Large setup violation  
There is a large setup violation of -6.105 ns between design_1_i/onsemi_vita_cam_0/U0/onsemi_vita_cam_v3_1_S00_AXI_inst/onsemi_vita_cam_core_inst/vita_crc_checker/generate_CRC[3].the_crc_comp/STATUS_reg/C (clocked by vita_clk_1) and design_1_i/onsemi_vita_cam_0/U0/onsemi_vita_cam_v3_1_S00_AXI_inst/axi_rdata_reg[3]/D (clocked by clk_fpga_0). Large setup violations at the end of those stages might be difficult to fix during the post-placement implementation flow and could be the result of non-optimal XDC constraints or non-optimal design architecture
Related violations: <none>

TIMING-16#852 Warning
Large setup violation  
There is a large setup violation of -6.119 ns between design_1_i/onsemi_vita_cam_0/U0/onsemi_vita_cam_v3_1_S00_AXI_inst/slv_reg5_reg[2]/C (clocked by clk_fpga_0) and design_1_i/onsemi_vita_cam_0/U0/onsemi_vita_cam_v3_1_S00_AXI_inst/onsemi_vita_cam_core_inst/vita_iserdes_v5.vita_iserdes/generate_datagen.datagen[2].db/cb/CTRL_BITSLIP_reg/D (clocked by vita_clk_1). Large setup violations at the end of those stages might be difficult to fix during the post-placement implementation flow and could be the result of non-optimal XDC constraints or non-optimal design architecture
Related violations: <none>

TIMING-16#853 Warning
Large setup violation  
There is a large setup violation of -6.128 ns between design_1_i/onsemi_vita_cam_0/U0/onsemi_vita_cam_v3_1_S00_AXI_inst/slv_reg5_reg[5]/C (clocked by clk_fpga_0) and design_1_i/onsemi_vita_cam_0/U0/onsemi_vita_cam_v3_1_S00_AXI_inst/onsemi_vita_cam_core_inst/vita_iserdes_v5.vita_iserdes/generate_datagen.datagen[0].db/cb/alignstate_reg[3]/D (clocked by vita_clk_1). Large setup violations at the end of those stages might be difficult to fix during the post-placement implementation flow and could be the result of non-optimal XDC constraints or non-optimal design architecture
Related violations: <none>

TIMING-16#854 Warning
Large setup violation  
There is a large setup violation of -6.157 ns between design_1_i/onsemi_vita_cam_0/U0/onsemi_vita_cam_v3_1_S00_AXI_inst/slv_reg5_reg[2]/C (clocked by clk_fpga_0) and design_1_i/onsemi_vita_cam_0/U0/onsemi_vita_cam_v3_1_S00_AXI_inst/onsemi_vita_cam_core_inst/vita_iserdes_v5.vita_iserdes/generate_datagen.datagen[2].db/cb/alignstate_reg[2]/D (clocked by vita_clk_1). Large setup violations at the end of those stages might be difficult to fix during the post-placement implementation flow and could be the result of non-optimal XDC constraints or non-optimal design architecture
Related violations: <none>

TIMING-16#855 Warning
Large setup violation  
There is a large setup violation of -6.172 ns between design_1_i/onsemi_vita_cam_0/U0/onsemi_vita_cam_v3_1_S00_AXI_inst/slv_reg30_reg[4]/C (clocked by clk_fpga_0) and design_1_i/onsemi_vita_cam_0/U0/onsemi_vita_cam_v3_1_S00_AXI_inst/onsemi_vita_cam_core_inst/vita_remapper/DATA_reg[72]/CE (clocked by vita_clk_1). Large setup violations at the end of those stages might be difficult to fix during the post-placement implementation flow and could be the result of non-optimal XDC constraints or non-optimal design architecture
Related violations: <none>

TIMING-16#856 Warning
Large setup violation  
There is a large setup violation of -6.172 ns between design_1_i/onsemi_vita_cam_0/U0/onsemi_vita_cam_v3_1_S00_AXI_inst/slv_reg30_reg[4]/C (clocked by clk_fpga_0) and design_1_i/onsemi_vita_cam_0/U0/onsemi_vita_cam_v3_1_S00_AXI_inst/onsemi_vita_cam_core_inst/vita_remapper/DATA_reg[75]/CE (clocked by vita_clk_1). Large setup violations at the end of those stages might be difficult to fix during the post-placement implementation flow and could be the result of non-optimal XDC constraints or non-optimal design architecture
Related violations: <none>

TIMING-16#857 Warning
Large setup violation  
There is a large setup violation of -6.181 ns between design_1_i/onsemi_vita_cam_0/U0/onsemi_vita_cam_v3_1_S00_AXI_inst/slv_reg30_reg[6]/C (clocked by clk_fpga_0) and design_1_i/onsemi_vita_cam_0/U0/onsemi_vita_cam_v3_1_S00_AXI_inst/onsemi_vita_cam_core_inst/vita_remapper/DATA_reg[15]/D (clocked by vita_clk_1). Large setup violations at the end of those stages might be difficult to fix during the post-placement implementation flow and could be the result of non-optimal XDC constraints or non-optimal design architecture
Related violations: <none>

TIMING-16#858 Warning
Large setup violation  
There is a large setup violation of -6.220 ns between design_1_i/onsemi_vita_cam_0/U0/onsemi_vita_cam_v3_1_S00_AXI_inst/slv_reg5_reg[4]/C (clocked by clk_fpga_0) and design_1_i/onsemi_vita_cam_0/U0/onsemi_vita_cam_v3_1_S00_AXI_inst/onsemi_vita_cam_core_inst/vita_iserdes_v5.vita_iserdes/generate_datagen.datagen[4].db/cb/CTRL_BITSLIP_reg/D (clocked by vita_clk_1). Large setup violations at the end of those stages might be difficult to fix during the post-placement implementation flow and could be the result of non-optimal XDC constraints or non-optimal design architecture
Related violations: <none>

TIMING-16#859 Warning
Large setup violation  
There is a large setup violation of -6.304 ns between design_1_i/onsemi_vita_cam_0/U0/onsemi_vita_cam_v3_1_S00_AXI_inst/slv_reg27_reg[15]/C (clocked by clk_fpga_0) and design_1_i/onsemi_vita_cam_0/U0/onsemi_vita_cam_v3_1_S00_AXI_inst/onsemi_vita_cam_core_inst/syncgen_l/VSync_s_reg/D (clocked by clk_out1_design_1_clk_wiz_0_0_1). Large setup violations at the end of those stages might be difficult to fix during the post-placement implementation flow and could be the result of non-optimal XDC constraints or non-optimal design architecture
Related violations: <none>

TIMING-16#860 Warning
Large setup violation  
There is a large setup violation of -6.326 ns between design_1_i/onsemi_vita_cam_0/U0/onsemi_vita_cam_v3_1_S00_AXI_inst/slv_reg5_reg[2]/C (clocked by clk_fpga_0) and design_1_i/onsemi_vita_cam_0/U0/onsemi_vita_cam_v3_1_S00_AXI_inst/onsemi_vita_cam_core_inst/vita_iserdes_v5.vita_iserdes/generate_datagen.datagen[2].db/cb/alignstate_reg[3]/D (clocked by vita_clk_1). Large setup violations at the end of those stages might be difficult to fix during the post-placement implementation flow and could be the result of non-optimal XDC constraints or non-optimal design architecture
Related violations: <none>

TIMING-16#861 Warning
Large setup violation  
There is a large setup violation of -6.332 ns between design_1_i/onsemi_vita_cam_0/U0/onsemi_vita_cam_v3_1_S00_AXI_inst/slv_reg5_reg[5]/C (clocked by clk_fpga_0) and design_1_i/onsemi_vita_cam_0/U0/onsemi_vita_cam_v3_1_S00_AXI_inst/onsemi_vita_cam_core_inst/vita_iserdes_v5.vita_iserdes/generate_datagen.datagen[0].db/cb/CTRL_BITSLIP_reg/D (clocked by vita_clk_1). Large setup violations at the end of those stages might be difficult to fix during the post-placement implementation flow and could be the result of non-optimal XDC constraints or non-optimal design architecture
Related violations: <none>

TIMING-16#862 Warning
Large setup violation  
There is a large setup violation of -6.344 ns between design_1_i/onsemi_vita_cam_0/U0/onsemi_vita_cam_v3_1_S00_AXI_inst/slv_reg5_reg[4]/C (clocked by clk_fpga_0) and design_1_i/onsemi_vita_cam_0/U0/onsemi_vita_cam_v3_1_S00_AXI_inst/onsemi_vita_cam_core_inst/vita_iserdes_v5.vita_iserdes/generate_datagen.datagen[1].db/cb/alignstate_reg[3]/D (clocked by vita_clk_1). Large setup violations at the end of those stages might be difficult to fix during the post-placement implementation flow and could be the result of non-optimal XDC constraints or non-optimal design architecture
Related violations: <none>

TIMING-16#863 Warning
Large setup violation  
There is a large setup violation of -6.348 ns between design_1_i/onsemi_vita_cam_0/U0/onsemi_vita_cam_v3_1_S00_AXI_inst/slv_reg5_reg[4]/C (clocked by clk_fpga_0) and design_1_i/onsemi_vita_cam_0/U0/onsemi_vita_cam_v3_1_S00_AXI_inst/onsemi_vita_cam_core_inst/vita_iserdes_v5.vita_iserdes/generate_datagen.datagen[3].db/cb/alignstate_reg[2]/D (clocked by vita_clk_1). Large setup violations at the end of those stages might be difficult to fix during the post-placement implementation flow and could be the result of non-optimal XDC constraints or non-optimal design architecture
Related violations: <none>

TIMING-16#864 Warning
Large setup violation  
There is a large setup violation of -6.397 ns between design_1_i/onsemi_vita_cam_0/U0/onsemi_vita_cam_v3_1_S00_AXI_inst/slv_reg5_reg[4]/C (clocked by clk_fpga_0) and design_1_i/onsemi_vita_cam_0/U0/onsemi_vita_cam_v3_1_S00_AXI_inst/onsemi_vita_cam_core_inst/vita_iserdes_v5.vita_iserdes/generate_datagen.datagen[3].db/cb/alignstate_reg[1]/D (clocked by vita_clk_1). Large setup violations at the end of those stages might be difficult to fix during the post-placement implementation flow and could be the result of non-optimal XDC constraints or non-optimal design architecture
Related violations: <none>

TIMING-16#865 Warning
Large setup violation  
There is a large setup violation of -6.434 ns between design_1_i/onsemi_vita_cam_0/U0/onsemi_vita_cam_v3_1_S00_AXI_inst/slv_reg5_reg[2]/C (clocked by clk_fpga_0) and design_1_i/onsemi_vita_cam_0/U0/onsemi_vita_cam_v3_1_S00_AXI_inst/onsemi_vita_cam_core_inst/vita_iserdes_v5.vita_iserdes/generate_datagen.datagen[2].db/cb/start_handshake_reg/D (clocked by vita_clk_1). Large setup violations at the end of those stages might be difficult to fix during the post-placement implementation flow and could be the result of non-optimal XDC constraints or non-optimal design architecture
Related violations: <none>

TIMING-16#866 Warning
Large setup violation  
There is a large setup violation of -6.520 ns between design_1_i/onsemi_vita_cam_0/U0/onsemi_vita_cam_v3_1_S00_AXI_inst/slv_reg5_reg[4]/C (clocked by clk_fpga_0) and design_1_i/onsemi_vita_cam_0/U0/onsemi_vita_cam_v3_1_S00_AXI_inst/onsemi_vita_cam_core_inst/vita_iserdes_v5.vita_iserdes/generate_datagen.datagen[4].db/cb/alignstate_reg[0]/D (clocked by vita_clk_1). Large setup violations at the end of those stages might be difficult to fix during the post-placement implementation flow and could be the result of non-optimal XDC constraints or non-optimal design architecture
Related violations: <none>

TIMING-16#867 Warning
Large setup violation  
There is a large setup violation of -6.522 ns between design_1_i/onsemi_vita_cam_0/U0/onsemi_vita_cam_v3_1_S00_AXI_inst/slv_reg5_reg[4]/C (clocked by clk_fpga_0) and design_1_i/onsemi_vita_cam_0/U0/onsemi_vita_cam_v3_1_S00_AXI_inst/onsemi_vita_cam_core_inst/vita_iserdes_v5.vita_iserdes/generate_datagen.datagen[1].db/cb/CTRL_BITSLIP_reg/D (clocked by vita_clk_1). Large setup violations at the end of those stages might be difficult to fix during the post-placement implementation flow and could be the result of non-optimal XDC constraints or non-optimal design architecture
Related violations: <none>

TIMING-16#868 Warning
Large setup violation  
There is a large setup violation of -6.540 ns between design_1_i/onsemi_vita_cam_0/U0/onsemi_vita_cam_v3_1_S00_AXI_inst/slv_reg5_reg[4]/C (clocked by clk_fpga_0) and design_1_i/onsemi_vita_cam_0/U0/onsemi_vita_cam_v3_1_S00_AXI_inst/onsemi_vita_cam_core_inst/vita_iserdes_v5.vita_iserdes/generate_datagen.datagen[1].db/cb/alignstate_reg[0]/D (clocked by vita_clk_1). Large setup violations at the end of those stages might be difficult to fix during the post-placement implementation flow and could be the result of non-optimal XDC constraints or non-optimal design architecture
Related violations: <none>

TIMING-16#869 Warning
Large setup violation  
There is a large setup violation of -6.585 ns between design_1_i/onsemi_vita_cam_0/U0/onsemi_vita_cam_v3_1_S00_AXI_inst/slv_reg5_reg[5]/C (clocked by clk_fpga_0) and design_1_i/onsemi_vita_cam_0/U0/onsemi_vita_cam_v3_1_S00_AXI_inst/onsemi_vita_cam_core_inst/vita_iserdes_v5.vita_iserdes/generate_datagen.datagen[0].db/cb/alignstate_reg[0]/D (clocked by vita_clk_1). Large setup violations at the end of those stages might be difficult to fix during the post-placement implementation flow and could be the result of non-optimal XDC constraints or non-optimal design architecture
Related violations: <none>

TIMING-16#870 Warning
Large setup violation  
There is a large setup violation of -6.700 ns between design_1_i/onsemi_vita_cam_0/U0/onsemi_vita_cam_v3_1_S00_AXI_inst/slv_reg5_reg[4]/C (clocked by clk_fpga_0) and design_1_i/onsemi_vita_cam_0/U0/onsemi_vita_cam_v3_1_S00_AXI_inst/onsemi_vita_cam_core_inst/vita_iserdes_v5.vita_iserdes/generate_datagen.datagen[4].db/cb/alignstate_reg[3]/D (clocked by vita_clk_1). Large setup violations at the end of those stages might be difficult to fix during the post-placement implementation flow and could be the result of non-optimal XDC constraints or non-optimal design architecture
Related violations: <none>

TIMING-16#871 Warning
Large setup violation  
There is a large setup violation of -6.842 ns between design_1_i/onsemi_vita_cam_0/U0/onsemi_vita_cam_v3_1_S00_AXI_inst/slv_reg5_reg[4]/C (clocked by clk_fpga_0) and design_1_i/onsemi_vita_cam_0/U0/onsemi_vita_cam_v3_1_S00_AXI_inst/onsemi_vita_cam_core_inst/vita_iserdes_v5.vita_iserdes/generate_datagen.datagen[3].db/cb/alignstate_reg[3]/D (clocked by vita_clk_1). Large setup violations at the end of those stages might be difficult to fix during the post-placement implementation flow and could be the result of non-optimal XDC constraints or non-optimal design architecture
Related violations: <none>

TIMING-16#872 Warning
Large setup violation  
There is a large setup violation of -6.883 ns between design_1_i/onsemi_vita_cam_0/U0/onsemi_vita_cam_v3_1_S00_AXI_inst/slv_reg5_reg[4]/C (clocked by clk_fpga_0) and design_1_i/onsemi_vita_cam_0/U0/onsemi_vita_cam_v3_1_S00_AXI_inst/onsemi_vita_cam_core_inst/vita_iserdes_v5.vita_iserdes/generate_datagen.datagen[3].db/cb/alignstate_reg[0]/D (clocked by vita_clk_1). Large setup violations at the end of those stages might be difficult to fix during the post-placement implementation flow and could be the result of non-optimal XDC constraints or non-optimal design architecture
Related violations: <none>

TIMING-16#873 Warning
Large setup violation  
There is a large setup violation of -6.891 ns between design_1_i/onsemi_vita_cam_0/U0/onsemi_vita_cam_v3_1_S00_AXI_inst/slv_reg5_reg[5]/C (clocked by clk_fpga_0) and design_1_i/onsemi_vita_cam_0/U0/onsemi_vita_cam_v3_1_S00_AXI_inst/onsemi_vita_cam_core_inst/vita_iserdes_v5.vita_iserdes/generate_datagen.datagen[0].db/cb/CTRL_RESET_reg/D (clocked by vita_clk_1). Large setup violations at the end of those stages might be difficult to fix during the post-placement implementation flow and could be the result of non-optimal XDC constraints or non-optimal design architecture
Related violations: <none>

TIMING-16#874 Warning
Large setup violation  
There is a large setup violation of -6.894 ns between design_1_i/onsemi_vita_cam_0/U0/onsemi_vita_cam_v3_1_S00_AXI_inst/slv_reg5_reg[4]/C (clocked by clk_fpga_0) and design_1_i/onsemi_vita_cam_0/U0/onsemi_vita_cam_v3_1_S00_AXI_inst/onsemi_vita_cam_core_inst/vita_iserdes_v5.vita_iserdes/generate_datagen.datagen[1].db/cb/GenCntr_reg[0]/CE (clocked by vita_clk_1). Large setup violations at the end of those stages might be difficult to fix during the post-placement implementation flow and could be the result of non-optimal XDC constraints or non-optimal design architecture
Related violations: <none>

TIMING-16#875 Warning
Large setup violation  
There is a large setup violation of -6.894 ns between design_1_i/onsemi_vita_cam_0/U0/onsemi_vita_cam_v3_1_S00_AXI_inst/slv_reg5_reg[4]/C (clocked by clk_fpga_0) and design_1_i/onsemi_vita_cam_0/U0/onsemi_vita_cam_v3_1_S00_AXI_inst/onsemi_vita_cam_core_inst/vita_iserdes_v5.vita_iserdes/generate_datagen.datagen[1].db/cb/GenCntr_reg[14]/CE (clocked by vita_clk_1). Large setup violations at the end of those stages might be difficult to fix during the post-placement implementation flow and could be the result of non-optimal XDC constraints or non-optimal design architecture
Related violations: <none>

TIMING-16#876 Warning
Large setup violation  
There is a large setup violation of -6.894 ns between design_1_i/onsemi_vita_cam_0/U0/onsemi_vita_cam_v3_1_S00_AXI_inst/slv_reg5_reg[4]/C (clocked by clk_fpga_0) and design_1_i/onsemi_vita_cam_0/U0/onsemi_vita_cam_v3_1_S00_AXI_inst/onsemi_vita_cam_core_inst/vita_iserdes_v5.vita_iserdes/generate_datagen.datagen[1].db/cb/GenCntr_reg[15]/CE (clocked by vita_clk_1). Large setup violations at the end of those stages might be difficult to fix during the post-placement implementation flow and could be the result of non-optimal XDC constraints or non-optimal design architecture
Related violations: <none>

TIMING-16#877 Warning
Large setup violation  
There is a large setup violation of -6.894 ns between design_1_i/onsemi_vita_cam_0/U0/onsemi_vita_cam_v3_1_S00_AXI_inst/slv_reg5_reg[4]/C (clocked by clk_fpga_0) and design_1_i/onsemi_vita_cam_0/U0/onsemi_vita_cam_v3_1_S00_AXI_inst/onsemi_vita_cam_core_inst/vita_iserdes_v5.vita_iserdes/generate_datagen.datagen[1].db/cb/GenCntr_reg[3]/CE (clocked by vita_clk_1). Large setup violations at the end of those stages might be difficult to fix during the post-placement implementation flow and could be the result of non-optimal XDC constraints or non-optimal design architecture
Related violations: <none>

TIMING-16#878 Warning
Large setup violation  
There is a large setup violation of -6.894 ns between design_1_i/onsemi_vita_cam_0/U0/onsemi_vita_cam_v3_1_S00_AXI_inst/slv_reg5_reg[4]/C (clocked by clk_fpga_0) and design_1_i/onsemi_vita_cam_0/U0/onsemi_vita_cam_v3_1_S00_AXI_inst/onsemi_vita_cam_core_inst/vita_iserdes_v5.vita_iserdes/generate_datagen.datagen[1].db/cb/GenCntr_reg[4]/CE (clocked by vita_clk_1). Large setup violations at the end of those stages might be difficult to fix during the post-placement implementation flow and could be the result of non-optimal XDC constraints or non-optimal design architecture
Related violations: <none>

TIMING-16#879 Warning
Large setup violation  
There is a large setup violation of -6.928 ns between design_1_i/onsemi_vita_cam_0/U0/onsemi_vita_cam_v3_1_S00_AXI_inst/slv_reg5_reg[4]/C (clocked by clk_fpga_0) and design_1_i/onsemi_vita_cam_0/U0/onsemi_vita_cam_v3_1_S00_AXI_inst/onsemi_vita_cam_core_inst/vita_iserdes_v5.vita_iserdes/generate_datagen.datagen[1].db/cb/GenCntr_reg[7]/CE (clocked by vita_clk_1). Large setup violations at the end of those stages might be difficult to fix during the post-placement implementation flow and could be the result of non-optimal XDC constraints or non-optimal design architecture
Related violations: <none>

TIMING-16#880 Warning
Large setup violation  
There is a large setup violation of -6.930 ns between design_1_i/onsemi_vita_cam_0/U0/onsemi_vita_cam_v3_1_S00_AXI_inst/slv_reg5_reg[2]/C (clocked by clk_fpga_0) and design_1_i/onsemi_vita_cam_0/U0/onsemi_vita_cam_v3_1_S00_AXI_inst/onsemi_vita_cam_core_inst/vita_iserdes_v5.vita_iserdes/generate_datagen.datagen[2].db/cb/alignstate_reg[0]/D (clocked by vita_clk_1). Large setup violations at the end of those stages might be difficult to fix during the post-placement implementation flow and could be the result of non-optimal XDC constraints or non-optimal design architecture
Related violations: <none>

TIMING-16#881 Warning
Large setup violation  
There is a large setup violation of -6.930 ns between design_1_i/onsemi_vita_cam_0/U0/onsemi_vita_cam_v3_1_S00_AXI_inst/slv_reg5_reg[4]/C (clocked by clk_fpga_0) and design_1_i/onsemi_vita_cam_0/U0/onsemi_vita_cam_v3_1_S00_AXI_inst/onsemi_vita_cam_core_inst/vita_iserdes_v5.vita_iserdes/generate_datagen.datagen[1].db/cb/GenCntr_reg[10]/CE (clocked by vita_clk_1). Large setup violations at the end of those stages might be difficult to fix during the post-placement implementation flow and could be the result of non-optimal XDC constraints or non-optimal design architecture
Related violations: <none>

TIMING-16#882 Warning
Large setup violation  
There is a large setup violation of -6.930 ns between design_1_i/onsemi_vita_cam_0/U0/onsemi_vita_cam_v3_1_S00_AXI_inst/slv_reg5_reg[4]/C (clocked by clk_fpga_0) and design_1_i/onsemi_vita_cam_0/U0/onsemi_vita_cam_v3_1_S00_AXI_inst/onsemi_vita_cam_core_inst/vita_iserdes_v5.vita_iserdes/generate_datagen.datagen[1].db/cb/GenCntr_reg[11]/CE (clocked by vita_clk_1). Large setup violations at the end of those stages might be difficult to fix during the post-placement implementation flow and could be the result of non-optimal XDC constraints or non-optimal design architecture
Related violations: <none>

TIMING-16#883 Warning
Large setup violation  
There is a large setup violation of -6.930 ns between design_1_i/onsemi_vita_cam_0/U0/onsemi_vita_cam_v3_1_S00_AXI_inst/slv_reg5_reg[4]/C (clocked by clk_fpga_0) and design_1_i/onsemi_vita_cam_0/U0/onsemi_vita_cam_v3_1_S00_AXI_inst/onsemi_vita_cam_core_inst/vita_iserdes_v5.vita_iserdes/generate_datagen.datagen[1].db/cb/GenCntr_reg[12]/CE (clocked by vita_clk_1). Large setup violations at the end of those stages might be difficult to fix during the post-placement implementation flow and could be the result of non-optimal XDC constraints or non-optimal design architecture
Related violations: <none>

TIMING-16#884 Warning
Large setup violation  
There is a large setup violation of -6.930 ns between design_1_i/onsemi_vita_cam_0/U0/onsemi_vita_cam_v3_1_S00_AXI_inst/slv_reg5_reg[4]/C (clocked by clk_fpga_0) and design_1_i/onsemi_vita_cam_0/U0/onsemi_vita_cam_v3_1_S00_AXI_inst/onsemi_vita_cam_core_inst/vita_iserdes_v5.vita_iserdes/generate_datagen.datagen[1].db/cb/GenCntr_reg[13]/CE (clocked by vita_clk_1). Large setup violations at the end of those stages might be difficult to fix during the post-placement implementation flow and could be the result of non-optimal XDC constraints or non-optimal design architecture
Related violations: <none>

TIMING-16#885 Warning
Large setup violation  
There is a large setup violation of -6.930 ns between design_1_i/onsemi_vita_cam_0/U0/onsemi_vita_cam_v3_1_S00_AXI_inst/slv_reg5_reg[4]/C (clocked by clk_fpga_0) and design_1_i/onsemi_vita_cam_0/U0/onsemi_vita_cam_v3_1_S00_AXI_inst/onsemi_vita_cam_core_inst/vita_iserdes_v5.vita_iserdes/generate_datagen.datagen[1].db/cb/GenCntr_reg[1]/CE (clocked by vita_clk_1). Large setup violations at the end of those stages might be difficult to fix during the post-placement implementation flow and could be the result of non-optimal XDC constraints or non-optimal design architecture
Related violations: <none>

TIMING-16#886 Warning
Large setup violation  
There is a large setup violation of -6.930 ns between design_1_i/onsemi_vita_cam_0/U0/onsemi_vita_cam_v3_1_S00_AXI_inst/slv_reg5_reg[4]/C (clocked by clk_fpga_0) and design_1_i/onsemi_vita_cam_0/U0/onsemi_vita_cam_v3_1_S00_AXI_inst/onsemi_vita_cam_core_inst/vita_iserdes_v5.vita_iserdes/generate_datagen.datagen[1].db/cb/GenCntr_reg[6]/CE (clocked by vita_clk_1). Large setup violations at the end of those stages might be difficult to fix during the post-placement implementation flow and could be the result of non-optimal XDC constraints or non-optimal design architecture
Related violations: <none>

TIMING-16#887 Warning
Large setup violation  
There is a large setup violation of -6.931 ns between design_1_i/onsemi_vita_cam_0/U0/onsemi_vita_cam_v3_1_S00_AXI_inst/slv_reg5_reg[4]/C (clocked by clk_fpga_0) and design_1_i/onsemi_vita_cam_0/U0/onsemi_vita_cam_v3_1_S00_AXI_inst/onsemi_vita_cam_core_inst/vita_iserdes_v5.vita_iserdes/generate_datagen.datagen[1].db/cb/GenCntr_reg[2]/CE (clocked by vita_clk_1). Large setup violations at the end of those stages might be difficult to fix during the post-placement implementation flow and could be the result of non-optimal XDC constraints or non-optimal design architecture
Related violations: <none>

TIMING-16#888 Warning
Large setup violation  
There is a large setup violation of -6.931 ns between design_1_i/onsemi_vita_cam_0/U0/onsemi_vita_cam_v3_1_S00_AXI_inst/slv_reg5_reg[4]/C (clocked by clk_fpga_0) and design_1_i/onsemi_vita_cam_0/U0/onsemi_vita_cam_v3_1_S00_AXI_inst/onsemi_vita_cam_core_inst/vita_iserdes_v5.vita_iserdes/generate_datagen.datagen[1].db/cb/GenCntr_reg[5]/CE (clocked by vita_clk_1). Large setup violations at the end of those stages might be difficult to fix during the post-placement implementation flow and could be the result of non-optimal XDC constraints or non-optimal design architecture
Related violations: <none>

TIMING-16#889 Warning
Large setup violation  
There is a large setup violation of -6.931 ns between design_1_i/onsemi_vita_cam_0/U0/onsemi_vita_cam_v3_1_S00_AXI_inst/slv_reg5_reg[4]/C (clocked by clk_fpga_0) and design_1_i/onsemi_vita_cam_0/U0/onsemi_vita_cam_v3_1_S00_AXI_inst/onsemi_vita_cam_core_inst/vita_iserdes_v5.vita_iserdes/generate_datagen.datagen[1].db/cb/GenCntr_reg[8]/CE (clocked by vita_clk_1). Large setup violations at the end of those stages might be difficult to fix during the post-placement implementation flow and could be the result of non-optimal XDC constraints or non-optimal design architecture
Related violations: <none>

TIMING-16#890 Warning
Large setup violation  
There is a large setup violation of -6.934 ns between design_1_i/onsemi_vita_cam_0/U0/onsemi_vita_cam_v3_1_S00_AXI_inst/slv_reg5_reg[4]/C (clocked by clk_fpga_0) and design_1_i/onsemi_vita_cam_0/U0/onsemi_vita_cam_v3_1_S00_AXI_inst/onsemi_vita_cam_core_inst/vita_iserdes_v5.vita_iserdes/generate_datagen.datagen[1].db/cb/GenCntr_reg[9]/CE (clocked by vita_clk_1). Large setup violations at the end of those stages might be difficult to fix during the post-placement implementation flow and could be the result of non-optimal XDC constraints or non-optimal design architecture
Related violations: <none>

TIMING-16#891 Warning
Large setup violation  
There is a large setup violation of -6.950 ns between design_1_i/onsemi_vita_cam_0/U0/onsemi_vita_cam_v3_1_S00_AXI_inst/slv_reg5_reg[4]/C (clocked by clk_fpga_0) and design_1_i/onsemi_vita_cam_0/U0/onsemi_vita_cam_v3_1_S00_AXI_inst/onsemi_vita_cam_core_inst/vita_iserdes_v5.vita_iserdes/generate_datagen.datagen[3].db/cb/CTRL_BITSLIP_reg/D (clocked by vita_clk_1). Large setup violations at the end of those stages might be difficult to fix during the post-placement implementation flow and could be the result of non-optimal XDC constraints or non-optimal design architecture
Related violations: <none>

TIMING-16#892 Warning
Large setup violation  
There is a large setup violation of -6.989 ns between design_1_i/onsemi_vita_cam_0/U0/onsemi_vita_cam_v3_1_S00_AXI_inst/slv_reg5_reg[4]/C (clocked by clk_fpga_0) and design_1_i/onsemi_vita_cam_0/U0/onsemi_vita_cam_v3_1_S00_AXI_inst/onsemi_vita_cam_core_inst/vita_iserdes_v5.vita_iserdes/generate_datagen.datagen[1].db/cb/CTRL_RESET_reg/D (clocked by vita_clk_1). Large setup violations at the end of those stages might be difficult to fix during the post-placement implementation flow and could be the result of non-optimal XDC constraints or non-optimal design architecture
Related violations: <none>

TIMING-16#893 Warning
Large setup violation  
There is a large setup violation of -6.993 ns between design_1_i/onsemi_vita_cam_0/U0/onsemi_vita_cam_v3_1_S00_AXI_inst/slv_reg5_reg[5]/C (clocked by clk_fpga_0) and design_1_i/onsemi_vita_cam_0/U0/onsemi_vita_cam_v3_1_S00_AXI_inst/onsemi_vita_cam_core_inst/vita_iserdes_v5.vita_iserdes/generate_datagen.datagen[0].db/cb/start_handshake_reg/D (clocked by vita_clk_1). Large setup violations at the end of those stages might be difficult to fix during the post-placement implementation flow and could be the result of non-optimal XDC constraints or non-optimal design architecture
Related violations: <none>

TIMING-16#894 Warning
Large setup violation  
There is a large setup violation of -7.041 ns between design_1_i/onsemi_vita_cam_0/U0/onsemi_vita_cam_v3_1_S00_AXI_inst/slv_reg5_reg[5]/C (clocked by clk_fpga_0) and design_1_i/onsemi_vita_cam_0/U0/onsemi_vita_cam_v3_1_S00_AXI_inst/onsemi_vita_cam_core_inst/vita_iserdes_v5.vita_iserdes/generate_datagen.datagen[0].db/cb/CTRL_CE_reg/D (clocked by vita_clk_1). Large setup violations at the end of those stages might be difficult to fix during the post-placement implementation flow and could be the result of non-optimal XDC constraints or non-optimal design architecture
Related violations: <none>

TIMING-16#895 Warning
Large setup violation  
There is a large setup violation of -7.043 ns between design_1_i/onsemi_vita_cam_0/U0/onsemi_vita_cam_v3_1_S00_AXI_inst/slv_reg5_reg[5]/C (clocked by clk_fpga_0) and design_1_i/onsemi_vita_cam_0/U0/onsemi_vita_cam_v3_1_S00_AXI_inst/onsemi_vita_cam_core_inst/vita_iserdes_v5.vita_iserdes/generate_datagen.datagen[0].db/cb/CTRL_INC_reg/D (clocked by vita_clk_1). Large setup violations at the end of those stages might be difficult to fix during the post-placement implementation flow and could be the result of non-optimal XDC constraints or non-optimal design architecture
Related violations: <none>

TIMING-16#896 Warning
Large setup violation  
There is a large setup violation of -7.066 ns between design_1_i/onsemi_vita_cam_0/U0/onsemi_vita_cam_v3_1_S00_AXI_inst/slv_reg5_reg[2]/C (clocked by clk_fpga_0) and design_1_i/onsemi_vita_cam_0/U0/onsemi_vita_cam_v3_1_S00_AXI_inst/onsemi_vita_cam_core_inst/vita_iserdes_v5.vita_iserdes/generate_datagen.datagen[2].db/cb/GenCntr_reg[0]/CE (clocked by vita_clk_1). Large setup violations at the end of those stages might be difficult to fix during the post-placement implementation flow and could be the result of non-optimal XDC constraints or non-optimal design architecture
Related violations: <none>

TIMING-16#897 Warning
Large setup violation  
There is a large setup violation of -7.066 ns between design_1_i/onsemi_vita_cam_0/U0/onsemi_vita_cam_v3_1_S00_AXI_inst/slv_reg5_reg[2]/C (clocked by clk_fpga_0) and design_1_i/onsemi_vita_cam_0/U0/onsemi_vita_cam_v3_1_S00_AXI_inst/onsemi_vita_cam_core_inst/vita_iserdes_v5.vita_iserdes/generate_datagen.datagen[2].db/cb/GenCntr_reg[12]/CE (clocked by vita_clk_1). Large setup violations at the end of those stages might be difficult to fix during the post-placement implementation flow and could be the result of non-optimal XDC constraints or non-optimal design architecture
Related violations: <none>

TIMING-16#898 Warning
Large setup violation  
There is a large setup violation of -7.066 ns between design_1_i/onsemi_vita_cam_0/U0/onsemi_vita_cam_v3_1_S00_AXI_inst/slv_reg5_reg[2]/C (clocked by clk_fpga_0) and design_1_i/onsemi_vita_cam_0/U0/onsemi_vita_cam_v3_1_S00_AXI_inst/onsemi_vita_cam_core_inst/vita_iserdes_v5.vita_iserdes/generate_datagen.datagen[2].db/cb/GenCntr_reg[13]/CE (clocked by vita_clk_1). Large setup violations at the end of those stages might be difficult to fix during the post-placement implementation flow and could be the result of non-optimal XDC constraints or non-optimal design architecture
Related violations: <none>

TIMING-16#899 Warning
Large setup violation  
There is a large setup violation of -7.066 ns between design_1_i/onsemi_vita_cam_0/U0/onsemi_vita_cam_v3_1_S00_AXI_inst/slv_reg5_reg[2]/C (clocked by clk_fpga_0) and design_1_i/onsemi_vita_cam_0/U0/onsemi_vita_cam_v3_1_S00_AXI_inst/onsemi_vita_cam_core_inst/vita_iserdes_v5.vita_iserdes/generate_datagen.datagen[2].db/cb/GenCntr_reg[1]/CE (clocked by vita_clk_1). Large setup violations at the end of those stages might be difficult to fix during the post-placement implementation flow and could be the result of non-optimal XDC constraints or non-optimal design architecture
Related violations: <none>

TIMING-16#900 Warning
Large setup violation  
There is a large setup violation of -7.066 ns between design_1_i/onsemi_vita_cam_0/U0/onsemi_vita_cam_v3_1_S00_AXI_inst/slv_reg5_reg[2]/C (clocked by clk_fpga_0) and design_1_i/onsemi_vita_cam_0/U0/onsemi_vita_cam_v3_1_S00_AXI_inst/onsemi_vita_cam_core_inst/vita_iserdes_v5.vita_iserdes/generate_datagen.datagen[2].db/cb/GenCntr_reg[8]/CE (clocked by vita_clk_1). Large setup violations at the end of those stages might be difficult to fix during the post-placement implementation flow and could be the result of non-optimal XDC constraints or non-optimal design architecture
Related violations: <none>

TIMING-16#901 Warning
Large setup violation  
There is a large setup violation of -7.079 ns between design_1_i/onsemi_vita_cam_0/U0/onsemi_vita_cam_v3_1_S00_AXI_inst/slv_reg5_reg[2]/C (clocked by clk_fpga_0) and design_1_i/onsemi_vita_cam_0/U0/onsemi_vita_cam_v3_1_S00_AXI_inst/onsemi_vita_cam_core_inst/vita_iserdes_v5.vita_iserdes/generate_datagen.datagen[2].db/cb/GenCntr_reg[6]/CE (clocked by vita_clk_1). Large setup violations at the end of those stages might be difficult to fix during the post-placement implementation flow and could be the result of non-optimal XDC constraints or non-optimal design architecture
Related violations: <none>

TIMING-16#902 Warning
Large setup violation  
There is a large setup violation of -7.079 ns between design_1_i/onsemi_vita_cam_0/U0/onsemi_vita_cam_v3_1_S00_AXI_inst/slv_reg5_reg[2]/C (clocked by clk_fpga_0) and design_1_i/onsemi_vita_cam_0/U0/onsemi_vita_cam_v3_1_S00_AXI_inst/onsemi_vita_cam_core_inst/vita_iserdes_v5.vita_iserdes/generate_datagen.datagen[2].db/cb/GenCntr_reg[7]/CE (clocked by vita_clk_1). Large setup violations at the end of those stages might be difficult to fix during the post-placement implementation flow and could be the result of non-optimal XDC constraints or non-optimal design architecture
Related violations: <none>

TIMING-16#903 Warning
Large setup violation  
There is a large setup violation of -7.113 ns between design_1_i/onsemi_vita_cam_0/U0/onsemi_vita_cam_v3_1_S00_AXI_inst/slv_reg5_reg[2]/C (clocked by clk_fpga_0) and design_1_i/onsemi_vita_cam_0/U0/onsemi_vita_cam_v3_1_S00_AXI_inst/onsemi_vita_cam_core_inst/vita_iserdes_v5.vita_iserdes/generate_datagen.datagen[2].db/cb/CTRL_RESET_reg/D (clocked by vita_clk_1). Large setup violations at the end of those stages might be difficult to fix during the post-placement implementation flow and could be the result of non-optimal XDC constraints or non-optimal design architecture
Related violations: <none>

TIMING-16#904 Warning
Large setup violation  
There is a large setup violation of -7.122 ns between design_1_i/onsemi_vita_cam_0/U0/onsemi_vita_cam_v3_1_S00_AXI_inst/slv_reg5_reg[4]/C (clocked by clk_fpga_0) and design_1_i/onsemi_vita_cam_0/U0/onsemi_vita_cam_v3_1_S00_AXI_inst/onsemi_vita_cam_core_inst/vita_iserdes_v5.vita_iserdes/generate_datagen.datagen[1].db/cb/alignstate_reg[1]/CE (clocked by vita_clk_1). Large setup violations at the end of those stages might be difficult to fix during the post-placement implementation flow and could be the result of non-optimal XDC constraints or non-optimal design architecture
Related violations: <none>

TIMING-16#905 Warning
Large setup violation  
There is a large setup violation of -7.122 ns between design_1_i/onsemi_vita_cam_0/U0/onsemi_vita_cam_v3_1_S00_AXI_inst/slv_reg5_reg[4]/C (clocked by clk_fpga_0) and design_1_i/onsemi_vita_cam_0/U0/onsemi_vita_cam_v3_1_S00_AXI_inst/onsemi_vita_cam_core_inst/vita_iserdes_v5.vita_iserdes/generate_datagen.datagen[1].db/cb/alignstate_reg[2]/CE (clocked by vita_clk_1). Large setup violations at the end of those stages might be difficult to fix during the post-placement implementation flow and could be the result of non-optimal XDC constraints or non-optimal design architecture
Related violations: <none>

TIMING-16#906 Warning
Large setup violation  
There is a large setup violation of -7.122 ns between design_1_i/onsemi_vita_cam_0/U0/onsemi_vita_cam_v3_1_S00_AXI_inst/slv_reg5_reg[4]/C (clocked by clk_fpga_0) and design_1_i/onsemi_vita_cam_0/U0/onsemi_vita_cam_v3_1_S00_AXI_inst/onsemi_vita_cam_core_inst/vita_iserdes_v5.vita_iserdes/generate_datagen.datagen[1].db/cb/alignstate_reg[3]/CE (clocked by vita_clk_1). Large setup violations at the end of those stages might be difficult to fix during the post-placement implementation flow and could be the result of non-optimal XDC constraints or non-optimal design architecture
Related violations: <none>

TIMING-16#907 Warning
Large setup violation  
There is a large setup violation of -7.136 ns between design_1_i/onsemi_vita_cam_0/U0/onsemi_vita_cam_v3_1_S00_AXI_inst/slv_reg5_reg[4]/C (clocked by clk_fpga_0) and design_1_i/onsemi_vita_cam_0/U0/onsemi_vita_cam_v3_1_S00_AXI_inst/onsemi_vita_cam_core_inst/vita_iserdes_v5.vita_iserdes/generate_datagen.datagen[4].db/cb/alignstate_reg[1]/CE (clocked by vita_clk_1). Large setup violations at the end of those stages might be difficult to fix during the post-placement implementation flow and could be the result of non-optimal XDC constraints or non-optimal design architecture
Related violations: <none>

TIMING-16#908 Warning
Large setup violation  
There is a large setup violation of -7.136 ns between design_1_i/onsemi_vita_cam_0/U0/onsemi_vita_cam_v3_1_S00_AXI_inst/slv_reg5_reg[4]/C (clocked by clk_fpga_0) and design_1_i/onsemi_vita_cam_0/U0/onsemi_vita_cam_v3_1_S00_AXI_inst/onsemi_vita_cam_core_inst/vita_iserdes_v5.vita_iserdes/generate_datagen.datagen[4].db/cb/alignstate_reg[2]/CE (clocked by vita_clk_1). Large setup violations at the end of those stages might be difficult to fix during the post-placement implementation flow and could be the result of non-optimal XDC constraints or non-optimal design architecture
Related violations: <none>

TIMING-16#909 Warning
Large setup violation  
There is a large setup violation of -7.139 ns between design_1_i/onsemi_vita_cam_0/U0/onsemi_vita_cam_v3_1_S00_AXI_inst/slv_reg5_reg[4]/C (clocked by clk_fpga_0) and design_1_i/onsemi_vita_cam_0/U0/onsemi_vita_cam_v3_1_S00_AXI_inst/onsemi_vita_cam_core_inst/vita_iserdes_v5.vita_iserdes/generate_datagen.datagen[1].db/cb/CTRL_CE_reg/D (clocked by vita_clk_1). Large setup violations at the end of those stages might be difficult to fix during the post-placement implementation flow and could be the result of non-optimal XDC constraints or non-optimal design architecture
Related violations: <none>

TIMING-16#910 Warning
Large setup violation  
There is a large setup violation of -7.141 ns between design_1_i/onsemi_vita_cam_0/U0/onsemi_vita_cam_v3_1_S00_AXI_inst/slv_reg5_reg[4]/C (clocked by clk_fpga_0) and design_1_i/onsemi_vita_cam_0/U0/onsemi_vita_cam_v3_1_S00_AXI_inst/onsemi_vita_cam_core_inst/vita_iserdes_v5.vita_iserdes/generate_datagen.datagen[1].db/cb/CTRL_INC_reg/D (clocked by vita_clk_1). Large setup violations at the end of those stages might be difficult to fix during the post-placement implementation flow and could be the result of non-optimal XDC constraints or non-optimal design architecture
Related violations: <none>

TIMING-16#911 Warning
Large setup violation  
There is a large setup violation of -7.177 ns between design_1_i/onsemi_vita_cam_0/U0/onsemi_vita_cam_v3_1_S00_AXI_inst/slv_reg5_reg[4]/C (clocked by clk_fpga_0) and design_1_i/onsemi_vita_cam_0/U0/onsemi_vita_cam_v3_1_S00_AXI_inst/onsemi_vita_cam_core_inst/vita_iserdes_v5.vita_iserdes/generate_datagen.datagen[4].db/cb/GenCntr_reg[10]/CE (clocked by vita_clk_1). Large setup violations at the end of those stages might be difficult to fix during the post-placement implementation flow and could be the result of non-optimal XDC constraints or non-optimal design architecture
Related violations: <none>

TIMING-16#912 Warning
Large setup violation  
There is a large setup violation of -7.177 ns between design_1_i/onsemi_vita_cam_0/U0/onsemi_vita_cam_v3_1_S00_AXI_inst/slv_reg5_reg[4]/C (clocked by clk_fpga_0) and design_1_i/onsemi_vita_cam_0/U0/onsemi_vita_cam_v3_1_S00_AXI_inst/onsemi_vita_cam_core_inst/vita_iserdes_v5.vita_iserdes/generate_datagen.datagen[4].db/cb/GenCntr_reg[11]/CE (clocked by vita_clk_1). Large setup violations at the end of those stages might be difficult to fix during the post-placement implementation flow and could be the result of non-optimal XDC constraints or non-optimal design architecture
Related violations: <none>

TIMING-16#913 Warning
Large setup violation  
There is a large setup violation of -7.177 ns between design_1_i/onsemi_vita_cam_0/U0/onsemi_vita_cam_v3_1_S00_AXI_inst/slv_reg5_reg[4]/C (clocked by clk_fpga_0) and design_1_i/onsemi_vita_cam_0/U0/onsemi_vita_cam_v3_1_S00_AXI_inst/onsemi_vita_cam_core_inst/vita_iserdes_v5.vita_iserdes/generate_datagen.datagen[4].db/cb/GenCntr_reg[12]/CE (clocked by vita_clk_1). Large setup violations at the end of those stages might be difficult to fix during the post-placement implementation flow and could be the result of non-optimal XDC constraints or non-optimal design architecture
Related violations: <none>

TIMING-16#914 Warning
Large setup violation  
There is a large setup violation of -7.177 ns between design_1_i/onsemi_vita_cam_0/U0/onsemi_vita_cam_v3_1_S00_AXI_inst/slv_reg5_reg[4]/C (clocked by clk_fpga_0) and design_1_i/onsemi_vita_cam_0/U0/onsemi_vita_cam_v3_1_S00_AXI_inst/onsemi_vita_cam_core_inst/vita_iserdes_v5.vita_iserdes/generate_datagen.datagen[4].db/cb/GenCntr_reg[13]/CE (clocked by vita_clk_1). Large setup violations at the end of those stages might be difficult to fix during the post-placement implementation flow and could be the result of non-optimal XDC constraints or non-optimal design architecture
Related violations: <none>

TIMING-16#915 Warning
Large setup violation  
There is a large setup violation of -7.177 ns between design_1_i/onsemi_vita_cam_0/U0/onsemi_vita_cam_v3_1_S00_AXI_inst/slv_reg5_reg[4]/C (clocked by clk_fpga_0) and design_1_i/onsemi_vita_cam_0/U0/onsemi_vita_cam_v3_1_S00_AXI_inst/onsemi_vita_cam_core_inst/vita_iserdes_v5.vita_iserdes/generate_datagen.datagen[4].db/cb/GenCntr_reg[4]/CE (clocked by vita_clk_1). Large setup violations at the end of those stages might be difficult to fix during the post-placement implementation flow and could be the result of non-optimal XDC constraints or non-optimal design architecture
Related violations: <none>

TIMING-16#916 Warning
Large setup violation  
There is a large setup violation of -7.177 ns between design_1_i/onsemi_vita_cam_0/U0/onsemi_vita_cam_v3_1_S00_AXI_inst/slv_reg5_reg[4]/C (clocked by clk_fpga_0) and design_1_i/onsemi_vita_cam_0/U0/onsemi_vita_cam_v3_1_S00_AXI_inst/onsemi_vita_cam_core_inst/vita_iserdes_v5.vita_iserdes/generate_datagen.datagen[4].db/cb/GenCntr_reg[5]/CE (clocked by vita_clk_1). Large setup violations at the end of those stages might be difficult to fix during the post-placement implementation flow and could be the result of non-optimal XDC constraints or non-optimal design architecture
Related violations: <none>

TIMING-16#917 Warning
Large setup violation  
There is a large setup violation of -7.180 ns between design_1_i/onsemi_vita_cam_0/U0/onsemi_vita_cam_v3_1_S00_AXI_inst/slv_reg5_reg[4]/C (clocked by clk_fpga_0) and design_1_i/onsemi_vita_cam_0/U0/onsemi_vita_cam_v3_1_S00_AXI_inst/onsemi_vita_cam_core_inst/vita_iserdes_v5.vita_iserdes/generate_datagen.datagen[1].db/cb/start_handshake_reg/D (clocked by vita_clk_1). Large setup violations at the end of those stages might be difficult to fix during the post-placement implementation flow and could be the result of non-optimal XDC constraints or non-optimal design architecture
Related violations: <none>

TIMING-16#918 Warning
Large setup violation  
There is a large setup violation of -7.208 ns between design_1_i/onsemi_vita_cam_0/U0/onsemi_vita_cam_v3_1_S00_AXI_inst/slv_reg5_reg[2]/C (clocked by clk_fpga_0) and design_1_i/onsemi_vita_cam_0/U0/onsemi_vita_cam_v3_1_S00_AXI_inst/onsemi_vita_cam_core_inst/vita_iserdes_v5.vita_iserdes/generate_datagen.datagen[2].db/cb/GenCntr_reg[2]/CE (clocked by vita_clk_1). Large setup violations at the end of those stages might be difficult to fix during the post-placement implementation flow and could be the result of non-optimal XDC constraints or non-optimal design architecture
Related violations: <none>

TIMING-16#919 Warning
Large setup violation  
There is a large setup violation of -7.208 ns between design_1_i/onsemi_vita_cam_0/U0/onsemi_vita_cam_v3_1_S00_AXI_inst/slv_reg5_reg[2]/C (clocked by clk_fpga_0) and design_1_i/onsemi_vita_cam_0/U0/onsemi_vita_cam_v3_1_S00_AXI_inst/onsemi_vita_cam_core_inst/vita_iserdes_v5.vita_iserdes/generate_datagen.datagen[2].db/cb/GenCntr_reg[4]/CE (clocked by vita_clk_1). Large setup violations at the end of those stages might be difficult to fix during the post-placement implementation flow and could be the result of non-optimal XDC constraints or non-optimal design architecture
Related violations: <none>

TIMING-16#920 Warning
Large setup violation  
There is a large setup violation of -7.208 ns between design_1_i/onsemi_vita_cam_0/U0/onsemi_vita_cam_v3_1_S00_AXI_inst/slv_reg5_reg[2]/C (clocked by clk_fpga_0) and design_1_i/onsemi_vita_cam_0/U0/onsemi_vita_cam_v3_1_S00_AXI_inst/onsemi_vita_cam_core_inst/vita_iserdes_v5.vita_iserdes/generate_datagen.datagen[2].db/cb/GenCntr_reg[5]/CE (clocked by vita_clk_1). Large setup violations at the end of those stages might be difficult to fix during the post-placement implementation flow and could be the result of non-optimal XDC constraints or non-optimal design architecture
Related violations: <none>

TIMING-16#921 Warning
Large setup violation  
There is a large setup violation of -7.242 ns between design_1_i/onsemi_vita_cam_0/U0/onsemi_vita_cam_v3_1_S00_AXI_inst/slv_reg5_reg[4]/C (clocked by clk_fpga_0) and design_1_i/onsemi_vita_cam_0/U0/onsemi_vita_cam_v3_1_S00_AXI_inst/onsemi_vita_cam_core_inst/vita_iserdes_v5.vita_iserdes/generate_datagen.datagen[4].db/cb/alignstate_reg[0]/CE (clocked by vita_clk_1). Large setup violations at the end of those stages might be difficult to fix during the post-placement implementation flow and could be the result of non-optimal XDC constraints or non-optimal design architecture
Related violations: <none>

TIMING-16#922 Warning
Large setup violation  
There is a large setup violation of -7.255 ns between design_1_i/onsemi_vita_cam_0/U0/onsemi_vita_cam_v3_1_S00_AXI_inst/slv_reg5_reg[4]/C (clocked by clk_fpga_0) and design_1_i/onsemi_vita_cam_0/U0/onsemi_vita_cam_v3_1_S00_AXI_inst/onsemi_vita_cam_core_inst/vita_iserdes_v5.vita_iserdes/generate_datagen.datagen[3].db/cb/start_handshake_reg/D (clocked by vita_clk_1). Large setup violations at the end of those stages might be difficult to fix during the post-placement implementation flow and could be the result of non-optimal XDC constraints or non-optimal design architecture
Related violations: <none>

TIMING-16#923 Warning
Large setup violation  
There is a large setup violation of -7.256 ns between design_1_i/onsemi_vita_cam_0/U0/onsemi_vita_cam_v3_1_S00_AXI_inst/slv_reg5_reg[2]/C (clocked by clk_fpga_0) and design_1_i/onsemi_vita_cam_0/U0/onsemi_vita_cam_v3_1_S00_AXI_inst/onsemi_vita_cam_core_inst/vita_iserdes_v5.vita_iserdes/generate_datagen.datagen[2].db/cb/GenCntr_reg[10]/CE (clocked by vita_clk_1). Large setup violations at the end of those stages might be difficult to fix during the post-placement implementation flow and could be the result of non-optimal XDC constraints or non-optimal design architecture
Related violations: <none>

TIMING-16#924 Warning
Large setup violation  
There is a large setup violation of -7.256 ns between design_1_i/onsemi_vita_cam_0/U0/onsemi_vita_cam_v3_1_S00_AXI_inst/slv_reg5_reg[2]/C (clocked by clk_fpga_0) and design_1_i/onsemi_vita_cam_0/U0/onsemi_vita_cam_v3_1_S00_AXI_inst/onsemi_vita_cam_core_inst/vita_iserdes_v5.vita_iserdes/generate_datagen.datagen[2].db/cb/GenCntr_reg[11]/CE (clocked by vita_clk_1). Large setup violations at the end of those stages might be difficult to fix during the post-placement implementation flow and could be the result of non-optimal XDC constraints or non-optimal design architecture
Related violations: <none>

TIMING-16#925 Warning
Large setup violation  
There is a large setup violation of -7.256 ns between design_1_i/onsemi_vita_cam_0/U0/onsemi_vita_cam_v3_1_S00_AXI_inst/slv_reg5_reg[2]/C (clocked by clk_fpga_0) and design_1_i/onsemi_vita_cam_0/U0/onsemi_vita_cam_v3_1_S00_AXI_inst/onsemi_vita_cam_core_inst/vita_iserdes_v5.vita_iserdes/generate_datagen.datagen[2].db/cb/GenCntr_reg[14]/CE (clocked by vita_clk_1). Large setup violations at the end of those stages might be difficult to fix during the post-placement implementation flow and could be the result of non-optimal XDC constraints or non-optimal design architecture
Related violations: <none>

TIMING-16#926 Warning
Large setup violation  
There is a large setup violation of -7.256 ns between design_1_i/onsemi_vita_cam_0/U0/onsemi_vita_cam_v3_1_S00_AXI_inst/slv_reg5_reg[2]/C (clocked by clk_fpga_0) and design_1_i/onsemi_vita_cam_0/U0/onsemi_vita_cam_v3_1_S00_AXI_inst/onsemi_vita_cam_core_inst/vita_iserdes_v5.vita_iserdes/generate_datagen.datagen[2].db/cb/GenCntr_reg[15]/CE (clocked by vita_clk_1). Large setup violations at the end of those stages might be difficult to fix during the post-placement implementation flow and could be the result of non-optimal XDC constraints or non-optimal design architecture
Related violations: <none>

TIMING-16#927 Warning
Large setup violation  
There is a large setup violation of -7.256 ns between design_1_i/onsemi_vita_cam_0/U0/onsemi_vita_cam_v3_1_S00_AXI_inst/slv_reg5_reg[2]/C (clocked by clk_fpga_0) and design_1_i/onsemi_vita_cam_0/U0/onsemi_vita_cam_v3_1_S00_AXI_inst/onsemi_vita_cam_core_inst/vita_iserdes_v5.vita_iserdes/generate_datagen.datagen[2].db/cb/GenCntr_reg[3]/CE (clocked by vita_clk_1). Large setup violations at the end of those stages might be difficult to fix during the post-placement implementation flow and could be the result of non-optimal XDC constraints or non-optimal design architecture
Related violations: <none>

TIMING-16#928 Warning
Large setup violation  
There is a large setup violation of -7.256 ns between design_1_i/onsemi_vita_cam_0/U0/onsemi_vita_cam_v3_1_S00_AXI_inst/slv_reg5_reg[2]/C (clocked by clk_fpga_0) and design_1_i/onsemi_vita_cam_0/U0/onsemi_vita_cam_v3_1_S00_AXI_inst/onsemi_vita_cam_core_inst/vita_iserdes_v5.vita_iserdes/generate_datagen.datagen[2].db/cb/GenCntr_reg[9]/CE (clocked by vita_clk_1). Large setup violations at the end of those stages might be difficult to fix during the post-placement implementation flow and could be the result of non-optimal XDC constraints or non-optimal design architecture
Related violations: <none>

TIMING-16#929 Warning
Large setup violation  
There is a large setup violation of -7.263 ns between design_1_i/onsemi_vita_cam_0/U0/onsemi_vita_cam_v3_1_S00_AXI_inst/slv_reg5_reg[2]/C (clocked by clk_fpga_0) and design_1_i/onsemi_vita_cam_0/U0/onsemi_vita_cam_v3_1_S00_AXI_inst/onsemi_vita_cam_core_inst/vita_iserdes_v5.vita_iserdes/generate_datagen.datagen[2].db/cb/CTRL_CE_reg/D (clocked by vita_clk_1). Large setup violations at the end of those stages might be difficult to fix during the post-placement implementation flow and could be the result of non-optimal XDC constraints or non-optimal design architecture
Related violations: <none>

TIMING-16#930 Warning
Large setup violation  
There is a large setup violation of -7.265 ns between design_1_i/onsemi_vita_cam_0/U0/onsemi_vita_cam_v3_1_S00_AXI_inst/slv_reg5_reg[2]/C (clocked by clk_fpga_0) and design_1_i/onsemi_vita_cam_0/U0/onsemi_vita_cam_v3_1_S00_AXI_inst/onsemi_vita_cam_core_inst/vita_iserdes_v5.vita_iserdes/generate_datagen.datagen[2].db/cb/CTRL_INC_reg/D (clocked by vita_clk_1). Large setup violations at the end of those stages might be difficult to fix during the post-placement implementation flow and could be the result of non-optimal XDC constraints or non-optimal design architecture
Related violations: <none>

TIMING-16#931 Warning
Large setup violation  
There is a large setup violation of -7.278 ns between design_1_i/onsemi_vita_cam_0/U0/onsemi_vita_cam_v3_1_S00_AXI_inst/slv_reg5_reg[5]/C (clocked by clk_fpga_0) and design_1_i/onsemi_vita_cam_0/U0/onsemi_vita_cam_v3_1_S00_AXI_inst/onsemi_vita_cam_core_inst/vita_iserdes_v5.vita_iserdes/generate_datagen.datagen[0].db/cb/alignstate_reg[0]/CE (clocked by vita_clk_1). Large setup violations at the end of those stages might be difficult to fix during the post-placement implementation flow and could be the result of non-optimal XDC constraints or non-optimal design architecture
Related violations: <none>

TIMING-16#932 Warning
Large setup violation  
There is a large setup violation of -7.282 ns between design_1_i/onsemi_vita_cam_0/U0/onsemi_vita_cam_v3_1_S00_AXI_inst/slv_reg5_reg[4]/C (clocked by clk_fpga_0) and design_1_i/onsemi_vita_cam_0/U0/onsemi_vita_cam_v3_1_S00_AXI_inst/onsemi_vita_cam_core_inst/vita_iserdes_v5.vita_iserdes/generate_datagen.datagen[3].db/cb/GenCntr_reg[0]/CE (clocked by vita_clk_1). Large setup violations at the end of those stages might be difficult to fix during the post-placement implementation flow and could be the result of non-optimal XDC constraints or non-optimal design architecture
Related violations: <none>

TIMING-16#933 Warning
Large setup violation  
There is a large setup violation of -7.282 ns between design_1_i/onsemi_vita_cam_0/U0/onsemi_vita_cam_v3_1_S00_AXI_inst/slv_reg5_reg[4]/C (clocked by clk_fpga_0) and design_1_i/onsemi_vita_cam_0/U0/onsemi_vita_cam_v3_1_S00_AXI_inst/onsemi_vita_cam_core_inst/vita_iserdes_v5.vita_iserdes/generate_datagen.datagen[3].db/cb/GenCntr_reg[1]/CE (clocked by vita_clk_1). Large setup violations at the end of those stages might be difficult to fix during the post-placement implementation flow and could be the result of non-optimal XDC constraints or non-optimal design architecture
Related violations: <none>

TIMING-16#934 Warning
Large setup violation  
There is a large setup violation of -7.282 ns between design_1_i/onsemi_vita_cam_0/U0/onsemi_vita_cam_v3_1_S00_AXI_inst/slv_reg5_reg[4]/C (clocked by clk_fpga_0) and design_1_i/onsemi_vita_cam_0/U0/onsemi_vita_cam_v3_1_S00_AXI_inst/onsemi_vita_cam_core_inst/vita_iserdes_v5.vita_iserdes/generate_datagen.datagen[4].db/cb/CTRL_CE_reg/D (clocked by vita_clk_1). Large setup violations at the end of those stages might be difficult to fix during the post-placement implementation flow and could be the result of non-optimal XDC constraints or non-optimal design architecture
Related violations: <none>

TIMING-16#935 Warning
Large setup violation  
There is a large setup violation of -7.283 ns between design_1_i/onsemi_vita_cam_0/U0/onsemi_vita_cam_v3_1_S00_AXI_inst/slv_reg5_reg[4]/C (clocked by clk_fpga_0) and design_1_i/onsemi_vita_cam_0/U0/onsemi_vita_cam_v3_1_S00_AXI_inst/onsemi_vita_cam_core_inst/vita_iserdes_v5.vita_iserdes/generate_datagen.datagen[4].db/cb/GenCntr_reg[14]/CE (clocked by vita_clk_1). Large setup violations at the end of those stages might be difficult to fix during the post-placement implementation flow and could be the result of non-optimal XDC constraints or non-optimal design architecture
Related violations: <none>

TIMING-16#936 Warning
Large setup violation  
There is a large setup violation of -7.283 ns between design_1_i/onsemi_vita_cam_0/U0/onsemi_vita_cam_v3_1_S00_AXI_inst/slv_reg5_reg[4]/C (clocked by clk_fpga_0) and design_1_i/onsemi_vita_cam_0/U0/onsemi_vita_cam_v3_1_S00_AXI_inst/onsemi_vita_cam_core_inst/vita_iserdes_v5.vita_iserdes/generate_datagen.datagen[4].db/cb/GenCntr_reg[15]/CE (clocked by vita_clk_1). Large setup violations at the end of those stages might be difficult to fix during the post-placement implementation flow and could be the result of non-optimal XDC constraints or non-optimal design architecture
Related violations: <none>

TIMING-16#937 Warning
Large setup violation  
There is a large setup violation of -7.283 ns between design_1_i/onsemi_vita_cam_0/U0/onsemi_vita_cam_v3_1_S00_AXI_inst/slv_reg5_reg[4]/C (clocked by clk_fpga_0) and design_1_i/onsemi_vita_cam_0/U0/onsemi_vita_cam_v3_1_S00_AXI_inst/onsemi_vita_cam_core_inst/vita_iserdes_v5.vita_iserdes/generate_datagen.datagen[4].db/cb/GenCntr_reg[1]/CE (clocked by vita_clk_1). Large setup violations at the end of those stages might be difficult to fix during the post-placement implementation flow and could be the result of non-optimal XDC constraints or non-optimal design architecture
Related violations: <none>

TIMING-16#938 Warning
Large setup violation  
There is a large setup violation of -7.283 ns between design_1_i/onsemi_vita_cam_0/U0/onsemi_vita_cam_v3_1_S00_AXI_inst/slv_reg5_reg[4]/C (clocked by clk_fpga_0) and design_1_i/onsemi_vita_cam_0/U0/onsemi_vita_cam_v3_1_S00_AXI_inst/onsemi_vita_cam_core_inst/vita_iserdes_v5.vita_iserdes/generate_datagen.datagen[4].db/cb/GenCntr_reg[2]/CE (clocked by vita_clk_1). Large setup violations at the end of those stages might be difficult to fix during the post-placement implementation flow and could be the result of non-optimal XDC constraints or non-optimal design architecture
Related violations: <none>

TIMING-16#939 Warning
Large setup violation  
There is a large setup violation of -7.296 ns between design_1_i/onsemi_vita_cam_0/U0/onsemi_vita_cam_v3_1_S00_AXI_inst/slv_reg5_reg[4]/C (clocked by clk_fpga_0) and design_1_i/onsemi_vita_cam_0/U0/onsemi_vita_cam_v3_1_S00_AXI_inst/onsemi_vita_cam_core_inst/vita_iserdes_v5.vita_iserdes/generate_datagen.datagen[4].db/cb/CTRL_RESET_reg/D (clocked by vita_clk_1). Large setup violations at the end of those stages might be difficult to fix during the post-placement implementation flow and could be the result of non-optimal XDC constraints or non-optimal design architecture
Related violations: <none>

TIMING-16#940 Warning
Large setup violation  
There is a large setup violation of -7.298 ns between design_1_i/onsemi_vita_cam_0/U0/onsemi_vita_cam_v3_1_S00_AXI_inst/slv_reg5_reg[4]/C (clocked by clk_fpga_0) and design_1_i/onsemi_vita_cam_0/U0/onsemi_vita_cam_v3_1_S00_AXI_inst/onsemi_vita_cam_core_inst/vita_iserdes_v5.vita_iserdes/generate_datagen.datagen[4].db/cb/alignstate_reg[3]/CE (clocked by vita_clk_1). Large setup violations at the end of those stages might be difficult to fix during the post-placement implementation flow and could be the result of non-optimal XDC constraints or non-optimal design architecture
Related violations: <none>

TIMING-16#941 Warning
Large setup violation  
There is a large setup violation of -7.299 ns between design_1_i/onsemi_vita_cam_0/U0/onsemi_vita_cam_v3_1_S00_AXI_inst/slv_reg5_reg[2]/C (clocked by clk_fpga_0) and design_1_i/onsemi_vita_cam_0/U0/onsemi_vita_cam_v3_1_S00_AXI_inst/onsemi_vita_cam_core_inst/vita_iserdes_v5.vita_iserdes/generate_datagen.datagen[2].db/cb/alignstate_reg[0]/CE (clocked by vita_clk_1). Large setup violations at the end of those stages might be difficult to fix during the post-placement implementation flow and could be the result of non-optimal XDC constraints or non-optimal design architecture
Related violations: <none>

TIMING-16#942 Warning
Large setup violation  
There is a large setup violation of -7.299 ns between design_1_i/onsemi_vita_cam_0/U0/onsemi_vita_cam_v3_1_S00_AXI_inst/slv_reg5_reg[2]/C (clocked by clk_fpga_0) and design_1_i/onsemi_vita_cam_0/U0/onsemi_vita_cam_v3_1_S00_AXI_inst/onsemi_vita_cam_core_inst/vita_iserdes_v5.vita_iserdes/generate_datagen.datagen[2].db/cb/alignstate_reg[1]/CE (clocked by vita_clk_1). Large setup violations at the end of those stages might be difficult to fix during the post-placement implementation flow and could be the result of non-optimal XDC constraints or non-optimal design architecture
Related violations: <none>

TIMING-16#943 Warning
Large setup violation  
There is a large setup violation of -7.302 ns between design_1_i/onsemi_vita_cam_0/U0/onsemi_vita_cam_v3_1_S00_AXI_inst/slv_reg5_reg[4]/C (clocked by clk_fpga_0) and design_1_i/onsemi_vita_cam_0/U0/onsemi_vita_cam_v3_1_S00_AXI_inst/onsemi_vita_cam_core_inst/vita_iserdes_v5.vita_iserdes/generate_datagen.datagen[1].db/cb/alignstate_reg[0]/CE (clocked by vita_clk_1). Large setup violations at the end of those stages might be difficult to fix during the post-placement implementation flow and could be the result of non-optimal XDC constraints or non-optimal design architecture
Related violations: <none>

TIMING-16#944 Warning
Large setup violation  
There is a large setup violation of -7.316 ns between design_1_i/onsemi_vita_cam_0/U0/onsemi_vita_cam_v3_1_S00_AXI_inst/slv_reg5_reg[4]/C (clocked by clk_fpga_0) and design_1_i/onsemi_vita_cam_0/U0/onsemi_vita_cam_v3_1_S00_AXI_inst/onsemi_vita_cam_core_inst/vita_iserdes_v5.vita_iserdes/generate_datagen.datagen[4].db/cb/GenCntr_reg[3]/CE (clocked by vita_clk_1). Large setup violations at the end of those stages might be difficult to fix during the post-placement implementation flow and could be the result of non-optimal XDC constraints or non-optimal design architecture
Related violations: <none>

TIMING-16#945 Warning
Large setup violation  
There is a large setup violation of -7.316 ns between design_1_i/onsemi_vita_cam_0/U0/onsemi_vita_cam_v3_1_S00_AXI_inst/slv_reg5_reg[4]/C (clocked by clk_fpga_0) and design_1_i/onsemi_vita_cam_0/U0/onsemi_vita_cam_v3_1_S00_AXI_inst/onsemi_vita_cam_core_inst/vita_iserdes_v5.vita_iserdes/generate_datagen.datagen[4].db/cb/GenCntr_reg[6]/CE (clocked by vita_clk_1). Large setup violations at the end of those stages might be difficult to fix during the post-placement implementation flow and could be the result of non-optimal XDC constraints or non-optimal design architecture
Related violations: <none>

TIMING-16#946 Warning
Large setup violation  
There is a large setup violation of -7.316 ns between design_1_i/onsemi_vita_cam_0/U0/onsemi_vita_cam_v3_1_S00_AXI_inst/slv_reg5_reg[4]/C (clocked by clk_fpga_0) and design_1_i/onsemi_vita_cam_0/U0/onsemi_vita_cam_v3_1_S00_AXI_inst/onsemi_vita_cam_core_inst/vita_iserdes_v5.vita_iserdes/generate_datagen.datagen[4].db/cb/GenCntr_reg[7]/CE (clocked by vita_clk_1). Large setup violations at the end of those stages might be difficult to fix during the post-placement implementation flow and could be the result of non-optimal XDC constraints or non-optimal design architecture
Related violations: <none>

TIMING-16#947 Warning
Large setup violation  
There is a large setup violation of -7.316 ns between design_1_i/onsemi_vita_cam_0/U0/onsemi_vita_cam_v3_1_S00_AXI_inst/slv_reg5_reg[4]/C (clocked by clk_fpga_0) and design_1_i/onsemi_vita_cam_0/U0/onsemi_vita_cam_v3_1_S00_AXI_inst/onsemi_vita_cam_core_inst/vita_iserdes_v5.vita_iserdes/generate_datagen.datagen[4].db/cb/GenCntr_reg[8]/CE (clocked by vita_clk_1). Large setup violations at the end of those stages might be difficult to fix during the post-placement implementation flow and could be the result of non-optimal XDC constraints or non-optimal design architecture
Related violations: <none>

TIMING-16#948 Warning
Large setup violation  
There is a large setup violation of -7.326 ns between design_1_i/onsemi_vita_cam_0/U0/onsemi_vita_cam_v3_1_S00_AXI_inst/slv_reg5_reg[5]/C (clocked by clk_fpga_0) and design_1_i/onsemi_vita_cam_0/U0/onsemi_vita_cam_v3_1_S00_AXI_inst/onsemi_vita_cam_core_inst/vita_iserdes_v5.vita_iserdes/generate_datagen.datagen[0].db/cb/alignstate_reg[1]/CE (clocked by vita_clk_1). Large setup violations at the end of those stages might be difficult to fix during the post-placement implementation flow and could be the result of non-optimal XDC constraints or non-optimal design architecture
Related violations: <none>

TIMING-16#949 Warning
Large setup violation  
There is a large setup violation of -7.326 ns between design_1_i/onsemi_vita_cam_0/U0/onsemi_vita_cam_v3_1_S00_AXI_inst/slv_reg5_reg[5]/C (clocked by clk_fpga_0) and design_1_i/onsemi_vita_cam_0/U0/onsemi_vita_cam_v3_1_S00_AXI_inst/onsemi_vita_cam_core_inst/vita_iserdes_v5.vita_iserdes/generate_datagen.datagen[0].db/cb/alignstate_reg[2]/CE (clocked by vita_clk_1). Large setup violations at the end of those stages might be difficult to fix during the post-placement implementation flow and could be the result of non-optimal XDC constraints or non-optimal design architecture
Related violations: <none>

TIMING-16#950 Warning
Large setup violation  
There is a large setup violation of -7.326 ns between design_1_i/onsemi_vita_cam_0/U0/onsemi_vita_cam_v3_1_S00_AXI_inst/slv_reg5_reg[5]/C (clocked by clk_fpga_0) and design_1_i/onsemi_vita_cam_0/U0/onsemi_vita_cam_v3_1_S00_AXI_inst/onsemi_vita_cam_core_inst/vita_iserdes_v5.vita_iserdes/generate_datagen.datagen[0].db/cb/alignstate_reg[3]/CE (clocked by vita_clk_1). Large setup violations at the end of those stages might be difficult to fix during the post-placement implementation flow and could be the result of non-optimal XDC constraints or non-optimal design architecture
Related violations: <none>

TIMING-16#951 Warning
Large setup violation  
There is a large setup violation of -7.331 ns between design_1_i/onsemi_vita_cam_0/U0/onsemi_vita_cam_v3_1_S00_AXI_inst/slv_reg5_reg[4]/C (clocked by clk_fpga_0) and design_1_i/onsemi_vita_cam_0/U0/onsemi_vita_cam_v3_1_S00_AXI_inst/onsemi_vita_cam_core_inst/vita_iserdes_v5.vita_iserdes/generate_datagen.datagen[4].db/cb/GenCntr_reg[9]/CE (clocked by vita_clk_1). Large setup violations at the end of those stages might be difficult to fix during the post-placement implementation flow and could be the result of non-optimal XDC constraints or non-optimal design architecture
Related violations: <none>

TIMING-16#952 Warning
Large setup violation  
There is a large setup violation of -7.342 ns between design_1_i/onsemi_vita_cam_0/U0/onsemi_vita_cam_v3_1_S00_AXI_inst/slv_reg5_reg[4]/C (clocked by clk_fpga_0) and design_1_i/onsemi_vita_cam_0/U0/onsemi_vita_cam_v3_1_S00_AXI_inst/onsemi_vita_cam_core_inst/vita_iserdes_v5.vita_iserdes/generate_datagen.datagen[3].db/cb/CTRL_RESET_reg/D (clocked by vita_clk_1). Large setup violations at the end of those stages might be difficult to fix during the post-placement implementation flow and could be the result of non-optimal XDC constraints or non-optimal design architecture
Related violations: <none>

TIMING-16#953 Warning
Large setup violation  
There is a large setup violation of -7.363 ns between design_1_i/onsemi_vita_cam_0/U0/onsemi_vita_cam_v3_1_S00_AXI_inst/slv_reg5_reg[4]/C (clocked by clk_fpga_0) and design_1_i/onsemi_vita_cam_0/U0/onsemi_vita_cam_v3_1_S00_AXI_inst/onsemi_vita_cam_core_inst/vita_iserdes_v5.vita_iserdes/generate_datagen.datagen[4].db/cb/CTRL_INC_reg/D (clocked by vita_clk_1). Large setup violations at the end of those stages might be difficult to fix during the post-placement implementation flow and could be the result of non-optimal XDC constraints or non-optimal design architecture
Related violations: <none>

TIMING-16#954 Warning
Large setup violation  
There is a large setup violation of -7.392 ns between design_1_i/onsemi_vita_cam_0/U0/onsemi_vita_cam_v3_1_S00_AXI_inst/slv_reg5_reg[2]/C (clocked by clk_fpga_0) and design_1_i/onsemi_vita_cam_0/U0/onsemi_vita_cam_v3_1_S00_AXI_inst/onsemi_vita_cam_core_inst/vita_iserdes_v5.vita_iserdes/generate_datagen.datagen[2].db/cb/alignstate_reg[2]/CE (clocked by vita_clk_1). Large setup violations at the end of those stages might be difficult to fix during the post-placement implementation flow and could be the result of non-optimal XDC constraints or non-optimal design architecture
Related violations: <none>

TIMING-16#955 Warning
Large setup violation  
There is a large setup violation of -7.392 ns between design_1_i/onsemi_vita_cam_0/U0/onsemi_vita_cam_v3_1_S00_AXI_inst/slv_reg5_reg[2]/C (clocked by clk_fpga_0) and design_1_i/onsemi_vita_cam_0/U0/onsemi_vita_cam_v3_1_S00_AXI_inst/onsemi_vita_cam_core_inst/vita_iserdes_v5.vita_iserdes/generate_datagen.datagen[2].db/cb/alignstate_reg[3]/CE (clocked by vita_clk_1). Large setup violations at the end of those stages might be difficult to fix during the post-placement implementation flow and could be the result of non-optimal XDC constraints or non-optimal design architecture
Related violations: <none>

TIMING-16#956 Warning
Large setup violation  
There is a large setup violation of -7.404 ns between design_1_i/onsemi_vita_cam_0/U0/onsemi_vita_cam_v3_1_S00_AXI_inst/slv_reg5_reg[4]/C (clocked by clk_fpga_0) and design_1_i/onsemi_vita_cam_0/U0/onsemi_vita_cam_v3_1_S00_AXI_inst/onsemi_vita_cam_core_inst/vita_iserdes_v5.vita_iserdes/generate_datagen.datagen[4].db/cb/GenCntr_reg[0]/CE (clocked by vita_clk_1). Large setup violations at the end of those stages might be difficult to fix during the post-placement implementation flow and could be the result of non-optimal XDC constraints or non-optimal design architecture
Related violations: <none>

TIMING-16#957 Warning
Large setup violation  
There is a large setup violation of -7.407 ns between design_1_i/onsemi_vita_cam_0/U0/onsemi_vita_cam_v3_1_S00_AXI_inst/slv_reg5_reg[4]/C (clocked by clk_fpga_0) and design_1_i/onsemi_vita_cam_0/U0/onsemi_vita_cam_v3_1_S00_AXI_inst/onsemi_vita_cam_core_inst/vita_iserdes_v5.vita_iserdes/generate_datagen.datagen[3].db/cb/CTRL_CE_reg/D (clocked by vita_clk_1). Large setup violations at the end of those stages might be difficult to fix during the post-placement implementation flow and could be the result of non-optimal XDC constraints or non-optimal design architecture
Related violations: <none>

TIMING-16#958 Warning
Large setup violation  
There is a large setup violation of -7.409 ns between design_1_i/onsemi_vita_cam_0/U0/onsemi_vita_cam_v3_1_S00_AXI_inst/slv_reg5_reg[4]/C (clocked by clk_fpga_0) and design_1_i/onsemi_vita_cam_0/U0/onsemi_vita_cam_v3_1_S00_AXI_inst/onsemi_vita_cam_core_inst/vita_iserdes_v5.vita_iserdes/generate_datagen.datagen[3].db/cb/CTRL_INC_reg/D (clocked by vita_clk_1). Large setup violations at the end of those stages might be difficult to fix during the post-placement implementation flow and could be the result of non-optimal XDC constraints or non-optimal design architecture
Related violations: <none>

TIMING-16#959 Warning
Large setup violation  
There is a large setup violation of -7.465 ns between design_1_i/onsemi_vita_cam_0/U0/onsemi_vita_cam_v3_1_S00_AXI_inst/slv_reg5_reg[4]/C (clocked by clk_fpga_0) and design_1_i/onsemi_vita_cam_0/U0/onsemi_vita_cam_v3_1_S00_AXI_inst/onsemi_vita_cam_core_inst/vita_iserdes_v5.vita_iserdes/generate_datagen.datagen[3].db/cb/GenCntr_reg[3]/CE (clocked by vita_clk_1). Large setup violations at the end of those stages might be difficult to fix during the post-placement implementation flow and could be the result of non-optimal XDC constraints or non-optimal design architecture
Related violations: <none>

TIMING-16#960 Warning
Large setup violation  
There is a large setup violation of -7.465 ns between design_1_i/onsemi_vita_cam_0/U0/onsemi_vita_cam_v3_1_S00_AXI_inst/slv_reg5_reg[4]/C (clocked by clk_fpga_0) and design_1_i/onsemi_vita_cam_0/U0/onsemi_vita_cam_v3_1_S00_AXI_inst/onsemi_vita_cam_core_inst/vita_iserdes_v5.vita_iserdes/generate_datagen.datagen[3].db/cb/GenCntr_reg[6]/CE (clocked by vita_clk_1). Large setup violations at the end of those stages might be difficult to fix during the post-placement implementation flow and could be the result of non-optimal XDC constraints or non-optimal design architecture
Related violations: <none>

TIMING-16#961 Warning
Large setup violation  
There is a large setup violation of -7.465 ns between design_1_i/onsemi_vita_cam_0/U0/onsemi_vita_cam_v3_1_S00_AXI_inst/slv_reg5_reg[4]/C (clocked by clk_fpga_0) and design_1_i/onsemi_vita_cam_0/U0/onsemi_vita_cam_v3_1_S00_AXI_inst/onsemi_vita_cam_core_inst/vita_iserdes_v5.vita_iserdes/generate_datagen.datagen[3].db/cb/GenCntr_reg[9]/CE (clocked by vita_clk_1). Large setup violations at the end of those stages might be difficult to fix during the post-placement implementation flow and could be the result of non-optimal XDC constraints or non-optimal design architecture
Related violations: <none>

TIMING-16#962 Warning
Large setup violation  
There is a large setup violation of -7.469 ns between design_1_i/onsemi_vita_cam_0/U0/onsemi_vita_cam_v3_1_S00_AXI_inst/slv_reg5_reg[4]/C (clocked by clk_fpga_0) and design_1_i/onsemi_vita_cam_0/U0/onsemi_vita_cam_v3_1_S00_AXI_inst/onsemi_vita_cam_core_inst/vita_iserdes_v5.vita_iserdes/generate_datagen.datagen[4].db/cb/start_handshake_reg/D (clocked by vita_clk_1). Large setup violations at the end of those stages might be difficult to fix during the post-placement implementation flow and could be the result of non-optimal XDC constraints or non-optimal design architecture
Related violations: <none>

TIMING-16#963 Warning
Large setup violation  
There is a large setup violation of -7.493 ns between design_1_i/onsemi_vita_cam_0/U0/onsemi_vita_cam_v3_1_S00_AXI_inst/slv_reg23_reg[5]/C (clocked by clk_fpga_0) and design_1_i/onsemi_vita_cam_0/U0/onsemi_vita_cam_v3_1_S00_AXI_inst/onsemi_vita_cam_core_inst/framestart2_reg/D (clocked by vita_clk_1). Large setup violations at the end of those stages might be difficult to fix during the post-placement implementation flow and could be the result of non-optimal XDC constraints or non-optimal design architecture
Related violations: <none>

TIMING-16#964 Warning
Large setup violation  
There is a large setup violation of -7.498 ns between design_1_i/onsemi_vita_cam_0/U0/onsemi_vita_cam_v3_1_S00_AXI_inst/slv_reg5_reg[4]/C (clocked by clk_fpga_0) and design_1_i/onsemi_vita_cam_0/U0/onsemi_vita_cam_v3_1_S00_AXI_inst/onsemi_vita_cam_core_inst/vita_iserdes_v5.vita_iserdes/generate_datagen.datagen[3].db/cb/GenCntr_reg[10]/CE (clocked by vita_clk_1). Large setup violations at the end of those stages might be difficult to fix during the post-placement implementation flow and could be the result of non-optimal XDC constraints or non-optimal design architecture
Related violations: <none>

TIMING-16#965 Warning
Large setup violation  
There is a large setup violation of -7.498 ns between design_1_i/onsemi_vita_cam_0/U0/onsemi_vita_cam_v3_1_S00_AXI_inst/slv_reg5_reg[4]/C (clocked by clk_fpga_0) and design_1_i/onsemi_vita_cam_0/U0/onsemi_vita_cam_v3_1_S00_AXI_inst/onsemi_vita_cam_core_inst/vita_iserdes_v5.vita_iserdes/generate_datagen.datagen[3].db/cb/GenCntr_reg[11]/CE (clocked by vita_clk_1). Large setup violations at the end of those stages might be difficult to fix during the post-placement implementation flow and could be the result of non-optimal XDC constraints or non-optimal design architecture
Related violations: <none>

TIMING-16#966 Warning
Large setup violation  
There is a large setup violation of -7.498 ns between design_1_i/onsemi_vita_cam_0/U0/onsemi_vita_cam_v3_1_S00_AXI_inst/slv_reg5_reg[4]/C (clocked by clk_fpga_0) and design_1_i/onsemi_vita_cam_0/U0/onsemi_vita_cam_v3_1_S00_AXI_inst/onsemi_vita_cam_core_inst/vita_iserdes_v5.vita_iserdes/generate_datagen.datagen[3].db/cb/GenCntr_reg[12]/CE (clocked by vita_clk_1). Large setup violations at the end of those stages might be difficult to fix during the post-placement implementation flow and could be the result of non-optimal XDC constraints or non-optimal design architecture
Related violations: <none>

TIMING-16#967 Warning
Large setup violation  
There is a large setup violation of -7.498 ns between design_1_i/onsemi_vita_cam_0/U0/onsemi_vita_cam_v3_1_S00_AXI_inst/slv_reg5_reg[4]/C (clocked by clk_fpga_0) and design_1_i/onsemi_vita_cam_0/U0/onsemi_vita_cam_v3_1_S00_AXI_inst/onsemi_vita_cam_core_inst/vita_iserdes_v5.vita_iserdes/generate_datagen.datagen[3].db/cb/GenCntr_reg[13]/CE (clocked by vita_clk_1). Large setup violations at the end of those stages might be difficult to fix during the post-placement implementation flow and could be the result of non-optimal XDC constraints or non-optimal design architecture
Related violations: <none>

TIMING-16#968 Warning
Large setup violation  
There is a large setup violation of -7.498 ns between design_1_i/onsemi_vita_cam_0/U0/onsemi_vita_cam_v3_1_S00_AXI_inst/slv_reg5_reg[4]/C (clocked by clk_fpga_0) and design_1_i/onsemi_vita_cam_0/U0/onsemi_vita_cam_v3_1_S00_AXI_inst/onsemi_vita_cam_core_inst/vita_iserdes_v5.vita_iserdes/generate_datagen.datagen[3].db/cb/GenCntr_reg[14]/CE (clocked by vita_clk_1). Large setup violations at the end of those stages might be difficult to fix during the post-placement implementation flow and could be the result of non-optimal XDC constraints or non-optimal design architecture
Related violations: <none>

TIMING-16#969 Warning
Large setup violation  
There is a large setup violation of -7.498 ns between design_1_i/onsemi_vita_cam_0/U0/onsemi_vita_cam_v3_1_S00_AXI_inst/slv_reg5_reg[4]/C (clocked by clk_fpga_0) and design_1_i/onsemi_vita_cam_0/U0/onsemi_vita_cam_v3_1_S00_AXI_inst/onsemi_vita_cam_core_inst/vita_iserdes_v5.vita_iserdes/generate_datagen.datagen[3].db/cb/GenCntr_reg[15]/CE (clocked by vita_clk_1). Large setup violations at the end of those stages might be difficult to fix during the post-placement implementation flow and could be the result of non-optimal XDC constraints or non-optimal design architecture
Related violations: <none>

TIMING-16#970 Warning
Large setup violation  
There is a large setup violation of -7.498 ns between design_1_i/onsemi_vita_cam_0/U0/onsemi_vita_cam_v3_1_S00_AXI_inst/slv_reg5_reg[4]/C (clocked by clk_fpga_0) and design_1_i/onsemi_vita_cam_0/U0/onsemi_vita_cam_v3_1_S00_AXI_inst/onsemi_vita_cam_core_inst/vita_iserdes_v5.vita_iserdes/generate_datagen.datagen[3].db/cb/GenCntr_reg[2]/CE (clocked by vita_clk_1). Large setup violations at the end of those stages might be difficult to fix during the post-placement implementation flow and could be the result of non-optimal XDC constraints or non-optimal design architecture
Related violations: <none>

TIMING-16#971 Warning
Large setup violation  
There is a large setup violation of -7.498 ns between design_1_i/onsemi_vita_cam_0/U0/onsemi_vita_cam_v3_1_S00_AXI_inst/slv_reg5_reg[4]/C (clocked by clk_fpga_0) and design_1_i/onsemi_vita_cam_0/U0/onsemi_vita_cam_v3_1_S00_AXI_inst/onsemi_vita_cam_core_inst/vita_iserdes_v5.vita_iserdes/generate_datagen.datagen[3].db/cb/GenCntr_reg[4]/CE (clocked by vita_clk_1). Large setup violations at the end of those stages might be difficult to fix during the post-placement implementation flow and could be the result of non-optimal XDC constraints or non-optimal design architecture
Related violations: <none>

TIMING-16#972 Warning
Large setup violation  
There is a large setup violation of -7.498 ns between design_1_i/onsemi_vita_cam_0/U0/onsemi_vita_cam_v3_1_S00_AXI_inst/slv_reg5_reg[4]/C (clocked by clk_fpga_0) and design_1_i/onsemi_vita_cam_0/U0/onsemi_vita_cam_v3_1_S00_AXI_inst/onsemi_vita_cam_core_inst/vita_iserdes_v5.vita_iserdes/generate_datagen.datagen[3].db/cb/GenCntr_reg[5]/CE (clocked by vita_clk_1). Large setup violations at the end of those stages might be difficult to fix during the post-placement implementation flow and could be the result of non-optimal XDC constraints or non-optimal design architecture
Related violations: <none>

TIMING-16#973 Warning
Large setup violation  
There is a large setup violation of -7.498 ns between design_1_i/onsemi_vita_cam_0/U0/onsemi_vita_cam_v3_1_S00_AXI_inst/slv_reg5_reg[4]/C (clocked by clk_fpga_0) and design_1_i/onsemi_vita_cam_0/U0/onsemi_vita_cam_v3_1_S00_AXI_inst/onsemi_vita_cam_core_inst/vita_iserdes_v5.vita_iserdes/generate_datagen.datagen[3].db/cb/GenCntr_reg[7]/CE (clocked by vita_clk_1). Large setup violations at the end of those stages might be difficult to fix during the post-placement implementation flow and could be the result of non-optimal XDC constraints or non-optimal design architecture
Related violations: <none>

TIMING-16#974 Warning
Large setup violation  
There is a large setup violation of -7.498 ns between design_1_i/onsemi_vita_cam_0/U0/onsemi_vita_cam_v3_1_S00_AXI_inst/slv_reg5_reg[4]/C (clocked by clk_fpga_0) and design_1_i/onsemi_vita_cam_0/U0/onsemi_vita_cam_v3_1_S00_AXI_inst/onsemi_vita_cam_core_inst/vita_iserdes_v5.vita_iserdes/generate_datagen.datagen[3].db/cb/GenCntr_reg[8]/CE (clocked by vita_clk_1). Large setup violations at the end of those stages might be difficult to fix during the post-placement implementation flow and could be the result of non-optimal XDC constraints or non-optimal design architecture
Related violations: <none>

TIMING-16#975 Warning
Large setup violation  
There is a large setup violation of -7.513 ns between design_1_i/onsemi_vita_cam_0/U0/onsemi_vita_cam_v3_1_S00_AXI_inst/slv_reg23_reg[5]/C (clocked by clk_fpga_0) and design_1_i/onsemi_vita_cam_0/U0/onsemi_vita_cam_v3_1_S00_AXI_inst/onsemi_vita_cam_core_inst/framestart_active_reg/D (clocked by vita_clk_1). Large setup violations at the end of those stages might be difficult to fix during the post-placement implementation flow and could be the result of non-optimal XDC constraints or non-optimal design architecture
Related violations: <none>

TIMING-16#976 Warning
Large setup violation  
There is a large setup violation of -7.588 ns between design_1_i/onsemi_vita_cam_0/U0/onsemi_vita_cam_v3_1_S00_AXI_inst/slv_reg5_reg[4]/C (clocked by clk_fpga_0) and design_1_i/onsemi_vita_cam_0/U0/onsemi_vita_cam_v3_1_S00_AXI_inst/onsemi_vita_cam_core_inst/vita_iserdes_v5.vita_iserdes/generate_datagen.datagen[3].db/cb/alignstate_reg[1]/CE (clocked by vita_clk_1). Large setup violations at the end of those stages might be difficult to fix during the post-placement implementation flow and could be the result of non-optimal XDC constraints or non-optimal design architecture
Related violations: <none>

TIMING-16#977 Warning
Large setup violation  
There is a large setup violation of -7.624 ns between design_1_i/onsemi_vita_cam_0/U0/onsemi_vita_cam_v3_1_S00_AXI_inst/slv_reg5_reg[4]/C (clocked by clk_fpga_0) and design_1_i/onsemi_vita_cam_0/U0/onsemi_vita_cam_v3_1_S00_AXI_inst/onsemi_vita_cam_core_inst/vita_iserdes_v5.vita_iserdes/generate_datagen.datagen[3].db/cb/alignstate_reg[2]/CE (clocked by vita_clk_1). Large setup violations at the end of those stages might be difficult to fix during the post-placement implementation flow and could be the result of non-optimal XDC constraints or non-optimal design architecture
Related violations: <none>

TIMING-16#978 Warning
Large setup violation  
There is a large setup violation of -7.624 ns between design_1_i/onsemi_vita_cam_0/U0/onsemi_vita_cam_v3_1_S00_AXI_inst/slv_reg5_reg[4]/C (clocked by clk_fpga_0) and design_1_i/onsemi_vita_cam_0/U0/onsemi_vita_cam_v3_1_S00_AXI_inst/onsemi_vita_cam_core_inst/vita_iserdes_v5.vita_iserdes/generate_datagen.datagen[3].db/cb/alignstate_reg[3]/CE (clocked by vita_clk_1). Large setup violations at the end of those stages might be difficult to fix during the post-placement implementation flow and could be the result of non-optimal XDC constraints or non-optimal design architecture
Related violations: <none>

TIMING-16#979 Warning
Large setup violation  
There is a large setup violation of -7.639 ns between design_1_i/onsemi_vita_cam_0/U0/onsemi_vita_cam_v3_1_S00_AXI_inst/slv_reg5_reg[5]/C (clocked by clk_fpga_0) and design_1_i/onsemi_vita_cam_0/U0/onsemi_vita_cam_v3_1_S00_AXI_inst/onsemi_vita_cam_core_inst/vita_iserdes_v5.vita_iserdes/generate_datagen.datagen[0].db/cb/GenCntr_reg[10]/CE (clocked by vita_clk_1). Large setup violations at the end of those stages might be difficult to fix during the post-placement implementation flow and could be the result of non-optimal XDC constraints or non-optimal design architecture
Related violations: <none>

TIMING-16#980 Warning
Large setup violation  
There is a large setup violation of -7.639 ns between design_1_i/onsemi_vita_cam_0/U0/onsemi_vita_cam_v3_1_S00_AXI_inst/slv_reg5_reg[5]/C (clocked by clk_fpga_0) and design_1_i/onsemi_vita_cam_0/U0/onsemi_vita_cam_v3_1_S00_AXI_inst/onsemi_vita_cam_core_inst/vita_iserdes_v5.vita_iserdes/generate_datagen.datagen[0].db/cb/GenCntr_reg[11]/CE (clocked by vita_clk_1). Large setup violations at the end of those stages might be difficult to fix during the post-placement implementation flow and could be the result of non-optimal XDC constraints or non-optimal design architecture
Related violations: <none>

TIMING-16#981 Warning
Large setup violation  
There is a large setup violation of -7.639 ns between design_1_i/onsemi_vita_cam_0/U0/onsemi_vita_cam_v3_1_S00_AXI_inst/slv_reg5_reg[5]/C (clocked by clk_fpga_0) and design_1_i/onsemi_vita_cam_0/U0/onsemi_vita_cam_v3_1_S00_AXI_inst/onsemi_vita_cam_core_inst/vita_iserdes_v5.vita_iserdes/generate_datagen.datagen[0].db/cb/GenCntr_reg[1]/CE (clocked by vita_clk_1). Large setup violations at the end of those stages might be difficult to fix during the post-placement implementation flow and could be the result of non-optimal XDC constraints or non-optimal design architecture
Related violations: <none>

TIMING-16#982 Warning
Large setup violation  
There is a large setup violation of -7.639 ns between design_1_i/onsemi_vita_cam_0/U0/onsemi_vita_cam_v3_1_S00_AXI_inst/slv_reg5_reg[5]/C (clocked by clk_fpga_0) and design_1_i/onsemi_vita_cam_0/U0/onsemi_vita_cam_v3_1_S00_AXI_inst/onsemi_vita_cam_core_inst/vita_iserdes_v5.vita_iserdes/generate_datagen.datagen[0].db/cb/GenCntr_reg[4]/CE (clocked by vita_clk_1). Large setup violations at the end of those stages might be difficult to fix during the post-placement implementation flow and could be the result of non-optimal XDC constraints or non-optimal design architecture
Related violations: <none>

TIMING-16#983 Warning
Large setup violation  
There is a large setup violation of -7.639 ns between design_1_i/onsemi_vita_cam_0/U0/onsemi_vita_cam_v3_1_S00_AXI_inst/slv_reg5_reg[5]/C (clocked by clk_fpga_0) and design_1_i/onsemi_vita_cam_0/U0/onsemi_vita_cam_v3_1_S00_AXI_inst/onsemi_vita_cam_core_inst/vita_iserdes_v5.vita_iserdes/generate_datagen.datagen[0].db/cb/GenCntr_reg[9]/CE (clocked by vita_clk_1). Large setup violations at the end of those stages might be difficult to fix during the post-placement implementation flow and could be the result of non-optimal XDC constraints or non-optimal design architecture
Related violations: <none>

TIMING-16#984 Warning
Large setup violation  
There is a large setup violation of -7.647 ns between design_1_i/onsemi_vita_cam_0/U0/onsemi_vita_cam_v3_1_S00_AXI_inst/slv_reg5_reg[5]/C (clocked by clk_fpga_0) and design_1_i/onsemi_vita_cam_0/U0/onsemi_vita_cam_v3_1_S00_AXI_inst/onsemi_vita_cam_core_inst/vita_iserdes_v5.vita_iserdes/generate_datagen.datagen[0].db/cb/GenCntr_reg[7]/CE (clocked by vita_clk_1). Large setup violations at the end of those stages might be difficult to fix during the post-placement implementation flow and could be the result of non-optimal XDC constraints or non-optimal design architecture
Related violations: <none>

TIMING-16#985 Warning
Large setup violation  
There is a large setup violation of -7.648 ns between design_1_i/onsemi_vita_cam_0/U0/onsemi_vita_cam_v3_1_S00_AXI_inst/slv_reg5_reg[5]/C (clocked by clk_fpga_0) and design_1_i/onsemi_vita_cam_0/U0/onsemi_vita_cam_v3_1_S00_AXI_inst/onsemi_vita_cam_core_inst/vita_iserdes_v5.vita_iserdes/generate_datagen.datagen[0].db/cb/GenCntr_reg[0]/CE (clocked by vita_clk_1). Large setup violations at the end of those stages might be difficult to fix during the post-placement implementation flow and could be the result of non-optimal XDC constraints or non-optimal design architecture
Related violations: <none>

TIMING-16#986 Warning
Large setup violation  
There is a large setup violation of -7.648 ns between design_1_i/onsemi_vita_cam_0/U0/onsemi_vita_cam_v3_1_S00_AXI_inst/slv_reg5_reg[5]/C (clocked by clk_fpga_0) and design_1_i/onsemi_vita_cam_0/U0/onsemi_vita_cam_v3_1_S00_AXI_inst/onsemi_vita_cam_core_inst/vita_iserdes_v5.vita_iserdes/generate_datagen.datagen[0].db/cb/GenCntr_reg[14]/CE (clocked by vita_clk_1). Large setup violations at the end of those stages might be difficult to fix during the post-placement implementation flow and could be the result of non-optimal XDC constraints or non-optimal design architecture
Related violations: <none>

TIMING-16#987 Warning
Large setup violation  
There is a large setup violation of -7.648 ns between design_1_i/onsemi_vita_cam_0/U0/onsemi_vita_cam_v3_1_S00_AXI_inst/slv_reg5_reg[5]/C (clocked by clk_fpga_0) and design_1_i/onsemi_vita_cam_0/U0/onsemi_vita_cam_v3_1_S00_AXI_inst/onsemi_vita_cam_core_inst/vita_iserdes_v5.vita_iserdes/generate_datagen.datagen[0].db/cb/GenCntr_reg[15]/CE (clocked by vita_clk_1). Large setup violations at the end of those stages might be difficult to fix during the post-placement implementation flow and could be the result of non-optimal XDC constraints or non-optimal design architecture
Related violations: <none>

TIMING-16#988 Warning
Large setup violation  
There is a large setup violation of -7.648 ns between design_1_i/onsemi_vita_cam_0/U0/onsemi_vita_cam_v3_1_S00_AXI_inst/slv_reg5_reg[5]/C (clocked by clk_fpga_0) and design_1_i/onsemi_vita_cam_0/U0/onsemi_vita_cam_v3_1_S00_AXI_inst/onsemi_vita_cam_core_inst/vita_iserdes_v5.vita_iserdes/generate_datagen.datagen[0].db/cb/GenCntr_reg[5]/CE (clocked by vita_clk_1). Large setup violations at the end of those stages might be difficult to fix during the post-placement implementation flow and could be the result of non-optimal XDC constraints or non-optimal design architecture
Related violations: <none>

TIMING-16#989 Warning
Large setup violation  
There is a large setup violation of -7.648 ns between design_1_i/onsemi_vita_cam_0/U0/onsemi_vita_cam_v3_1_S00_AXI_inst/slv_reg5_reg[5]/C (clocked by clk_fpga_0) and design_1_i/onsemi_vita_cam_0/U0/onsemi_vita_cam_v3_1_S00_AXI_inst/onsemi_vita_cam_core_inst/vita_iserdes_v5.vita_iserdes/generate_datagen.datagen[0].db/cb/GenCntr_reg[8]/CE (clocked by vita_clk_1). Large setup violations at the end of those stages might be difficult to fix during the post-placement implementation flow and could be the result of non-optimal XDC constraints or non-optimal design architecture
Related violations: <none>

TIMING-16#990 Warning
Large setup violation  
There is a large setup violation of -7.669 ns between design_1_i/onsemi_vita_cam_0/U0/onsemi_vita_cam_v3_1_S00_AXI_inst/slv_reg5_reg[5]/C (clocked by clk_fpga_0) and design_1_i/onsemi_vita_cam_0/U0/onsemi_vita_cam_v3_1_S00_AXI_inst/onsemi_vita_cam_core_inst/vita_iserdes_v5.vita_iserdes/generate_datagen.datagen[0].db/cb/GenCntr_reg[12]/CE (clocked by vita_clk_1). Large setup violations at the end of those stages might be difficult to fix during the post-placement implementation flow and could be the result of non-optimal XDC constraints or non-optimal design architecture
Related violations: <none>

TIMING-16#991 Warning
Large setup violation  
There is a large setup violation of -7.669 ns between design_1_i/onsemi_vita_cam_0/U0/onsemi_vita_cam_v3_1_S00_AXI_inst/slv_reg5_reg[5]/C (clocked by clk_fpga_0) and design_1_i/onsemi_vita_cam_0/U0/onsemi_vita_cam_v3_1_S00_AXI_inst/onsemi_vita_cam_core_inst/vita_iserdes_v5.vita_iserdes/generate_datagen.datagen[0].db/cb/GenCntr_reg[13]/CE (clocked by vita_clk_1). Large setup violations at the end of those stages might be difficult to fix during the post-placement implementation flow and could be the result of non-optimal XDC constraints or non-optimal design architecture
Related violations: <none>

TIMING-16#992 Warning
Large setup violation  
There is a large setup violation of -7.669 ns between design_1_i/onsemi_vita_cam_0/U0/onsemi_vita_cam_v3_1_S00_AXI_inst/slv_reg5_reg[5]/C (clocked by clk_fpga_0) and design_1_i/onsemi_vita_cam_0/U0/onsemi_vita_cam_v3_1_S00_AXI_inst/onsemi_vita_cam_core_inst/vita_iserdes_v5.vita_iserdes/generate_datagen.datagen[0].db/cb/GenCntr_reg[2]/CE (clocked by vita_clk_1). Large setup violations at the end of those stages might be difficult to fix during the post-placement implementation flow and could be the result of non-optimal XDC constraints or non-optimal design architecture
Related violations: <none>

TIMING-16#993 Warning
Large setup violation  
There is a large setup violation of -7.669 ns between design_1_i/onsemi_vita_cam_0/U0/onsemi_vita_cam_v3_1_S00_AXI_inst/slv_reg5_reg[5]/C (clocked by clk_fpga_0) and design_1_i/onsemi_vita_cam_0/U0/onsemi_vita_cam_v3_1_S00_AXI_inst/onsemi_vita_cam_core_inst/vita_iserdes_v5.vita_iserdes/generate_datagen.datagen[0].db/cb/GenCntr_reg[3]/CE (clocked by vita_clk_1). Large setup violations at the end of those stages might be difficult to fix during the post-placement implementation flow and could be the result of non-optimal XDC constraints or non-optimal design architecture
Related violations: <none>

TIMING-16#994 Warning
Large setup violation  
There is a large setup violation of -7.669 ns between design_1_i/onsemi_vita_cam_0/U0/onsemi_vita_cam_v3_1_S00_AXI_inst/slv_reg5_reg[5]/C (clocked by clk_fpga_0) and design_1_i/onsemi_vita_cam_0/U0/onsemi_vita_cam_v3_1_S00_AXI_inst/onsemi_vita_cam_core_inst/vita_iserdes_v5.vita_iserdes/generate_datagen.datagen[0].db/cb/GenCntr_reg[6]/CE (clocked by vita_clk_1). Large setup violations at the end of those stages might be difficult to fix during the post-placement implementation flow and could be the result of non-optimal XDC constraints or non-optimal design architecture
Related violations: <none>

TIMING-16#995 Warning
Large setup violation  
There is a large setup violation of -7.758 ns between design_1_i/onsemi_vita_cam_0/U0/onsemi_vita_cam_v3_1_S00_AXI_inst/slv_reg5_reg[4]/C (clocked by clk_fpga_0) and design_1_i/onsemi_vita_cam_0/U0/onsemi_vita_cam_v3_1_S00_AXI_inst/onsemi_vita_cam_core_inst/vita_iserdes_v5.vita_iserdes/generate_datagen.datagen[3].db/cb/alignstate_reg[0]/CE (clocked by vita_clk_1). Large setup violations at the end of those stages might be difficult to fix during the post-placement implementation flow and could be the result of non-optimal XDC constraints or non-optimal design architecture
Related violations: <none>

TIMING-16#996 Warning
Large setup violation  
There is a large setup violation of -9.409 ns between design_1_i/onsemi_vita_cam_0/U0/onsemi_vita_cam_v3_1_S00_AXI_inst/slv_reg24_reg[18]/C (clocked by clk_fpga_0) and design_1_i/onsemi_vita_cam_0/U0/onsemi_vita_cam_v3_1_S00_AXI_inst/onsemi_vita_cam_core_inst/syncgen_l/HSyncDone_s_reg/D (clocked by clk_out1_design_1_clk_wiz_0_0_1). Large setup violations at the end of those stages might be difficult to fix during the post-placement implementation flow and could be the result of non-optimal XDC constraints or non-optimal design architecture
Related violations: <none>

TIMING-16#997 Warning
Large setup violation  
There is a large setup violation of -9.566 ns between design_1_i/onsemi_vita_cam_0/U0/onsemi_vita_cam_v3_1_S00_AXI_inst/slv_reg26_reg[4]/C (clocked by clk_fpga_0) and design_1_i/onsemi_vita_cam_0/U0/onsemi_vita_cam_v3_1_S00_AXI_inst/onsemi_vita_cam_core_inst/syncgen_l/VBlankA1_s_reg/D (clocked by clk_out1_design_1_clk_wiz_0_0_1). Large setup violations at the end of those stages might be difficult to fix during the post-placement implementation flow and could be the result of non-optimal XDC constraints or non-optimal design architecture
Related violations: <none>

TIMING-16#998 Warning
Large setup violation  
There is a large setup violation of -9.668 ns between design_1_i/onsemi_vita_cam_0/U0/onsemi_vita_cam_v3_1_S00_AXI_inst/slv_reg24_reg[6]/C (clocked by clk_fpga_0) and design_1_i/onsemi_vita_cam_0/U0/onsemi_vita_cam_v3_1_S00_AXI_inst/onsemi_vita_cam_core_inst/syncgen_l/FSM_sequential_HSyncState_s_reg[1]/D (clocked by clk_out1_design_1_clk_wiz_0_0_1). Large setup violations at the end of those stages might be difficult to fix during the post-placement implementation flow and could be the result of non-optimal XDC constraints or non-optimal design architecture
Related violations: <none>

TIMING-16#999 Warning
Large setup violation  
There is a large setup violation of -9.831 ns between design_1_i/onsemi_vita_cam_0/U0/onsemi_vita_cam_v3_1_S00_AXI_inst/slv_reg27_reg[2]/C (clocked by clk_fpga_0) and design_1_i/onsemi_vita_cam_0/U0/onsemi_vita_cam_v3_1_S00_AXI_inst/onsemi_vita_cam_core_inst/syncgen_l/VSyncA1_s_reg/D (clocked by clk_out1_design_1_clk_wiz_0_0_1). Large setup violations at the end of those stages might be difficult to fix during the post-placement implementation flow and could be the result of non-optimal XDC constraints or non-optimal design architecture
Related violations: <none>

TIMING-16#1000 Warning
Large setup violation  
There is a large setup violation of -9.960 ns between design_1_i/onsemi_vita_cam_0/U0/onsemi_vita_cam_v3_1_S00_AXI_inst/slv_reg24_reg[18]/C (clocked by clk_fpga_0) and design_1_i/onsemi_vita_cam_0/U0/onsemi_vita_cam_v3_1_S00_AXI_inst/onsemi_vita_cam_core_inst/syncgen_l/FSM_sequential_HSyncState_s_reg[0]/D (clocked by clk_out1_design_1_clk_wiz_0_0_1). Large setup violations at the end of those stages might be difficult to fix during the post-placement implementation flow and could be the result of non-optimal XDC constraints or non-optimal design architecture
Related violations: <none>

TIMING-18#1 Warning
Missing input or output delay  
An input delay is missing on IO_HDMII_spdif relative to clock(s) video_clk
Related violations: <none>

TIMING-18#2 Warning
Missing input or output delay  
An input delay is missing on IO_VITA_CAM_data_n[0] relative to clock(s) vita_ser_clk
Related violations: <none>

TIMING-18#3 Warning
Missing input or output delay  
An input delay is missing on IO_VITA_CAM_data_n[1] relative to clock(s) vita_ser_clk
Related violations: <none>

TIMING-18#4 Warning
Missing input or output delay  
An input delay is missing on IO_VITA_CAM_data_n[2] relative to clock(s) vita_ser_clk
Related violations: <none>

TIMING-18#5 Warning
Missing input or output delay  
An input delay is missing on IO_VITA_CAM_data_n[3] relative to clock(s) vita_ser_clk
Related violations: <none>

TIMING-18#6 Warning
Missing input or output delay  
An input delay is missing on IO_VITA_CAM_data_p[0] relative to clock(s) vita_ser_clk
Related violations: <none>

TIMING-18#7 Warning
Missing input or output delay  
An input delay is missing on IO_VITA_CAM_data_p[1] relative to clock(s) vita_ser_clk
Related violations: <none>

TIMING-18#8 Warning
Missing input or output delay  
An input delay is missing on IO_VITA_CAM_data_p[2] relative to clock(s) vita_ser_clk
Related violations: <none>

TIMING-18#9 Warning
Missing input or output delay  
An input delay is missing on IO_VITA_CAM_data_p[3] relative to clock(s) vita_ser_clk
Related violations: <none>

TIMING-18#10 Warning
Missing input or output delay  
An input delay is missing on IO_VITA_CAM_sync_n relative to clock(s) vita_ser_clk
Related violations: <none>

TIMING-18#11 Warning
Missing input or output delay  
An input delay is missing on IO_VITA_CAM_sync_p relative to clock(s) vita_ser_clk
Related violations: <none>

TIMING-18#12 Warning
Missing input or output delay  
An input delay is missing on IO_VITA_SPI_spi_miso relative to clock(s) clk_fpga_0
Related violations: <none>

TIMING-18#13 Warning
Missing input or output delay  
An input delay is missing on fmc_imageon_iic_scl_io relative to clock(s) clk_fpga_0
Related violations: <none>

TIMING-18#14 Warning
Missing input or output delay  
An input delay is missing on fmc_imageon_iic_sda_io relative to clock(s) clk_fpga_0
Related violations: <none>

TIMING-18#15 Warning
Missing input or output delay  
An input delay is missing on fmc_ipmi_id_eeprom_scl_io relative to clock(s) clk_fpga_0
Related violations: <none>

TIMING-18#16 Warning
Missing input or output delay  
An input delay is missing on fmc_ipmi_id_eeprom_sda_io relative to clock(s) clk_fpga_0
Related violations: <none>

TIMING-18#17 Warning
Missing input or output delay  
An output delay is missing on IO_HDMIO_clk relative to clock(s) video_clk
Related violations: <none>

TIMING-18#18 Warning
Missing input or output delay  
An output delay is missing on IO_HDMIO_data[0] relative to clock(s) video_clk
Related violations: <none>

TIMING-18#19 Warning
Missing input or output delay  
An output delay is missing on IO_HDMIO_data[10] relative to clock(s) video_clk
Related violations: <none>

TIMING-18#20 Warning
Missing input or output delay  
An output delay is missing on IO_HDMIO_data[11] relative to clock(s) video_clk
Related violations: <none>

TIMING-18#21 Warning
Missing input or output delay  
An output delay is missing on IO_HDMIO_data[12] relative to clock(s) video_clk
Related violations: <none>

TIMING-18#22 Warning
Missing input or output delay  
An output delay is missing on IO_HDMIO_data[13] relative to clock(s) video_clk
Related violations: <none>

TIMING-18#23 Warning
Missing input or output delay  
An output delay is missing on IO_HDMIO_data[14] relative to clock(s) video_clk
Related violations: <none>

TIMING-18#24 Warning
Missing input or output delay  
An output delay is missing on IO_HDMIO_data[15] relative to clock(s) video_clk
Related violations: <none>

TIMING-18#25 Warning
Missing input or output delay  
An output delay is missing on IO_HDMIO_data[1] relative to clock(s) video_clk
Related violations: <none>

TIMING-18#26 Warning
Missing input or output delay  
An output delay is missing on IO_HDMIO_data[2] relative to clock(s) video_clk
Related violations: <none>

TIMING-18#27 Warning
Missing input or output delay  
An output delay is missing on IO_HDMIO_data[3] relative to clock(s) video_clk
Related violations: <none>

TIMING-18#28 Warning
Missing input or output delay  
An output delay is missing on IO_HDMIO_data[4] relative to clock(s) video_clk
Related violations: <none>

TIMING-18#29 Warning
Missing input or output delay  
An output delay is missing on IO_HDMIO_data[5] relative to clock(s) video_clk
Related violations: <none>

TIMING-18#30 Warning
Missing input or output delay  
An output delay is missing on IO_HDMIO_data[6] relative to clock(s) video_clk
Related violations: <none>

TIMING-18#31 Warning
Missing input or output delay  
An output delay is missing on IO_HDMIO_data[7] relative to clock(s) video_clk
Related violations: <none>

TIMING-18#32 Warning
Missing input or output delay  
An output delay is missing on IO_HDMIO_data[8] relative to clock(s) video_clk
Related violations: <none>

TIMING-18#33 Warning
Missing input or output delay  
An output delay is missing on IO_HDMIO_data[9] relative to clock(s) video_clk
Related violations: <none>

TIMING-18#34 Warning
Missing input or output delay  
An output delay is missing on IO_HDMIO_spdif relative to clock(s) video_clk
Related violations: <none>

TIMING-18#35 Warning
Missing input or output delay  
An output delay is missing on IO_VITA_CAM_reset_n relative to clock(s) clk_fpga_0
Related violations: <none>

TIMING-18#36 Warning
Missing input or output delay  
An output delay is missing on IO_VITA_SPI_spi_mosi relative to clock(s) clk_fpga_0
Related violations: <none>

TIMING-18#37 Warning
Missing input or output delay  
An output delay is missing on IO_VITA_SPI_spi_sclk relative to clock(s) clk_fpga_0
Related violations: <none>

TIMING-18#38 Warning
Missing input or output delay  
An output delay is missing on IO_VITA_SPI_spi_ssel_n relative to clock(s) clk_fpga_0
Related violations: <none>

TIMING-18#39 Warning
Missing input or output delay  
An output delay is missing on fmc_imageon_iic_rst_n[0] relative to clock(s) clk_fpga_0
Related violations: <none>

XDCC-7#1 Warning
Scoped Clock constraint overwritten on the same source  
A new clock constraint create_clock overrides a previous scoped clock constraint defined on the same source. It is not recommended to override a scoped (typically an IP) clock constraint and could result in unexpected behaviors.
New: create_clock -period 6.734 -name video_clk [get_ports fmc_imageon_vclk] (Source: C:/Users/jaxie963/Temp/cpre488-mp2/project_1/project_1.srcs/constrs_1/imports/fmc_imageon_gs/zedboard_fmc_imageon_gs.xdc (Line: 151))
Previous: create_clock -period 6.734 [get_ports fmc_imageon_vclk] (Source: c:/Users/jaxie963/Temp/cpre488-mp2/project_1/project_1.srcs/sources_1/bd/design_1/ip/design_1_clk_wiz_0_0/design_1_clk_wiz_0_0.xdc (Line: 56))
Related violations: <none>


