Copyright 1986-2020 Xilinx, Inc. All Rights Reserved.
---------------------------------------------------------------------------------------------------------------------------------------------------------------------------------
| Tool Version : Vivado v.2020.1 (win64) Build 2902540 Wed May 27 19:54:49 MDT 2020
| Date         : Mon Mar 10 00:13:24 2025
| Host         : CO2041-04 running 64-bit major release  (build 9200)
| Command      : report_bus_skew -warn_on_violation -file design_1_wrapper_bus_skew_routed.rpt -pb design_1_wrapper_bus_skew_routed.pb -rpx design_1_wrapper_bus_skew_routed.rpx
| Design       : design_1_wrapper
| Device       : 7z020-clg484
| Speed File   : -1  PRODUCTION 1.12 2019-11-22
---------------------------------------------------------------------------------------------------------------------------------------------------------------------------------

Bus Skew Report

Table of Contents
-----------------
1. Bus Skew Report Summary
2. Bus Skew Report Per Constraint

1. Bus Skew Report Summary
--------------------------

Id  Position  From                            To                              Corner  Requirement(ns)  Actual(ns)  Slack(ns)
--  --------  ------------------------------  ------------------------------  ------  ---------------  ----------  ---------
1   76        [get_cells [list {design_1_i/onsemi_vita_cam_0/U0/onsemi_vita_cam_v3_1_S00_AXI_inst/onsemi_vita_cam_core_inst/framestart2_regen_l/pulse_regen_l/gnuram_async_fifo.xpm_fifo_base_inst/gen_cdc_pntr.rd_pntr_cdc_inst/src_gray_ff_reg[0]} {design_1_i/onsemi_vita_cam_0/U0/onsemi_vita_cam_v3_1_S00_AXI_inst/onsemi_vita_cam_core_inst/framestart2_regen_l/pulse_regen_l/gnuram_async_fifo.xpm_fifo_base_inst/gen_cdc_pntr.rd_pntr_cdc_inst/src_gray_ff_reg[1]} {design_1_i/onsemi_vita_cam_0/U0/onsemi_vita_cam_v3_1_S00_AXI_inst/onsemi_vita_cam_core_inst/framestart2_regen_l/pulse_regen_l/gnuram_async_fifo.xpm_fifo_base_inst/gen_cdc_pntr.rd_pntr_cdc_inst/src_gray_ff_reg[2]} {design_1_i/onsemi_vita_cam_0/U0/onsemi_vita_cam_v3_1_S00_AXI_inst/onsemi_vita_cam_core_inst/framestart2_regen_l/pulse_regen_l/gnuram_async_fifo.xpm_fifo_base_inst/gen_cdc_pntr.rd_pntr_cdc_inst/src_gray_ff_reg[3]}]]
                                              [get_cells [list {design_1_i/onsemi_vita_cam_0/U0/onsemi_vita_cam_v3_1_S00_AXI_inst/onsemi_vita_cam_core_inst/framestart2_regen_l/pulse_regen_l/gnuram_async_fifo.xpm_fifo_base_inst/gen_cdc_pntr.rd_pntr_cdc_inst/dest_graysync_ff_reg[0][0]} {design_1_i/onsemi_vita_cam_0/U0/onsemi_vita_cam_v3_1_S00_AXI_inst/onsemi_vita_cam_core_inst/framestart2_regen_l/pulse_regen_l/gnuram_async_fifo.xpm_fifo_base_inst/gen_cdc_pntr.rd_pntr_cdc_inst/dest_graysync_ff_reg[0][1]} {design_1_i/onsemi_vita_cam_0/U0/onsemi_vita_cam_v3_1_S00_AXI_inst/onsemi_vita_cam_core_inst/framestart2_regen_l/pulse_regen_l/gnuram_async_fifo.xpm_fifo_base_inst/gen_cdc_pntr.rd_pntr_cdc_inst/dest_graysync_ff_reg[0][2]} {design_1_i/onsemi_vita_cam_0/U0/onsemi_vita_cam_v3_1_S00_AXI_inst/onsemi_vita_cam_core_inst/framestart2_regen_l/pulse_regen_l/gnuram_async_fifo.xpm_fifo_base_inst/gen_cdc_pntr.rd_pntr_cdc_inst/dest_graysync_ff_reg[0][3]}]]
                                                                              Slow              6.734       0.701      6.033
2   78        [get_cells [list {design_1_i/onsemi_vita_cam_0/U0/onsemi_vita_cam_v3_1_S00_AXI_inst/onsemi_vita_cam_core_inst/framestart2_regen_l/pulse_regen_l/gnuram_async_fifo.xpm_fifo_base_inst/gen_cdc_pntr.wr_pntr_cdc_inst/src_gray_ff_reg[0]} {design_1_i/onsemi_vita_cam_0/U0/onsemi_vita_cam_v3_1_S00_AXI_inst/onsemi_vita_cam_core_inst/framestart2_regen_l/pulse_regen_l/gnuram_async_fifo.xpm_fifo_base_inst/gen_cdc_pntr.wr_pntr_cdc_inst/src_gray_ff_reg[1]} {design_1_i/onsemi_vita_cam_0/U0/onsemi_vita_cam_v3_1_S00_AXI_inst/onsemi_vita_cam_core_inst/framestart2_regen_l/pulse_regen_l/gnuram_async_fifo.xpm_fifo_base_inst/gen_cdc_pntr.wr_pntr_cdc_inst/src_gray_ff_reg[2]} {design_1_i/onsemi_vita_cam_0/U0/onsemi_vita_cam_v3_1_S00_AXI_inst/onsemi_vita_cam_core_inst/framestart2_regen_l/pulse_regen_l/gnuram_async_fifo.xpm_fifo_base_inst/gen_cdc_pntr.wr_pntr_cdc_inst/src_gray_ff_reg[3]}]]
                                              [get_cells [list {design_1_i/onsemi_vita_cam_0/U0/onsemi_vita_cam_v3_1_S00_AXI_inst/onsemi_vita_cam_core_inst/framestart2_regen_l/pulse_regen_l/gnuram_async_fifo.xpm_fifo_base_inst/gen_cdc_pntr.wr_pntr_cdc_inst/dest_graysync_ff_reg[0][0]} {design_1_i/onsemi_vita_cam_0/U0/onsemi_vita_cam_v3_1_S00_AXI_inst/onsemi_vita_cam_core_inst/framestart2_regen_l/pulse_regen_l/gnuram_async_fifo.xpm_fifo_base_inst/gen_cdc_pntr.wr_pntr_cdc_inst/dest_graysync_ff_reg[0][1]} {design_1_i/onsemi_vita_cam_0/U0/onsemi_vita_cam_v3_1_S00_AXI_inst/onsemi_vita_cam_core_inst/framestart2_regen_l/pulse_regen_l/gnuram_async_fifo.xpm_fifo_base_inst/gen_cdc_pntr.wr_pntr_cdc_inst/dest_graysync_ff_reg[0][2]} {design_1_i/onsemi_vita_cam_0/U0/onsemi_vita_cam_v3_1_S00_AXI_inst/onsemi_vita_cam_core_inst/framestart2_regen_l/pulse_regen_l/gnuram_async_fifo.xpm_fifo_base_inst/gen_cdc_pntr.wr_pntr_cdc_inst/dest_graysync_ff_reg[0][3]}]]
                                                                              Slow              6.734       1.324      5.410
3   84        [get_cells [list {design_1_i/onsemi_vita_cam_0/U0/onsemi_vita_cam_v3_1_S00_AXI_inst/onsemi_vita_cam_core_inst/DEMUX_GEN.demux_fifo_l/afifo_64i_16o_l/gnuram_async_fifo.xpm_fifo_base_inst/gen_cdc_pntr.wr_pntr_cdc_inst/src_gray_ff_reg[0]} \
          {design_1_i/onsemi_vita_cam_0/U0/onsemi_vita_cam_v3_1_S00_AXI_inst/onsemi_vita_cam_core_inst/DEMUX_GEN.demux_fifo_l/afifo_64i_16o_l/gnuram_async_fifo.xpm_fifo_base_inst/gen_cdc_pntr.wr_pntr_cdc_inst/src_gray_ff_reg[10]} \
          {design_1_i/onsemi_vita_cam_0/U0/onsemi_vita_cam_v3_1_S00_AXI_inst/onsemi_vita_cam_core_inst/DEMUX_GEN.demux_fifo_l/afifo_64i_16o_l/gnuram_async_fifo.xpm_fifo_base_inst/gen_cdc_pntr.wr_pntr_cdc_inst/src_gray_ff_reg[11]} \
          {design_1_i/onsemi_vita_cam_0/U0/onsemi_vita_cam_v3_1_S00_AXI_inst/onsemi_vita_cam_core_inst/DEMUX_GEN.demux_fifo_l/afifo_64i_16o_l/gnuram_async_fifo.xpm_fifo_base_inst/gen_cdc_pntr.wr_pntr_cdc_inst/src_gray_ff_reg[1]} \
          {design_1_i/onsemi_vita_cam_0/U0/onsemi_vita_cam_v3_1_S00_AXI_inst/onsemi_vita_cam_core_inst/DEMUX_GEN.demux_fifo_l/afifo_64i_16o_l/gnuram_async_fifo.xpm_fifo_base_inst/gen_cdc_pntr.wr_pntr_cdc_inst/src_gray_ff_reg[2]} \
          {design_1_i/onsemi_vita_cam_0/U0/onsemi_vita_cam_v3_1_S00_AXI_inst/onsemi_vita_cam_core_inst/DEMUX_GEN.demux_fifo_l/afifo_64i_16o_l/gnuram_async_fifo.xpm_fifo_base_inst/gen_cdc_pntr.wr_pntr_cdc_inst/src_gray_ff_reg[3]} \
          {design_1_i/onsemi_vita_cam_0/U0/onsemi_vita_cam_v3_1_S00_AXI_inst/onsemi_vita_cam_core_inst/DEMUX_GEN.demux_fifo_l/afifo_64i_16o_l/gnuram_async_fifo.xpm_fifo_base_inst/gen_cdc_pntr.wr_pntr_cdc_inst/src_gray_ff_reg[4]} \
          {design_1_i/onsemi_vita_cam_0/U0/onsemi_vita_cam_v3_1_S00_AXI_inst/onsemi_vita_cam_core_inst/DEMUX_GEN.demux_fifo_l/afifo_64i_16o_l/gnuram_async_fifo.xpm_fifo_base_inst/gen_cdc_pntr.wr_pntr_cdc_inst/src_gray_ff_reg[5]} \
          {design_1_i/onsemi_vita_cam_0/U0/onsemi_vita_cam_v3_1_S00_AXI_inst/onsemi_vita_cam_core_inst/DEMUX_GEN.demux_fifo_l/afifo_64i_16o_l/gnuram_async_fifo.xpm_fifo_base_inst/gen_cdc_pntr.wr_pntr_cdc_inst/src_gray_ff_reg[6]} \
          {design_1_i/onsemi_vita_cam_0/U0/onsemi_vita_cam_v3_1_S00_AXI_inst/onsemi_vita_cam_core_inst/DEMUX_GEN.demux_fifo_l/afifo_64i_16o_l/gnuram_async_fifo.xpm_fifo_base_inst/gen_cdc_pntr.wr_pntr_cdc_inst/src_gray_ff_reg[7]} \
          {design_1_i/onsemi_vita_cam_0/U0/onsemi_vita_cam_v3_1_S00_AXI_inst/onsemi_vita_cam_core_inst/DEMUX_GEN.demux_fifo_l/afifo_64i_16o_l/gnuram_async_fifo.xpm_fifo_base_inst/gen_cdc_pntr.wr_pntr_cdc_inst/src_gray_ff_reg[8]} \
          {design_1_i/onsemi_vita_cam_0/U0/onsemi_vita_cam_v3_1_S00_AXI_inst/onsemi_vita_cam_core_inst/DEMUX_GEN.demux_fifo_l/afifo_64i_16o_l/gnuram_async_fifo.xpm_fifo_base_inst/gen_cdc_pntr.wr_pntr_cdc_inst/src_gray_ff_reg[9]}]]
                                              [get_cells [list {design_1_i/onsemi_vita_cam_0/U0/onsemi_vita_cam_v3_1_S00_AXI_inst/onsemi_vita_cam_core_inst/DEMUX_GEN.demux_fifo_l/afifo_64i_16o_l/gnuram_async_fifo.xpm_fifo_base_inst/gen_cdc_pntr.wr_pntr_cdc_inst/dest_graysync_ff_reg[0][0]} \
          {design_1_i/onsemi_vita_cam_0/U0/onsemi_vita_cam_v3_1_S00_AXI_inst/onsemi_vita_cam_core_inst/DEMUX_GEN.demux_fifo_l/afifo_64i_16o_l/gnuram_async_fifo.xpm_fifo_base_inst/gen_cdc_pntr.wr_pntr_cdc_inst/dest_graysync_ff_reg[0][10]} \
          {design_1_i/onsemi_vita_cam_0/U0/onsemi_vita_cam_v3_1_S00_AXI_inst/onsemi_vita_cam_core_inst/DEMUX_GEN.demux_fifo_l/afifo_64i_16o_l/gnuram_async_fifo.xpm_fifo_base_inst/gen_cdc_pntr.wr_pntr_cdc_inst/dest_graysync_ff_reg[0][11]} \
          {design_1_i/onsemi_vita_cam_0/U0/onsemi_vita_cam_v3_1_S00_AXI_inst/onsemi_vita_cam_core_inst/DEMUX_GEN.demux_fifo_l/afifo_64i_16o_l/gnuram_async_fifo.xpm_fifo_base_inst/gen_cdc_pntr.wr_pntr_cdc_inst/dest_graysync_ff_reg[0][1]} \
          {design_1_i/onsemi_vita_cam_0/U0/onsemi_vita_cam_v3_1_S00_AXI_inst/onsemi_vita_cam_core_inst/DEMUX_GEN.demux_fifo_l/afifo_64i_16o_l/gnuram_async_fifo.xpm_fifo_base_inst/gen_cdc_pntr.wr_pntr_cdc_inst/dest_graysync_ff_reg[0][2]} \
          {design_1_i/onsemi_vita_cam_0/U0/onsemi_vita_cam_v3_1_S00_AXI_inst/onsemi_vita_cam_core_inst/DEMUX_GEN.demux_fifo_l/afifo_64i_16o_l/gnuram_async_fifo.xpm_fifo_base_inst/gen_cdc_pntr.wr_pntr_cdc_inst/dest_graysync_ff_reg[0][3]} \
          {design_1_i/onsemi_vita_cam_0/U0/onsemi_vita_cam_v3_1_S00_AXI_inst/onsemi_vita_cam_core_inst/DEMUX_GEN.demux_fifo_l/afifo_64i_16o_l/gnuram_async_fifo.xpm_fifo_base_inst/gen_cdc_pntr.wr_pntr_cdc_inst/dest_graysync_ff_reg[0][4]} \
          {design_1_i/onsemi_vita_cam_0/U0/onsemi_vita_cam_v3_1_S00_AXI_inst/onsemi_vita_cam_core_inst/DEMUX_GEN.demux_fifo_l/afifo_64i_16o_l/gnuram_async_fifo.xpm_fifo_base_inst/gen_cdc_pntr.wr_pntr_cdc_inst/dest_graysync_ff_reg[0][5]} \
          {design_1_i/onsemi_vita_cam_0/U0/onsemi_vita_cam_v3_1_S00_AXI_inst/onsemi_vita_cam_core_inst/DEMUX_GEN.demux_fifo_l/afifo_64i_16o_l/gnuram_async_fifo.xpm_fifo_base_inst/gen_cdc_pntr.wr_pntr_cdc_inst/dest_graysync_ff_reg[0][6]} \
          {design_1_i/onsemi_vita_cam_0/U0/onsemi_vita_cam_v3_1_S00_AXI_inst/onsemi_vita_cam_core_inst/DEMUX_GEN.demux_fifo_l/afifo_64i_16o_l/gnuram_async_fifo.xpm_fifo_base_inst/gen_cdc_pntr.wr_pntr_cdc_inst/dest_graysync_ff_reg[0][7]} \
          {design_1_i/onsemi_vita_cam_0/U0/onsemi_vita_cam_v3_1_S00_AXI_inst/onsemi_vita_cam_core_inst/DEMUX_GEN.demux_fifo_l/afifo_64i_16o_l/gnuram_async_fifo.xpm_fifo_base_inst/gen_cdc_pntr.wr_pntr_cdc_inst/dest_graysync_ff_reg[0][8]} \
          {design_1_i/onsemi_vita_cam_0/U0/onsemi_vita_cam_v3_1_S00_AXI_inst/onsemi_vita_cam_core_inst/DEMUX_GEN.demux_fifo_l/afifo_64i_16o_l/gnuram_async_fifo.xpm_fifo_base_inst/gen_cdc_pntr.wr_pntr_cdc_inst/dest_graysync_ff_reg[0][9]}]]
                                                                              Slow              6.734       0.945      5.789
4   88        [get_cells [list {design_1_i/onsemi_vita_cam_0/U0/onsemi_vita_cam_v3_1_S00_AXI_inst/onsemi_vita_cam_core_inst/DEMUX_GEN.demux_fifo_l/afifo_64i_16o_l/gnuram_async_fifo.xpm_fifo_base_inst/gen_cdc_pntr.rd_pntr_cdc_inst/src_gray_ff_reg[9]} \
          {design_1_i/onsemi_vita_cam_0/U0/onsemi_vita_cam_v3_1_S00_AXI_inst/onsemi_vita_cam_core_inst/DEMUX_GEN.demux_fifo_l/afifo_64i_16o_l/gnuram_async_fifo.xpm_fifo_base_inst/gen_cdc_pntr.rd_pntr_cdc_inst/src_gray_ff_reg[10]} \
          {design_1_i/onsemi_vita_cam_0/U0/onsemi_vita_cam_v3_1_S00_AXI_inst/onsemi_vita_cam_core_inst/DEMUX_GEN.demux_fifo_l/afifo_64i_16o_l/gnuram_async_fifo.xpm_fifo_base_inst/gen_cdc_pntr.rd_pntr_cdc_inst/src_gray_ff_reg[11]} \
          {design_1_i/onsemi_vita_cam_0/U0/onsemi_vita_cam_v3_1_S00_AXI_inst/onsemi_vita_cam_core_inst/DEMUX_GEN.demux_fifo_l/afifo_64i_16o_l/gnuram_async_fifo.xpm_fifo_base_inst/gen_cdc_pntr.rd_pntr_cdc_inst/src_gray_ff_reg[12]} \
          {design_1_i/onsemi_vita_cam_0/U0/onsemi_vita_cam_v3_1_S00_AXI_inst/onsemi_vita_cam_core_inst/DEMUX_GEN.demux_fifo_l/afifo_64i_16o_l/gnuram_async_fifo.xpm_fifo_base_inst/gen_cdc_pntr.rd_pntr_cdc_inst/src_gray_ff_reg[13]} \
          {design_1_i/onsemi_vita_cam_0/U0/onsemi_vita_cam_v3_1_S00_AXI_inst/onsemi_vita_cam_core_inst/DEMUX_GEN.demux_fifo_l/afifo_64i_16o_l/gnuram_async_fifo.xpm_fifo_base_inst/gen_cdc_pntr.rd_pntr_cdc_inst/src_gray_ff_reg[8]} \
          {design_1_i/onsemi_vita_cam_0/U0/onsemi_vita_cam_v3_1_S00_AXI_inst/onsemi_vita_cam_core_inst/DEMUX_GEN.demux_fifo_l/afifo_64i_16o_l/gnuram_async_fifo.xpm_fifo_base_inst/gen_cdc_pntr.rd_pntr_cdc_inst/src_gray_ff_reg[2]} \
          {design_1_i/onsemi_vita_cam_0/U0/onsemi_vita_cam_v3_1_S00_AXI_inst/onsemi_vita_cam_core_inst/DEMUX_GEN.demux_fifo_l/afifo_64i_16o_l/gnuram_async_fifo.xpm_fifo_base_inst/gen_cdc_pntr.rd_pntr_cdc_inst/src_gray_ff_reg[3]} \
          {design_1_i/onsemi_vita_cam_0/U0/onsemi_vita_cam_v3_1_S00_AXI_inst/onsemi_vita_cam_core_inst/DEMUX_GEN.demux_fifo_l/afifo_64i_16o_l/gnuram_async_fifo.xpm_fifo_base_inst/gen_cdc_pntr.rd_pntr_cdc_inst/src_gray_ff_reg[4]} \
          {design_1_i/onsemi_vita_cam_0/U0/onsemi_vita_cam_v3_1_S00_AXI_inst/onsemi_vita_cam_core_inst/DEMUX_GEN.demux_fifo_l/afifo_64i_16o_l/gnuram_async_fifo.xpm_fifo_base_inst/gen_cdc_pntr.rd_pntr_cdc_inst/src_gray_ff_reg[5]} \
          {design_1_i/onsemi_vita_cam_0/U0/onsemi_vita_cam_v3_1_S00_AXI_inst/onsemi_vita_cam_core_inst/DEMUX_GEN.demux_fifo_l/afifo_64i_16o_l/gnuram_async_fifo.xpm_fifo_base_inst/gen_cdc_pntr.rd_pntr_cdc_inst/src_gray_ff_reg[6]} \
          {design_1_i/onsemi_vita_cam_0/U0/onsemi_vita_cam_v3_1_S00_AXI_inst/onsemi_vita_cam_core_inst/DEMUX_GEN.demux_fifo_l/afifo_64i_16o_l/gnuram_async_fifo.xpm_fifo_base_inst/gen_cdc_pntr.rd_pntr_cdc_inst/src_gray_ff_reg[7]}]]
                                              [get_cells [list {design_1_i/onsemi_vita_cam_0/U0/onsemi_vita_cam_v3_1_S00_AXI_inst/onsemi_vita_cam_core_inst/DEMUX_GEN.demux_fifo_l/afifo_64i_16o_l/gnuram_async_fifo.xpm_fifo_base_inst/gen_cdc_pntr.rd_pntr_cdc_inst/dest_graysync_ff_reg[0][9]} \
          {design_1_i/onsemi_vita_cam_0/U0/onsemi_vita_cam_v3_1_S00_AXI_inst/onsemi_vita_cam_core_inst/DEMUX_GEN.demux_fifo_l/afifo_64i_16o_l/gnuram_async_fifo.xpm_fifo_base_inst/gen_cdc_pntr.rd_pntr_cdc_inst/dest_graysync_ff_reg[0][10]} \
          {design_1_i/onsemi_vita_cam_0/U0/onsemi_vita_cam_v3_1_S00_AXI_inst/onsemi_vita_cam_core_inst/DEMUX_GEN.demux_fifo_l/afifo_64i_16o_l/gnuram_async_fifo.xpm_fifo_base_inst/gen_cdc_pntr.rd_pntr_cdc_inst/dest_graysync_ff_reg[0][11]} \
          {design_1_i/onsemi_vita_cam_0/U0/onsemi_vita_cam_v3_1_S00_AXI_inst/onsemi_vita_cam_core_inst/DEMUX_GEN.demux_fifo_l/afifo_64i_16o_l/gnuram_async_fifo.xpm_fifo_base_inst/gen_cdc_pntr.rd_pntr_cdc_inst/dest_graysync_ff_reg[0][12]} \
          {design_1_i/onsemi_vita_cam_0/U0/onsemi_vita_cam_v3_1_S00_AXI_inst/onsemi_vita_cam_core_inst/DEMUX_GEN.demux_fifo_l/afifo_64i_16o_l/gnuram_async_fifo.xpm_fifo_base_inst/gen_cdc_pntr.rd_pntr_cdc_inst/dest_graysync_ff_reg[0][13]} \
          {design_1_i/onsemi_vita_cam_0/U0/onsemi_vita_cam_v3_1_S00_AXI_inst/onsemi_vita_cam_core_inst/DEMUX_GEN.demux_fifo_l/afifo_64i_16o_l/gnuram_async_fifo.xpm_fifo_base_inst/gen_cdc_pntr.rd_pntr_cdc_inst/dest_graysync_ff_reg[0][8]} \
          {design_1_i/onsemi_vita_cam_0/U0/onsemi_vita_cam_v3_1_S00_AXI_inst/onsemi_vita_cam_core_inst/DEMUX_GEN.demux_fifo_l/afifo_64i_16o_l/gnuram_async_fifo.xpm_fifo_base_inst/gen_cdc_pntr.rd_pntr_cdc_inst/dest_graysync_ff_reg[0][2]} \
          {design_1_i/onsemi_vita_cam_0/U0/onsemi_vita_cam_v3_1_S00_AXI_inst/onsemi_vita_cam_core_inst/DEMUX_GEN.demux_fifo_l/afifo_64i_16o_l/gnuram_async_fifo.xpm_fifo_base_inst/gen_cdc_pntr.rd_pntr_cdc_inst/dest_graysync_ff_reg[0][3]} \
          {design_1_i/onsemi_vita_cam_0/U0/onsemi_vita_cam_v3_1_S00_AXI_inst/onsemi_vita_cam_core_inst/DEMUX_GEN.demux_fifo_l/afifo_64i_16o_l/gnuram_async_fifo.xpm_fifo_base_inst/gen_cdc_pntr.rd_pntr_cdc_inst/dest_graysync_ff_reg[0][4]} \
          {design_1_i/onsemi_vita_cam_0/U0/onsemi_vita_cam_v3_1_S00_AXI_inst/onsemi_vita_cam_core_inst/DEMUX_GEN.demux_fifo_l/afifo_64i_16o_l/gnuram_async_fifo.xpm_fifo_base_inst/gen_cdc_pntr.rd_pntr_cdc_inst/dest_graysync_ff_reg[0][5]} \
          {design_1_i/onsemi_vita_cam_0/U0/onsemi_vita_cam_v3_1_S00_AXI_inst/onsemi_vita_cam_core_inst/DEMUX_GEN.demux_fifo_l/afifo_64i_16o_l/gnuram_async_fifo.xpm_fifo_base_inst/gen_cdc_pntr.rd_pntr_cdc_inst/dest_graysync_ff_reg[0][6]} \
          {design_1_i/onsemi_vita_cam_0/U0/onsemi_vita_cam_v3_1_S00_AXI_inst/onsemi_vita_cam_core_inst/DEMUX_GEN.demux_fifo_l/afifo_64i_16o_l/gnuram_async_fifo.xpm_fifo_base_inst/gen_cdc_pntr.rd_pntr_cdc_inst/dest_graysync_ff_reg[0][7]}]]
                                                                              Slow              6.734       0.986      5.748
5   92        [get_cells [list {design_1_i/ps7_0_axi_periph/m01_couplers/auto_cc/inst/gen_clock_conv.gen_async_lite_conv.clock_conv_lite_fwd_ar/handshake/src_hsdata_ff_reg[0]} {design_1_i/ps7_0_axi_periph/m01_couplers/auto_cc/inst/gen_clock_conv.gen_async_lite_conv.clock_conv_lite_fwd_ar/handshake/src_hsdata_ff_reg[1]} {design_1_i/ps7_0_axi_periph/m01_couplers/auto_cc/inst/gen_clock_conv.gen_async_lite_conv.clock_conv_lite_fwd_ar/handshake/src_hsdata_ff_reg[2]} {design_1_i/ps7_0_axi_periph/m01_couplers/auto_cc/inst/gen_clock_conv.gen_async_lite_conv.clock_conv_lite_fwd_ar/handshake/src_hsdata_ff_reg[3]} {design_1_i/ps7_0_axi_periph/m01_couplers/auto_cc/inst/gen_clock_conv.gen_async_lite_conv.clock_conv_lite_fwd_ar/handshake/src_hsdata_ff_reg[4]} {design_1_i/ps7_0_axi_periph/m01_couplers/auto_cc/inst/gen_clock_conv.gen_async_lite_conv.clock_conv_lite_fwd_ar/handshake/src_hsdata_ff_reg[5]}]]
                                              [get_cells [list {design_1_i/ps7_0_axi_periph/m01_couplers/auto_cc/inst/gen_clock_conv.gen_async_lite_conv.clock_conv_lite_fwd_ar/handshake/dest_hsdata_ff_reg[0]} {design_1_i/ps7_0_axi_periph/m01_couplers/auto_cc/inst/gen_clock_conv.gen_async_lite_conv.clock_conv_lite_fwd_ar/handshake/dest_hsdata_ff_reg[1]} {design_1_i/ps7_0_axi_periph/m01_couplers/auto_cc/inst/gen_clock_conv.gen_async_lite_conv.clock_conv_lite_fwd_ar/handshake/dest_hsdata_ff_reg[2]} {design_1_i/ps7_0_axi_periph/m01_couplers/auto_cc/inst/gen_clock_conv.gen_async_lite_conv.clock_conv_lite_fwd_ar/handshake/dest_hsdata_ff_reg[3]} {design_1_i/ps7_0_axi_periph/m01_couplers/auto_cc/inst/gen_clock_conv.gen_async_lite_conv.clock_conv_lite_fwd_ar/handshake/dest_hsdata_ff_reg[4]} {design_1_i/ps7_0_axi_periph/m01_couplers/auto_cc/inst/gen_clock_conv.gen_async_lite_conv.clock_conv_lite_fwd_ar/handshake/dest_hsdata_ff_reg[5]}]]
                                                                              Slow             20.202       1.078     19.124
6   94        [get_cells [list {design_1_i/ps7_0_axi_periph/m01_couplers/auto_cc/inst/gen_clock_conv.gen_async_lite_conv.clock_conv_lite_fwd_w/handshake/src_hsdata_ff_reg[0]} \
          {design_1_i/ps7_0_axi_periph/m01_couplers/auto_cc/inst/gen_clock_conv.gen_async_lite_conv.clock_conv_lite_fwd_w/handshake/src_hsdata_ff_reg[10]} \
          {design_1_i/ps7_0_axi_periph/m01_couplers/auto_cc/inst/gen_clock_conv.gen_async_lite_conv.clock_conv_lite_fwd_w/handshake/src_hsdata_ff_reg[11]} \
          {design_1_i/ps7_0_axi_periph/m01_couplers/auto_cc/inst/gen_clock_conv.gen_async_lite_conv.clock_conv_lite_fwd_w/handshake/src_hsdata_ff_reg[12]} \
          {design_1_i/ps7_0_axi_periph/m01_couplers/auto_cc/inst/gen_clock_conv.gen_async_lite_conv.clock_conv_lite_fwd_w/handshake/src_hsdata_ff_reg[13]} \
          {design_1_i/ps7_0_axi_periph/m01_couplers/auto_cc/inst/gen_clock_conv.gen_async_lite_conv.clock_conv_lite_fwd_w/handshake/src_hsdata_ff_reg[14]} \
          {design_1_i/ps7_0_axi_periph/m01_couplers/auto_cc/inst/gen_clock_conv.gen_async_lite_conv.clock_conv_lite_fwd_w/handshake/src_hsdata_ff_reg[15]} \
          {design_1_i/ps7_0_axi_periph/m01_couplers/auto_cc/inst/gen_clock_conv.gen_async_lite_conv.clock_conv_lite_fwd_w/handshake/src_hsdata_ff_reg[9]} \
          {design_1_i/ps7_0_axi_periph/m01_couplers/auto_cc/inst/gen_clock_conv.gen_async_lite_conv.clock_conv_lite_fwd_w/handshake/src_hsdata_ff_reg[8]} \
          {design_1_i/ps7_0_axi_periph/m01_couplers/auto_cc/inst/gen_clock_conv.gen_async_lite_conv.clock_conv_lite_fwd_w/handshake/src_hsdata_ff_reg[7]} \
          {design_1_i/ps7_0_axi_periph/m01_couplers/auto_cc/inst/gen_clock_conv.gen_async_lite_conv.clock_conv_lite_fwd_w/handshake/src_hsdata_ff_reg[6]} \
          {design_1_i/ps7_0_axi_periph/m01_couplers/auto_cc/inst/gen_clock_conv.gen_async_lite_conv.clock_conv_lite_fwd_w/handshake/src_hsdata_ff_reg[1]} \
          {design_1_i/ps7_0_axi_periph/m01_couplers/auto_cc/inst/gen_clock_conv.gen_async_lite_conv.clock_conv_lite_fwd_w/handshake/src_hsdata_ff_reg[5]} \
          {design_1_i/ps7_0_axi_periph/m01_couplers/auto_cc/inst/gen_clock_conv.gen_async_lite_conv.clock_conv_lite_fwd_w/handshake/src_hsdata_ff_reg[4]} \
          {design_1_i/ps7_0_axi_periph/m01_couplers/auto_cc/inst/gen_clock_conv.gen_async_lite_conv.clock_conv_lite_fwd_w/handshake/src_hsdata_ff_reg[3]} \
          {design_1_i/ps7_0_axi_periph/m01_couplers/auto_cc/inst/gen_clock_conv.gen_async_lite_conv.clock_conv_lite_fwd_w/handshake/src_hsdata_ff_reg[32]} \
          {design_1_i/ps7_0_axi_periph/m01_couplers/auto_cc/inst/gen_clock_conv.gen_async_lite_conv.clock_conv_lite_fwd_w/handshake/src_hsdata_ff_reg[2]} \
          {design_1_i/ps7_0_axi_periph/m01_couplers/auto_cc/inst/gen_clock_conv.gen_async_lite_conv.clock_conv_lite_fwd_w/handshake/src_hsdata_ff_reg[33]}]]
                                              [get_cells [list {design_1_i/ps7_0_axi_periph/m01_couplers/auto_cc/inst/gen_clock_conv.gen_async_lite_conv.clock_conv_lite_fwd_w/handshake/dest_hsdata_ff_reg[0]} \
          {design_1_i/ps7_0_axi_periph/m01_couplers/auto_cc/inst/gen_clock_conv.gen_async_lite_conv.clock_conv_lite_fwd_w/handshake/dest_hsdata_ff_reg[10]} \
          {design_1_i/ps7_0_axi_periph/m01_couplers/auto_cc/inst/gen_clock_conv.gen_async_lite_conv.clock_conv_lite_fwd_w/handshake/dest_hsdata_ff_reg[11]} \
          {design_1_i/ps7_0_axi_periph/m01_couplers/auto_cc/inst/gen_clock_conv.gen_async_lite_conv.clock_conv_lite_fwd_w/handshake/dest_hsdata_ff_reg[12]} \
          {design_1_i/ps7_0_axi_periph/m01_couplers/auto_cc/inst/gen_clock_conv.gen_async_lite_conv.clock_conv_lite_fwd_w/handshake/dest_hsdata_ff_reg[13]} \
          {design_1_i/ps7_0_axi_periph/m01_couplers/auto_cc/inst/gen_clock_conv.gen_async_lite_conv.clock_conv_lite_fwd_w/handshake/dest_hsdata_ff_reg[14]} \
          {design_1_i/ps7_0_axi_periph/m01_couplers/auto_cc/inst/gen_clock_conv.gen_async_lite_conv.clock_conv_lite_fwd_w/handshake/dest_hsdata_ff_reg[15]} \
          {design_1_i/ps7_0_axi_periph/m01_couplers/auto_cc/inst/gen_clock_conv.gen_async_lite_conv.clock_conv_lite_fwd_w/handshake/dest_hsdata_ff_reg[9]} \
          {design_1_i/ps7_0_axi_periph/m01_couplers/auto_cc/inst/gen_clock_conv.gen_async_lite_conv.clock_conv_lite_fwd_w/handshake/dest_hsdata_ff_reg[8]} \
          {design_1_i/ps7_0_axi_periph/m01_couplers/auto_cc/inst/gen_clock_conv.gen_async_lite_conv.clock_conv_lite_fwd_w/handshake/dest_hsdata_ff_reg[7]} \
          {design_1_i/ps7_0_axi_periph/m01_couplers/auto_cc/inst/gen_clock_conv.gen_async_lite_conv.clock_conv_lite_fwd_w/handshake/dest_hsdata_ff_reg[6]} \
          {design_1_i/ps7_0_axi_periph/m01_couplers/auto_cc/inst/gen_clock_conv.gen_async_lite_conv.clock_conv_lite_fwd_w/handshake/dest_hsdata_ff_reg[1]} \
          {design_1_i/ps7_0_axi_periph/m01_couplers/auto_cc/inst/gen_clock_conv.gen_async_lite_conv.clock_conv_lite_fwd_w/handshake/dest_hsdata_ff_reg[5]} \
          {design_1_i/ps7_0_axi_periph/m01_couplers/auto_cc/inst/gen_clock_conv.gen_async_lite_conv.clock_conv_lite_fwd_w/handshake/dest_hsdata_ff_reg[4]} \
          {design_1_i/ps7_0_axi_periph/m01_couplers/auto_cc/inst/gen_clock_conv.gen_async_lite_conv.clock_conv_lite_fwd_w/handshake/dest_hsdata_ff_reg[3]} \
          {design_1_i/ps7_0_axi_periph/m01_couplers/auto_cc/inst/gen_clock_conv.gen_async_lite_conv.clock_conv_lite_fwd_w/handshake/dest_hsdata_ff_reg[32]} \
          {design_1_i/ps7_0_axi_periph/m01_couplers/auto_cc/inst/gen_clock_conv.gen_async_lite_conv.clock_conv_lite_fwd_w/handshake/dest_hsdata_ff_reg[2]} \
          {design_1_i/ps7_0_axi_periph/m01_couplers/auto_cc/inst/gen_clock_conv.gen_async_lite_conv.clock_conv_lite_fwd_w/handshake/dest_hsdata_ff_reg[33]}]]
                                                                              Slow             20.202       1.201     19.001
7   96        [get_cells [list {design_1_i/ps7_0_axi_periph/m01_couplers/auto_cc/inst/gen_clock_conv.gen_async_lite_conv.clock_conv_lite_resp_b/handshake/src_hsdata_ff_reg[0]} {design_1_i/ps7_0_axi_periph/m01_couplers/auto_cc/inst/gen_clock_conv.gen_async_lite_conv.clock_conv_lite_resp_b/handshake/src_hsdata_ff_reg[1]}]]
                                              [get_cells [list {design_1_i/ps7_0_axi_periph/m01_couplers/auto_cc/inst/gen_clock_conv.gen_async_lite_conv.clock_conv_lite_resp_b/handshake/dest_hsdata_ff_reg[0]} {design_1_i/ps7_0_axi_periph/m01_couplers/auto_cc/inst/gen_clock_conv.gen_async_lite_conv.clock_conv_lite_resp_b/handshake/dest_hsdata_ff_reg[1]}]]
                                                                              Slow             38.997       0.903     38.094
8   98        [get_cells [list {design_1_i/ps7_0_axi_periph/m01_couplers/auto_cc/inst/gen_clock_conv.gen_async_lite_conv.clock_conv_lite_resp_r/handshake/src_hsdata_ff_reg[0]} \
          {design_1_i/ps7_0_axi_periph/m01_couplers/auto_cc/inst/gen_clock_conv.gen_async_lite_conv.clock_conv_lite_resp_r/handshake/src_hsdata_ff_reg[10]} \
          {design_1_i/ps7_0_axi_periph/m01_couplers/auto_cc/inst/gen_clock_conv.gen_async_lite_conv.clock_conv_lite_resp_r/handshake/src_hsdata_ff_reg[11]} \
          {design_1_i/ps7_0_axi_periph/m01_couplers/auto_cc/inst/gen_clock_conv.gen_async_lite_conv.clock_conv_lite_resp_r/handshake/src_hsdata_ff_reg[12]} \
          {design_1_i/ps7_0_axi_periph/m01_couplers/auto_cc/inst/gen_clock_conv.gen_async_lite_conv.clock_conv_lite_resp_r/handshake/src_hsdata_ff_reg[13]} \
          {design_1_i/ps7_0_axi_periph/m01_couplers/auto_cc/inst/gen_clock_conv.gen_async_lite_conv.clock_conv_lite_resp_r/handshake/src_hsdata_ff_reg[14]} \
          {design_1_i/ps7_0_axi_periph/m01_couplers/auto_cc/inst/gen_clock_conv.gen_async_lite_conv.clock_conv_lite_resp_r/handshake/src_hsdata_ff_reg[15]} \
          {design_1_i/ps7_0_axi_periph/m01_couplers/auto_cc/inst/gen_clock_conv.gen_async_lite_conv.clock_conv_lite_resp_r/handshake/src_hsdata_ff_reg[16]} \
          {design_1_i/ps7_0_axi_periph/m01_couplers/auto_cc/inst/gen_clock_conv.gen_async_lite_conv.clock_conv_lite_resp_r/handshake/src_hsdata_ff_reg[17]} \
          {design_1_i/ps7_0_axi_periph/m01_couplers/auto_cc/inst/gen_clock_conv.gen_async_lite_conv.clock_conv_lite_resp_r/handshake/src_hsdata_ff_reg[18]} \
          {design_1_i/ps7_0_axi_periph/m01_couplers/auto_cc/inst/gen_clock_conv.gen_async_lite_conv.clock_conv_lite_resp_r/handshake/src_hsdata_ff_reg[19]} \
          {design_1_i/ps7_0_axi_periph/m01_couplers/auto_cc/inst/gen_clock_conv.gen_async_lite_conv.clock_conv_lite_resp_r/handshake/src_hsdata_ff_reg[1]} \
          {design_1_i/ps7_0_axi_periph/m01_couplers/auto_cc/inst/gen_clock_conv.gen_async_lite_conv.clock_conv_lite_resp_r/handshake/src_hsdata_ff_reg[20]} \
          {design_1_i/ps7_0_axi_periph/m01_couplers/auto_cc/inst/gen_clock_conv.gen_async_lite_conv.clock_conv_lite_resp_r/handshake/src_hsdata_ff_reg[21]} \
          {design_1_i/ps7_0_axi_periph/m01_couplers/auto_cc/inst/gen_clock_conv.gen_async_lite_conv.clock_conv_lite_resp_r/handshake/src_hsdata_ff_reg[22]} \
          {design_1_i/ps7_0_axi_periph/m01_couplers/auto_cc/inst/gen_clock_conv.gen_async_lite_conv.clock_conv_lite_resp_r/handshake/src_hsdata_ff_reg[23]} \
          {design_1_i/ps7_0_axi_periph/m01_couplers/auto_cc/inst/gen_clock_conv.gen_async_lite_conv.clock_conv_lite_resp_r/handshake/src_hsdata_ff_reg[24]} \
          {design_1_i/ps7_0_axi_periph/m01_couplers/auto_cc/inst/gen_clock_conv.gen_async_lite_conv.clock_conv_lite_resp_r/handshake/src_hsdata_ff_reg[25]} \
          {design_1_i/ps7_0_axi_periph/m01_couplers/auto_cc/inst/gen_clock_conv.gen_async_lite_conv.clock_conv_lite_resp_r/handshake/src_hsdata_ff_reg[26]} \
          {design_1_i/ps7_0_axi_periph/m01_couplers/auto_cc/inst/gen_clock_conv.gen_async_lite_conv.clock_conv_lite_resp_r/handshake/src_hsdata_ff_reg[27]} \
          {design_1_i/ps7_0_axi_periph/m01_couplers/auto_cc/inst/gen_clock_conv.gen_async_lite_conv.clock_conv_lite_resp_r/handshake/src_hsdata_ff_reg[28]} \
          {design_1_i/ps7_0_axi_periph/m01_couplers/auto_cc/inst/gen_clock_conv.gen_async_lite_conv.clock_conv_lite_resp_r/handshake/src_hsdata_ff_reg[29]} \
          {design_1_i/ps7_0_axi_periph/m01_couplers/auto_cc/inst/gen_clock_conv.gen_async_lite_conv.clock_conv_lite_resp_r/handshake/src_hsdata_ff_reg[2]} \
          {design_1_i/ps7_0_axi_periph/m01_couplers/auto_cc/inst/gen_clock_conv.gen_async_lite_conv.clock_conv_lite_resp_r/handshake/src_hsdata_ff_reg[30]} \
          {design_1_i/ps7_0_axi_periph/m01_couplers/auto_cc/inst/gen_clock_conv.gen_async_lite_conv.clock_conv_lite_resp_r/handshake/src_hsdata_ff_reg[31]} \
          {design_1_i/ps7_0_axi_periph/m01_couplers/auto_cc/inst/gen_clock_conv.gen_async_lite_conv.clock_conv_lite_resp_r/handshake/src_hsdata_ff_reg[32]} \
          {design_1_i/ps7_0_axi_periph/m01_couplers/auto_cc/inst/gen_clock_conv.gen_async_lite_conv.clock_conv_lite_resp_r/handshake/src_hsdata_ff_reg[33]} \
          {design_1_i/ps7_0_axi_periph/m01_couplers/auto_cc/inst/gen_clock_conv.gen_async_lite_conv.clock_conv_lite_resp_r/handshake/src_hsdata_ff_reg[3]} \
          {design_1_i/ps7_0_axi_periph/m01_couplers/auto_cc/inst/gen_clock_conv.gen_async_lite_conv.clock_conv_lite_resp_r/handshake/src_hsdata_ff_reg[4]} \
          {design_1_i/ps7_0_axi_periph/m01_couplers/auto_cc/inst/gen_clock_conv.gen_async_lite_conv.clock_conv_lite_resp_r/handshake/src_hsdata_ff_reg[5]} \
          {design_1_i/ps7_0_axi_periph/m01_couplers/auto_cc/inst/gen_clock_conv.gen_async_lite_conv.clock_conv_lite_resp_r/handshake/src_hsdata_ff_reg[6]} \
          {design_1_i/ps7_0_axi_periph/m01_couplers/auto_cc/inst/gen_clock_conv.gen_async_lite_conv.clock_conv_lite_resp_r/handshake/src_hsdata_ff_reg[7]} \
          {design_1_i/ps7_0_axi_periph/m01_couplers/auto_cc/inst/gen_clock_conv.gen_async_lite_conv.clock_conv_lite_resp_r/handshake/src_hsdata_ff_reg[8]} \
          {design_1_i/ps7_0_axi_periph/m01_couplers/auto_cc/inst/gen_clock_conv.gen_async_lite_conv.clock_conv_lite_resp_r/handshake/src_hsdata_ff_reg[9]}]]
                                              [get_cells [list {design_1_i/ps7_0_axi_periph/m01_couplers/auto_cc/inst/gen_clock_conv.gen_async_lite_conv.clock_conv_lite_resp_r/handshake/dest_hsdata_ff_reg[0]} \
          {design_1_i/ps7_0_axi_periph/m01_couplers/auto_cc/inst/gen_clock_conv.gen_async_lite_conv.clock_conv_lite_resp_r/handshake/dest_hsdata_ff_reg[10]} \
          {design_1_i/ps7_0_axi_periph/m01_couplers/auto_cc/inst/gen_clock_conv.gen_async_lite_conv.clock_conv_lite_resp_r/handshake/dest_hsdata_ff_reg[11]} \
          {design_1_i/ps7_0_axi_periph/m01_couplers/auto_cc/inst/gen_clock_conv.gen_async_lite_conv.clock_conv_lite_resp_r/handshake/dest_hsdata_ff_reg[12]} \
          {design_1_i/ps7_0_axi_periph/m01_couplers/auto_cc/inst/gen_clock_conv.gen_async_lite_conv.clock_conv_lite_resp_r/handshake/dest_hsdata_ff_reg[13]} \
          {design_1_i/ps7_0_axi_periph/m01_couplers/auto_cc/inst/gen_clock_conv.gen_async_lite_conv.clock_conv_lite_resp_r/handshake/dest_hsdata_ff_reg[14]} \
          {design_1_i/ps7_0_axi_periph/m01_couplers/auto_cc/inst/gen_clock_conv.gen_async_lite_conv.clock_conv_lite_resp_r/handshake/dest_hsdata_ff_reg[15]} \
          {design_1_i/ps7_0_axi_periph/m01_couplers/auto_cc/inst/gen_clock_conv.gen_async_lite_conv.clock_conv_lite_resp_r/handshake/dest_hsdata_ff_reg[16]} \
          {design_1_i/ps7_0_axi_periph/m01_couplers/auto_cc/inst/gen_clock_conv.gen_async_lite_conv.clock_conv_lite_resp_r/handshake/dest_hsdata_ff_reg[17]} \
          {design_1_i/ps7_0_axi_periph/m01_couplers/auto_cc/inst/gen_clock_conv.gen_async_lite_conv.clock_conv_lite_resp_r/handshake/dest_hsdata_ff_reg[18]} \
          {design_1_i/ps7_0_axi_periph/m01_couplers/auto_cc/inst/gen_clock_conv.gen_async_lite_conv.clock_conv_lite_resp_r/handshake/dest_hsdata_ff_reg[19]} \
          {design_1_i/ps7_0_axi_periph/m01_couplers/auto_cc/inst/gen_clock_conv.gen_async_lite_conv.clock_conv_lite_resp_r/handshake/dest_hsdata_ff_reg[1]} \
          {design_1_i/ps7_0_axi_periph/m01_couplers/auto_cc/inst/gen_clock_conv.gen_async_lite_conv.clock_conv_lite_resp_r/handshake/dest_hsdata_ff_reg[20]} \
          {design_1_i/ps7_0_axi_periph/m01_couplers/auto_cc/inst/gen_clock_conv.gen_async_lite_conv.clock_conv_lite_resp_r/handshake/dest_hsdata_ff_reg[21]} \
          {design_1_i/ps7_0_axi_periph/m01_couplers/auto_cc/inst/gen_clock_conv.gen_async_lite_conv.clock_conv_lite_resp_r/handshake/dest_hsdata_ff_reg[22]} \
          {design_1_i/ps7_0_axi_periph/m01_couplers/auto_cc/inst/gen_clock_conv.gen_async_lite_conv.clock_conv_lite_resp_r/handshake/dest_hsdata_ff_reg[23]} \
          {design_1_i/ps7_0_axi_periph/m01_couplers/auto_cc/inst/gen_clock_conv.gen_async_lite_conv.clock_conv_lite_resp_r/handshake/dest_hsdata_ff_reg[24]} \
          {design_1_i/ps7_0_axi_periph/m01_couplers/auto_cc/inst/gen_clock_conv.gen_async_lite_conv.clock_conv_lite_resp_r/handshake/dest_hsdata_ff_reg[25]} \
          {design_1_i/ps7_0_axi_periph/m01_couplers/auto_cc/inst/gen_clock_conv.gen_async_lite_conv.clock_conv_lite_resp_r/handshake/dest_hsdata_ff_reg[26]} \
          {design_1_i/ps7_0_axi_periph/m01_couplers/auto_cc/inst/gen_clock_conv.gen_async_lite_conv.clock_conv_lite_resp_r/handshake/dest_hsdata_ff_reg[27]} \
          {design_1_i/ps7_0_axi_periph/m01_couplers/auto_cc/inst/gen_clock_conv.gen_async_lite_conv.clock_conv_lite_resp_r/handshake/dest_hsdata_ff_reg[28]} \
          {design_1_i/ps7_0_axi_periph/m01_couplers/auto_cc/inst/gen_clock_conv.gen_async_lite_conv.clock_conv_lite_resp_r/handshake/dest_hsdata_ff_reg[29]} \
          {design_1_i/ps7_0_axi_periph/m01_couplers/auto_cc/inst/gen_clock_conv.gen_async_lite_conv.clock_conv_lite_resp_r/handshake/dest_hsdata_ff_reg[2]} \
          {design_1_i/ps7_0_axi_periph/m01_couplers/auto_cc/inst/gen_clock_conv.gen_async_lite_conv.clock_conv_lite_resp_r/handshake/dest_hsdata_ff_reg[30]} \
          {design_1_i/ps7_0_axi_periph/m01_couplers/auto_cc/inst/gen_clock_conv.gen_async_lite_conv.clock_conv_lite_resp_r/handshake/dest_hsdata_ff_reg[31]} \
          {design_1_i/ps7_0_axi_periph/m01_couplers/auto_cc/inst/gen_clock_conv.gen_async_lite_conv.clock_conv_lite_resp_r/handshake/dest_hsdata_ff_reg[32]} \
          {design_1_i/ps7_0_axi_periph/m01_couplers/auto_cc/inst/gen_clock_conv.gen_async_lite_conv.clock_conv_lite_resp_r/handshake/dest_hsdata_ff_reg[33]} \
          {design_1_i/ps7_0_axi_periph/m01_couplers/auto_cc/inst/gen_clock_conv.gen_async_lite_conv.clock_conv_lite_resp_r/handshake/dest_hsdata_ff_reg[3]} \
          {design_1_i/ps7_0_axi_periph/m01_couplers/auto_cc/inst/gen_clock_conv.gen_async_lite_conv.clock_conv_lite_resp_r/handshake/dest_hsdata_ff_reg[4]} \
          {design_1_i/ps7_0_axi_periph/m01_couplers/auto_cc/inst/gen_clock_conv.gen_async_lite_conv.clock_conv_lite_resp_r/handshake/dest_hsdata_ff_reg[5]} \
          {design_1_i/ps7_0_axi_periph/m01_couplers/auto_cc/inst/gen_clock_conv.gen_async_lite_conv.clock_conv_lite_resp_r/handshake/dest_hsdata_ff_reg[6]} \
          {design_1_i/ps7_0_axi_periph/m01_couplers/auto_cc/inst/gen_clock_conv.gen_async_lite_conv.clock_conv_lite_resp_r/handshake/dest_hsdata_ff_reg[7]} \
          {design_1_i/ps7_0_axi_periph/m01_couplers/auto_cc/inst/gen_clock_conv.gen_async_lite_conv.clock_conv_lite_resp_r/handshake/dest_hsdata_ff_reg[8]} \
          {design_1_i/ps7_0_axi_periph/m01_couplers/auto_cc/inst/gen_clock_conv.gen_async_lite_conv.clock_conv_lite_resp_r/handshake/dest_hsdata_ff_reg[9]}]]
                                                                              Slow             38.997       1.522     37.475
9   100       [get_cells [list {design_1_i/ps7_0_axi_periph/m01_couplers/auto_cc/inst/gen_clock_conv.gen_async_lite_conv.clock_conv_lite_fwd_aw/handshake/src_hsdata_ff_reg[0]} {design_1_i/ps7_0_axi_periph/m01_couplers/auto_cc/inst/gen_clock_conv.gen_async_lite_conv.clock_conv_lite_fwd_aw/handshake/src_hsdata_ff_reg[1]} {design_1_i/ps7_0_axi_periph/m01_couplers/auto_cc/inst/gen_clock_conv.gen_async_lite_conv.clock_conv_lite_fwd_aw/handshake/src_hsdata_ff_reg[2]} {design_1_i/ps7_0_axi_periph/m01_couplers/auto_cc/inst/gen_clock_conv.gen_async_lite_conv.clock_conv_lite_fwd_aw/handshake/src_hsdata_ff_reg[3]} {design_1_i/ps7_0_axi_periph/m01_couplers/auto_cc/inst/gen_clock_conv.gen_async_lite_conv.clock_conv_lite_fwd_aw/handshake/src_hsdata_ff_reg[4]} {design_1_i/ps7_0_axi_periph/m01_couplers/auto_cc/inst/gen_clock_conv.gen_async_lite_conv.clock_conv_lite_fwd_aw/handshake/src_hsdata_ff_reg[5]}]]
                                              [get_cells [list {design_1_i/ps7_0_axi_periph/m01_couplers/auto_cc/inst/gen_clock_conv.gen_async_lite_conv.clock_conv_lite_fwd_aw/handshake/dest_hsdata_ff_reg[0]} {design_1_i/ps7_0_axi_periph/m01_couplers/auto_cc/inst/gen_clock_conv.gen_async_lite_conv.clock_conv_lite_fwd_aw/handshake/dest_hsdata_ff_reg[1]} {design_1_i/ps7_0_axi_periph/m01_couplers/auto_cc/inst/gen_clock_conv.gen_async_lite_conv.clock_conv_lite_fwd_aw/handshake/dest_hsdata_ff_reg[2]} {design_1_i/ps7_0_axi_periph/m01_couplers/auto_cc/inst/gen_clock_conv.gen_async_lite_conv.clock_conv_lite_fwd_aw/handshake/dest_hsdata_ff_reg[3]} {design_1_i/ps7_0_axi_periph/m01_couplers/auto_cc/inst/gen_clock_conv.gen_async_lite_conv.clock_conv_lite_fwd_aw/handshake/dest_hsdata_ff_reg[4]} {design_1_i/ps7_0_axi_periph/m01_couplers/auto_cc/inst/gen_clock_conv.gen_async_lite_conv.clock_conv_lite_fwd_aw/handshake/dest_hsdata_ff_reg[5]}]]
                                                                              Slow             20.202       0.981     19.221
10  102       [get_cells [list {design_1_i/ps7_0_axi_periph/m07_couplers/auto_cc/inst/gen_clock_conv.gen_async_lite_conv.clock_conv_lite_fwd_ar/handshake/src_hsdata_ff_reg[0]} \
          {design_1_i/ps7_0_axi_periph/m07_couplers/auto_cc/inst/gen_clock_conv.gen_async_lite_conv.clock_conv_lite_fwd_ar/handshake/src_hsdata_ff_reg[10]} \
          {design_1_i/ps7_0_axi_periph/m07_couplers/auto_cc/inst/gen_clock_conv.gen_async_lite_conv.clock_conv_lite_fwd_ar/handshake/src_hsdata_ff_reg[11]} \
          {design_1_i/ps7_0_axi_periph/m07_couplers/auto_cc/inst/gen_clock_conv.gen_async_lite_conv.clock_conv_lite_fwd_ar/handshake/src_hsdata_ff_reg[12]} \
          {design_1_i/ps7_0_axi_periph/m07_couplers/auto_cc/inst/gen_clock_conv.gen_async_lite_conv.clock_conv_lite_fwd_ar/handshake/src_hsdata_ff_reg[13]} \
          {design_1_i/ps7_0_axi_periph/m07_couplers/auto_cc/inst/gen_clock_conv.gen_async_lite_conv.clock_conv_lite_fwd_ar/handshake/src_hsdata_ff_reg[14]} \
          {design_1_i/ps7_0_axi_periph/m07_couplers/auto_cc/inst/gen_clock_conv.gen_async_lite_conv.clock_conv_lite_fwd_ar/handshake/src_hsdata_ff_reg[9]} \
          {design_1_i/ps7_0_axi_periph/m07_couplers/auto_cc/inst/gen_clock_conv.gen_async_lite_conv.clock_conv_lite_fwd_ar/handshake/src_hsdata_ff_reg[16]} \
          {design_1_i/ps7_0_axi_periph/m07_couplers/auto_cc/inst/gen_clock_conv.gen_async_lite_conv.clock_conv_lite_fwd_ar/handshake/src_hsdata_ff_reg[17]} \
          {design_1_i/ps7_0_axi_periph/m07_couplers/auto_cc/inst/gen_clock_conv.gen_async_lite_conv.clock_conv_lite_fwd_ar/handshake/src_hsdata_ff_reg[18]} \
          {design_1_i/ps7_0_axi_periph/m07_couplers/auto_cc/inst/gen_clock_conv.gen_async_lite_conv.clock_conv_lite_fwd_ar/handshake/src_hsdata_ff_reg[8]} \
          {design_1_i/ps7_0_axi_periph/m07_couplers/auto_cc/inst/gen_clock_conv.gen_async_lite_conv.clock_conv_lite_fwd_ar/handshake/src_hsdata_ff_reg[1]} \
          {design_1_i/ps7_0_axi_periph/m07_couplers/auto_cc/inst/gen_clock_conv.gen_async_lite_conv.clock_conv_lite_fwd_ar/handshake/src_hsdata_ff_reg[7]} \
          {design_1_i/ps7_0_axi_periph/m07_couplers/auto_cc/inst/gen_clock_conv.gen_async_lite_conv.clock_conv_lite_fwd_ar/handshake/src_hsdata_ff_reg[6]} \
          {design_1_i/ps7_0_axi_periph/m07_couplers/auto_cc/inst/gen_clock_conv.gen_async_lite_conv.clock_conv_lite_fwd_ar/handshake/src_hsdata_ff_reg[2]} \
          {design_1_i/ps7_0_axi_periph/m07_couplers/auto_cc/inst/gen_clock_conv.gen_async_lite_conv.clock_conv_lite_fwd_ar/handshake/src_hsdata_ff_reg[3]} \
          {design_1_i/ps7_0_axi_periph/m07_couplers/auto_cc/inst/gen_clock_conv.gen_async_lite_conv.clock_conv_lite_fwd_ar/handshake/src_hsdata_ff_reg[4]} \
          {design_1_i/ps7_0_axi_periph/m07_couplers/auto_cc/inst/gen_clock_conv.gen_async_lite_conv.clock_conv_lite_fwd_ar/handshake/src_hsdata_ff_reg[5]}]]
                                              [get_cells [list {design_1_i/ps7_0_axi_periph/m07_couplers/auto_cc/inst/gen_clock_conv.gen_async_lite_conv.clock_conv_lite_fwd_ar/handshake/dest_hsdata_ff_reg[0]} \
          {design_1_i/ps7_0_axi_periph/m07_couplers/auto_cc/inst/gen_clock_conv.gen_async_lite_conv.clock_conv_lite_fwd_ar/handshake/dest_hsdata_ff_reg[10]} \
          {design_1_i/ps7_0_axi_periph/m07_couplers/auto_cc/inst/gen_clock_conv.gen_async_lite_conv.clock_conv_lite_fwd_ar/handshake/dest_hsdata_ff_reg[11]} \
          {design_1_i/ps7_0_axi_periph/m07_couplers/auto_cc/inst/gen_clock_conv.gen_async_lite_conv.clock_conv_lite_fwd_ar/handshake/dest_hsdata_ff_reg[12]} \
          {design_1_i/ps7_0_axi_periph/m07_couplers/auto_cc/inst/gen_clock_conv.gen_async_lite_conv.clock_conv_lite_fwd_ar/handshake/dest_hsdata_ff_reg[13]} \
          {design_1_i/ps7_0_axi_periph/m07_couplers/auto_cc/inst/gen_clock_conv.gen_async_lite_conv.clock_conv_lite_fwd_ar/handshake/dest_hsdata_ff_reg[14]} \
          {design_1_i/ps7_0_axi_periph/m07_couplers/auto_cc/inst/gen_clock_conv.gen_async_lite_conv.clock_conv_lite_fwd_ar/handshake/dest_hsdata_ff_reg[9]} \
          {design_1_i/ps7_0_axi_periph/m07_couplers/auto_cc/inst/gen_clock_conv.gen_async_lite_conv.clock_conv_lite_fwd_ar/handshake/dest_hsdata_ff_reg[16]} \
          {design_1_i/ps7_0_axi_periph/m07_couplers/auto_cc/inst/gen_clock_conv.gen_async_lite_conv.clock_conv_lite_fwd_ar/handshake/dest_hsdata_ff_reg[17]} \
          {design_1_i/ps7_0_axi_periph/m07_couplers/auto_cc/inst/gen_clock_conv.gen_async_lite_conv.clock_conv_lite_fwd_ar/handshake/dest_hsdata_ff_reg[18]} \
          {design_1_i/ps7_0_axi_periph/m07_couplers/auto_cc/inst/gen_clock_conv.gen_async_lite_conv.clock_conv_lite_fwd_ar/handshake/dest_hsdata_ff_reg[8]} \
          {design_1_i/ps7_0_axi_periph/m07_couplers/auto_cc/inst/gen_clock_conv.gen_async_lite_conv.clock_conv_lite_fwd_ar/handshake/dest_hsdata_ff_reg[1]} \
          {design_1_i/ps7_0_axi_periph/m07_couplers/auto_cc/inst/gen_clock_conv.gen_async_lite_conv.clock_conv_lite_fwd_ar/handshake/dest_hsdata_ff_reg[7]} \
          {design_1_i/ps7_0_axi_periph/m07_couplers/auto_cc/inst/gen_clock_conv.gen_async_lite_conv.clock_conv_lite_fwd_ar/handshake/dest_hsdata_ff_reg[6]} \
          {design_1_i/ps7_0_axi_periph/m07_couplers/auto_cc/inst/gen_clock_conv.gen_async_lite_conv.clock_conv_lite_fwd_ar/handshake/dest_hsdata_ff_reg[2]} \
          {design_1_i/ps7_0_axi_periph/m07_couplers/auto_cc/inst/gen_clock_conv.gen_async_lite_conv.clock_conv_lite_fwd_ar/handshake/dest_hsdata_ff_reg[3]} \
          {design_1_i/ps7_0_axi_periph/m07_couplers/auto_cc/inst/gen_clock_conv.gen_async_lite_conv.clock_conv_lite_fwd_ar/handshake/dest_hsdata_ff_reg[4]} \
          {design_1_i/ps7_0_axi_periph/m07_couplers/auto_cc/inst/gen_clock_conv.gen_async_lite_conv.clock_conv_lite_fwd_ar/handshake/dest_hsdata_ff_reg[5]}]]
                                                                              Slow             20.202       1.201     19.001
11  104       [get_cells [list {design_1_i/ps7_0_axi_periph/m07_couplers/auto_cc/inst/gen_clock_conv.gen_async_lite_conv.clock_conv_lite_fwd_w/handshake/src_hsdata_ff_reg[0]} \
          {design_1_i/ps7_0_axi_periph/m07_couplers/auto_cc/inst/gen_clock_conv.gen_async_lite_conv.clock_conv_lite_fwd_w/handshake/src_hsdata_ff_reg[10]} \
          {design_1_i/ps7_0_axi_periph/m07_couplers/auto_cc/inst/gen_clock_conv.gen_async_lite_conv.clock_conv_lite_fwd_w/handshake/src_hsdata_ff_reg[11]} \
          {design_1_i/ps7_0_axi_periph/m07_couplers/auto_cc/inst/gen_clock_conv.gen_async_lite_conv.clock_conv_lite_fwd_w/handshake/src_hsdata_ff_reg[12]} \
          {design_1_i/ps7_0_axi_periph/m07_couplers/auto_cc/inst/gen_clock_conv.gen_async_lite_conv.clock_conv_lite_fwd_w/handshake/src_hsdata_ff_reg[13]} \
          {design_1_i/ps7_0_axi_periph/m07_couplers/auto_cc/inst/gen_clock_conv.gen_async_lite_conv.clock_conv_lite_fwd_w/handshake/src_hsdata_ff_reg[14]} \
          {design_1_i/ps7_0_axi_periph/m07_couplers/auto_cc/inst/gen_clock_conv.gen_async_lite_conv.clock_conv_lite_fwd_w/handshake/src_hsdata_ff_reg[15]} \
          {design_1_i/ps7_0_axi_periph/m07_couplers/auto_cc/inst/gen_clock_conv.gen_async_lite_conv.clock_conv_lite_fwd_w/handshake/src_hsdata_ff_reg[16]} \
          {design_1_i/ps7_0_axi_periph/m07_couplers/auto_cc/inst/gen_clock_conv.gen_async_lite_conv.clock_conv_lite_fwd_w/handshake/src_hsdata_ff_reg[17]} \
          {design_1_i/ps7_0_axi_periph/m07_couplers/auto_cc/inst/gen_clock_conv.gen_async_lite_conv.clock_conv_lite_fwd_w/handshake/src_hsdata_ff_reg[18]} \
          {design_1_i/ps7_0_axi_periph/m07_couplers/auto_cc/inst/gen_clock_conv.gen_async_lite_conv.clock_conv_lite_fwd_w/handshake/src_hsdata_ff_reg[19]} \
          {design_1_i/ps7_0_axi_periph/m07_couplers/auto_cc/inst/gen_clock_conv.gen_async_lite_conv.clock_conv_lite_fwd_w/handshake/src_hsdata_ff_reg[1]} \
          {design_1_i/ps7_0_axi_periph/m07_couplers/auto_cc/inst/gen_clock_conv.gen_async_lite_conv.clock_conv_lite_fwd_w/handshake/src_hsdata_ff_reg[20]} \
          {design_1_i/ps7_0_axi_periph/m07_couplers/auto_cc/inst/gen_clock_conv.gen_async_lite_conv.clock_conv_lite_fwd_w/handshake/src_hsdata_ff_reg[21]} \
          {design_1_i/ps7_0_axi_periph/m07_couplers/auto_cc/inst/gen_clock_conv.gen_async_lite_conv.clock_conv_lite_fwd_w/handshake/src_hsdata_ff_reg[22]} \
          {design_1_i/ps7_0_axi_periph/m07_couplers/auto_cc/inst/gen_clock_conv.gen_async_lite_conv.clock_conv_lite_fwd_w/handshake/src_hsdata_ff_reg[23]} \
          {design_1_i/ps7_0_axi_periph/m07_couplers/auto_cc/inst/gen_clock_conv.gen_async_lite_conv.clock_conv_lite_fwd_w/handshake/src_hsdata_ff_reg[24]} \
          {design_1_i/ps7_0_axi_periph/m07_couplers/auto_cc/inst/gen_clock_conv.gen_async_lite_conv.clock_conv_lite_fwd_w/handshake/src_hsdata_ff_reg[25]} \
          {design_1_i/ps7_0_axi_periph/m07_couplers/auto_cc/inst/gen_clock_conv.gen_async_lite_conv.clock_conv_lite_fwd_w/handshake/src_hsdata_ff_reg[26]} \
          {design_1_i/ps7_0_axi_periph/m07_couplers/auto_cc/inst/gen_clock_conv.gen_async_lite_conv.clock_conv_lite_fwd_w/handshake/src_hsdata_ff_reg[27]} \
          {design_1_i/ps7_0_axi_periph/m07_couplers/auto_cc/inst/gen_clock_conv.gen_async_lite_conv.clock_conv_lite_fwd_w/handshake/src_hsdata_ff_reg[28]} \
          {design_1_i/ps7_0_axi_periph/m07_couplers/auto_cc/inst/gen_clock_conv.gen_async_lite_conv.clock_conv_lite_fwd_w/handshake/src_hsdata_ff_reg[29]} \
          {design_1_i/ps7_0_axi_periph/m07_couplers/auto_cc/inst/gen_clock_conv.gen_async_lite_conv.clock_conv_lite_fwd_w/handshake/src_hsdata_ff_reg[2]} \
          {design_1_i/ps7_0_axi_periph/m07_couplers/auto_cc/inst/gen_clock_conv.gen_async_lite_conv.clock_conv_lite_fwd_w/handshake/src_hsdata_ff_reg[30]} \
          {design_1_i/ps7_0_axi_periph/m07_couplers/auto_cc/inst/gen_clock_conv.gen_async_lite_conv.clock_conv_lite_fwd_w/handshake/src_hsdata_ff_reg[31]} \
          {design_1_i/ps7_0_axi_periph/m07_couplers/auto_cc/inst/gen_clock_conv.gen_async_lite_conv.clock_conv_lite_fwd_w/handshake/src_hsdata_ff_reg[32]} \
          {design_1_i/ps7_0_axi_periph/m07_couplers/auto_cc/inst/gen_clock_conv.gen_async_lite_conv.clock_conv_lite_fwd_w/handshake/src_hsdata_ff_reg[33]} \
          {design_1_i/ps7_0_axi_periph/m07_couplers/auto_cc/inst/gen_clock_conv.gen_async_lite_conv.clock_conv_lite_fwd_w/handshake/src_hsdata_ff_reg[34]} \
          {design_1_i/ps7_0_axi_periph/m07_couplers/auto_cc/inst/gen_clock_conv.gen_async_lite_conv.clock_conv_lite_fwd_w/handshake/src_hsdata_ff_reg[35]} \
          {design_1_i/ps7_0_axi_periph/m07_couplers/auto_cc/inst/gen_clock_conv.gen_async_lite_conv.clock_conv_lite_fwd_w/handshake/src_hsdata_ff_reg[3]} \
          {design_1_i/ps7_0_axi_periph/m07_couplers/auto_cc/inst/gen_clock_conv.gen_async_lite_conv.clock_conv_lite_fwd_w/handshake/src_hsdata_ff_reg[4]} \
          {design_1_i/ps7_0_axi_periph/m07_couplers/auto_cc/inst/gen_clock_conv.gen_async_lite_conv.clock_conv_lite_fwd_w/handshake/src_hsdata_ff_reg[5]} \
          {design_1_i/ps7_0_axi_periph/m07_couplers/auto_cc/inst/gen_clock_conv.gen_async_lite_conv.clock_conv_lite_fwd_w/handshake/src_hsdata_ff_reg[6]} \
          {design_1_i/ps7_0_axi_periph/m07_couplers/auto_cc/inst/gen_clock_conv.gen_async_lite_conv.clock_conv_lite_fwd_w/handshake/src_hsdata_ff_reg[7]} \
          {design_1_i/ps7_0_axi_periph/m07_couplers/auto_cc/inst/gen_clock_conv.gen_async_lite_conv.clock_conv_lite_fwd_w/handshake/src_hsdata_ff_reg[8]} \
          {design_1_i/ps7_0_axi_periph/m07_couplers/auto_cc/inst/gen_clock_conv.gen_async_lite_conv.clock_conv_lite_fwd_w/handshake/src_hsdata_ff_reg[9]}]]
                                              [get_cells [list {design_1_i/ps7_0_axi_periph/m07_couplers/auto_cc/inst/gen_clock_conv.gen_async_lite_conv.clock_conv_lite_fwd_w/handshake/dest_hsdata_ff_reg[0]} \
          {design_1_i/ps7_0_axi_periph/m07_couplers/auto_cc/inst/gen_clock_conv.gen_async_lite_conv.clock_conv_lite_fwd_w/handshake/dest_hsdata_ff_reg[10]} \
          {design_1_i/ps7_0_axi_periph/m07_couplers/auto_cc/inst/gen_clock_conv.gen_async_lite_conv.clock_conv_lite_fwd_w/handshake/dest_hsdata_ff_reg[11]} \
          {design_1_i/ps7_0_axi_periph/m07_couplers/auto_cc/inst/gen_clock_conv.gen_async_lite_conv.clock_conv_lite_fwd_w/handshake/dest_hsdata_ff_reg[12]} \
          {design_1_i/ps7_0_axi_periph/m07_couplers/auto_cc/inst/gen_clock_conv.gen_async_lite_conv.clock_conv_lite_fwd_w/handshake/dest_hsdata_ff_reg[13]} \
          {design_1_i/ps7_0_axi_periph/m07_couplers/auto_cc/inst/gen_clock_conv.gen_async_lite_conv.clock_conv_lite_fwd_w/handshake/dest_hsdata_ff_reg[14]} \
          {design_1_i/ps7_0_axi_periph/m07_couplers/auto_cc/inst/gen_clock_conv.gen_async_lite_conv.clock_conv_lite_fwd_w/handshake/dest_hsdata_ff_reg[15]} \
          {design_1_i/ps7_0_axi_periph/m07_couplers/auto_cc/inst/gen_clock_conv.gen_async_lite_conv.clock_conv_lite_fwd_w/handshake/dest_hsdata_ff_reg[16]} \
          {design_1_i/ps7_0_axi_periph/m07_couplers/auto_cc/inst/gen_clock_conv.gen_async_lite_conv.clock_conv_lite_fwd_w/handshake/dest_hsdata_ff_reg[17]} \
          {design_1_i/ps7_0_axi_periph/m07_couplers/auto_cc/inst/gen_clock_conv.gen_async_lite_conv.clock_conv_lite_fwd_w/handshake/dest_hsdata_ff_reg[18]} \
          {design_1_i/ps7_0_axi_periph/m07_couplers/auto_cc/inst/gen_clock_conv.gen_async_lite_conv.clock_conv_lite_fwd_w/handshake/dest_hsdata_ff_reg[19]} \
          {design_1_i/ps7_0_axi_periph/m07_couplers/auto_cc/inst/gen_clock_conv.gen_async_lite_conv.clock_conv_lite_fwd_w/handshake/dest_hsdata_ff_reg[1]} \
          {design_1_i/ps7_0_axi_periph/m07_couplers/auto_cc/inst/gen_clock_conv.gen_async_lite_conv.clock_conv_lite_fwd_w/handshake/dest_hsdata_ff_reg[20]} \
          {design_1_i/ps7_0_axi_periph/m07_couplers/auto_cc/inst/gen_clock_conv.gen_async_lite_conv.clock_conv_lite_fwd_w/handshake/dest_hsdata_ff_reg[21]} \
          {design_1_i/ps7_0_axi_periph/m07_couplers/auto_cc/inst/gen_clock_conv.gen_async_lite_conv.clock_conv_lite_fwd_w/handshake/dest_hsdata_ff_reg[22]} \
          {design_1_i/ps7_0_axi_periph/m07_couplers/auto_cc/inst/gen_clock_conv.gen_async_lite_conv.clock_conv_lite_fwd_w/handshake/dest_hsdata_ff_reg[23]} \
          {design_1_i/ps7_0_axi_periph/m07_couplers/auto_cc/inst/gen_clock_conv.gen_async_lite_conv.clock_conv_lite_fwd_w/handshake/dest_hsdata_ff_reg[24]} \
          {design_1_i/ps7_0_axi_periph/m07_couplers/auto_cc/inst/gen_clock_conv.gen_async_lite_conv.clock_conv_lite_fwd_w/handshake/dest_hsdata_ff_reg[25]} \
          {design_1_i/ps7_0_axi_periph/m07_couplers/auto_cc/inst/gen_clock_conv.gen_async_lite_conv.clock_conv_lite_fwd_w/handshake/dest_hsdata_ff_reg[26]} \
          {design_1_i/ps7_0_axi_periph/m07_couplers/auto_cc/inst/gen_clock_conv.gen_async_lite_conv.clock_conv_lite_fwd_w/handshake/dest_hsdata_ff_reg[27]} \
          {design_1_i/ps7_0_axi_periph/m07_couplers/auto_cc/inst/gen_clock_conv.gen_async_lite_conv.clock_conv_lite_fwd_w/handshake/dest_hsdata_ff_reg[28]} \
          {design_1_i/ps7_0_axi_periph/m07_couplers/auto_cc/inst/gen_clock_conv.gen_async_lite_conv.clock_conv_lite_fwd_w/handshake/dest_hsdata_ff_reg[29]} \
          {design_1_i/ps7_0_axi_periph/m07_couplers/auto_cc/inst/gen_clock_conv.gen_async_lite_conv.clock_conv_lite_fwd_w/handshake/dest_hsdata_ff_reg[2]} \
          {design_1_i/ps7_0_axi_periph/m07_couplers/auto_cc/inst/gen_clock_conv.gen_async_lite_conv.clock_conv_lite_fwd_w/handshake/dest_hsdata_ff_reg[30]} \
          {design_1_i/ps7_0_axi_periph/m07_couplers/auto_cc/inst/gen_clock_conv.gen_async_lite_conv.clock_conv_lite_fwd_w/handshake/dest_hsdata_ff_reg[31]} \
          {design_1_i/ps7_0_axi_periph/m07_couplers/auto_cc/inst/gen_clock_conv.gen_async_lite_conv.clock_conv_lite_fwd_w/handshake/dest_hsdata_ff_reg[32]} \
          {design_1_i/ps7_0_axi_periph/m07_couplers/auto_cc/inst/gen_clock_conv.gen_async_lite_conv.clock_conv_lite_fwd_w/handshake/dest_hsdata_ff_reg[33]} \
          {design_1_i/ps7_0_axi_periph/m07_couplers/auto_cc/inst/gen_clock_conv.gen_async_lite_conv.clock_conv_lite_fwd_w/handshake/dest_hsdata_ff_reg[34]} \
          {design_1_i/ps7_0_axi_periph/m07_couplers/auto_cc/inst/gen_clock_conv.gen_async_lite_conv.clock_conv_lite_fwd_w/handshake/dest_hsdata_ff_reg[35]} \
          {design_1_i/ps7_0_axi_periph/m07_couplers/auto_cc/inst/gen_clock_conv.gen_async_lite_conv.clock_conv_lite_fwd_w/handshake/dest_hsdata_ff_reg[3]} \
          {design_1_i/ps7_0_axi_periph/m07_couplers/auto_cc/inst/gen_clock_conv.gen_async_lite_conv.clock_conv_lite_fwd_w/handshake/dest_hsdata_ff_reg[4]} \
          {design_1_i/ps7_0_axi_periph/m07_couplers/auto_cc/inst/gen_clock_conv.gen_async_lite_conv.clock_conv_lite_fwd_w/handshake/dest_hsdata_ff_reg[5]} \
          {design_1_i/ps7_0_axi_periph/m07_couplers/auto_cc/inst/gen_clock_conv.gen_async_lite_conv.clock_conv_lite_fwd_w/handshake/dest_hsdata_ff_reg[6]} \
          {design_1_i/ps7_0_axi_periph/m07_couplers/auto_cc/inst/gen_clock_conv.gen_async_lite_conv.clock_conv_lite_fwd_w/handshake/dest_hsdata_ff_reg[7]} \
          {design_1_i/ps7_0_axi_periph/m07_couplers/auto_cc/inst/gen_clock_conv.gen_async_lite_conv.clock_conv_lite_fwd_w/handshake/dest_hsdata_ff_reg[8]} \
          {design_1_i/ps7_0_axi_periph/m07_couplers/auto_cc/inst/gen_clock_conv.gen_async_lite_conv.clock_conv_lite_fwd_w/handshake/dest_hsdata_ff_reg[9]}]]
                                                                              Slow             20.202       1.492     18.710
12  106       [get_cells [list {design_1_i/ps7_0_axi_periph/m07_couplers/auto_cc/inst/gen_clock_conv.gen_async_lite_conv.clock_conv_lite_resp_b/handshake/src_hsdata_ff_reg[0]} {design_1_i/ps7_0_axi_periph/m07_couplers/auto_cc/inst/gen_clock_conv.gen_async_lite_conv.clock_conv_lite_resp_b/handshake/src_hsdata_ff_reg[1]}]]
                                              [get_cells [list {design_1_i/ps7_0_axi_periph/m07_couplers/auto_cc/inst/gen_clock_conv.gen_async_lite_conv.clock_conv_lite_resp_b/handshake/dest_hsdata_ff_reg[0]} {design_1_i/ps7_0_axi_periph/m07_couplers/auto_cc/inst/gen_clock_conv.gen_async_lite_conv.clock_conv_lite_resp_b/handshake/dest_hsdata_ff_reg[1]}]]
                                                                              Slow             38.997       0.914     38.083
13  108       [get_cells [list {design_1_i/ps7_0_axi_periph/m07_couplers/auto_cc/inst/gen_clock_conv.gen_async_lite_conv.clock_conv_lite_resp_r/handshake/src_hsdata_ff_reg[0]} \
          {design_1_i/ps7_0_axi_periph/m07_couplers/auto_cc/inst/gen_clock_conv.gen_async_lite_conv.clock_conv_lite_resp_r/handshake/src_hsdata_ff_reg[10]} \
          {design_1_i/ps7_0_axi_periph/m07_couplers/auto_cc/inst/gen_clock_conv.gen_async_lite_conv.clock_conv_lite_resp_r/handshake/src_hsdata_ff_reg[11]} \
          {design_1_i/ps7_0_axi_periph/m07_couplers/auto_cc/inst/gen_clock_conv.gen_async_lite_conv.clock_conv_lite_resp_r/handshake/src_hsdata_ff_reg[12]} \
          {design_1_i/ps7_0_axi_periph/m07_couplers/auto_cc/inst/gen_clock_conv.gen_async_lite_conv.clock_conv_lite_resp_r/handshake/src_hsdata_ff_reg[13]} \
          {design_1_i/ps7_0_axi_periph/m07_couplers/auto_cc/inst/gen_clock_conv.gen_async_lite_conv.clock_conv_lite_resp_r/handshake/src_hsdata_ff_reg[14]} \
          {design_1_i/ps7_0_axi_periph/m07_couplers/auto_cc/inst/gen_clock_conv.gen_async_lite_conv.clock_conv_lite_resp_r/handshake/src_hsdata_ff_reg[15]} \
          {design_1_i/ps7_0_axi_periph/m07_couplers/auto_cc/inst/gen_clock_conv.gen_async_lite_conv.clock_conv_lite_resp_r/handshake/src_hsdata_ff_reg[16]} \
          {design_1_i/ps7_0_axi_periph/m07_couplers/auto_cc/inst/gen_clock_conv.gen_async_lite_conv.clock_conv_lite_resp_r/handshake/src_hsdata_ff_reg[17]} \
          {design_1_i/ps7_0_axi_periph/m07_couplers/auto_cc/inst/gen_clock_conv.gen_async_lite_conv.clock_conv_lite_resp_r/handshake/src_hsdata_ff_reg[18]} \
          {design_1_i/ps7_0_axi_periph/m07_couplers/auto_cc/inst/gen_clock_conv.gen_async_lite_conv.clock_conv_lite_resp_r/handshake/src_hsdata_ff_reg[19]} \
          {design_1_i/ps7_0_axi_periph/m07_couplers/auto_cc/inst/gen_clock_conv.gen_async_lite_conv.clock_conv_lite_resp_r/handshake/src_hsdata_ff_reg[1]} \
          {design_1_i/ps7_0_axi_periph/m07_couplers/auto_cc/inst/gen_clock_conv.gen_async_lite_conv.clock_conv_lite_resp_r/handshake/src_hsdata_ff_reg[20]} \
          {design_1_i/ps7_0_axi_periph/m07_couplers/auto_cc/inst/gen_clock_conv.gen_async_lite_conv.clock_conv_lite_resp_r/handshake/src_hsdata_ff_reg[21]} \
          {design_1_i/ps7_0_axi_periph/m07_couplers/auto_cc/inst/gen_clock_conv.gen_async_lite_conv.clock_conv_lite_resp_r/handshake/src_hsdata_ff_reg[22]} \
          {design_1_i/ps7_0_axi_periph/m07_couplers/auto_cc/inst/gen_clock_conv.gen_async_lite_conv.clock_conv_lite_resp_r/handshake/src_hsdata_ff_reg[23]} \
          {design_1_i/ps7_0_axi_periph/m07_couplers/auto_cc/inst/gen_clock_conv.gen_async_lite_conv.clock_conv_lite_resp_r/handshake/src_hsdata_ff_reg[24]} \
          {design_1_i/ps7_0_axi_periph/m07_couplers/auto_cc/inst/gen_clock_conv.gen_async_lite_conv.clock_conv_lite_resp_r/handshake/src_hsdata_ff_reg[25]} \
          {design_1_i/ps7_0_axi_periph/m07_couplers/auto_cc/inst/gen_clock_conv.gen_async_lite_conv.clock_conv_lite_resp_r/handshake/src_hsdata_ff_reg[26]} \
          {design_1_i/ps7_0_axi_periph/m07_couplers/auto_cc/inst/gen_clock_conv.gen_async_lite_conv.clock_conv_lite_resp_r/handshake/src_hsdata_ff_reg[27]} \
          {design_1_i/ps7_0_axi_periph/m07_couplers/auto_cc/inst/gen_clock_conv.gen_async_lite_conv.clock_conv_lite_resp_r/handshake/src_hsdata_ff_reg[28]} \
          {design_1_i/ps7_0_axi_periph/m07_couplers/auto_cc/inst/gen_clock_conv.gen_async_lite_conv.clock_conv_lite_resp_r/handshake/src_hsdata_ff_reg[29]} \
          {design_1_i/ps7_0_axi_periph/m07_couplers/auto_cc/inst/gen_clock_conv.gen_async_lite_conv.clock_conv_lite_resp_r/handshake/src_hsdata_ff_reg[2]} \
          {design_1_i/ps7_0_axi_periph/m07_couplers/auto_cc/inst/gen_clock_conv.gen_async_lite_conv.clock_conv_lite_resp_r/handshake/src_hsdata_ff_reg[30]} \
          {design_1_i/ps7_0_axi_periph/m07_couplers/auto_cc/inst/gen_clock_conv.gen_async_lite_conv.clock_conv_lite_resp_r/handshake/src_hsdata_ff_reg[31]} \
          {design_1_i/ps7_0_axi_periph/m07_couplers/auto_cc/inst/gen_clock_conv.gen_async_lite_conv.clock_conv_lite_resp_r/handshake/src_hsdata_ff_reg[32]} \
          {design_1_i/ps7_0_axi_periph/m07_couplers/auto_cc/inst/gen_clock_conv.gen_async_lite_conv.clock_conv_lite_resp_r/handshake/src_hsdata_ff_reg[33]} \
          {design_1_i/ps7_0_axi_periph/m07_couplers/auto_cc/inst/gen_clock_conv.gen_async_lite_conv.clock_conv_lite_resp_r/handshake/src_hsdata_ff_reg[3]} \
          {design_1_i/ps7_0_axi_periph/m07_couplers/auto_cc/inst/gen_clock_conv.gen_async_lite_conv.clock_conv_lite_resp_r/handshake/src_hsdata_ff_reg[4]} \
          {design_1_i/ps7_0_axi_periph/m07_couplers/auto_cc/inst/gen_clock_conv.gen_async_lite_conv.clock_conv_lite_resp_r/handshake/src_hsdata_ff_reg[5]} \
          {design_1_i/ps7_0_axi_periph/m07_couplers/auto_cc/inst/gen_clock_conv.gen_async_lite_conv.clock_conv_lite_resp_r/handshake/src_hsdata_ff_reg[6]} \
          {design_1_i/ps7_0_axi_periph/m07_couplers/auto_cc/inst/gen_clock_conv.gen_async_lite_conv.clock_conv_lite_resp_r/handshake/src_hsdata_ff_reg[7]} \
          {design_1_i/ps7_0_axi_periph/m07_couplers/auto_cc/inst/gen_clock_conv.gen_async_lite_conv.clock_conv_lite_resp_r/handshake/src_hsdata_ff_reg[8]} \
          {design_1_i/ps7_0_axi_periph/m07_couplers/auto_cc/inst/gen_clock_conv.gen_async_lite_conv.clock_conv_lite_resp_r/handshake/src_hsdata_ff_reg[9]}]]
                                              [get_cells [list {design_1_i/ps7_0_axi_periph/m07_couplers/auto_cc/inst/gen_clock_conv.gen_async_lite_conv.clock_conv_lite_resp_r/handshake/dest_hsdata_ff_reg[0]} \
          {design_1_i/ps7_0_axi_periph/m07_couplers/auto_cc/inst/gen_clock_conv.gen_async_lite_conv.clock_conv_lite_resp_r/handshake/dest_hsdata_ff_reg[10]} \
          {design_1_i/ps7_0_axi_periph/m07_couplers/auto_cc/inst/gen_clock_conv.gen_async_lite_conv.clock_conv_lite_resp_r/handshake/dest_hsdata_ff_reg[11]} \
          {design_1_i/ps7_0_axi_periph/m07_couplers/auto_cc/inst/gen_clock_conv.gen_async_lite_conv.clock_conv_lite_resp_r/handshake/dest_hsdata_ff_reg[12]} \
          {design_1_i/ps7_0_axi_periph/m07_couplers/auto_cc/inst/gen_clock_conv.gen_async_lite_conv.clock_conv_lite_resp_r/handshake/dest_hsdata_ff_reg[13]} \
          {design_1_i/ps7_0_axi_periph/m07_couplers/auto_cc/inst/gen_clock_conv.gen_async_lite_conv.clock_conv_lite_resp_r/handshake/dest_hsdata_ff_reg[14]} \
          {design_1_i/ps7_0_axi_periph/m07_couplers/auto_cc/inst/gen_clock_conv.gen_async_lite_conv.clock_conv_lite_resp_r/handshake/dest_hsdata_ff_reg[15]} \
          {design_1_i/ps7_0_axi_periph/m07_couplers/auto_cc/inst/gen_clock_conv.gen_async_lite_conv.clock_conv_lite_resp_r/handshake/dest_hsdata_ff_reg[16]} \
          {design_1_i/ps7_0_axi_periph/m07_couplers/auto_cc/inst/gen_clock_conv.gen_async_lite_conv.clock_conv_lite_resp_r/handshake/dest_hsdata_ff_reg[17]} \
          {design_1_i/ps7_0_axi_periph/m07_couplers/auto_cc/inst/gen_clock_conv.gen_async_lite_conv.clock_conv_lite_resp_r/handshake/dest_hsdata_ff_reg[18]} \
          {design_1_i/ps7_0_axi_periph/m07_couplers/auto_cc/inst/gen_clock_conv.gen_async_lite_conv.clock_conv_lite_resp_r/handshake/dest_hsdata_ff_reg[19]} \
          {design_1_i/ps7_0_axi_periph/m07_couplers/auto_cc/inst/gen_clock_conv.gen_async_lite_conv.clock_conv_lite_resp_r/handshake/dest_hsdata_ff_reg[1]} \
          {design_1_i/ps7_0_axi_periph/m07_couplers/auto_cc/inst/gen_clock_conv.gen_async_lite_conv.clock_conv_lite_resp_r/handshake/dest_hsdata_ff_reg[20]} \
          {design_1_i/ps7_0_axi_periph/m07_couplers/auto_cc/inst/gen_clock_conv.gen_async_lite_conv.clock_conv_lite_resp_r/handshake/dest_hsdata_ff_reg[21]} \
          {design_1_i/ps7_0_axi_periph/m07_couplers/auto_cc/inst/gen_clock_conv.gen_async_lite_conv.clock_conv_lite_resp_r/handshake/dest_hsdata_ff_reg[22]} \
          {design_1_i/ps7_0_axi_periph/m07_couplers/auto_cc/inst/gen_clock_conv.gen_async_lite_conv.clock_conv_lite_resp_r/handshake/dest_hsdata_ff_reg[23]} \
          {design_1_i/ps7_0_axi_periph/m07_couplers/auto_cc/inst/gen_clock_conv.gen_async_lite_conv.clock_conv_lite_resp_r/handshake/dest_hsdata_ff_reg[24]} \
          {design_1_i/ps7_0_axi_periph/m07_couplers/auto_cc/inst/gen_clock_conv.gen_async_lite_conv.clock_conv_lite_resp_r/handshake/dest_hsdata_ff_reg[25]} \
          {design_1_i/ps7_0_axi_periph/m07_couplers/auto_cc/inst/gen_clock_conv.gen_async_lite_conv.clock_conv_lite_resp_r/handshake/dest_hsdata_ff_reg[26]} \
          {design_1_i/ps7_0_axi_periph/m07_couplers/auto_cc/inst/gen_clock_conv.gen_async_lite_conv.clock_conv_lite_resp_r/handshake/dest_hsdata_ff_reg[27]} \
          {design_1_i/ps7_0_axi_periph/m07_couplers/auto_cc/inst/gen_clock_conv.gen_async_lite_conv.clock_conv_lite_resp_r/handshake/dest_hsdata_ff_reg[28]} \
          {design_1_i/ps7_0_axi_periph/m07_couplers/auto_cc/inst/gen_clock_conv.gen_async_lite_conv.clock_conv_lite_resp_r/handshake/dest_hsdata_ff_reg[29]} \
          {design_1_i/ps7_0_axi_periph/m07_couplers/auto_cc/inst/gen_clock_conv.gen_async_lite_conv.clock_conv_lite_resp_r/handshake/dest_hsdata_ff_reg[2]} \
          {design_1_i/ps7_0_axi_periph/m07_couplers/auto_cc/inst/gen_clock_conv.gen_async_lite_conv.clock_conv_lite_resp_r/handshake/dest_hsdata_ff_reg[30]} \
          {design_1_i/ps7_0_axi_periph/m07_couplers/auto_cc/inst/gen_clock_conv.gen_async_lite_conv.clock_conv_lite_resp_r/handshake/dest_hsdata_ff_reg[31]} \
          {design_1_i/ps7_0_axi_periph/m07_couplers/auto_cc/inst/gen_clock_conv.gen_async_lite_conv.clock_conv_lite_resp_r/handshake/dest_hsdata_ff_reg[32]} \
          {design_1_i/ps7_0_axi_periph/m07_couplers/auto_cc/inst/gen_clock_conv.gen_async_lite_conv.clock_conv_lite_resp_r/handshake/dest_hsdata_ff_reg[33]} \
          {design_1_i/ps7_0_axi_periph/m07_couplers/auto_cc/inst/gen_clock_conv.gen_async_lite_conv.clock_conv_lite_resp_r/handshake/dest_hsdata_ff_reg[3]} \
          {design_1_i/ps7_0_axi_periph/m07_couplers/auto_cc/inst/gen_clock_conv.gen_async_lite_conv.clock_conv_lite_resp_r/handshake/dest_hsdata_ff_reg[4]} \
          {design_1_i/ps7_0_axi_periph/m07_couplers/auto_cc/inst/gen_clock_conv.gen_async_lite_conv.clock_conv_lite_resp_r/handshake/dest_hsdata_ff_reg[5]} \
          {design_1_i/ps7_0_axi_periph/m07_couplers/auto_cc/inst/gen_clock_conv.gen_async_lite_conv.clock_conv_lite_resp_r/handshake/dest_hsdata_ff_reg[6]} \
          {design_1_i/ps7_0_axi_periph/m07_couplers/auto_cc/inst/gen_clock_conv.gen_async_lite_conv.clock_conv_lite_resp_r/handshake/dest_hsdata_ff_reg[7]} \
          {design_1_i/ps7_0_axi_periph/m07_couplers/auto_cc/inst/gen_clock_conv.gen_async_lite_conv.clock_conv_lite_resp_r/handshake/dest_hsdata_ff_reg[8]} \
          {design_1_i/ps7_0_axi_periph/m07_couplers/auto_cc/inst/gen_clock_conv.gen_async_lite_conv.clock_conv_lite_resp_r/handshake/dest_hsdata_ff_reg[9]}]]
                                                                              Slow             38.997       1.552     37.445
14  110       [get_cells [list {design_1_i/ps7_0_axi_periph/m07_couplers/auto_cc/inst/gen_clock_conv.gen_async_lite_conv.clock_conv_lite_fwd_aw/handshake/src_hsdata_ff_reg[0]} \
          {design_1_i/ps7_0_axi_periph/m07_couplers/auto_cc/inst/gen_clock_conv.gen_async_lite_conv.clock_conv_lite_fwd_aw/handshake/src_hsdata_ff_reg[10]} \
          {design_1_i/ps7_0_axi_periph/m07_couplers/auto_cc/inst/gen_clock_conv.gen_async_lite_conv.clock_conv_lite_fwd_aw/handshake/src_hsdata_ff_reg[11]} \
          {design_1_i/ps7_0_axi_periph/m07_couplers/auto_cc/inst/gen_clock_conv.gen_async_lite_conv.clock_conv_lite_fwd_aw/handshake/src_hsdata_ff_reg[12]} \
          {design_1_i/ps7_0_axi_periph/m07_couplers/auto_cc/inst/gen_clock_conv.gen_async_lite_conv.clock_conv_lite_fwd_aw/handshake/src_hsdata_ff_reg[13]} \
          {design_1_i/ps7_0_axi_periph/m07_couplers/auto_cc/inst/gen_clock_conv.gen_async_lite_conv.clock_conv_lite_fwd_aw/handshake/src_hsdata_ff_reg[14]} \
          {design_1_i/ps7_0_axi_periph/m07_couplers/auto_cc/inst/gen_clock_conv.gen_async_lite_conv.clock_conv_lite_fwd_aw/handshake/src_hsdata_ff_reg[9]} \
          {design_1_i/ps7_0_axi_periph/m07_couplers/auto_cc/inst/gen_clock_conv.gen_async_lite_conv.clock_conv_lite_fwd_aw/handshake/src_hsdata_ff_reg[16]} \
          {design_1_i/ps7_0_axi_periph/m07_couplers/auto_cc/inst/gen_clock_conv.gen_async_lite_conv.clock_conv_lite_fwd_aw/handshake/src_hsdata_ff_reg[17]} \
          {design_1_i/ps7_0_axi_periph/m07_couplers/auto_cc/inst/gen_clock_conv.gen_async_lite_conv.clock_conv_lite_fwd_aw/handshake/src_hsdata_ff_reg[18]} \
          {design_1_i/ps7_0_axi_periph/m07_couplers/auto_cc/inst/gen_clock_conv.gen_async_lite_conv.clock_conv_lite_fwd_aw/handshake/src_hsdata_ff_reg[8]} \
          {design_1_i/ps7_0_axi_periph/m07_couplers/auto_cc/inst/gen_clock_conv.gen_async_lite_conv.clock_conv_lite_fwd_aw/handshake/src_hsdata_ff_reg[1]} \
          {design_1_i/ps7_0_axi_periph/m07_couplers/auto_cc/inst/gen_clock_conv.gen_async_lite_conv.clock_conv_lite_fwd_aw/handshake/src_hsdata_ff_reg[7]} \
          {design_1_i/ps7_0_axi_periph/m07_couplers/auto_cc/inst/gen_clock_conv.gen_async_lite_conv.clock_conv_lite_fwd_aw/handshake/src_hsdata_ff_reg[6]} \
          {design_1_i/ps7_0_axi_periph/m07_couplers/auto_cc/inst/gen_clock_conv.gen_async_lite_conv.clock_conv_lite_fwd_aw/handshake/src_hsdata_ff_reg[2]} \
          {design_1_i/ps7_0_axi_periph/m07_couplers/auto_cc/inst/gen_clock_conv.gen_async_lite_conv.clock_conv_lite_fwd_aw/handshake/src_hsdata_ff_reg[3]} \
          {design_1_i/ps7_0_axi_periph/m07_couplers/auto_cc/inst/gen_clock_conv.gen_async_lite_conv.clock_conv_lite_fwd_aw/handshake/src_hsdata_ff_reg[4]} \
          {design_1_i/ps7_0_axi_periph/m07_couplers/auto_cc/inst/gen_clock_conv.gen_async_lite_conv.clock_conv_lite_fwd_aw/handshake/src_hsdata_ff_reg[5]}]]
                                              [get_cells [list {design_1_i/ps7_0_axi_periph/m07_couplers/auto_cc/inst/gen_clock_conv.gen_async_lite_conv.clock_conv_lite_fwd_aw/handshake/dest_hsdata_ff_reg[0]} \
          {design_1_i/ps7_0_axi_periph/m07_couplers/auto_cc/inst/gen_clock_conv.gen_async_lite_conv.clock_conv_lite_fwd_aw/handshake/dest_hsdata_ff_reg[10]} \
          {design_1_i/ps7_0_axi_periph/m07_couplers/auto_cc/inst/gen_clock_conv.gen_async_lite_conv.clock_conv_lite_fwd_aw/handshake/dest_hsdata_ff_reg[11]} \
          {design_1_i/ps7_0_axi_periph/m07_couplers/auto_cc/inst/gen_clock_conv.gen_async_lite_conv.clock_conv_lite_fwd_aw/handshake/dest_hsdata_ff_reg[12]} \
          {design_1_i/ps7_0_axi_periph/m07_couplers/auto_cc/inst/gen_clock_conv.gen_async_lite_conv.clock_conv_lite_fwd_aw/handshake/dest_hsdata_ff_reg[13]} \
          {design_1_i/ps7_0_axi_periph/m07_couplers/auto_cc/inst/gen_clock_conv.gen_async_lite_conv.clock_conv_lite_fwd_aw/handshake/dest_hsdata_ff_reg[14]} \
          {design_1_i/ps7_0_axi_periph/m07_couplers/auto_cc/inst/gen_clock_conv.gen_async_lite_conv.clock_conv_lite_fwd_aw/handshake/dest_hsdata_ff_reg[9]} \
          {design_1_i/ps7_0_axi_periph/m07_couplers/auto_cc/inst/gen_clock_conv.gen_async_lite_conv.clock_conv_lite_fwd_aw/handshake/dest_hsdata_ff_reg[16]} \
          {design_1_i/ps7_0_axi_periph/m07_couplers/auto_cc/inst/gen_clock_conv.gen_async_lite_conv.clock_conv_lite_fwd_aw/handshake/dest_hsdata_ff_reg[17]} \
          {design_1_i/ps7_0_axi_periph/m07_couplers/auto_cc/inst/gen_clock_conv.gen_async_lite_conv.clock_conv_lite_fwd_aw/handshake/dest_hsdata_ff_reg[18]} \
          {design_1_i/ps7_0_axi_periph/m07_couplers/auto_cc/inst/gen_clock_conv.gen_async_lite_conv.clock_conv_lite_fwd_aw/handshake/dest_hsdata_ff_reg[8]} \
          {design_1_i/ps7_0_axi_periph/m07_couplers/auto_cc/inst/gen_clock_conv.gen_async_lite_conv.clock_conv_lite_fwd_aw/handshake/dest_hsdata_ff_reg[1]} \
          {design_1_i/ps7_0_axi_periph/m07_couplers/auto_cc/inst/gen_clock_conv.gen_async_lite_conv.clock_conv_lite_fwd_aw/handshake/dest_hsdata_ff_reg[7]} \
          {design_1_i/ps7_0_axi_periph/m07_couplers/auto_cc/inst/gen_clock_conv.gen_async_lite_conv.clock_conv_lite_fwd_aw/handshake/dest_hsdata_ff_reg[6]} \
          {design_1_i/ps7_0_axi_periph/m07_couplers/auto_cc/inst/gen_clock_conv.gen_async_lite_conv.clock_conv_lite_fwd_aw/handshake/dest_hsdata_ff_reg[2]} \
          {design_1_i/ps7_0_axi_periph/m07_couplers/auto_cc/inst/gen_clock_conv.gen_async_lite_conv.clock_conv_lite_fwd_aw/handshake/dest_hsdata_ff_reg[3]} \
          {design_1_i/ps7_0_axi_periph/m07_couplers/auto_cc/inst/gen_clock_conv.gen_async_lite_conv.clock_conv_lite_fwd_aw/handshake/dest_hsdata_ff_reg[4]} \
          {design_1_i/ps7_0_axi_periph/m07_couplers/auto_cc/inst/gen_clock_conv.gen_async_lite_conv.clock_conv_lite_fwd_aw/handshake/dest_hsdata_ff_reg[5]}]]
                                                                              Slow             20.202       1.299     18.903
15  112       [get_cells [list {design_1_i/ps7_0_axi_periph/m08_couplers/auto_cc/inst/gen_clock_conv.gen_async_lite_conv.clock_conv_lite_fwd_ar/handshake/src_hsdata_ff_reg[0]} {design_1_i/ps7_0_axi_periph/m08_couplers/auto_cc/inst/gen_clock_conv.gen_async_lite_conv.clock_conv_lite_fwd_ar/handshake/src_hsdata_ff_reg[4]} {design_1_i/ps7_0_axi_periph/m08_couplers/auto_cc/inst/gen_clock_conv.gen_async_lite_conv.clock_conv_lite_fwd_ar/handshake/src_hsdata_ff_reg[3]} {design_1_i/ps7_0_axi_periph/m08_couplers/auto_cc/inst/gen_clock_conv.gen_async_lite_conv.clock_conv_lite_fwd_ar/handshake/src_hsdata_ff_reg[2]} {design_1_i/ps7_0_axi_periph/m08_couplers/auto_cc/inst/gen_clock_conv.gen_async_lite_conv.clock_conv_lite_fwd_ar/handshake/src_hsdata_ff_reg[1]} {design_1_i/ps7_0_axi_periph/m08_couplers/auto_cc/inst/gen_clock_conv.gen_async_lite_conv.clock_conv_lite_fwd_ar/handshake/src_hsdata_ff_reg[5]}]]
                                              [get_cells [list {design_1_i/ps7_0_axi_periph/m08_couplers/auto_cc/inst/gen_clock_conv.gen_async_lite_conv.clock_conv_lite_fwd_ar/handshake/dest_hsdata_ff_reg[0]} {design_1_i/ps7_0_axi_periph/m08_couplers/auto_cc/inst/gen_clock_conv.gen_async_lite_conv.clock_conv_lite_fwd_ar/handshake/dest_hsdata_ff_reg[4]} {design_1_i/ps7_0_axi_periph/m08_couplers/auto_cc/inst/gen_clock_conv.gen_async_lite_conv.clock_conv_lite_fwd_ar/handshake/dest_hsdata_ff_reg[3]} {design_1_i/ps7_0_axi_periph/m08_couplers/auto_cc/inst/gen_clock_conv.gen_async_lite_conv.clock_conv_lite_fwd_ar/handshake/dest_hsdata_ff_reg[2]} {design_1_i/ps7_0_axi_periph/m08_couplers/auto_cc/inst/gen_clock_conv.gen_async_lite_conv.clock_conv_lite_fwd_ar/handshake/dest_hsdata_ff_reg[1]} {design_1_i/ps7_0_axi_periph/m08_couplers/auto_cc/inst/gen_clock_conv.gen_async_lite_conv.clock_conv_lite_fwd_ar/handshake/dest_hsdata_ff_reg[5]}]]
                                                                              Slow             20.202       1.012     19.190
16  114       [get_cells [list {design_1_i/ps7_0_axi_periph/m08_couplers/auto_cc/inst/gen_clock_conv.gen_async_lite_conv.clock_conv_lite_fwd_w/handshake/src_hsdata_ff_reg[0]} \
          {design_1_i/ps7_0_axi_periph/m08_couplers/auto_cc/inst/gen_clock_conv.gen_async_lite_conv.clock_conv_lite_fwd_w/handshake/src_hsdata_ff_reg[10]} \
          {design_1_i/ps7_0_axi_periph/m08_couplers/auto_cc/inst/gen_clock_conv.gen_async_lite_conv.clock_conv_lite_fwd_w/handshake/src_hsdata_ff_reg[11]} \
          {design_1_i/ps7_0_axi_periph/m08_couplers/auto_cc/inst/gen_clock_conv.gen_async_lite_conv.clock_conv_lite_fwd_w/handshake/src_hsdata_ff_reg[12]} \
          {design_1_i/ps7_0_axi_periph/m08_couplers/auto_cc/inst/gen_clock_conv.gen_async_lite_conv.clock_conv_lite_fwd_w/handshake/src_hsdata_ff_reg[13]} \
          {design_1_i/ps7_0_axi_periph/m08_couplers/auto_cc/inst/gen_clock_conv.gen_async_lite_conv.clock_conv_lite_fwd_w/handshake/src_hsdata_ff_reg[14]} \
          {design_1_i/ps7_0_axi_periph/m08_couplers/auto_cc/inst/gen_clock_conv.gen_async_lite_conv.clock_conv_lite_fwd_w/handshake/src_hsdata_ff_reg[15]} \
          {design_1_i/ps7_0_axi_periph/m08_couplers/auto_cc/inst/gen_clock_conv.gen_async_lite_conv.clock_conv_lite_fwd_w/handshake/src_hsdata_ff_reg[16]} \
          {design_1_i/ps7_0_axi_periph/m08_couplers/auto_cc/inst/gen_clock_conv.gen_async_lite_conv.clock_conv_lite_fwd_w/handshake/src_hsdata_ff_reg[17]} \
          {design_1_i/ps7_0_axi_periph/m08_couplers/auto_cc/inst/gen_clock_conv.gen_async_lite_conv.clock_conv_lite_fwd_w/handshake/src_hsdata_ff_reg[18]} \
          {design_1_i/ps7_0_axi_periph/m08_couplers/auto_cc/inst/gen_clock_conv.gen_async_lite_conv.clock_conv_lite_fwd_w/handshake/src_hsdata_ff_reg[19]} \
          {design_1_i/ps7_0_axi_periph/m08_couplers/auto_cc/inst/gen_clock_conv.gen_async_lite_conv.clock_conv_lite_fwd_w/handshake/src_hsdata_ff_reg[1]} \
          {design_1_i/ps7_0_axi_periph/m08_couplers/auto_cc/inst/gen_clock_conv.gen_async_lite_conv.clock_conv_lite_fwd_w/handshake/src_hsdata_ff_reg[20]} \
          {design_1_i/ps7_0_axi_periph/m08_couplers/auto_cc/inst/gen_clock_conv.gen_async_lite_conv.clock_conv_lite_fwd_w/handshake/src_hsdata_ff_reg[21]} \
          {design_1_i/ps7_0_axi_periph/m08_couplers/auto_cc/inst/gen_clock_conv.gen_async_lite_conv.clock_conv_lite_fwd_w/handshake/src_hsdata_ff_reg[22]} \
          {design_1_i/ps7_0_axi_periph/m08_couplers/auto_cc/inst/gen_clock_conv.gen_async_lite_conv.clock_conv_lite_fwd_w/handshake/src_hsdata_ff_reg[23]} \
          {design_1_i/ps7_0_axi_periph/m08_couplers/auto_cc/inst/gen_clock_conv.gen_async_lite_conv.clock_conv_lite_fwd_w/handshake/src_hsdata_ff_reg[24]} \
          {design_1_i/ps7_0_axi_periph/m08_couplers/auto_cc/inst/gen_clock_conv.gen_async_lite_conv.clock_conv_lite_fwd_w/handshake/src_hsdata_ff_reg[25]} \
          {design_1_i/ps7_0_axi_periph/m08_couplers/auto_cc/inst/gen_clock_conv.gen_async_lite_conv.clock_conv_lite_fwd_w/handshake/src_hsdata_ff_reg[26]} \
          {design_1_i/ps7_0_axi_periph/m08_couplers/auto_cc/inst/gen_clock_conv.gen_async_lite_conv.clock_conv_lite_fwd_w/handshake/src_hsdata_ff_reg[27]} \
          {design_1_i/ps7_0_axi_periph/m08_couplers/auto_cc/inst/gen_clock_conv.gen_async_lite_conv.clock_conv_lite_fwd_w/handshake/src_hsdata_ff_reg[28]} \
          {design_1_i/ps7_0_axi_periph/m08_couplers/auto_cc/inst/gen_clock_conv.gen_async_lite_conv.clock_conv_lite_fwd_w/handshake/src_hsdata_ff_reg[29]} \
          {design_1_i/ps7_0_axi_periph/m08_couplers/auto_cc/inst/gen_clock_conv.gen_async_lite_conv.clock_conv_lite_fwd_w/handshake/src_hsdata_ff_reg[2]} \
          {design_1_i/ps7_0_axi_periph/m08_couplers/auto_cc/inst/gen_clock_conv.gen_async_lite_conv.clock_conv_lite_fwd_w/handshake/src_hsdata_ff_reg[30]} \
          {design_1_i/ps7_0_axi_periph/m08_couplers/auto_cc/inst/gen_clock_conv.gen_async_lite_conv.clock_conv_lite_fwd_w/handshake/src_hsdata_ff_reg[31]} \
          {design_1_i/ps7_0_axi_periph/m08_couplers/auto_cc/inst/gen_clock_conv.gen_async_lite_conv.clock_conv_lite_fwd_w/handshake/src_hsdata_ff_reg[32]} \
          {design_1_i/ps7_0_axi_periph/m08_couplers/auto_cc/inst/gen_clock_conv.gen_async_lite_conv.clock_conv_lite_fwd_w/handshake/src_hsdata_ff_reg[33]} \
          {design_1_i/ps7_0_axi_periph/m08_couplers/auto_cc/inst/gen_clock_conv.gen_async_lite_conv.clock_conv_lite_fwd_w/handshake/src_hsdata_ff_reg[34]} \
          {design_1_i/ps7_0_axi_periph/m08_couplers/auto_cc/inst/gen_clock_conv.gen_async_lite_conv.clock_conv_lite_fwd_w/handshake/src_hsdata_ff_reg[35]} \
          {design_1_i/ps7_0_axi_periph/m08_couplers/auto_cc/inst/gen_clock_conv.gen_async_lite_conv.clock_conv_lite_fwd_w/handshake/src_hsdata_ff_reg[3]} \
          {design_1_i/ps7_0_axi_periph/m08_couplers/auto_cc/inst/gen_clock_conv.gen_async_lite_conv.clock_conv_lite_fwd_w/handshake/src_hsdata_ff_reg[4]} \
          {design_1_i/ps7_0_axi_periph/m08_couplers/auto_cc/inst/gen_clock_conv.gen_async_lite_conv.clock_conv_lite_fwd_w/handshake/src_hsdata_ff_reg[5]} \
          {design_1_i/ps7_0_axi_periph/m08_couplers/auto_cc/inst/gen_clock_conv.gen_async_lite_conv.clock_conv_lite_fwd_w/handshake/src_hsdata_ff_reg[6]} \
          {design_1_i/ps7_0_axi_periph/m08_couplers/auto_cc/inst/gen_clock_conv.gen_async_lite_conv.clock_conv_lite_fwd_w/handshake/src_hsdata_ff_reg[7]} \
          {design_1_i/ps7_0_axi_periph/m08_couplers/auto_cc/inst/gen_clock_conv.gen_async_lite_conv.clock_conv_lite_fwd_w/handshake/src_hsdata_ff_reg[8]} \
          {design_1_i/ps7_0_axi_periph/m08_couplers/auto_cc/inst/gen_clock_conv.gen_async_lite_conv.clock_conv_lite_fwd_w/handshake/src_hsdata_ff_reg[9]}]]
                                              [get_cells [list {design_1_i/ps7_0_axi_periph/m08_couplers/auto_cc/inst/gen_clock_conv.gen_async_lite_conv.clock_conv_lite_fwd_w/handshake/dest_hsdata_ff_reg[0]} \
          {design_1_i/ps7_0_axi_periph/m08_couplers/auto_cc/inst/gen_clock_conv.gen_async_lite_conv.clock_conv_lite_fwd_w/handshake/dest_hsdata_ff_reg[10]} \
          {design_1_i/ps7_0_axi_periph/m08_couplers/auto_cc/inst/gen_clock_conv.gen_async_lite_conv.clock_conv_lite_fwd_w/handshake/dest_hsdata_ff_reg[11]} \
          {design_1_i/ps7_0_axi_periph/m08_couplers/auto_cc/inst/gen_clock_conv.gen_async_lite_conv.clock_conv_lite_fwd_w/handshake/dest_hsdata_ff_reg[12]} \
          {design_1_i/ps7_0_axi_periph/m08_couplers/auto_cc/inst/gen_clock_conv.gen_async_lite_conv.clock_conv_lite_fwd_w/handshake/dest_hsdata_ff_reg[13]} \
          {design_1_i/ps7_0_axi_periph/m08_couplers/auto_cc/inst/gen_clock_conv.gen_async_lite_conv.clock_conv_lite_fwd_w/handshake/dest_hsdata_ff_reg[14]} \
          {design_1_i/ps7_0_axi_periph/m08_couplers/auto_cc/inst/gen_clock_conv.gen_async_lite_conv.clock_conv_lite_fwd_w/handshake/dest_hsdata_ff_reg[15]} \
          {design_1_i/ps7_0_axi_periph/m08_couplers/auto_cc/inst/gen_clock_conv.gen_async_lite_conv.clock_conv_lite_fwd_w/handshake/dest_hsdata_ff_reg[16]} \
          {design_1_i/ps7_0_axi_periph/m08_couplers/auto_cc/inst/gen_clock_conv.gen_async_lite_conv.clock_conv_lite_fwd_w/handshake/dest_hsdata_ff_reg[17]} \
          {design_1_i/ps7_0_axi_periph/m08_couplers/auto_cc/inst/gen_clock_conv.gen_async_lite_conv.clock_conv_lite_fwd_w/handshake/dest_hsdata_ff_reg[18]} \
          {design_1_i/ps7_0_axi_periph/m08_couplers/auto_cc/inst/gen_clock_conv.gen_async_lite_conv.clock_conv_lite_fwd_w/handshake/dest_hsdata_ff_reg[19]} \
          {design_1_i/ps7_0_axi_periph/m08_couplers/auto_cc/inst/gen_clock_conv.gen_async_lite_conv.clock_conv_lite_fwd_w/handshake/dest_hsdata_ff_reg[1]} \
          {design_1_i/ps7_0_axi_periph/m08_couplers/auto_cc/inst/gen_clock_conv.gen_async_lite_conv.clock_conv_lite_fwd_w/handshake/dest_hsdata_ff_reg[20]} \
          {design_1_i/ps7_0_axi_periph/m08_couplers/auto_cc/inst/gen_clock_conv.gen_async_lite_conv.clock_conv_lite_fwd_w/handshake/dest_hsdata_ff_reg[21]} \
          {design_1_i/ps7_0_axi_periph/m08_couplers/auto_cc/inst/gen_clock_conv.gen_async_lite_conv.clock_conv_lite_fwd_w/handshake/dest_hsdata_ff_reg[22]} \
          {design_1_i/ps7_0_axi_periph/m08_couplers/auto_cc/inst/gen_clock_conv.gen_async_lite_conv.clock_conv_lite_fwd_w/handshake/dest_hsdata_ff_reg[23]} \
          {design_1_i/ps7_0_axi_periph/m08_couplers/auto_cc/inst/gen_clock_conv.gen_async_lite_conv.clock_conv_lite_fwd_w/handshake/dest_hsdata_ff_reg[24]} \
          {design_1_i/ps7_0_axi_periph/m08_couplers/auto_cc/inst/gen_clock_conv.gen_async_lite_conv.clock_conv_lite_fwd_w/handshake/dest_hsdata_ff_reg[25]} \
          {design_1_i/ps7_0_axi_periph/m08_couplers/auto_cc/inst/gen_clock_conv.gen_async_lite_conv.clock_conv_lite_fwd_w/handshake/dest_hsdata_ff_reg[26]} \
          {design_1_i/ps7_0_axi_periph/m08_couplers/auto_cc/inst/gen_clock_conv.gen_async_lite_conv.clock_conv_lite_fwd_w/handshake/dest_hsdata_ff_reg[27]} \
          {design_1_i/ps7_0_axi_periph/m08_couplers/auto_cc/inst/gen_clock_conv.gen_async_lite_conv.clock_conv_lite_fwd_w/handshake/dest_hsdata_ff_reg[28]} \
          {design_1_i/ps7_0_axi_periph/m08_couplers/auto_cc/inst/gen_clock_conv.gen_async_lite_conv.clock_conv_lite_fwd_w/handshake/dest_hsdata_ff_reg[29]} \
          {design_1_i/ps7_0_axi_periph/m08_couplers/auto_cc/inst/gen_clock_conv.gen_async_lite_conv.clock_conv_lite_fwd_w/handshake/dest_hsdata_ff_reg[2]} \
          {design_1_i/ps7_0_axi_periph/m08_couplers/auto_cc/inst/gen_clock_conv.gen_async_lite_conv.clock_conv_lite_fwd_w/handshake/dest_hsdata_ff_reg[30]} \
          {design_1_i/ps7_0_axi_periph/m08_couplers/auto_cc/inst/gen_clock_conv.gen_async_lite_conv.clock_conv_lite_fwd_w/handshake/dest_hsdata_ff_reg[31]} \
          {design_1_i/ps7_0_axi_periph/m08_couplers/auto_cc/inst/gen_clock_conv.gen_async_lite_conv.clock_conv_lite_fwd_w/handshake/dest_hsdata_ff_reg[32]} \
          {design_1_i/ps7_0_axi_periph/m08_couplers/auto_cc/inst/gen_clock_conv.gen_async_lite_conv.clock_conv_lite_fwd_w/handshake/dest_hsdata_ff_reg[33]} \
          {design_1_i/ps7_0_axi_periph/m08_couplers/auto_cc/inst/gen_clock_conv.gen_async_lite_conv.clock_conv_lite_fwd_w/handshake/dest_hsdata_ff_reg[34]} \
          {design_1_i/ps7_0_axi_periph/m08_couplers/auto_cc/inst/gen_clock_conv.gen_async_lite_conv.clock_conv_lite_fwd_w/handshake/dest_hsdata_ff_reg[35]} \
          {design_1_i/ps7_0_axi_periph/m08_couplers/auto_cc/inst/gen_clock_conv.gen_async_lite_conv.clock_conv_lite_fwd_w/handshake/dest_hsdata_ff_reg[3]} \
          {design_1_i/ps7_0_axi_periph/m08_couplers/auto_cc/inst/gen_clock_conv.gen_async_lite_conv.clock_conv_lite_fwd_w/handshake/dest_hsdata_ff_reg[4]} \
          {design_1_i/ps7_0_axi_periph/m08_couplers/auto_cc/inst/gen_clock_conv.gen_async_lite_conv.clock_conv_lite_fwd_w/handshake/dest_hsdata_ff_reg[5]} \
          {design_1_i/ps7_0_axi_periph/m08_couplers/auto_cc/inst/gen_clock_conv.gen_async_lite_conv.clock_conv_lite_fwd_w/handshake/dest_hsdata_ff_reg[6]} \
          {design_1_i/ps7_0_axi_periph/m08_couplers/auto_cc/inst/gen_clock_conv.gen_async_lite_conv.clock_conv_lite_fwd_w/handshake/dest_hsdata_ff_reg[7]} \
          {design_1_i/ps7_0_axi_periph/m08_couplers/auto_cc/inst/gen_clock_conv.gen_async_lite_conv.clock_conv_lite_fwd_w/handshake/dest_hsdata_ff_reg[8]} \
          {design_1_i/ps7_0_axi_periph/m08_couplers/auto_cc/inst/gen_clock_conv.gen_async_lite_conv.clock_conv_lite_fwd_w/handshake/dest_hsdata_ff_reg[9]}]]
                                                                              Slow             20.202       1.223     18.979
17  116       [get_cells [list {design_1_i/ps7_0_axi_periph/m08_couplers/auto_cc/inst/gen_clock_conv.gen_async_lite_conv.clock_conv_lite_resp_b/handshake/src_hsdata_ff_reg[0]} {design_1_i/ps7_0_axi_periph/m08_couplers/auto_cc/inst/gen_clock_conv.gen_async_lite_conv.clock_conv_lite_resp_b/handshake/src_hsdata_ff_reg[1]}]]
                                              [get_cells [list {design_1_i/ps7_0_axi_periph/m08_couplers/auto_cc/inst/gen_clock_conv.gen_async_lite_conv.clock_conv_lite_resp_b/handshake/dest_hsdata_ff_reg[0]} {design_1_i/ps7_0_axi_periph/m08_couplers/auto_cc/inst/gen_clock_conv.gen_async_lite_conv.clock_conv_lite_resp_b/handshake/dest_hsdata_ff_reg[1]}]]
                                                                              Slow             38.997       0.905     38.092
18  118       [get_cells [list {design_1_i/ps7_0_axi_periph/m08_couplers/auto_cc/inst/gen_clock_conv.gen_async_lite_conv.clock_conv_lite_resp_r/handshake/src_hsdata_ff_reg[0]} \
          {design_1_i/ps7_0_axi_periph/m08_couplers/auto_cc/inst/gen_clock_conv.gen_async_lite_conv.clock_conv_lite_resp_r/handshake/src_hsdata_ff_reg[10]} \
          {design_1_i/ps7_0_axi_periph/m08_couplers/auto_cc/inst/gen_clock_conv.gen_async_lite_conv.clock_conv_lite_resp_r/handshake/src_hsdata_ff_reg[11]} \
          {design_1_i/ps7_0_axi_periph/m08_couplers/auto_cc/inst/gen_clock_conv.gen_async_lite_conv.clock_conv_lite_resp_r/handshake/src_hsdata_ff_reg[12]} \
          {design_1_i/ps7_0_axi_periph/m08_couplers/auto_cc/inst/gen_clock_conv.gen_async_lite_conv.clock_conv_lite_resp_r/handshake/src_hsdata_ff_reg[13]} \
          {design_1_i/ps7_0_axi_periph/m08_couplers/auto_cc/inst/gen_clock_conv.gen_async_lite_conv.clock_conv_lite_resp_r/handshake/src_hsdata_ff_reg[14]} \
          {design_1_i/ps7_0_axi_periph/m08_couplers/auto_cc/inst/gen_clock_conv.gen_async_lite_conv.clock_conv_lite_resp_r/handshake/src_hsdata_ff_reg[15]} \
          {design_1_i/ps7_0_axi_periph/m08_couplers/auto_cc/inst/gen_clock_conv.gen_async_lite_conv.clock_conv_lite_resp_r/handshake/src_hsdata_ff_reg[16]} \
          {design_1_i/ps7_0_axi_periph/m08_couplers/auto_cc/inst/gen_clock_conv.gen_async_lite_conv.clock_conv_lite_resp_r/handshake/src_hsdata_ff_reg[17]} \
          {design_1_i/ps7_0_axi_periph/m08_couplers/auto_cc/inst/gen_clock_conv.gen_async_lite_conv.clock_conv_lite_resp_r/handshake/src_hsdata_ff_reg[18]} \
          {design_1_i/ps7_0_axi_periph/m08_couplers/auto_cc/inst/gen_clock_conv.gen_async_lite_conv.clock_conv_lite_resp_r/handshake/src_hsdata_ff_reg[19]} \
          {design_1_i/ps7_0_axi_periph/m08_couplers/auto_cc/inst/gen_clock_conv.gen_async_lite_conv.clock_conv_lite_resp_r/handshake/src_hsdata_ff_reg[1]} \
          {design_1_i/ps7_0_axi_periph/m08_couplers/auto_cc/inst/gen_clock_conv.gen_async_lite_conv.clock_conv_lite_resp_r/handshake/src_hsdata_ff_reg[20]} \
          {design_1_i/ps7_0_axi_periph/m08_couplers/auto_cc/inst/gen_clock_conv.gen_async_lite_conv.clock_conv_lite_resp_r/handshake/src_hsdata_ff_reg[21]} \
          {design_1_i/ps7_0_axi_periph/m08_couplers/auto_cc/inst/gen_clock_conv.gen_async_lite_conv.clock_conv_lite_resp_r/handshake/src_hsdata_ff_reg[22]} \
          {design_1_i/ps7_0_axi_periph/m08_couplers/auto_cc/inst/gen_clock_conv.gen_async_lite_conv.clock_conv_lite_resp_r/handshake/src_hsdata_ff_reg[23]} \
          {design_1_i/ps7_0_axi_periph/m08_couplers/auto_cc/inst/gen_clock_conv.gen_async_lite_conv.clock_conv_lite_resp_r/handshake/src_hsdata_ff_reg[24]} \
          {design_1_i/ps7_0_axi_periph/m08_couplers/auto_cc/inst/gen_clock_conv.gen_async_lite_conv.clock_conv_lite_resp_r/handshake/src_hsdata_ff_reg[25]} \
          {design_1_i/ps7_0_axi_periph/m08_couplers/auto_cc/inst/gen_clock_conv.gen_async_lite_conv.clock_conv_lite_resp_r/handshake/src_hsdata_ff_reg[26]} \
          {design_1_i/ps7_0_axi_periph/m08_couplers/auto_cc/inst/gen_clock_conv.gen_async_lite_conv.clock_conv_lite_resp_r/handshake/src_hsdata_ff_reg[27]} \
          {design_1_i/ps7_0_axi_periph/m08_couplers/auto_cc/inst/gen_clock_conv.gen_async_lite_conv.clock_conv_lite_resp_r/handshake/src_hsdata_ff_reg[28]} \
          {design_1_i/ps7_0_axi_periph/m08_couplers/auto_cc/inst/gen_clock_conv.gen_async_lite_conv.clock_conv_lite_resp_r/handshake/src_hsdata_ff_reg[29]} \
          {design_1_i/ps7_0_axi_periph/m08_couplers/auto_cc/inst/gen_clock_conv.gen_async_lite_conv.clock_conv_lite_resp_r/handshake/src_hsdata_ff_reg[2]} \
          {design_1_i/ps7_0_axi_periph/m08_couplers/auto_cc/inst/gen_clock_conv.gen_async_lite_conv.clock_conv_lite_resp_r/handshake/src_hsdata_ff_reg[30]} \
          {design_1_i/ps7_0_axi_periph/m08_couplers/auto_cc/inst/gen_clock_conv.gen_async_lite_conv.clock_conv_lite_resp_r/handshake/src_hsdata_ff_reg[31]} \
          {design_1_i/ps7_0_axi_periph/m08_couplers/auto_cc/inst/gen_clock_conv.gen_async_lite_conv.clock_conv_lite_resp_r/handshake/src_hsdata_ff_reg[32]} \
          {design_1_i/ps7_0_axi_periph/m08_couplers/auto_cc/inst/gen_clock_conv.gen_async_lite_conv.clock_conv_lite_resp_r/handshake/src_hsdata_ff_reg[33]} \
          {design_1_i/ps7_0_axi_periph/m08_couplers/auto_cc/inst/gen_clock_conv.gen_async_lite_conv.clock_conv_lite_resp_r/handshake/src_hsdata_ff_reg[3]} \
          {design_1_i/ps7_0_axi_periph/m08_couplers/auto_cc/inst/gen_clock_conv.gen_async_lite_conv.clock_conv_lite_resp_r/handshake/src_hsdata_ff_reg[4]} \
          {design_1_i/ps7_0_axi_periph/m08_couplers/auto_cc/inst/gen_clock_conv.gen_async_lite_conv.clock_conv_lite_resp_r/handshake/src_hsdata_ff_reg[5]} \
          {design_1_i/ps7_0_axi_periph/m08_couplers/auto_cc/inst/gen_clock_conv.gen_async_lite_conv.clock_conv_lite_resp_r/handshake/src_hsdata_ff_reg[6]} \
          {design_1_i/ps7_0_axi_periph/m08_couplers/auto_cc/inst/gen_clock_conv.gen_async_lite_conv.clock_conv_lite_resp_r/handshake/src_hsdata_ff_reg[7]} \
          {design_1_i/ps7_0_axi_periph/m08_couplers/auto_cc/inst/gen_clock_conv.gen_async_lite_conv.clock_conv_lite_resp_r/handshake/src_hsdata_ff_reg[8]} \
          {design_1_i/ps7_0_axi_periph/m08_couplers/auto_cc/inst/gen_clock_conv.gen_async_lite_conv.clock_conv_lite_resp_r/handshake/src_hsdata_ff_reg[9]}]]
                                              [get_cells [list {design_1_i/ps7_0_axi_periph/m08_couplers/auto_cc/inst/gen_clock_conv.gen_async_lite_conv.clock_conv_lite_resp_r/handshake/dest_hsdata_ff_reg[0]} \
          {design_1_i/ps7_0_axi_periph/m08_couplers/auto_cc/inst/gen_clock_conv.gen_async_lite_conv.clock_conv_lite_resp_r/handshake/dest_hsdata_ff_reg[10]} \
          {design_1_i/ps7_0_axi_periph/m08_couplers/auto_cc/inst/gen_clock_conv.gen_async_lite_conv.clock_conv_lite_resp_r/handshake/dest_hsdata_ff_reg[11]} \
          {design_1_i/ps7_0_axi_periph/m08_couplers/auto_cc/inst/gen_clock_conv.gen_async_lite_conv.clock_conv_lite_resp_r/handshake/dest_hsdata_ff_reg[12]} \
          {design_1_i/ps7_0_axi_periph/m08_couplers/auto_cc/inst/gen_clock_conv.gen_async_lite_conv.clock_conv_lite_resp_r/handshake/dest_hsdata_ff_reg[13]} \
          {design_1_i/ps7_0_axi_periph/m08_couplers/auto_cc/inst/gen_clock_conv.gen_async_lite_conv.clock_conv_lite_resp_r/handshake/dest_hsdata_ff_reg[14]} \
          {design_1_i/ps7_0_axi_periph/m08_couplers/auto_cc/inst/gen_clock_conv.gen_async_lite_conv.clock_conv_lite_resp_r/handshake/dest_hsdata_ff_reg[15]} \
          {design_1_i/ps7_0_axi_periph/m08_couplers/auto_cc/inst/gen_clock_conv.gen_async_lite_conv.clock_conv_lite_resp_r/handshake/dest_hsdata_ff_reg[16]} \
          {design_1_i/ps7_0_axi_periph/m08_couplers/auto_cc/inst/gen_clock_conv.gen_async_lite_conv.clock_conv_lite_resp_r/handshake/dest_hsdata_ff_reg[17]} \
          {design_1_i/ps7_0_axi_periph/m08_couplers/auto_cc/inst/gen_clock_conv.gen_async_lite_conv.clock_conv_lite_resp_r/handshake/dest_hsdata_ff_reg[18]} \
          {design_1_i/ps7_0_axi_periph/m08_couplers/auto_cc/inst/gen_clock_conv.gen_async_lite_conv.clock_conv_lite_resp_r/handshake/dest_hsdata_ff_reg[19]} \
          {design_1_i/ps7_0_axi_periph/m08_couplers/auto_cc/inst/gen_clock_conv.gen_async_lite_conv.clock_conv_lite_resp_r/handshake/dest_hsdata_ff_reg[1]} \
          {design_1_i/ps7_0_axi_periph/m08_couplers/auto_cc/inst/gen_clock_conv.gen_async_lite_conv.clock_conv_lite_resp_r/handshake/dest_hsdata_ff_reg[20]} \
          {design_1_i/ps7_0_axi_periph/m08_couplers/auto_cc/inst/gen_clock_conv.gen_async_lite_conv.clock_conv_lite_resp_r/handshake/dest_hsdata_ff_reg[21]} \
          {design_1_i/ps7_0_axi_periph/m08_couplers/auto_cc/inst/gen_clock_conv.gen_async_lite_conv.clock_conv_lite_resp_r/handshake/dest_hsdata_ff_reg[22]} \
          {design_1_i/ps7_0_axi_periph/m08_couplers/auto_cc/inst/gen_clock_conv.gen_async_lite_conv.clock_conv_lite_resp_r/handshake/dest_hsdata_ff_reg[23]} \
          {design_1_i/ps7_0_axi_periph/m08_couplers/auto_cc/inst/gen_clock_conv.gen_async_lite_conv.clock_conv_lite_resp_r/handshake/dest_hsdata_ff_reg[24]} \
          {design_1_i/ps7_0_axi_periph/m08_couplers/auto_cc/inst/gen_clock_conv.gen_async_lite_conv.clock_conv_lite_resp_r/handshake/dest_hsdata_ff_reg[25]} \
          {design_1_i/ps7_0_axi_periph/m08_couplers/auto_cc/inst/gen_clock_conv.gen_async_lite_conv.clock_conv_lite_resp_r/handshake/dest_hsdata_ff_reg[26]} \
          {design_1_i/ps7_0_axi_periph/m08_couplers/auto_cc/inst/gen_clock_conv.gen_async_lite_conv.clock_conv_lite_resp_r/handshake/dest_hsdata_ff_reg[27]} \
          {design_1_i/ps7_0_axi_periph/m08_couplers/auto_cc/inst/gen_clock_conv.gen_async_lite_conv.clock_conv_lite_resp_r/handshake/dest_hsdata_ff_reg[28]} \
          {design_1_i/ps7_0_axi_periph/m08_couplers/auto_cc/inst/gen_clock_conv.gen_async_lite_conv.clock_conv_lite_resp_r/handshake/dest_hsdata_ff_reg[29]} \
          {design_1_i/ps7_0_axi_periph/m08_couplers/auto_cc/inst/gen_clock_conv.gen_async_lite_conv.clock_conv_lite_resp_r/handshake/dest_hsdata_ff_reg[2]} \
          {design_1_i/ps7_0_axi_periph/m08_couplers/auto_cc/inst/gen_clock_conv.gen_async_lite_conv.clock_conv_lite_resp_r/handshake/dest_hsdata_ff_reg[30]} \
          {design_1_i/ps7_0_axi_periph/m08_couplers/auto_cc/inst/gen_clock_conv.gen_async_lite_conv.clock_conv_lite_resp_r/handshake/dest_hsdata_ff_reg[31]} \
          {design_1_i/ps7_0_axi_periph/m08_couplers/auto_cc/inst/gen_clock_conv.gen_async_lite_conv.clock_conv_lite_resp_r/handshake/dest_hsdata_ff_reg[32]} \
          {design_1_i/ps7_0_axi_periph/m08_couplers/auto_cc/inst/gen_clock_conv.gen_async_lite_conv.clock_conv_lite_resp_r/handshake/dest_hsdata_ff_reg[33]} \
          {design_1_i/ps7_0_axi_periph/m08_couplers/auto_cc/inst/gen_clock_conv.gen_async_lite_conv.clock_conv_lite_resp_r/handshake/dest_hsdata_ff_reg[3]} \
          {design_1_i/ps7_0_axi_periph/m08_couplers/auto_cc/inst/gen_clock_conv.gen_async_lite_conv.clock_conv_lite_resp_r/handshake/dest_hsdata_ff_reg[4]} \
          {design_1_i/ps7_0_axi_periph/m08_couplers/auto_cc/inst/gen_clock_conv.gen_async_lite_conv.clock_conv_lite_resp_r/handshake/dest_hsdata_ff_reg[5]} \
          {design_1_i/ps7_0_axi_periph/m08_couplers/auto_cc/inst/gen_clock_conv.gen_async_lite_conv.clock_conv_lite_resp_r/handshake/dest_hsdata_ff_reg[6]} \
          {design_1_i/ps7_0_axi_periph/m08_couplers/auto_cc/inst/gen_clock_conv.gen_async_lite_conv.clock_conv_lite_resp_r/handshake/dest_hsdata_ff_reg[7]} \
          {design_1_i/ps7_0_axi_periph/m08_couplers/auto_cc/inst/gen_clock_conv.gen_async_lite_conv.clock_conv_lite_resp_r/handshake/dest_hsdata_ff_reg[8]} \
          {design_1_i/ps7_0_axi_periph/m08_couplers/auto_cc/inst/gen_clock_conv.gen_async_lite_conv.clock_conv_lite_resp_r/handshake/dest_hsdata_ff_reg[9]}]]
                                                                              Slow             38.997       1.608     37.389
19  120       [get_cells [list {design_1_i/ps7_0_axi_periph/m08_couplers/auto_cc/inst/gen_clock_conv.gen_async_lite_conv.clock_conv_lite_fwd_aw/handshake/src_hsdata_ff_reg[0]} {design_1_i/ps7_0_axi_periph/m08_couplers/auto_cc/inst/gen_clock_conv.gen_async_lite_conv.clock_conv_lite_fwd_aw/handshake/src_hsdata_ff_reg[4]} {design_1_i/ps7_0_axi_periph/m08_couplers/auto_cc/inst/gen_clock_conv.gen_async_lite_conv.clock_conv_lite_fwd_aw/handshake/src_hsdata_ff_reg[3]} {design_1_i/ps7_0_axi_periph/m08_couplers/auto_cc/inst/gen_clock_conv.gen_async_lite_conv.clock_conv_lite_fwd_aw/handshake/src_hsdata_ff_reg[2]} {design_1_i/ps7_0_axi_periph/m08_couplers/auto_cc/inst/gen_clock_conv.gen_async_lite_conv.clock_conv_lite_fwd_aw/handshake/src_hsdata_ff_reg[1]} {design_1_i/ps7_0_axi_periph/m08_couplers/auto_cc/inst/gen_clock_conv.gen_async_lite_conv.clock_conv_lite_fwd_aw/handshake/src_hsdata_ff_reg[5]}]]
                                              [get_cells [list {design_1_i/ps7_0_axi_periph/m08_couplers/auto_cc/inst/gen_clock_conv.gen_async_lite_conv.clock_conv_lite_fwd_aw/handshake/dest_hsdata_ff_reg[0]} {design_1_i/ps7_0_axi_periph/m08_couplers/auto_cc/inst/gen_clock_conv.gen_async_lite_conv.clock_conv_lite_fwd_aw/handshake/dest_hsdata_ff_reg[4]} {design_1_i/ps7_0_axi_periph/m08_couplers/auto_cc/inst/gen_clock_conv.gen_async_lite_conv.clock_conv_lite_fwd_aw/handshake/dest_hsdata_ff_reg[3]} {design_1_i/ps7_0_axi_periph/m08_couplers/auto_cc/inst/gen_clock_conv.gen_async_lite_conv.clock_conv_lite_fwd_aw/handshake/dest_hsdata_ff_reg[2]} {design_1_i/ps7_0_axi_periph/m08_couplers/auto_cc/inst/gen_clock_conv.gen_async_lite_conv.clock_conv_lite_fwd_aw/handshake/dest_hsdata_ff_reg[1]} {design_1_i/ps7_0_axi_periph/m08_couplers/auto_cc/inst/gen_clock_conv.gen_async_lite_conv.clock_conv_lite_fwd_aw/handshake/dest_hsdata_ff_reg[5]}]]
                                                                              Slow             20.202       0.912     19.290


2. Bus Skew Report Per Constraint
---------------------------------

Id: 1
set_bus_skew -from [get_cells [list {design_1_i/onsemi_vita_cam_0/U0/onsemi_vita_cam_v3_1_S00_AXI_inst/onsemi_vita_cam_core_inst/framestart2_regen_l/pulse_regen_l/gnuram_async_fifo.xpm_fifo_base_inst/gen_cdc_pntr.rd_pntr_cdc_inst/src_gray_ff_reg[0]} {design_1_i/onsemi_vita_cam_0/U0/onsemi_vita_cam_v3_1_S00_AXI_inst/onsemi_vita_cam_core_inst/framestart2_regen_l/pulse_regen_l/gnuram_async_fifo.xpm_fifo_base_inst/gen_cdc_pntr.rd_pntr_cdc_inst/src_gray_ff_reg[1]} {design_1_i/onsemi_vita_cam_0/U0/onsemi_vita_cam_v3_1_S00_AXI_inst/onsemi_vita_cam_core_inst/framestart2_regen_l/pulse_regen_l/gnuram_async_fifo.xpm_fifo_base_inst/gen_cdc_pntr.rd_pntr_cdc_inst/src_gray_ff_reg[2]} {design_1_i/onsemi_vita_cam_0/U0/onsemi_vita_cam_v3_1_S00_AXI_inst/onsemi_vita_cam_core_inst/framestart2_regen_l/pulse_regen_l/gnuram_async_fifo.xpm_fifo_base_inst/gen_cdc_pntr.rd_pntr_cdc_inst/src_gray_ff_reg[3]}]] -to [get_cells [list {design_1_i/onsemi_vita_cam_0/U0/onsemi_vita_cam_v3_1_S00_AXI_inst/onsemi_vita_cam_core_inst/framestart2_regen_l/pulse_regen_l/gnuram_async_fifo.xpm_fifo_base_inst/gen_cdc_pntr.rd_pntr_cdc_inst/dest_graysync_ff_reg[0][0]} {design_1_i/onsemi_vita_cam_0/U0/onsemi_vita_cam_v3_1_S00_AXI_inst/onsemi_vita_cam_core_inst/framestart2_regen_l/pulse_regen_l/gnuram_async_fifo.xpm_fifo_base_inst/gen_cdc_pntr.rd_pntr_cdc_inst/dest_graysync_ff_reg[0][1]} {design_1_i/onsemi_vita_cam_0/U0/onsemi_vita_cam_v3_1_S00_AXI_inst/onsemi_vita_cam_core_inst/framestart2_regen_l/pulse_regen_l/gnuram_async_fifo.xpm_fifo_base_inst/gen_cdc_pntr.rd_pntr_cdc_inst/dest_graysync_ff_reg[0][2]} {design_1_i/onsemi_vita_cam_0/U0/onsemi_vita_cam_v3_1_S00_AXI_inst/onsemi_vita_cam_core_inst/framestart2_regen_l/pulse_regen_l/gnuram_async_fifo.xpm_fifo_base_inst/gen_cdc_pntr.rd_pntr_cdc_inst/dest_graysync_ff_reg[0][3]}]] 6.734
Requirement: 6.734ns
Endpoints: 4

From Clock            To Clock              Endpoint Pin                    Reference Pin                   Corner  Actual(ns)  Slack(ns)
--------------------  --------------------  ------------------------------  ------------------------------  ------  ----------  ---------
clk_out1_design_1_clk_wiz_0_0_1
                      vita_clk_1            design_1_i/onsemi_vita_cam_0/U0/onsemi_vita_cam_v3_1_S00_AXI_inst/onsemi_vita_cam_core_inst/framestart2_regen_l/pulse_regen_l/gnuram_async_fifo.xpm_fifo_base_inst/gen_cdc_pntr.rd_pntr_cdc_inst/dest_graysync_ff_reg[0][3]/D
                                                                            design_1_i/onsemi_vita_cam_0/U0/onsemi_vita_cam_v3_1_S00_AXI_inst/onsemi_vita_cam_core_inst/framestart2_regen_l/pulse_regen_l/gnuram_async_fifo.xpm_fifo_base_inst/gen_cdc_pntr.rd_pntr_cdc_inst/dest_graysync_ff_reg[0][0]/D
                                                                                                            Slow         0.701      6.033


Slack (MET) :             6.033ns  (requirement - actual skew)
  Endpoint Source:        design_1_i/onsemi_vita_cam_0/U0/onsemi_vita_cam_v3_1_S00_AXI_inst/onsemi_vita_cam_core_inst/framestart2_regen_l/pulse_regen_l/gnuram_async_fifo.xpm_fifo_base_inst/gen_cdc_pntr.rd_pntr_cdc_inst/src_gray_ff_reg[3]/C
                            (rising edge-triggered cell FDRE clocked by clk_out1_design_1_clk_wiz_0_0_1)
  Endpoint Destination:   design_1_i/onsemi_vita_cam_0/U0/onsemi_vita_cam_v3_1_S00_AXI_inst/onsemi_vita_cam_core_inst/framestart2_regen_l/pulse_regen_l/gnuram_async_fifo.xpm_fifo_base_inst/gen_cdc_pntr.rd_pntr_cdc_inst/dest_graysync_ff_reg[0][3]/D
                            (rising edge-triggered cell FDRE clocked by vita_clk_1)
  Reference Source:       design_1_i/onsemi_vita_cam_0/U0/onsemi_vita_cam_v3_1_S00_AXI_inst/onsemi_vita_cam_core_inst/framestart2_regen_l/pulse_regen_l/gnuram_async_fifo.xpm_fifo_base_inst/gen_cdc_pntr.rd_pntr_cdc_inst/src_gray_ff_reg[0]/C
                            (rising edge-triggered cell FDRE clocked by clk_out1_design_1_clk_wiz_0_0_1)
  Reference Destination:  design_1_i/onsemi_vita_cam_0/U0/onsemi_vita_cam_v3_1_S00_AXI_inst/onsemi_vita_cam_core_inst/framestart2_regen_l/pulse_regen_l/gnuram_async_fifo.xpm_fifo_base_inst/gen_cdc_pntr.rd_pntr_cdc_inst/dest_graysync_ff_reg[0][0]/D
                            (rising edge-triggered cell FDRE clocked by vita_clk_1)
  Path Type:              Bus Skew (Max at Slow Process Corner)
  Requirement:            6.734ns
  Endpoint Relative Delay:   -0.690ns
  Reference Relative Delay:  -1.869ns
  Relative CRPR:              0.543ns
  Uncertainty:                0.064ns
  Actual Bus Skew:            0.701ns  (Endpoint Relative Delay - Reference Relative Delay - Relative CRPR + Uncertainty)

Endpoint path:
    Location             Delay type                Incr(ns)  Path(ns)    Netlist Resource(s)
  -------------------------------------------------------------------    -------------------
                         (clock clk_out1_design_1_clk_wiz_0_0_1 rise edge)
                                                      0.000     0.000 r  
    L18                                               0.000     0.000 r  fmc_imageon_vclk (IN)
                         net (fo=0)                   0.000     0.000    design_1_i/clk_wiz_0/inst/clk_in1
    L18                  IBUF (Prop_ibuf_I_O)         1.307     1.307 r  design_1_i/clk_wiz_0/inst/clkin1_ibufg/O
                         net (fo=1, routed)           1.285     2.592    design_1_i/clk_wiz_0/inst/clk_in1_design_1_clk_wiz_0_0
    MMCME2_ADV_X1Y1      MMCME2_ADV (Prop_mmcme2_adv_CLKIN1_CLKOUT0)
                                                     -7.406    -4.814 r  design_1_i/clk_wiz_0/inst/mmcm_adv_inst/CLKOUT0
                         net (fo=1, routed)           1.889    -2.925    design_1_i/clk_wiz_0/inst/clk_out1_design_1_clk_wiz_0_0
    BUFGCTRL_X0Y16       BUFG (Prop_bufg_I_O)         0.101    -2.824 r  design_1_i/clk_wiz_0/inst/clkout1_buf/O
                         net (fo=15835, routed)       1.708    -1.116    design_1_i/onsemi_vita_cam_0/U0/onsemi_vita_cam_v3_1_S00_AXI_inst/onsemi_vita_cam_core_inst/framestart2_regen_l/pulse_regen_l/gnuram_async_fifo.xpm_fifo_base_inst/gen_cdc_pntr.rd_pntr_cdc_inst/src_clk
    SLICE_X83Y79         FDRE                                         r  design_1_i/onsemi_vita_cam_0/U0/onsemi_vita_cam_v3_1_S00_AXI_inst/onsemi_vita_cam_core_inst/framestart2_regen_l/pulse_regen_l/gnuram_async_fifo.xpm_fifo_base_inst/gen_cdc_pntr.rd_pntr_cdc_inst/src_gray_ff_reg[3]/C
  -------------------------------------------------------------------    -------------------
    SLICE_X83Y79         FDRE (Prop_fdre_C_Q)         0.419    -0.697 r  design_1_i/onsemi_vita_cam_0/U0/onsemi_vita_cam_v3_1_S00_AXI_inst/onsemi_vita_cam_core_inst/framestart2_regen_l/pulse_regen_l/gnuram_async_fifo.xpm_fifo_base_inst/gen_cdc_pntr.rd_pntr_cdc_inst/src_gray_ff_reg[3]/Q
                         net (fo=1, routed)           0.595    -0.103    design_1_i/onsemi_vita_cam_0/U0/onsemi_vita_cam_v3_1_S00_AXI_inst/onsemi_vita_cam_core_inst/framestart2_regen_l/pulse_regen_l/gnuram_async_fifo.xpm_fifo_base_inst/gen_cdc_pntr.rd_pntr_cdc_inst/async_path[3]
    SLICE_X82Y79         FDRE                                         r  design_1_i/onsemi_vita_cam_0/U0/onsemi_vita_cam_v3_1_S00_AXI_inst/onsemi_vita_cam_core_inst/framestart2_regen_l/pulse_regen_l/gnuram_async_fifo.xpm_fifo_base_inst/gen_cdc_pntr.rd_pntr_cdc_inst/dest_graysync_ff_reg[0][3]/D
  -------------------------------------------------------------------    -------------------

                         (clock vita_clk_1 rise edge)
                                                      0.000     0.000 r  
    L18                                               0.000     0.000 r  fmc_imageon_vclk (IN)
                         net (fo=0)                   0.000     0.000    design_1_i/clk_wiz_0/inst/clk_in1
    L18                  IBUF (Prop_ibuf_I_O)         1.244     1.244 r  design_1_i/clk_wiz_0/inst/clkin1_ibufg/O
                         net (fo=1, routed)           1.162     2.406    design_1_i/clk_wiz_0/inst/clk_in1_design_1_clk_wiz_0_0
    MMCME2_ADV_X1Y1      MMCME2_ADV (Prop_mmcme2_adv_CLKIN1_CLKOUT0)
                                                     -7.500    -5.093 r  design_1_i/clk_wiz_0/inst/mmcm_adv_inst/CLKOUT0
                         net (fo=1, routed)           1.725    -3.368    design_1_i/clk_wiz_0/inst/clk_out1_design_1_clk_wiz_0_0
    BUFGCTRL_X0Y16       BUFG (Prop_bufg_I_O)         0.091    -3.277 r  design_1_i/clk_wiz_0/inst/clkout1_buf/O
                         net (fo=15835, routed)       1.818    -1.459    design_1_i/onsemi_vita_cam_0/U0/onsemi_vita_cam_v3_1_S00_AXI_inst/clk
    BUFR_X1Y5            BUFR (Prop_bufr_I_O)         0.918    -0.541 r  design_1_i/onsemi_vita_cam_0/U0/onsemi_vita_cam_v3_1_S00_AXI_inst/vita_clk_div4_l/O
                         net (fo=1952, routed)        0.893     0.352    design_1_i/onsemi_vita_cam_0/U0/onsemi_vita_cam_v3_1_S00_AXI_inst/onsemi_vita_cam_core_inst/framestart2_regen_l/pulse_regen_l/gnuram_async_fifo.xpm_fifo_base_inst/gen_cdc_pntr.rd_pntr_cdc_inst/dest_clk
    SLICE_X82Y79         FDRE                                         r  design_1_i/onsemi_vita_cam_0/U0/onsemi_vita_cam_v3_1_S00_AXI_inst/onsemi_vita_cam_core_inst/framestart2_regen_l/pulse_regen_l/gnuram_async_fifo.xpm_fifo_base_inst/gen_cdc_pntr.rd_pntr_cdc_inst/dest_graysync_ff_reg[0][3]/C
                         clock pessimism              0.453     0.805    
    SLICE_X82Y79         FDRE (Setup_fdre_C_D)       -0.218     0.587    design_1_i/onsemi_vita_cam_0/U0/onsemi_vita_cam_v3_1_S00_AXI_inst/onsemi_vita_cam_core_inst/framestart2_regen_l/pulse_regen_l/gnuram_async_fifo.xpm_fifo_base_inst/gen_cdc_pntr.rd_pntr_cdc_inst/dest_graysync_ff_reg[0][3]
  -------------------------------------------------------------------
                         data arrival                          -0.103    
                         clock arrival                          0.587    
  -------------------------------------------------------------------
                         relative delay                        -0.690    

Reference path:
    Location             Delay type                Incr(ns)  Path(ns)    Netlist Resource(s)
  -------------------------------------------------------------------    -------------------
                         (clock clk_out1_design_1_clk_wiz_0_0_1 rise edge)
                                                      0.000     0.000 r  
    L18                                               0.000     0.000 r  fmc_imageon_vclk (IN)
                         net (fo=0)                   0.000     0.000    design_1_i/clk_wiz_0/inst/clk_in1
    L18                  IBUF (Prop_ibuf_I_O)         1.244     1.244 r  design_1_i/clk_wiz_0/inst/clkin1_ibufg/O
                         net (fo=1, routed)           1.162     2.406    design_1_i/clk_wiz_0/inst/clk_in1_design_1_clk_wiz_0_0
    MMCME2_ADV_X1Y1      MMCME2_ADV (Prop_mmcme2_adv_CLKIN1_CLKOUT0)
                                                     -7.500    -5.093 r  design_1_i/clk_wiz_0/inst/mmcm_adv_inst/CLKOUT0
                         net (fo=1, routed)           1.725    -3.368    design_1_i/clk_wiz_0/inst/clk_out1_design_1_clk_wiz_0_0
    BUFGCTRL_X0Y16       BUFG (Prop_bufg_I_O)         0.091    -3.277 r  design_1_i/clk_wiz_0/inst/clkout1_buf/O
                         net (fo=15835, routed)       1.534    -1.744    design_1_i/onsemi_vita_cam_0/U0/onsemi_vita_cam_v3_1_S00_AXI_inst/onsemi_vita_cam_core_inst/framestart2_regen_l/pulse_regen_l/gnuram_async_fifo.xpm_fifo_base_inst/gen_cdc_pntr.rd_pntr_cdc_inst/src_clk
    SLICE_X83Y78         FDRE                                         r  design_1_i/onsemi_vita_cam_0/U0/onsemi_vita_cam_v3_1_S00_AXI_inst/onsemi_vita_cam_core_inst/framestart2_regen_l/pulse_regen_l/gnuram_async_fifo.xpm_fifo_base_inst/gen_cdc_pntr.rd_pntr_cdc_inst/src_gray_ff_reg[0]/C
  -------------------------------------------------------------------    -------------------
    SLICE_X83Y78         FDRE (Prop_fdre_C_Q)         0.367    -1.377 r  design_1_i/onsemi_vita_cam_0/U0/onsemi_vita_cam_v3_1_S00_AXI_inst/onsemi_vita_cam_core_inst/framestart2_regen_l/pulse_regen_l/gnuram_async_fifo.xpm_fifo_base_inst/gen_cdc_pntr.rd_pntr_cdc_inst/src_gray_ff_reg[0]/Q
                         net (fo=1, routed)           0.482    -0.895    design_1_i/onsemi_vita_cam_0/U0/onsemi_vita_cam_v3_1_S00_AXI_inst/onsemi_vita_cam_core_inst/framestart2_regen_l/pulse_regen_l/gnuram_async_fifo.xpm_fifo_base_inst/gen_cdc_pntr.rd_pntr_cdc_inst/async_path[0]
    SLICE_X82Y79         FDRE                                         r  design_1_i/onsemi_vita_cam_0/U0/onsemi_vita_cam_v3_1_S00_AXI_inst/onsemi_vita_cam_core_inst/framestart2_regen_l/pulse_regen_l/gnuram_async_fifo.xpm_fifo_base_inst/gen_cdc_pntr.rd_pntr_cdc_inst/dest_graysync_ff_reg[0][0]/D
  -------------------------------------------------------------------    -------------------

                         (clock vita_clk_1 rise edge)
                                                      0.000     0.000 r  
    L18                                               0.000     0.000 r  fmc_imageon_vclk (IN)
                         net (fo=0)                   0.000     0.000    design_1_i/clk_wiz_0/inst/clk_in1
    L18                  IBUF (Prop_ibuf_I_O)         1.307     1.307 r  design_1_i/clk_wiz_0/inst/clkin1_ibufg/O
                         net (fo=1, routed)           1.285     2.592    design_1_i/clk_wiz_0/inst/clk_in1_design_1_clk_wiz_0_0
    MMCME2_ADV_X1Y1      MMCME2_ADV (Prop_mmcme2_adv_CLKIN1_CLKOUT0)
                                                     -7.406    -4.814 r  design_1_i/clk_wiz_0/inst/mmcm_adv_inst/CLKOUT0
                         net (fo=1, routed)           1.889    -2.925    design_1_i/clk_wiz_0/inst/clk_out1_design_1_clk_wiz_0_0
    BUFGCTRL_X0Y16       BUFG (Prop_bufg_I_O)         0.101    -2.824 r  design_1_i/clk_wiz_0/inst/clkout1_buf/O
                         net (fo=15835, routed)       2.033    -0.792    design_1_i/onsemi_vita_cam_0/U0/onsemi_vita_cam_v3_1_S00_AXI_inst/clk
    BUFR_X1Y5            BUFR (Prop_bufr_I_O)         1.031     0.239 r  design_1_i/onsemi_vita_cam_0/U0/onsemi_vita_cam_v3_1_S00_AXI_inst/vita_clk_div4_l/O
                         net (fo=1952, routed)        0.958     1.197    design_1_i/onsemi_vita_cam_0/U0/onsemi_vita_cam_v3_1_S00_AXI_inst/onsemi_vita_cam_core_inst/framestart2_regen_l/pulse_regen_l/gnuram_async_fifo.xpm_fifo_base_inst/gen_cdc_pntr.rd_pntr_cdc_inst/dest_clk
    SLICE_X82Y79         FDRE                                         r  design_1_i/onsemi_vita_cam_0/U0/onsemi_vita_cam_v3_1_S00_AXI_inst/onsemi_vita_cam_core_inst/framestart2_regen_l/pulse_regen_l/gnuram_async_fifo.xpm_fifo_base_inst/gen_cdc_pntr.rd_pntr_cdc_inst/dest_graysync_ff_reg[0][0]/C
                         clock pessimism             -0.453     0.744    
    SLICE_X82Y79         FDRE (Hold_fdre_C_D)         0.230     0.974    design_1_i/onsemi_vita_cam_0/U0/onsemi_vita_cam_v3_1_S00_AXI_inst/onsemi_vita_cam_core_inst/framestart2_regen_l/pulse_regen_l/gnuram_async_fifo.xpm_fifo_base_inst/gen_cdc_pntr.rd_pntr_cdc_inst/dest_graysync_ff_reg[0][0]
  -------------------------------------------------------------------
                         data arrival                          -0.895    
                         clock arrival                          0.974    
  -------------------------------------------------------------------
                         relative delay                        -1.869    



Id: 2
set_bus_skew -from [get_cells [list {design_1_i/onsemi_vita_cam_0/U0/onsemi_vita_cam_v3_1_S00_AXI_inst/onsemi_vita_cam_core_inst/framestart2_regen_l/pulse_regen_l/gnuram_async_fifo.xpm_fifo_base_inst/gen_cdc_pntr.wr_pntr_cdc_inst/src_gray_ff_reg[0]} {design_1_i/onsemi_vita_cam_0/U0/onsemi_vita_cam_v3_1_S00_AXI_inst/onsemi_vita_cam_core_inst/framestart2_regen_l/pulse_regen_l/gnuram_async_fifo.xpm_fifo_base_inst/gen_cdc_pntr.wr_pntr_cdc_inst/src_gray_ff_reg[1]} {design_1_i/onsemi_vita_cam_0/U0/onsemi_vita_cam_v3_1_S00_AXI_inst/onsemi_vita_cam_core_inst/framestart2_regen_l/pulse_regen_l/gnuram_async_fifo.xpm_fifo_base_inst/gen_cdc_pntr.wr_pntr_cdc_inst/src_gray_ff_reg[2]} {design_1_i/onsemi_vita_cam_0/U0/onsemi_vita_cam_v3_1_S00_AXI_inst/onsemi_vita_cam_core_inst/framestart2_regen_l/pulse_regen_l/gnuram_async_fifo.xpm_fifo_base_inst/gen_cdc_pntr.wr_pntr_cdc_inst/src_gray_ff_reg[3]}]] -to [get_cells [list {design_1_i/onsemi_vita_cam_0/U0/onsemi_vita_cam_v3_1_S00_AXI_inst/onsemi_vita_cam_core_inst/framestart2_regen_l/pulse_regen_l/gnuram_async_fifo.xpm_fifo_base_inst/gen_cdc_pntr.wr_pntr_cdc_inst/dest_graysync_ff_reg[0][0]} {design_1_i/onsemi_vita_cam_0/U0/onsemi_vita_cam_v3_1_S00_AXI_inst/onsemi_vita_cam_core_inst/framestart2_regen_l/pulse_regen_l/gnuram_async_fifo.xpm_fifo_base_inst/gen_cdc_pntr.wr_pntr_cdc_inst/dest_graysync_ff_reg[0][1]} {design_1_i/onsemi_vita_cam_0/U0/onsemi_vita_cam_v3_1_S00_AXI_inst/onsemi_vita_cam_core_inst/framestart2_regen_l/pulse_regen_l/gnuram_async_fifo.xpm_fifo_base_inst/gen_cdc_pntr.wr_pntr_cdc_inst/dest_graysync_ff_reg[0][2]} {design_1_i/onsemi_vita_cam_0/U0/onsemi_vita_cam_v3_1_S00_AXI_inst/onsemi_vita_cam_core_inst/framestart2_regen_l/pulse_regen_l/gnuram_async_fifo.xpm_fifo_base_inst/gen_cdc_pntr.wr_pntr_cdc_inst/dest_graysync_ff_reg[0][3]}]] 6.734
Requirement: 6.734ns
Endpoints: 4

From Clock            To Clock              Endpoint Pin                    Reference Pin                   Corner  Actual(ns)  Slack(ns)
--------------------  --------------------  ------------------------------  ------------------------------  ------  ----------  ---------
vita_clk_1            clk_out1_design_1_clk_wiz_0_0_1
                                            design_1_i/onsemi_vita_cam_0/U0/onsemi_vita_cam_v3_1_S00_AXI_inst/onsemi_vita_cam_core_inst/framestart2_regen_l/pulse_regen_l/gnuram_async_fifo.xpm_fifo_base_inst/gen_cdc_pntr.wr_pntr_cdc_inst/dest_graysync_ff_reg[0][1]/D
                                                                            design_1_i/onsemi_vita_cam_0/U0/onsemi_vita_cam_v3_1_S00_AXI_inst/onsemi_vita_cam_core_inst/framestart2_regen_l/pulse_regen_l/gnuram_async_fifo.xpm_fifo_base_inst/gen_cdc_pntr.wr_pntr_cdc_inst/dest_graysync_ff_reg[0][3]/D
                                                                                                            Slow         1.324      5.410


Slack (MET) :             5.410ns  (requirement - actual skew)
  Endpoint Source:        design_1_i/onsemi_vita_cam_0/U0/onsemi_vita_cam_v3_1_S00_AXI_inst/onsemi_vita_cam_core_inst/framestart2_regen_l/pulse_regen_l/gnuram_async_fifo.xpm_fifo_base_inst/gen_cdc_pntr.wr_pntr_cdc_inst/src_gray_ff_reg[1]/C
                            (rising edge-triggered cell FDRE clocked by vita_clk_1)
  Endpoint Destination:   design_1_i/onsemi_vita_cam_0/U0/onsemi_vita_cam_v3_1_S00_AXI_inst/onsemi_vita_cam_core_inst/framestart2_regen_l/pulse_regen_l/gnuram_async_fifo.xpm_fifo_base_inst/gen_cdc_pntr.wr_pntr_cdc_inst/dest_graysync_ff_reg[0][1]/D
                            (rising edge-triggered cell FDRE clocked by clk_out1_design_1_clk_wiz_0_0_1)
  Reference Source:       design_1_i/onsemi_vita_cam_0/U0/onsemi_vita_cam_v3_1_S00_AXI_inst/onsemi_vita_cam_core_inst/framestart2_regen_l/pulse_regen_l/gnuram_async_fifo.xpm_fifo_base_inst/gen_cdc_pntr.wr_pntr_cdc_inst/src_gray_ff_reg[3]/C
                            (rising edge-triggered cell FDRE clocked by vita_clk_1)
  Reference Destination:  design_1_i/onsemi_vita_cam_0/U0/onsemi_vita_cam_v3_1_S00_AXI_inst/onsemi_vita_cam_core_inst/framestart2_regen_l/pulse_regen_l/gnuram_async_fifo.xpm_fifo_base_inst/gen_cdc_pntr.wr_pntr_cdc_inst/dest_graysync_ff_reg[0][3]/D
                            (rising edge-triggered cell FDRE clocked by clk_out1_design_1_clk_wiz_0_0_1)
  Path Type:              Bus Skew (Max at Slow Process Corner)
  Requirement:            6.734ns
  Endpoint Relative Delay:    4.285ns
  Reference Relative Delay:   2.543ns
  Relative CRPR:              0.483ns
  Uncertainty:                0.064ns
  Actual Bus Skew:            1.324ns  (Endpoint Relative Delay - Reference Relative Delay - Relative CRPR + Uncertainty)

Endpoint path:
    Location             Delay type                Incr(ns)  Path(ns)    Netlist Resource(s)
  -------------------------------------------------------------------    -------------------
                         (clock vita_clk_1 rise edge)
                                                      0.000     0.000 r  
    L18                                               0.000     0.000 r  fmc_imageon_vclk (IN)
                         net (fo=0)                   0.000     0.000    design_1_i/clk_wiz_0/inst/clk_in1
    L18                  IBUF (Prop_ibuf_I_O)         1.307     1.307 r  design_1_i/clk_wiz_0/inst/clkin1_ibufg/O
                         net (fo=1, routed)           1.285     2.592    design_1_i/clk_wiz_0/inst/clk_in1_design_1_clk_wiz_0_0
    MMCME2_ADV_X1Y1      MMCME2_ADV (Prop_mmcme2_adv_CLKIN1_CLKOUT0)
                                                     -7.406    -4.814 r  design_1_i/clk_wiz_0/inst/mmcm_adv_inst/CLKOUT0
                         net (fo=1, routed)           1.889    -2.925    design_1_i/clk_wiz_0/inst/clk_out1_design_1_clk_wiz_0_0
    BUFGCTRL_X0Y16       BUFG (Prop_bufg_I_O)         0.101    -2.824 r  design_1_i/clk_wiz_0/inst/clkout1_buf/O
                         net (fo=15835, routed)       2.033    -0.792    design_1_i/onsemi_vita_cam_0/U0/onsemi_vita_cam_v3_1_S00_AXI_inst/clk
    BUFR_X1Y5            BUFR (Prop_bufr_I_O)         1.031     0.239 r  design_1_i/onsemi_vita_cam_0/U0/onsemi_vita_cam_v3_1_S00_AXI_inst/vita_clk_div4_l/O
                         net (fo=1952, routed)        0.958     1.197    design_1_i/onsemi_vita_cam_0/U0/onsemi_vita_cam_v3_1_S00_AXI_inst/onsemi_vita_cam_core_inst/framestart2_regen_l/pulse_regen_l/gnuram_async_fifo.xpm_fifo_base_inst/gen_cdc_pntr.wr_pntr_cdc_inst/src_clk
    SLICE_X87Y82         FDRE                                         r  design_1_i/onsemi_vita_cam_0/U0/onsemi_vita_cam_v3_1_S00_AXI_inst/onsemi_vita_cam_core_inst/framestart2_regen_l/pulse_regen_l/gnuram_async_fifo.xpm_fifo_base_inst/gen_cdc_pntr.wr_pntr_cdc_inst/src_gray_ff_reg[1]/C
  -------------------------------------------------------------------    -------------------
    SLICE_X87Y82         FDRE (Prop_fdre_C_Q)         0.419     1.616 r  design_1_i/onsemi_vita_cam_0/U0/onsemi_vita_cam_v3_1_S00_AXI_inst/onsemi_vita_cam_core_inst/framestart2_regen_l/pulse_regen_l/gnuram_async_fifo.xpm_fifo_base_inst/gen_cdc_pntr.wr_pntr_cdc_inst/src_gray_ff_reg[1]/Q
                         net (fo=1, routed)           1.248     2.864    design_1_i/onsemi_vita_cam_0/U0/onsemi_vita_cam_v3_1_S00_AXI_inst/onsemi_vita_cam_core_inst/framestart2_regen_l/pulse_regen_l/gnuram_async_fifo.xpm_fifo_base_inst/gen_cdc_pntr.wr_pntr_cdc_inst/async_path[1]
    SLICE_X109Y79        FDRE                                         r  design_1_i/onsemi_vita_cam_0/U0/onsemi_vita_cam_v3_1_S00_AXI_inst/onsemi_vita_cam_core_inst/framestart2_regen_l/pulse_regen_l/gnuram_async_fifo.xpm_fifo_base_inst/gen_cdc_pntr.wr_pntr_cdc_inst/dest_graysync_ff_reg[0][1]/D
  -------------------------------------------------------------------    -------------------

                         (clock clk_out1_design_1_clk_wiz_0_0_1 rise edge)
                                                      0.000     0.000 r  
    L18                                               0.000     0.000 r  fmc_imageon_vclk (IN)
                         net (fo=0)                   0.000     0.000    design_1_i/clk_wiz_0/inst/clk_in1
    L18                  IBUF (Prop_ibuf_I_O)         1.244     1.244 r  design_1_i/clk_wiz_0/inst/clkin1_ibufg/O
                         net (fo=1, routed)           1.162     2.406    design_1_i/clk_wiz_0/inst/clk_in1_design_1_clk_wiz_0_0
    MMCME2_ADV_X1Y1      MMCME2_ADV (Prop_mmcme2_adv_CLKIN1_CLKOUT0)
                                                     -7.500    -5.093 r  design_1_i/clk_wiz_0/inst/mmcm_adv_inst/CLKOUT0
                         net (fo=1, routed)           1.725    -3.368    design_1_i/clk_wiz_0/inst/clk_out1_design_1_clk_wiz_0_0
    BUFGCTRL_X0Y16       BUFG (Prop_bufg_I_O)         0.091    -3.277 r  design_1_i/clk_wiz_0/inst/clkout1_buf/O
                         net (fo=15835, routed)       1.672    -1.606    design_1_i/onsemi_vita_cam_0/U0/onsemi_vita_cam_v3_1_S00_AXI_inst/onsemi_vita_cam_core_inst/framestart2_regen_l/pulse_regen_l/gnuram_async_fifo.xpm_fifo_base_inst/gen_cdc_pntr.wr_pntr_cdc_inst/dest_clk
    SLICE_X109Y79        FDRE                                         r  design_1_i/onsemi_vita_cam_0/U0/onsemi_vita_cam_v3_1_S00_AXI_inst/onsemi_vita_cam_core_inst/framestart2_regen_l/pulse_regen_l/gnuram_async_fifo.xpm_fifo_base_inst/gen_cdc_pntr.wr_pntr_cdc_inst/dest_graysync_ff_reg[0][1]/C
                         clock pessimism              0.453    -1.153    
    SLICE_X109Y79        FDRE (Setup_fdre_C_D)       -0.268    -1.421    design_1_i/onsemi_vita_cam_0/U0/onsemi_vita_cam_v3_1_S00_AXI_inst/onsemi_vita_cam_core_inst/framestart2_regen_l/pulse_regen_l/gnuram_async_fifo.xpm_fifo_base_inst/gen_cdc_pntr.wr_pntr_cdc_inst/dest_graysync_ff_reg[0][1]
  -------------------------------------------------------------------
                         data arrival                           2.864    
                         clock arrival                         -1.421    
  -------------------------------------------------------------------
                         relative delay                         4.285    

Reference path:
    Location             Delay type                Incr(ns)  Path(ns)    Netlist Resource(s)
  -------------------------------------------------------------------    -------------------
                         (clock vita_clk_1 rise edge)
                                                      0.000     0.000 r  
    L18                                               0.000     0.000 r  fmc_imageon_vclk (IN)
                         net (fo=0)                   0.000     0.000    design_1_i/clk_wiz_0/inst/clk_in1
    L18                  IBUF (Prop_ibuf_I_O)         1.244     1.244 r  design_1_i/clk_wiz_0/inst/clkin1_ibufg/O
                         net (fo=1, routed)           1.162     2.406    design_1_i/clk_wiz_0/inst/clk_in1_design_1_clk_wiz_0_0
    MMCME2_ADV_X1Y1      MMCME2_ADV (Prop_mmcme2_adv_CLKIN1_CLKOUT0)
                                                     -7.500    -5.093 r  design_1_i/clk_wiz_0/inst/mmcm_adv_inst/CLKOUT0
                         net (fo=1, routed)           1.725    -3.368    design_1_i/clk_wiz_0/inst/clk_out1_design_1_clk_wiz_0_0
    BUFGCTRL_X0Y16       BUFG (Prop_bufg_I_O)         0.091    -3.277 r  design_1_i/clk_wiz_0/inst/clkout1_buf/O
                         net (fo=15835, routed)       1.818    -1.459    design_1_i/onsemi_vita_cam_0/U0/onsemi_vita_cam_v3_1_S00_AXI_inst/clk
    BUFR_X1Y5            BUFR (Prop_bufr_I_O)         0.918    -0.541 r  design_1_i/onsemi_vita_cam_0/U0/onsemi_vita_cam_v3_1_S00_AXI_inst/vita_clk_div4_l/O
                         net (fo=1952, routed)        0.889     0.348    design_1_i/onsemi_vita_cam_0/U0/onsemi_vita_cam_v3_1_S00_AXI_inst/onsemi_vita_cam_core_inst/framestart2_regen_l/pulse_regen_l/gnuram_async_fifo.xpm_fifo_base_inst/gen_cdc_pntr.wr_pntr_cdc_inst/src_clk
    SLICE_X86Y78         FDRE                                         r  design_1_i/onsemi_vita_cam_0/U0/onsemi_vita_cam_v3_1_S00_AXI_inst/onsemi_vita_cam_core_inst/framestart2_regen_l/pulse_regen_l/gnuram_async_fifo.xpm_fifo_base_inst/gen_cdc_pntr.wr_pntr_cdc_inst/src_gray_ff_reg[3]/C
  -------------------------------------------------------------------    -------------------
    SLICE_X86Y78         FDRE (Prop_fdre_C_Q)         0.418     0.766 r  design_1_i/onsemi_vita_cam_0/U0/onsemi_vita_cam_v3_1_S00_AXI_inst/onsemi_vita_cam_core_inst/framestart2_regen_l/pulse_regen_l/gnuram_async_fifo.xpm_fifo_base_inst/gen_cdc_pntr.wr_pntr_cdc_inst/src_gray_ff_reg[3]/Q
                         net (fo=1, routed)           0.376     1.142    design_1_i/onsemi_vita_cam_0/U0/onsemi_vita_cam_v3_1_S00_AXI_inst/onsemi_vita_cam_core_inst/framestart2_regen_l/pulse_regen_l/gnuram_async_fifo.xpm_fifo_base_inst/gen_cdc_pntr.wr_pntr_cdc_inst/async_path[3]
    SLICE_X85Y78         FDRE                                         r  design_1_i/onsemi_vita_cam_0/U0/onsemi_vita_cam_v3_1_S00_AXI_inst/onsemi_vita_cam_core_inst/framestart2_regen_l/pulse_regen_l/gnuram_async_fifo.xpm_fifo_base_inst/gen_cdc_pntr.wr_pntr_cdc_inst/dest_graysync_ff_reg[0][3]/D
  -------------------------------------------------------------------    -------------------

                         (clock clk_out1_design_1_clk_wiz_0_0_1 rise edge)
                                                      0.000     0.000 r  
    L18                                               0.000     0.000 r  fmc_imageon_vclk (IN)
                         net (fo=0)                   0.000     0.000    design_1_i/clk_wiz_0/inst/clk_in1
    L18                  IBUF (Prop_ibuf_I_O)         1.307     1.307 r  design_1_i/clk_wiz_0/inst/clkin1_ibufg/O
                         net (fo=1, routed)           1.285     2.592    design_1_i/clk_wiz_0/inst/clk_in1_design_1_clk_wiz_0_0
    MMCME2_ADV_X1Y1      MMCME2_ADV (Prop_mmcme2_adv_CLKIN1_CLKOUT0)
                                                     -7.406    -4.814 r  design_1_i/clk_wiz_0/inst/mmcm_adv_inst/CLKOUT0
                         net (fo=1, routed)           1.889    -2.925    design_1_i/clk_wiz_0/inst/clk_out1_design_1_clk_wiz_0_0
    BUFGCTRL_X0Y16       BUFG (Prop_bufg_I_O)         0.101    -2.824 r  design_1_i/clk_wiz_0/inst/clkout1_buf/O
                         net (fo=15835, routed)       1.707    -1.117    design_1_i/onsemi_vita_cam_0/U0/onsemi_vita_cam_v3_1_S00_AXI_inst/onsemi_vita_cam_core_inst/framestart2_regen_l/pulse_regen_l/gnuram_async_fifo.xpm_fifo_base_inst/gen_cdc_pntr.wr_pntr_cdc_inst/dest_clk
    SLICE_X85Y78         FDRE                                         r  design_1_i/onsemi_vita_cam_0/U0/onsemi_vita_cam_v3_1_S00_AXI_inst/onsemi_vita_cam_core_inst/framestart2_regen_l/pulse_regen_l/gnuram_async_fifo.xpm_fifo_base_inst/gen_cdc_pntr.wr_pntr_cdc_inst/dest_graysync_ff_reg[0][3]/C
                         clock pessimism             -0.453    -1.570    
    SLICE_X85Y78         FDRE (Hold_fdre_C_D)         0.169    -1.401    design_1_i/onsemi_vita_cam_0/U0/onsemi_vita_cam_v3_1_S00_AXI_inst/onsemi_vita_cam_core_inst/framestart2_regen_l/pulse_regen_l/gnuram_async_fifo.xpm_fifo_base_inst/gen_cdc_pntr.wr_pntr_cdc_inst/dest_graysync_ff_reg[0][3]
  -------------------------------------------------------------------
                         data arrival                           1.142    
                         clock arrival                         -1.401    
  -------------------------------------------------------------------
                         relative delay                         2.543    



Id: 3
set_bus_skew -from [get_cells [list {design_1_i/onsemi_vita_cam_0/U0/onsemi_vita_cam_v3_1_S00_AXI_inst/onsemi_vita_cam_core_inst/DEMUX_GEN.demux_fifo_l/afifo_64i_16o_l/gnuram_async_fifo.xpm_fifo_base_inst/gen_cdc_pntr.wr_pntr_cdc_inst/src_gray_ff_reg[0]} \
          {design_1_i/onsemi_vita_cam_0/U0/onsemi_vita_cam_v3_1_S00_AXI_inst/onsemi_vita_cam_core_inst/DEMUX_GEN.demux_fifo_l/afifo_64i_16o_l/gnuram_async_fifo.xpm_fifo_base_inst/gen_cdc_pntr.wr_pntr_cdc_inst/src_gray_ff_reg[10]} \
          {design_1_i/onsemi_vita_cam_0/U0/onsemi_vita_cam_v3_1_S00_AXI_inst/onsemi_vita_cam_core_inst/DEMUX_GEN.demux_fifo_l/afifo_64i_16o_l/gnuram_async_fifo.xpm_fifo_base_inst/gen_cdc_pntr.wr_pntr_cdc_inst/src_gray_ff_reg[11]} \
          {design_1_i/onsemi_vita_cam_0/U0/onsemi_vita_cam_v3_1_S00_AXI_inst/onsemi_vita_cam_core_inst/DEMUX_GEN.demux_fifo_l/afifo_64i_16o_l/gnuram_async_fifo.xpm_fifo_base_inst/gen_cdc_pntr.wr_pntr_cdc_inst/src_gray_ff_reg[1]} \
          {design_1_i/onsemi_vita_cam_0/U0/onsemi_vita_cam_v3_1_S00_AXI_inst/onsemi_vita_cam_core_inst/DEMUX_GEN.demux_fifo_l/afifo_64i_16o_l/gnuram_async_fifo.xpm_fifo_base_inst/gen_cdc_pntr.wr_pntr_cdc_inst/src_gray_ff_reg[2]} \
          {design_1_i/onsemi_vita_cam_0/U0/onsemi_vita_cam_v3_1_S00_AXI_inst/onsemi_vita_cam_core_inst/DEMUX_GEN.demux_fifo_l/afifo_64i_16o_l/gnuram_async_fifo.xpm_fifo_base_inst/gen_cdc_pntr.wr_pntr_cdc_inst/src_gray_ff_reg[3]} \
          {design_1_i/onsemi_vita_cam_0/U0/onsemi_vita_cam_v3_1_S00_AXI_inst/onsemi_vita_cam_core_inst/DEMUX_GEN.demux_fifo_l/afifo_64i_16o_l/gnuram_async_fifo.xpm_fifo_base_inst/gen_cdc_pntr.wr_pntr_cdc_inst/src_gray_ff_reg[4]} \
          {design_1_i/onsemi_vita_cam_0/U0/onsemi_vita_cam_v3_1_S00_AXI_inst/onsemi_vita_cam_core_inst/DEMUX_GEN.demux_fifo_l/afifo_64i_16o_l/gnuram_async_fifo.xpm_fifo_base_inst/gen_cdc_pntr.wr_pntr_cdc_inst/src_gray_ff_reg[5]} \
          {design_1_i/onsemi_vita_cam_0/U0/onsemi_vita_cam_v3_1_S00_AXI_inst/onsemi_vita_cam_core_inst/DEMUX_GEN.demux_fifo_l/afifo_64i_16o_l/gnuram_async_fifo.xpm_fifo_base_inst/gen_cdc_pntr.wr_pntr_cdc_inst/src_gray_ff_reg[6]} \
          {design_1_i/onsemi_vita_cam_0/U0/onsemi_vita_cam_v3_1_S00_AXI_inst/onsemi_vita_cam_core_inst/DEMUX_GEN.demux_fifo_l/afifo_64i_16o_l/gnuram_async_fifo.xpm_fifo_base_inst/gen_cdc_pntr.wr_pntr_cdc_inst/src_gray_ff_reg[7]} \
          {design_1_i/onsemi_vita_cam_0/U0/onsemi_vita_cam_v3_1_S00_AXI_inst/onsemi_vita_cam_core_inst/DEMUX_GEN.demux_fifo_l/afifo_64i_16o_l/gnuram_async_fifo.xpm_fifo_base_inst/gen_cdc_pntr.wr_pntr_cdc_inst/src_gray_ff_reg[8]} \
          {design_1_i/onsemi_vita_cam_0/U0/onsemi_vita_cam_v3_1_S00_AXI_inst/onsemi_vita_cam_core_inst/DEMUX_GEN.demux_fifo_l/afifo_64i_16o_l/gnuram_async_fifo.xpm_fifo_base_inst/gen_cdc_pntr.wr_pntr_cdc_inst/src_gray_ff_reg[9]}]] -to [get_cells [list {design_1_i/onsemi_vita_cam_0/U0/onsemi_vita_cam_v3_1_S00_AXI_inst/onsemi_vita_cam_core_inst/DEMUX_GEN.demux_fifo_l/afifo_64i_16o_l/gnuram_async_fifo.xpm_fifo_base_inst/gen_cdc_pntr.wr_pntr_cdc_inst/dest_graysync_ff_reg[0][0]} \
          {design_1_i/onsemi_vita_cam_0/U0/onsemi_vita_cam_v3_1_S00_AXI_inst/onsemi_vita_cam_core_inst/DEMUX_GEN.demux_fifo_l/afifo_64i_16o_l/gnuram_async_fifo.xpm_fifo_base_inst/gen_cdc_pntr.wr_pntr_cdc_inst/dest_graysync_ff_reg[0][10]} \
          {design_1_i/onsemi_vita_cam_0/U0/onsemi_vita_cam_v3_1_S00_AXI_inst/onsemi_vita_cam_core_inst/DEMUX_GEN.demux_fifo_l/afifo_64i_16o_l/gnuram_async_fifo.xpm_fifo_base_inst/gen_cdc_pntr.wr_pntr_cdc_inst/dest_graysync_ff_reg[0][11]} \
          {design_1_i/onsemi_vita_cam_0/U0/onsemi_vita_cam_v3_1_S00_AXI_inst/onsemi_vita_cam_core_inst/DEMUX_GEN.demux_fifo_l/afifo_64i_16o_l/gnuram_async_fifo.xpm_fifo_base_inst/gen_cdc_pntr.wr_pntr_cdc_inst/dest_graysync_ff_reg[0][1]} \
          {design_1_i/onsemi_vita_cam_0/U0/onsemi_vita_cam_v3_1_S00_AXI_inst/onsemi_vita_cam_core_inst/DEMUX_GEN.demux_fifo_l/afifo_64i_16o_l/gnuram_async_fifo.xpm_fifo_base_inst/gen_cdc_pntr.wr_pntr_cdc_inst/dest_graysync_ff_reg[0][2]} \
          {design_1_i/onsemi_vita_cam_0/U0/onsemi_vita_cam_v3_1_S00_AXI_inst/onsemi_vita_cam_core_inst/DEMUX_GEN.demux_fifo_l/afifo_64i_16o_l/gnuram_async_fifo.xpm_fifo_base_inst/gen_cdc_pntr.wr_pntr_cdc_inst/dest_graysync_ff_reg[0][3]} \
          {design_1_i/onsemi_vita_cam_0/U0/onsemi_vita_cam_v3_1_S00_AXI_inst/onsemi_vita_cam_core_inst/DEMUX_GEN.demux_fifo_l/afifo_64i_16o_l/gnuram_async_fifo.xpm_fifo_base_inst/gen_cdc_pntr.wr_pntr_cdc_inst/dest_graysync_ff_reg[0][4]} \
          {design_1_i/onsemi_vita_cam_0/U0/onsemi_vita_cam_v3_1_S00_AXI_inst/onsemi_vita_cam_core_inst/DEMUX_GEN.demux_fifo_l/afifo_64i_16o_l/gnuram_async_fifo.xpm_fifo_base_inst/gen_cdc_pntr.wr_pntr_cdc_inst/dest_graysync_ff_reg[0][5]} \
          {design_1_i/onsemi_vita_cam_0/U0/onsemi_vita_cam_v3_1_S00_AXI_inst/onsemi_vita_cam_core_inst/DEMUX_GEN.demux_fifo_l/afifo_64i_16o_l/gnuram_async_fifo.xpm_fifo_base_inst/gen_cdc_pntr.wr_pntr_cdc_inst/dest_graysync_ff_reg[0][6]} \
          {design_1_i/onsemi_vita_cam_0/U0/onsemi_vita_cam_v3_1_S00_AXI_inst/onsemi_vita_cam_core_inst/DEMUX_GEN.demux_fifo_l/afifo_64i_16o_l/gnuram_async_fifo.xpm_fifo_base_inst/gen_cdc_pntr.wr_pntr_cdc_inst/dest_graysync_ff_reg[0][7]} \
          {design_1_i/onsemi_vita_cam_0/U0/onsemi_vita_cam_v3_1_S00_AXI_inst/onsemi_vita_cam_core_inst/DEMUX_GEN.demux_fifo_l/afifo_64i_16o_l/gnuram_async_fifo.xpm_fifo_base_inst/gen_cdc_pntr.wr_pntr_cdc_inst/dest_graysync_ff_reg[0][8]} \
          {design_1_i/onsemi_vita_cam_0/U0/onsemi_vita_cam_v3_1_S00_AXI_inst/onsemi_vita_cam_core_inst/DEMUX_GEN.demux_fifo_l/afifo_64i_16o_l/gnuram_async_fifo.xpm_fifo_base_inst/gen_cdc_pntr.wr_pntr_cdc_inst/dest_graysync_ff_reg[0][9]}]] 6.734
Requirement: 6.734ns
Endpoints: 12

From Clock            To Clock              Endpoint Pin                    Reference Pin                   Corner  Actual(ns)  Slack(ns)
--------------------  --------------------  ------------------------------  ------------------------------  ------  ----------  ---------
vita_clk_1            clk_out1_design_1_clk_wiz_0_0_1
                                            design_1_i/onsemi_vita_cam_0/U0/onsemi_vita_cam_v3_1_S00_AXI_inst/onsemi_vita_cam_core_inst/DEMUX_GEN.demux_fifo_l/afifo_64i_16o_l/gnuram_async_fifo.xpm_fifo_base_inst/gen_cdc_pntr.wr_pntr_cdc_inst/dest_graysync_ff_reg[0][9]/D
                                                                            design_1_i/onsemi_vita_cam_0/U0/onsemi_vita_cam_v3_1_S00_AXI_inst/onsemi_vita_cam_core_inst/DEMUX_GEN.demux_fifo_l/afifo_64i_16o_l/gnuram_async_fifo.xpm_fifo_base_inst/gen_cdc_pntr.wr_pntr_cdc_inst/dest_graysync_ff_reg[0][1]/D
                                                                                                            Slow         0.945      5.789


Slack (MET) :             5.789ns  (requirement - actual skew)
  Endpoint Source:        design_1_i/onsemi_vita_cam_0/U0/onsemi_vita_cam_v3_1_S00_AXI_inst/onsemi_vita_cam_core_inst/DEMUX_GEN.demux_fifo_l/afifo_64i_16o_l/gnuram_async_fifo.xpm_fifo_base_inst/gen_cdc_pntr.wr_pntr_cdc_inst/src_gray_ff_reg[9]/C
                            (rising edge-triggered cell FDRE clocked by vita_clk_1)
  Endpoint Destination:   design_1_i/onsemi_vita_cam_0/U0/onsemi_vita_cam_v3_1_S00_AXI_inst/onsemi_vita_cam_core_inst/DEMUX_GEN.demux_fifo_l/afifo_64i_16o_l/gnuram_async_fifo.xpm_fifo_base_inst/gen_cdc_pntr.wr_pntr_cdc_inst/dest_graysync_ff_reg[0][9]/D
                            (rising edge-triggered cell FDRE clocked by clk_out1_design_1_clk_wiz_0_0_1)
  Reference Source:       design_1_i/onsemi_vita_cam_0/U0/onsemi_vita_cam_v3_1_S00_AXI_inst/onsemi_vita_cam_core_inst/DEMUX_GEN.demux_fifo_l/afifo_64i_16o_l/gnuram_async_fifo.xpm_fifo_base_inst/gen_cdc_pntr.wr_pntr_cdc_inst/src_gray_ff_reg[1]/C
                            (rising edge-triggered cell FDRE clocked by vita_clk_1)
  Reference Destination:  design_1_i/onsemi_vita_cam_0/U0/onsemi_vita_cam_v3_1_S00_AXI_inst/onsemi_vita_cam_core_inst/DEMUX_GEN.demux_fifo_l/afifo_64i_16o_l/gnuram_async_fifo.xpm_fifo_base_inst/gen_cdc_pntr.wr_pntr_cdc_inst/dest_graysync_ff_reg[0][1]/D
                            (rising edge-triggered cell FDRE clocked by clk_out1_design_1_clk_wiz_0_0_1)
  Path Type:              Bus Skew (Max at Slow Process Corner)
  Requirement:            6.734ns
  Endpoint Relative Delay:    3.845ns
  Reference Relative Delay:   2.460ns
  Relative CRPR:              0.504ns
  Uncertainty:                0.064ns
  Actual Bus Skew:            0.945ns  (Endpoint Relative Delay - Reference Relative Delay - Relative CRPR + Uncertainty)

Endpoint path:
    Location             Delay type                Incr(ns)  Path(ns)    Netlist Resource(s)
  -------------------------------------------------------------------    -------------------
                         (clock vita_clk_1 rise edge)
                                                      0.000     0.000 r  
    L18                                               0.000     0.000 r  fmc_imageon_vclk (IN)
                         net (fo=0)                   0.000     0.000    design_1_i/clk_wiz_0/inst/clk_in1
    L18                  IBUF (Prop_ibuf_I_O)         1.307     1.307 r  design_1_i/clk_wiz_0/inst/clkin1_ibufg/O
                         net (fo=1, routed)           1.285     2.592    design_1_i/clk_wiz_0/inst/clk_in1_design_1_clk_wiz_0_0
    MMCME2_ADV_X1Y1      MMCME2_ADV (Prop_mmcme2_adv_CLKIN1_CLKOUT0)
                                                     -7.406    -4.814 r  design_1_i/clk_wiz_0/inst/mmcm_adv_inst/CLKOUT0
                         net (fo=1, routed)           1.889    -2.925    design_1_i/clk_wiz_0/inst/clk_out1_design_1_clk_wiz_0_0
    BUFGCTRL_X0Y16       BUFG (Prop_bufg_I_O)         0.101    -2.824 r  design_1_i/clk_wiz_0/inst/clkout1_buf/O
                         net (fo=15835, routed)       2.033    -0.792    design_1_i/onsemi_vita_cam_0/U0/onsemi_vita_cam_v3_1_S00_AXI_inst/clk
    BUFR_X1Y5            BUFR (Prop_bufr_I_O)         1.031     0.239 r  design_1_i/onsemi_vita_cam_0/U0/onsemi_vita_cam_v3_1_S00_AXI_inst/vita_clk_div4_l/O
                         net (fo=1952, routed)        0.892     1.131    design_1_i/onsemi_vita_cam_0/U0/onsemi_vita_cam_v3_1_S00_AXI_inst/onsemi_vita_cam_core_inst/DEMUX_GEN.demux_fifo_l/afifo_64i_16o_l/gnuram_async_fifo.xpm_fifo_base_inst/gen_cdc_pntr.wr_pntr_cdc_inst/src_clk
    SLICE_X94Y51         FDRE                                         r  design_1_i/onsemi_vita_cam_0/U0/onsemi_vita_cam_v3_1_S00_AXI_inst/onsemi_vita_cam_core_inst/DEMUX_GEN.demux_fifo_l/afifo_64i_16o_l/gnuram_async_fifo.xpm_fifo_base_inst/gen_cdc_pntr.wr_pntr_cdc_inst/src_gray_ff_reg[9]/C
  -------------------------------------------------------------------    -------------------
    SLICE_X94Y51         FDRE (Prop_fdre_C_Q)         0.478     1.609 r  design_1_i/onsemi_vita_cam_0/U0/onsemi_vita_cam_v3_1_S00_AXI_inst/onsemi_vita_cam_core_inst/DEMUX_GEN.demux_fifo_l/afifo_64i_16o_l/gnuram_async_fifo.xpm_fifo_base_inst/gen_cdc_pntr.wr_pntr_cdc_inst/src_gray_ff_reg[9]/Q
                         net (fo=1, routed)           0.771     2.380    design_1_i/onsemi_vita_cam_0/U0/onsemi_vita_cam_v3_1_S00_AXI_inst/onsemi_vita_cam_core_inst/DEMUX_GEN.demux_fifo_l/afifo_64i_16o_l/gnuram_async_fifo.xpm_fifo_base_inst/gen_cdc_pntr.wr_pntr_cdc_inst/async_path[9]
    SLICE_X97Y46         FDRE                                         r  design_1_i/onsemi_vita_cam_0/U0/onsemi_vita_cam_v3_1_S00_AXI_inst/onsemi_vita_cam_core_inst/DEMUX_GEN.demux_fifo_l/afifo_64i_16o_l/gnuram_async_fifo.xpm_fifo_base_inst/gen_cdc_pntr.wr_pntr_cdc_inst/dest_graysync_ff_reg[0][9]/D
  -------------------------------------------------------------------    -------------------

                         (clock clk_out1_design_1_clk_wiz_0_0_1 rise edge)
                                                      0.000     0.000 r  
    L18                                               0.000     0.000 r  fmc_imageon_vclk (IN)
                         net (fo=0)                   0.000     0.000    design_1_i/clk_wiz_0/inst/clk_in1
    L18                  IBUF (Prop_ibuf_I_O)         1.244     1.244 r  design_1_i/clk_wiz_0/inst/clkin1_ibufg/O
                         net (fo=1, routed)           1.162     2.406    design_1_i/clk_wiz_0/inst/clk_in1_design_1_clk_wiz_0_0
    MMCME2_ADV_X1Y1      MMCME2_ADV (Prop_mmcme2_adv_CLKIN1_CLKOUT0)
                                                     -7.500    -5.093 r  design_1_i/clk_wiz_0/inst/mmcm_adv_inst/CLKOUT0
                         net (fo=1, routed)           1.725    -3.368    design_1_i/clk_wiz_0/inst/clk_out1_design_1_clk_wiz_0_0
    BUFGCTRL_X0Y16       BUFG (Prop_bufg_I_O)         0.091    -3.277 r  design_1_i/clk_wiz_0/inst/clkout1_buf/O
                         net (fo=15835, routed)       1.624    -1.653    design_1_i/onsemi_vita_cam_0/U0/onsemi_vita_cam_v3_1_S00_AXI_inst/onsemi_vita_cam_core_inst/DEMUX_GEN.demux_fifo_l/afifo_64i_16o_l/gnuram_async_fifo.xpm_fifo_base_inst/gen_cdc_pntr.wr_pntr_cdc_inst/dest_clk
    SLICE_X97Y46         FDRE                                         r  design_1_i/onsemi_vita_cam_0/U0/onsemi_vita_cam_v3_1_S00_AXI_inst/onsemi_vita_cam_core_inst/DEMUX_GEN.demux_fifo_l/afifo_64i_16o_l/gnuram_async_fifo.xpm_fifo_base_inst/gen_cdc_pntr.wr_pntr_cdc_inst/dest_graysync_ff_reg[0][9]/C
                         clock pessimism              0.453    -1.200    
    SLICE_X97Y46         FDRE (Setup_fdre_C_D)       -0.265    -1.465    design_1_i/onsemi_vita_cam_0/U0/onsemi_vita_cam_v3_1_S00_AXI_inst/onsemi_vita_cam_core_inst/DEMUX_GEN.demux_fifo_l/afifo_64i_16o_l/gnuram_async_fifo.xpm_fifo_base_inst/gen_cdc_pntr.wr_pntr_cdc_inst/dest_graysync_ff_reg[0][9]
  -------------------------------------------------------------------
                         data arrival                           2.380    
                         clock arrival                         -1.465    
  -------------------------------------------------------------------
                         relative delay                         3.845    

Reference path:
    Location             Delay type                Incr(ns)  Path(ns)    Netlist Resource(s)
  -------------------------------------------------------------------    -------------------
                         (clock vita_clk_1 rise edge)
                                                      0.000     0.000 r  
    L18                                               0.000     0.000 r  fmc_imageon_vclk (IN)
                         net (fo=0)                   0.000     0.000    design_1_i/clk_wiz_0/inst/clk_in1
    L18                  IBUF (Prop_ibuf_I_O)         1.244     1.244 r  design_1_i/clk_wiz_0/inst/clkin1_ibufg/O
                         net (fo=1, routed)           1.162     2.406    design_1_i/clk_wiz_0/inst/clk_in1_design_1_clk_wiz_0_0
    MMCME2_ADV_X1Y1      MMCME2_ADV (Prop_mmcme2_adv_CLKIN1_CLKOUT0)
                                                     -7.500    -5.093 r  design_1_i/clk_wiz_0/inst/mmcm_adv_inst/CLKOUT0
                         net (fo=1, routed)           1.725    -3.368    design_1_i/clk_wiz_0/inst/clk_out1_design_1_clk_wiz_0_0
    BUFGCTRL_X0Y16       BUFG (Prop_bufg_I_O)         0.091    -3.277 r  design_1_i/clk_wiz_0/inst/clkout1_buf/O
                         net (fo=15835, routed)       1.818    -1.459    design_1_i/onsemi_vita_cam_0/U0/onsemi_vita_cam_v3_1_S00_AXI_inst/clk
    BUFR_X1Y5            BUFR (Prop_bufr_I_O)         0.918    -0.541 r  design_1_i/onsemi_vita_cam_0/U0/onsemi_vita_cam_v3_1_S00_AXI_inst/vita_clk_div4_l/O
                         net (fo=1952, routed)        0.830     0.289    design_1_i/onsemi_vita_cam_0/U0/onsemi_vita_cam_v3_1_S00_AXI_inst/onsemi_vita_cam_core_inst/DEMUX_GEN.demux_fifo_l/afifo_64i_16o_l/gnuram_async_fifo.xpm_fifo_base_inst/gen_cdc_pntr.wr_pntr_cdc_inst/src_clk
    SLICE_X93Y51         FDRE                                         r  design_1_i/onsemi_vita_cam_0/U0/onsemi_vita_cam_v3_1_S00_AXI_inst/onsemi_vita_cam_core_inst/DEMUX_GEN.demux_fifo_l/afifo_64i_16o_l/gnuram_async_fifo.xpm_fifo_base_inst/gen_cdc_pntr.wr_pntr_cdc_inst/src_gray_ff_reg[1]/C
  -------------------------------------------------------------------    -------------------
    SLICE_X93Y51         FDRE (Prop_fdre_C_Q)         0.337     0.626 r  design_1_i/onsemi_vita_cam_0/U0/onsemi_vita_cam_v3_1_S00_AXI_inst/onsemi_vita_cam_core_inst/DEMUX_GEN.demux_fifo_l/afifo_64i_16o_l/gnuram_async_fifo.xpm_fifo_base_inst/gen_cdc_pntr.wr_pntr_cdc_inst/src_gray_ff_reg[1]/Q
                         net (fo=1, routed)           0.451     1.077    design_1_i/onsemi_vita_cam_0/U0/onsemi_vita_cam_v3_1_S00_AXI_inst/onsemi_vita_cam_core_inst/DEMUX_GEN.demux_fifo_l/afifo_64i_16o_l/gnuram_async_fifo.xpm_fifo_base_inst/gen_cdc_pntr.wr_pntr_cdc_inst/async_path[1]
    SLICE_X94Y45         FDRE                                         r  design_1_i/onsemi_vita_cam_0/U0/onsemi_vita_cam_v3_1_S00_AXI_inst/onsemi_vita_cam_core_inst/DEMUX_GEN.demux_fifo_l/afifo_64i_16o_l/gnuram_async_fifo.xpm_fifo_base_inst/gen_cdc_pntr.wr_pntr_cdc_inst/dest_graysync_ff_reg[0][1]/D
  -------------------------------------------------------------------    -------------------

                         (clock clk_out1_design_1_clk_wiz_0_0_1 rise edge)
                                                      0.000     0.000 r  
    L18                                               0.000     0.000 r  fmc_imageon_vclk (IN)
                         net (fo=0)                   0.000     0.000    design_1_i/clk_wiz_0/inst/clk_in1
    L18                  IBUF (Prop_ibuf_I_O)         1.307     1.307 r  design_1_i/clk_wiz_0/inst/clkin1_ibufg/O
                         net (fo=1, routed)           1.285     2.592    design_1_i/clk_wiz_0/inst/clk_in1_design_1_clk_wiz_0_0
    MMCME2_ADV_X1Y1      MMCME2_ADV (Prop_mmcme2_adv_CLKIN1_CLKOUT0)
                                                     -7.406    -4.814 r  design_1_i/clk_wiz_0/inst/mmcm_adv_inst/CLKOUT0
                         net (fo=1, routed)           1.889    -2.925    design_1_i/clk_wiz_0/inst/clk_out1_design_1_clk_wiz_0_0
    BUFGCTRL_X0Y16       BUFG (Prop_bufg_I_O)         0.101    -2.824 r  design_1_i/clk_wiz_0/inst/clkout1_buf/O
                         net (fo=15835, routed)       1.802    -1.022    design_1_i/onsemi_vita_cam_0/U0/onsemi_vita_cam_v3_1_S00_AXI_inst/onsemi_vita_cam_core_inst/DEMUX_GEN.demux_fifo_l/afifo_64i_16o_l/gnuram_async_fifo.xpm_fifo_base_inst/gen_cdc_pntr.wr_pntr_cdc_inst/dest_clk
    SLICE_X94Y45         FDRE                                         r  design_1_i/onsemi_vita_cam_0/U0/onsemi_vita_cam_v3_1_S00_AXI_inst/onsemi_vita_cam_core_inst/DEMUX_GEN.demux_fifo_l/afifo_64i_16o_l/gnuram_async_fifo.xpm_fifo_base_inst/gen_cdc_pntr.wr_pntr_cdc_inst/dest_graysync_ff_reg[0][1]/C
                         clock pessimism             -0.453    -1.475    
    SLICE_X94Y45         FDRE (Hold_fdre_C_D)         0.092    -1.383    design_1_i/onsemi_vita_cam_0/U0/onsemi_vita_cam_v3_1_S00_AXI_inst/onsemi_vita_cam_core_inst/DEMUX_GEN.demux_fifo_l/afifo_64i_16o_l/gnuram_async_fifo.xpm_fifo_base_inst/gen_cdc_pntr.wr_pntr_cdc_inst/dest_graysync_ff_reg[0][1]
  -------------------------------------------------------------------
                         data arrival                           1.077    
                         clock arrival                         -1.383    
  -------------------------------------------------------------------
                         relative delay                         2.460    



Id: 4
set_bus_skew -from [get_cells [list {design_1_i/onsemi_vita_cam_0/U0/onsemi_vita_cam_v3_1_S00_AXI_inst/onsemi_vita_cam_core_inst/DEMUX_GEN.demux_fifo_l/afifo_64i_16o_l/gnuram_async_fifo.xpm_fifo_base_inst/gen_cdc_pntr.rd_pntr_cdc_inst/src_gray_ff_reg[9]} \
          {design_1_i/onsemi_vita_cam_0/U0/onsemi_vita_cam_v3_1_S00_AXI_inst/onsemi_vita_cam_core_inst/DEMUX_GEN.demux_fifo_l/afifo_64i_16o_l/gnuram_async_fifo.xpm_fifo_base_inst/gen_cdc_pntr.rd_pntr_cdc_inst/src_gray_ff_reg[10]} \
          {design_1_i/onsemi_vita_cam_0/U0/onsemi_vita_cam_v3_1_S00_AXI_inst/onsemi_vita_cam_core_inst/DEMUX_GEN.demux_fifo_l/afifo_64i_16o_l/gnuram_async_fifo.xpm_fifo_base_inst/gen_cdc_pntr.rd_pntr_cdc_inst/src_gray_ff_reg[11]} \
          {design_1_i/onsemi_vita_cam_0/U0/onsemi_vita_cam_v3_1_S00_AXI_inst/onsemi_vita_cam_core_inst/DEMUX_GEN.demux_fifo_l/afifo_64i_16o_l/gnuram_async_fifo.xpm_fifo_base_inst/gen_cdc_pntr.rd_pntr_cdc_inst/src_gray_ff_reg[12]} \
          {design_1_i/onsemi_vita_cam_0/U0/onsemi_vita_cam_v3_1_S00_AXI_inst/onsemi_vita_cam_core_inst/DEMUX_GEN.demux_fifo_l/afifo_64i_16o_l/gnuram_async_fifo.xpm_fifo_base_inst/gen_cdc_pntr.rd_pntr_cdc_inst/src_gray_ff_reg[13]} \
          {design_1_i/onsemi_vita_cam_0/U0/onsemi_vita_cam_v3_1_S00_AXI_inst/onsemi_vita_cam_core_inst/DEMUX_GEN.demux_fifo_l/afifo_64i_16o_l/gnuram_async_fifo.xpm_fifo_base_inst/gen_cdc_pntr.rd_pntr_cdc_inst/src_gray_ff_reg[8]} \
          {design_1_i/onsemi_vita_cam_0/U0/onsemi_vita_cam_v3_1_S00_AXI_inst/onsemi_vita_cam_core_inst/DEMUX_GEN.demux_fifo_l/afifo_64i_16o_l/gnuram_async_fifo.xpm_fifo_base_inst/gen_cdc_pntr.rd_pntr_cdc_inst/src_gray_ff_reg[2]} \
          {design_1_i/onsemi_vita_cam_0/U0/onsemi_vita_cam_v3_1_S00_AXI_inst/onsemi_vita_cam_core_inst/DEMUX_GEN.demux_fifo_l/afifo_64i_16o_l/gnuram_async_fifo.xpm_fifo_base_inst/gen_cdc_pntr.rd_pntr_cdc_inst/src_gray_ff_reg[3]} \
          {design_1_i/onsemi_vita_cam_0/U0/onsemi_vita_cam_v3_1_S00_AXI_inst/onsemi_vita_cam_core_inst/DEMUX_GEN.demux_fifo_l/afifo_64i_16o_l/gnuram_async_fifo.xpm_fifo_base_inst/gen_cdc_pntr.rd_pntr_cdc_inst/src_gray_ff_reg[4]} \
          {design_1_i/onsemi_vita_cam_0/U0/onsemi_vita_cam_v3_1_S00_AXI_inst/onsemi_vita_cam_core_inst/DEMUX_GEN.demux_fifo_l/afifo_64i_16o_l/gnuram_async_fifo.xpm_fifo_base_inst/gen_cdc_pntr.rd_pntr_cdc_inst/src_gray_ff_reg[5]} \
          {design_1_i/onsemi_vita_cam_0/U0/onsemi_vita_cam_v3_1_S00_AXI_inst/onsemi_vita_cam_core_inst/DEMUX_GEN.demux_fifo_l/afifo_64i_16o_l/gnuram_async_fifo.xpm_fifo_base_inst/gen_cdc_pntr.rd_pntr_cdc_inst/src_gray_ff_reg[6]} \
          {design_1_i/onsemi_vita_cam_0/U0/onsemi_vita_cam_v3_1_S00_AXI_inst/onsemi_vita_cam_core_inst/DEMUX_GEN.demux_fifo_l/afifo_64i_16o_l/gnuram_async_fifo.xpm_fifo_base_inst/gen_cdc_pntr.rd_pntr_cdc_inst/src_gray_ff_reg[7]}]] -to [get_cells [list {design_1_i/onsemi_vita_cam_0/U0/onsemi_vita_cam_v3_1_S00_AXI_inst/onsemi_vita_cam_core_inst/DEMUX_GEN.demux_fifo_l/afifo_64i_16o_l/gnuram_async_fifo.xpm_fifo_base_inst/gen_cdc_pntr.rd_pntr_cdc_inst/dest_graysync_ff_reg[0][9]} \
          {design_1_i/onsemi_vita_cam_0/U0/onsemi_vita_cam_v3_1_S00_AXI_inst/onsemi_vita_cam_core_inst/DEMUX_GEN.demux_fifo_l/afifo_64i_16o_l/gnuram_async_fifo.xpm_fifo_base_inst/gen_cdc_pntr.rd_pntr_cdc_inst/dest_graysync_ff_reg[0][10]} \
          {design_1_i/onsemi_vita_cam_0/U0/onsemi_vita_cam_v3_1_S00_AXI_inst/onsemi_vita_cam_core_inst/DEMUX_GEN.demux_fifo_l/afifo_64i_16o_l/gnuram_async_fifo.xpm_fifo_base_inst/gen_cdc_pntr.rd_pntr_cdc_inst/dest_graysync_ff_reg[0][11]} \
          {design_1_i/onsemi_vita_cam_0/U0/onsemi_vita_cam_v3_1_S00_AXI_inst/onsemi_vita_cam_core_inst/DEMUX_GEN.demux_fifo_l/afifo_64i_16o_l/gnuram_async_fifo.xpm_fifo_base_inst/gen_cdc_pntr.rd_pntr_cdc_inst/dest_graysync_ff_reg[0][12]} \
          {design_1_i/onsemi_vita_cam_0/U0/onsemi_vita_cam_v3_1_S00_AXI_inst/onsemi_vita_cam_core_inst/DEMUX_GEN.demux_fifo_l/afifo_64i_16o_l/gnuram_async_fifo.xpm_fifo_base_inst/gen_cdc_pntr.rd_pntr_cdc_inst/dest_graysync_ff_reg[0][13]} \
          {design_1_i/onsemi_vita_cam_0/U0/onsemi_vita_cam_v3_1_S00_AXI_inst/onsemi_vita_cam_core_inst/DEMUX_GEN.demux_fifo_l/afifo_64i_16o_l/gnuram_async_fifo.xpm_fifo_base_inst/gen_cdc_pntr.rd_pntr_cdc_inst/dest_graysync_ff_reg[0][8]} \
          {design_1_i/onsemi_vita_cam_0/U0/onsemi_vita_cam_v3_1_S00_AXI_inst/onsemi_vita_cam_core_inst/DEMUX_GEN.demux_fifo_l/afifo_64i_16o_l/gnuram_async_fifo.xpm_fifo_base_inst/gen_cdc_pntr.rd_pntr_cdc_inst/dest_graysync_ff_reg[0][2]} \
          {design_1_i/onsemi_vita_cam_0/U0/onsemi_vita_cam_v3_1_S00_AXI_inst/onsemi_vita_cam_core_inst/DEMUX_GEN.demux_fifo_l/afifo_64i_16o_l/gnuram_async_fifo.xpm_fifo_base_inst/gen_cdc_pntr.rd_pntr_cdc_inst/dest_graysync_ff_reg[0][3]} \
          {design_1_i/onsemi_vita_cam_0/U0/onsemi_vita_cam_v3_1_S00_AXI_inst/onsemi_vita_cam_core_inst/DEMUX_GEN.demux_fifo_l/afifo_64i_16o_l/gnuram_async_fifo.xpm_fifo_base_inst/gen_cdc_pntr.rd_pntr_cdc_inst/dest_graysync_ff_reg[0][4]} \
          {design_1_i/onsemi_vita_cam_0/U0/onsemi_vita_cam_v3_1_S00_AXI_inst/onsemi_vita_cam_core_inst/DEMUX_GEN.demux_fifo_l/afifo_64i_16o_l/gnuram_async_fifo.xpm_fifo_base_inst/gen_cdc_pntr.rd_pntr_cdc_inst/dest_graysync_ff_reg[0][5]} \
          {design_1_i/onsemi_vita_cam_0/U0/onsemi_vita_cam_v3_1_S00_AXI_inst/onsemi_vita_cam_core_inst/DEMUX_GEN.demux_fifo_l/afifo_64i_16o_l/gnuram_async_fifo.xpm_fifo_base_inst/gen_cdc_pntr.rd_pntr_cdc_inst/dest_graysync_ff_reg[0][6]} \
          {design_1_i/onsemi_vita_cam_0/U0/onsemi_vita_cam_v3_1_S00_AXI_inst/onsemi_vita_cam_core_inst/DEMUX_GEN.demux_fifo_l/afifo_64i_16o_l/gnuram_async_fifo.xpm_fifo_base_inst/gen_cdc_pntr.rd_pntr_cdc_inst/dest_graysync_ff_reg[0][7]}]] 6.734
Requirement: 6.734ns
Endpoints: 12

From Clock            To Clock              Endpoint Pin                    Reference Pin                   Corner  Actual(ns)  Slack(ns)
--------------------  --------------------  ------------------------------  ------------------------------  ------  ----------  ---------
clk_out1_design_1_clk_wiz_0_0_1
                      vita_clk_1            design_1_i/onsemi_vita_cam_0/U0/onsemi_vita_cam_v3_1_S00_AXI_inst/onsemi_vita_cam_core_inst/DEMUX_GEN.demux_fifo_l/afifo_64i_16o_l/gnuram_async_fifo.xpm_fifo_base_inst/gen_cdc_pntr.rd_pntr_cdc_inst/dest_graysync_ff_reg[0][11]/D
                                                                            design_1_i/onsemi_vita_cam_0/U0/onsemi_vita_cam_v3_1_S00_AXI_inst/onsemi_vita_cam_core_inst/DEMUX_GEN.demux_fifo_l/afifo_64i_16o_l/gnuram_async_fifo.xpm_fifo_base_inst/gen_cdc_pntr.rd_pntr_cdc_inst/dest_graysync_ff_reg[0][6]/D
                                                                                                            Slow         0.986      5.748


Slack (MET) :             5.748ns  (requirement - actual skew)
  Endpoint Source:        design_1_i/onsemi_vita_cam_0/U0/onsemi_vita_cam_v3_1_S00_AXI_inst/onsemi_vita_cam_core_inst/DEMUX_GEN.demux_fifo_l/afifo_64i_16o_l/gnuram_async_fifo.xpm_fifo_base_inst/gen_cdc_pntr.rd_pntr_cdc_inst/src_gray_ff_reg[11]/C
                            (rising edge-triggered cell FDRE clocked by clk_out1_design_1_clk_wiz_0_0_1)
  Endpoint Destination:   design_1_i/onsemi_vita_cam_0/U0/onsemi_vita_cam_v3_1_S00_AXI_inst/onsemi_vita_cam_core_inst/DEMUX_GEN.demux_fifo_l/afifo_64i_16o_l/gnuram_async_fifo.xpm_fifo_base_inst/gen_cdc_pntr.rd_pntr_cdc_inst/dest_graysync_ff_reg[0][11]/D
                            (rising edge-triggered cell FDRE clocked by vita_clk_1)
  Reference Source:       design_1_i/onsemi_vita_cam_0/U0/onsemi_vita_cam_v3_1_S00_AXI_inst/onsemi_vita_cam_core_inst/DEMUX_GEN.demux_fifo_l/afifo_64i_16o_l/gnuram_async_fifo.xpm_fifo_base_inst/gen_cdc_pntr.rd_pntr_cdc_inst/src_gray_ff_reg[6]/C
                            (rising edge-triggered cell FDRE clocked by clk_out1_design_1_clk_wiz_0_0_1)
  Reference Destination:  design_1_i/onsemi_vita_cam_0/U0/onsemi_vita_cam_v3_1_S00_AXI_inst/onsemi_vita_cam_core_inst/DEMUX_GEN.demux_fifo_l/afifo_64i_16o_l/gnuram_async_fifo.xpm_fifo_base_inst/gen_cdc_pntr.rd_pntr_cdc_inst/dest_graysync_ff_reg[0][6]/D
                            (rising edge-triggered cell FDRE clocked by vita_clk_1)
  Path Type:              Bus Skew (Max at Slow Process Corner)
  Requirement:            6.734ns
  Endpoint Relative Delay:   -0.515ns
  Reference Relative Delay:  -1.902ns
  Relative CRPR:              0.466ns
  Uncertainty:                0.064ns
  Actual Bus Skew:            0.986ns  (Endpoint Relative Delay - Reference Relative Delay - Relative CRPR + Uncertainty)

Endpoint path:
    Location             Delay type                Incr(ns)  Path(ns)    Netlist Resource(s)
  -------------------------------------------------------------------    -------------------
                         (clock clk_out1_design_1_clk_wiz_0_0_1 rise edge)
                                                      0.000     0.000 r  
    L18                                               0.000     0.000 r  fmc_imageon_vclk (IN)
                         net (fo=0)                   0.000     0.000    design_1_i/clk_wiz_0/inst/clk_in1
    L18                  IBUF (Prop_ibuf_I_O)         1.307     1.307 r  design_1_i/clk_wiz_0/inst/clkin1_ibufg/O
                         net (fo=1, routed)           1.285     2.592    design_1_i/clk_wiz_0/inst/clk_in1_design_1_clk_wiz_0_0
    MMCME2_ADV_X1Y1      MMCME2_ADV (Prop_mmcme2_adv_CLKIN1_CLKOUT0)
                                                     -7.406    -4.814 r  design_1_i/clk_wiz_0/inst/mmcm_adv_inst/CLKOUT0
                         net (fo=1, routed)           1.889    -2.925    design_1_i/clk_wiz_0/inst/clk_out1_design_1_clk_wiz_0_0
    BUFGCTRL_X0Y16       BUFG (Prop_bufg_I_O)         0.101    -2.824 r  design_1_i/clk_wiz_0/inst/clkout1_buf/O
                         net (fo=15835, routed)       1.713    -1.111    design_1_i/onsemi_vita_cam_0/U0/onsemi_vita_cam_v3_1_S00_AXI_inst/onsemi_vita_cam_core_inst/DEMUX_GEN.demux_fifo_l/afifo_64i_16o_l/gnuram_async_fifo.xpm_fifo_base_inst/gen_cdc_pntr.rd_pntr_cdc_inst/src_clk
    SLICE_X66Y59         FDRE                                         r  design_1_i/onsemi_vita_cam_0/U0/onsemi_vita_cam_v3_1_S00_AXI_inst/onsemi_vita_cam_core_inst/DEMUX_GEN.demux_fifo_l/afifo_64i_16o_l/gnuram_async_fifo.xpm_fifo_base_inst/gen_cdc_pntr.rd_pntr_cdc_inst/src_gray_ff_reg[11]/C
  -------------------------------------------------------------------    -------------------
    SLICE_X66Y59         FDRE (Prop_fdre_C_Q)         0.478    -0.633 r  design_1_i/onsemi_vita_cam_0/U0/onsemi_vita_cam_v3_1_S00_AXI_inst/onsemi_vita_cam_core_inst/DEMUX_GEN.demux_fifo_l/afifo_64i_16o_l/gnuram_async_fifo.xpm_fifo_base_inst/gen_cdc_pntr.rd_pntr_cdc_inst/src_gray_ff_reg[11]/Q
                         net (fo=1, routed)           0.673     0.040    design_1_i/onsemi_vita_cam_0/U0/onsemi_vita_cam_v3_1_S00_AXI_inst/onsemi_vita_cam_core_inst/DEMUX_GEN.demux_fifo_l/afifo_64i_16o_l/gnuram_async_fifo.xpm_fifo_base_inst/gen_cdc_pntr.rd_pntr_cdc_inst/async_path[11]
    SLICE_X67Y59         FDRE                                         r  design_1_i/onsemi_vita_cam_0/U0/onsemi_vita_cam_v3_1_S00_AXI_inst/onsemi_vita_cam_core_inst/DEMUX_GEN.demux_fifo_l/afifo_64i_16o_l/gnuram_async_fifo.xpm_fifo_base_inst/gen_cdc_pntr.rd_pntr_cdc_inst/dest_graysync_ff_reg[0][11]/D
  -------------------------------------------------------------------    -------------------

                         (clock vita_clk_1 rise edge)
                                                      0.000     0.000 r  
    L18                                               0.000     0.000 r  fmc_imageon_vclk (IN)
                         net (fo=0)                   0.000     0.000    design_1_i/clk_wiz_0/inst/clk_in1
    L18                  IBUF (Prop_ibuf_I_O)         1.244     1.244 r  design_1_i/clk_wiz_0/inst/clkin1_ibufg/O
                         net (fo=1, routed)           1.162     2.406    design_1_i/clk_wiz_0/inst/clk_in1_design_1_clk_wiz_0_0
    MMCME2_ADV_X1Y1      MMCME2_ADV (Prop_mmcme2_adv_CLKIN1_CLKOUT0)
                                                     -7.500    -5.093 r  design_1_i/clk_wiz_0/inst/mmcm_adv_inst/CLKOUT0
                         net (fo=1, routed)           1.725    -3.368    design_1_i/clk_wiz_0/inst/clk_out1_design_1_clk_wiz_0_0
    BUFGCTRL_X0Y16       BUFG (Prop_bufg_I_O)         0.091    -3.277 r  design_1_i/clk_wiz_0/inst/clkout1_buf/O
                         net (fo=15835, routed)       1.818    -1.459    design_1_i/onsemi_vita_cam_0/U0/onsemi_vita_cam_v3_1_S00_AXI_inst/clk
    BUFR_X1Y5            BUFR (Prop_bufr_I_O)         0.918    -0.541 r  design_1_i/onsemi_vita_cam_0/U0/onsemi_vita_cam_v3_1_S00_AXI_inst/vita_clk_div4_l/O
                         net (fo=1952, routed)        0.907     0.366    design_1_i/onsemi_vita_cam_0/U0/onsemi_vita_cam_v3_1_S00_AXI_inst/onsemi_vita_cam_core_inst/DEMUX_GEN.demux_fifo_l/afifo_64i_16o_l/gnuram_async_fifo.xpm_fifo_base_inst/gen_cdc_pntr.rd_pntr_cdc_inst/dest_clk
    SLICE_X67Y59         FDRE                                         r  design_1_i/onsemi_vita_cam_0/U0/onsemi_vita_cam_v3_1_S00_AXI_inst/onsemi_vita_cam_core_inst/DEMUX_GEN.demux_fifo_l/afifo_64i_16o_l/gnuram_async_fifo.xpm_fifo_base_inst/gen_cdc_pntr.rd_pntr_cdc_inst/dest_graysync_ff_reg[0][11]/C
                         clock pessimism              0.453     0.819    
    SLICE_X67Y59         FDRE (Setup_fdre_C_D)       -0.264     0.555    design_1_i/onsemi_vita_cam_0/U0/onsemi_vita_cam_v3_1_S00_AXI_inst/onsemi_vita_cam_core_inst/DEMUX_GEN.demux_fifo_l/afifo_64i_16o_l/gnuram_async_fifo.xpm_fifo_base_inst/gen_cdc_pntr.rd_pntr_cdc_inst/dest_graysync_ff_reg[0][11]
  -------------------------------------------------------------------
                         data arrival                           0.040    
                         clock arrival                          0.555    
  -------------------------------------------------------------------
                         relative delay                        -0.515    

Reference path:
    Location             Delay type                Incr(ns)  Path(ns)    Netlist Resource(s)
  -------------------------------------------------------------------    -------------------
                         (clock clk_out1_design_1_clk_wiz_0_0_1 rise edge)
                                                      0.000     0.000 r  
    L18                                               0.000     0.000 r  fmc_imageon_vclk (IN)
                         net (fo=0)                   0.000     0.000    design_1_i/clk_wiz_0/inst/clk_in1
    L18                  IBUF (Prop_ibuf_I_O)         1.244     1.244 r  design_1_i/clk_wiz_0/inst/clkin1_ibufg/O
                         net (fo=1, routed)           1.162     2.406    design_1_i/clk_wiz_0/inst/clk_in1_design_1_clk_wiz_0_0
    MMCME2_ADV_X1Y1      MMCME2_ADV (Prop_mmcme2_adv_CLKIN1_CLKOUT0)
                                                     -7.500    -5.093 r  design_1_i/clk_wiz_0/inst/mmcm_adv_inst/CLKOUT0
                         net (fo=1, routed)           1.725    -3.368    design_1_i/clk_wiz_0/inst/clk_out1_design_1_clk_wiz_0_0
    BUFGCTRL_X0Y16       BUFG (Prop_bufg_I_O)         0.091    -3.277 r  design_1_i/clk_wiz_0/inst/clkout1_buf/O
                         net (fo=15835, routed)       1.545    -1.733    design_1_i/onsemi_vita_cam_0/U0/onsemi_vita_cam_v3_1_S00_AXI_inst/onsemi_vita_cam_core_inst/DEMUX_GEN.demux_fifo_l/afifo_64i_16o_l/gnuram_async_fifo.xpm_fifo_base_inst/gen_cdc_pntr.rd_pntr_cdc_inst/src_clk
    SLICE_X81Y56         FDRE                                         r  design_1_i/onsemi_vita_cam_0/U0/onsemi_vita_cam_v3_1_S00_AXI_inst/onsemi_vita_cam_core_inst/DEMUX_GEN.demux_fifo_l/afifo_64i_16o_l/gnuram_async_fifo.xpm_fifo_base_inst/gen_cdc_pntr.rd_pntr_cdc_inst/src_gray_ff_reg[6]/C
  -------------------------------------------------------------------    -------------------
    SLICE_X81Y56         FDRE (Prop_fdre_C_Q)         0.367    -1.366 r  design_1_i/onsemi_vita_cam_0/U0/onsemi_vita_cam_v3_1_S00_AXI_inst/onsemi_vita_cam_core_inst/DEMUX_GEN.demux_fifo_l/afifo_64i_16o_l/gnuram_async_fifo.xpm_fifo_base_inst/gen_cdc_pntr.rd_pntr_cdc_inst/src_gray_ff_reg[6]/Q
                         net (fo=1, routed)           0.391    -0.975    design_1_i/onsemi_vita_cam_0/U0/onsemi_vita_cam_v3_1_S00_AXI_inst/onsemi_vita_cam_core_inst/DEMUX_GEN.demux_fifo_l/afifo_64i_16o_l/gnuram_async_fifo.xpm_fifo_base_inst/gen_cdc_pntr.rd_pntr_cdc_inst/async_path[6]
    SLICE_X81Y55         FDRE                                         r  design_1_i/onsemi_vita_cam_0/U0/onsemi_vita_cam_v3_1_S00_AXI_inst/onsemi_vita_cam_core_inst/DEMUX_GEN.demux_fifo_l/afifo_64i_16o_l/gnuram_async_fifo.xpm_fifo_base_inst/gen_cdc_pntr.rd_pntr_cdc_inst/dest_graysync_ff_reg[0][6]/D
  -------------------------------------------------------------------    -------------------

                         (clock vita_clk_1 rise edge)
                                                      0.000     0.000 r  
    L18                                               0.000     0.000 r  fmc_imageon_vclk (IN)
                         net (fo=0)                   0.000     0.000    design_1_i/clk_wiz_0/inst/clk_in1
    L18                  IBUF (Prop_ibuf_I_O)         1.307     1.307 r  design_1_i/clk_wiz_0/inst/clkin1_ibufg/O
                         net (fo=1, routed)           1.285     2.592    design_1_i/clk_wiz_0/inst/clk_in1_design_1_clk_wiz_0_0
    MMCME2_ADV_X1Y1      MMCME2_ADV (Prop_mmcme2_adv_CLKIN1_CLKOUT0)
                                                     -7.406    -4.814 r  design_1_i/clk_wiz_0/inst/mmcm_adv_inst/CLKOUT0
                         net (fo=1, routed)           1.889    -2.925    design_1_i/clk_wiz_0/inst/clk_out1_design_1_clk_wiz_0_0
    BUFGCTRL_X0Y16       BUFG (Prop_bufg_I_O)         0.101    -2.824 r  design_1_i/clk_wiz_0/inst/clkout1_buf/O
                         net (fo=15835, routed)       2.033    -0.792    design_1_i/onsemi_vita_cam_0/U0/onsemi_vita_cam_v3_1_S00_AXI_inst/clk
    BUFR_X1Y5            BUFR (Prop_bufr_I_O)         1.031     0.239 r  design_1_i/onsemi_vita_cam_0/U0/onsemi_vita_cam_v3_1_S00_AXI_inst/vita_clk_div4_l/O
                         net (fo=1952, routed)        0.971     1.210    design_1_i/onsemi_vita_cam_0/U0/onsemi_vita_cam_v3_1_S00_AXI_inst/onsemi_vita_cam_core_inst/DEMUX_GEN.demux_fifo_l/afifo_64i_16o_l/gnuram_async_fifo.xpm_fifo_base_inst/gen_cdc_pntr.rd_pntr_cdc_inst/dest_clk
    SLICE_X81Y55         FDRE                                         r  design_1_i/onsemi_vita_cam_0/U0/onsemi_vita_cam_v3_1_S00_AXI_inst/onsemi_vita_cam_core_inst/DEMUX_GEN.demux_fifo_l/afifo_64i_16o_l/gnuram_async_fifo.xpm_fifo_base_inst/gen_cdc_pntr.rd_pntr_cdc_inst/dest_graysync_ff_reg[0][6]/C
                         clock pessimism             -0.453     0.757    
    SLICE_X81Y55         FDRE (Hold_fdre_C_D)         0.170     0.927    design_1_i/onsemi_vita_cam_0/U0/onsemi_vita_cam_v3_1_S00_AXI_inst/onsemi_vita_cam_core_inst/DEMUX_GEN.demux_fifo_l/afifo_64i_16o_l/gnuram_async_fifo.xpm_fifo_base_inst/gen_cdc_pntr.rd_pntr_cdc_inst/dest_graysync_ff_reg[0][6]
  -------------------------------------------------------------------
                         data arrival                          -0.975    
                         clock arrival                          0.927    
  -------------------------------------------------------------------
                         relative delay                        -1.902    



Id: 5
set_bus_skew -from [get_cells [list {design_1_i/ps7_0_axi_periph/m01_couplers/auto_cc/inst/gen_clock_conv.gen_async_lite_conv.clock_conv_lite_fwd_ar/handshake/src_hsdata_ff_reg[0]} {design_1_i/ps7_0_axi_periph/m01_couplers/auto_cc/inst/gen_clock_conv.gen_async_lite_conv.clock_conv_lite_fwd_ar/handshake/src_hsdata_ff_reg[1]} {design_1_i/ps7_0_axi_periph/m01_couplers/auto_cc/inst/gen_clock_conv.gen_async_lite_conv.clock_conv_lite_fwd_ar/handshake/src_hsdata_ff_reg[2]} {design_1_i/ps7_0_axi_periph/m01_couplers/auto_cc/inst/gen_clock_conv.gen_async_lite_conv.clock_conv_lite_fwd_ar/handshake/src_hsdata_ff_reg[3]} {design_1_i/ps7_0_axi_periph/m01_couplers/auto_cc/inst/gen_clock_conv.gen_async_lite_conv.clock_conv_lite_fwd_ar/handshake/src_hsdata_ff_reg[4]} {design_1_i/ps7_0_axi_periph/m01_couplers/auto_cc/inst/gen_clock_conv.gen_async_lite_conv.clock_conv_lite_fwd_ar/handshake/src_hsdata_ff_reg[5]}]] -to [get_cells [list {design_1_i/ps7_0_axi_periph/m01_couplers/auto_cc/inst/gen_clock_conv.gen_async_lite_conv.clock_conv_lite_fwd_ar/handshake/dest_hsdata_ff_reg[0]} {design_1_i/ps7_0_axi_periph/m01_couplers/auto_cc/inst/gen_clock_conv.gen_async_lite_conv.clock_conv_lite_fwd_ar/handshake/dest_hsdata_ff_reg[1]} {design_1_i/ps7_0_axi_periph/m01_couplers/auto_cc/inst/gen_clock_conv.gen_async_lite_conv.clock_conv_lite_fwd_ar/handshake/dest_hsdata_ff_reg[2]} {design_1_i/ps7_0_axi_periph/m01_couplers/auto_cc/inst/gen_clock_conv.gen_async_lite_conv.clock_conv_lite_fwd_ar/handshake/dest_hsdata_ff_reg[3]} {design_1_i/ps7_0_axi_periph/m01_couplers/auto_cc/inst/gen_clock_conv.gen_async_lite_conv.clock_conv_lite_fwd_ar/handshake/dest_hsdata_ff_reg[4]} {design_1_i/ps7_0_axi_periph/m01_couplers/auto_cc/inst/gen_clock_conv.gen_async_lite_conv.clock_conv_lite_fwd_ar/handshake/dest_hsdata_ff_reg[5]}]] 20.202
Requirement: 20.202ns
Endpoints: 6

From Clock            To Clock              Endpoint Pin                    Reference Pin                   Corner  Actual(ns)  Slack(ns)
--------------------  --------------------  ------------------------------  ------------------------------  ------  ----------  ---------
clk_fpga_0            clk_out1_design_1_clk_wiz_0_0_1
                                            design_1_i/ps7_0_axi_periph/m01_couplers/auto_cc/inst/gen_clock_conv.gen_async_lite_conv.clock_conv_lite_fwd_ar/handshake/dest_hsdata_ff_reg[5]/D
                                                                            design_1_i/ps7_0_axi_periph/m01_couplers/auto_cc/inst/gen_clock_conv.gen_async_lite_conv.clock_conv_lite_fwd_ar/handshake/dest_hsdata_ff_reg[3]/D
                                                                                                            Slow         1.078     19.124


Slack (MET) :             19.124ns  (requirement - actual skew)
  Endpoint Source:        design_1_i/ps7_0_axi_periph/m01_couplers/auto_cc/inst/gen_clock_conv.gen_async_lite_conv.clock_conv_lite_fwd_ar/handshake/src_hsdata_ff_reg[5]/C
                            (rising edge-triggered cell FDRE clocked by clk_fpga_0)
  Endpoint Destination:   design_1_i/ps7_0_axi_periph/m01_couplers/auto_cc/inst/gen_clock_conv.gen_async_lite_conv.clock_conv_lite_fwd_ar/handshake/dest_hsdata_ff_reg[5]/D
                            (rising edge-triggered cell FDRE clocked by clk_out1_design_1_clk_wiz_0_0_1)
  Reference Source:       design_1_i/ps7_0_axi_periph/m01_couplers/auto_cc/inst/gen_clock_conv.gen_async_lite_conv.clock_conv_lite_fwd_ar/handshake/src_hsdata_ff_reg[3]/C
                            (rising edge-triggered cell FDRE clocked by clk_fpga_0)
  Reference Destination:  design_1_i/ps7_0_axi_periph/m01_couplers/auto_cc/inst/gen_clock_conv.gen_async_lite_conv.clock_conv_lite_fwd_ar/handshake/dest_hsdata_ff_reg[3]/D
                            (rising edge-triggered cell FDRE clocked by clk_out1_design_1_clk_wiz_0_0_1)
  Path Type:              Bus Skew (Max at Slow Process Corner)
  Requirement:            20.202ns
  Endpoint Relative Delay:    6.132ns
  Reference Relative Delay:   4.459ns
  Relative CRPR:              0.893ns
  Uncertainty:                0.298ns
  Actual Bus Skew:            1.078ns  (Endpoint Relative Delay - Reference Relative Delay - Relative CRPR + Uncertainty)

Endpoint path:
    Location             Delay type                Incr(ns)  Path(ns)    Netlist Resource(s)
  -------------------------------------------------------------------    -------------------
                         (clock clk_fpga_0 rise edge)
                                                      0.000     0.000 r  
    PS7_X0Y0             PS7                          0.000     0.000 r  design_1_i/processing_system7_0/inst/PS7_i/FCLKCLK[0]
                         net (fo=1, routed)           1.193     1.193    design_1_i/processing_system7_0/inst/FCLK_CLK_unbuffered[0]
    BUFGCTRL_X0Y18       BUFG (Prop_bufg_I_O)         0.101     1.294 r  design_1_i/processing_system7_0/inst/buffer_fclk_clk_0.FCLK_CLK_0_BUFG/O
                         net (fo=4711, routed)        1.705     2.999    design_1_i/ps7_0_axi_periph/m01_couplers/auto_cc/inst/gen_clock_conv.gen_async_lite_conv.clock_conv_lite_fwd_ar/handshake/src_clk
    SLICE_X58Y84         FDRE                                         r  design_1_i/ps7_0_axi_periph/m01_couplers/auto_cc/inst/gen_clock_conv.gen_async_lite_conv.clock_conv_lite_fwd_ar/handshake/src_hsdata_ff_reg[5]/C
  -------------------------------------------------------------------    -------------------
    SLICE_X58Y84         FDRE (Prop_fdre_C_Q)         0.478     3.477 r  design_1_i/ps7_0_axi_periph/m01_couplers/auto_cc/inst/gen_clock_conv.gen_async_lite_conv.clock_conv_lite_fwd_ar/handshake/src_hsdata_ff_reg[5]/Q
                         net (fo=1, routed)           0.664     4.141    design_1_i/ps7_0_axi_periph/m01_couplers/auto_cc/inst/gen_clock_conv.gen_async_lite_conv.clock_conv_lite_fwd_ar/handshake/src_hsdata_ff[5]
    SLICE_X59Y84         FDRE                                         r  design_1_i/ps7_0_axi_periph/m01_couplers/auto_cc/inst/gen_clock_conv.gen_async_lite_conv.clock_conv_lite_fwd_ar/handshake/dest_hsdata_ff_reg[5]/D
  -------------------------------------------------------------------    -------------------

                         (clock clk_out1_design_1_clk_wiz_0_0_1 rise edge)
                                                      0.000     0.000 r  
    L18                                               0.000     0.000 r  fmc_imageon_vclk (IN)
                         net (fo=0)                   0.000     0.000    design_1_i/clk_wiz_0/inst/clk_in1
    L18                  IBUF (Prop_ibuf_I_O)         1.244     1.244 r  design_1_i/clk_wiz_0/inst/clkin1_ibufg/O
                         net (fo=1, routed)           1.162     2.406    design_1_i/clk_wiz_0/inst/clk_in1_design_1_clk_wiz_0_0
    MMCME2_ADV_X1Y1      MMCME2_ADV (Prop_mmcme2_adv_CLKIN1_CLKOUT0)
                                                     -7.500    -5.093 r  design_1_i/clk_wiz_0/inst/mmcm_adv_inst/CLKOUT0
                         net (fo=1, routed)           1.725    -3.368    design_1_i/clk_wiz_0/inst/clk_out1_design_1_clk_wiz_0_0
    BUFGCTRL_X0Y16       BUFG (Prop_bufg_I_O)         0.091    -3.277 r  design_1_i/clk_wiz_0/inst/clkout1_buf/O
                         net (fo=15835, routed)       1.531    -1.747    design_1_i/ps7_0_axi_periph/m01_couplers/auto_cc/inst/gen_clock_conv.gen_async_lite_conv.clock_conv_lite_fwd_ar/handshake/dest_clk
    SLICE_X59Y84         FDRE                                         r  design_1_i/ps7_0_axi_periph/m01_couplers/auto_cc/inst/gen_clock_conv.gen_async_lite_conv.clock_conv_lite_fwd_ar/handshake/dest_hsdata_ff_reg[5]/C
                         clock pessimism              0.000    -1.747    
    SLICE_X59Y84         FDRE (Setup_fdre_C_D)       -0.244    -1.991    design_1_i/ps7_0_axi_periph/m01_couplers/auto_cc/inst/gen_clock_conv.gen_async_lite_conv.clock_conv_lite_fwd_ar/handshake/dest_hsdata_ff_reg[5]
  -------------------------------------------------------------------
                         data arrival                           4.141    
                         clock arrival                         -1.991    
  -------------------------------------------------------------------
                         relative delay                         6.132    

Reference path:
    Location             Delay type                Incr(ns)  Path(ns)    Netlist Resource(s)
  -------------------------------------------------------------------    -------------------
                         (clock clk_fpga_0 rise edge)
                                                      0.000     0.000 r  
    PS7_X0Y0             PS7                          0.000     0.000 r  design_1_i/processing_system7_0/inst/PS7_i/FCLKCLK[0]
                         net (fo=1, routed)           1.088     1.088    design_1_i/processing_system7_0/inst/FCLK_CLK_unbuffered[0]
    BUFGCTRL_X0Y18       BUFG (Prop_bufg_I_O)         0.091     1.179 r  design_1_i/processing_system7_0/inst/buffer_fclk_clk_0.FCLK_CLK_0_BUFG/O
                         net (fo=4711, routed)        1.531     2.710    design_1_i/ps7_0_axi_periph/m01_couplers/auto_cc/inst/gen_clock_conv.gen_async_lite_conv.clock_conv_lite_fwd_ar/handshake/src_clk
    SLICE_X58Y84         FDRE                                         r  design_1_i/ps7_0_axi_periph/m01_couplers/auto_cc/inst/gen_clock_conv.gen_async_lite_conv.clock_conv_lite_fwd_ar/handshake/src_hsdata_ff_reg[3]/C
  -------------------------------------------------------------------    -------------------
    SLICE_X58Y84         FDRE (Prop_fdre_C_Q)         0.418     3.128 r  design_1_i/ps7_0_axi_periph/m01_couplers/auto_cc/inst/gen_clock_conv.gen_async_lite_conv.clock_conv_lite_fwd_ar/handshake/src_hsdata_ff_reg[3]/Q
                         net (fo=1, routed)           0.411     3.539    design_1_i/ps7_0_axi_periph/m01_couplers/auto_cc/inst/gen_clock_conv.gen_async_lite_conv.clock_conv_lite_fwd_ar/handshake/src_hsdata_ff[3]
    SLICE_X57Y84         FDRE                                         r  design_1_i/ps7_0_axi_periph/m01_couplers/auto_cc/inst/gen_clock_conv.gen_async_lite_conv.clock_conv_lite_fwd_ar/handshake/dest_hsdata_ff_reg[3]/D
  -------------------------------------------------------------------    -------------------

                         (clock clk_out1_design_1_clk_wiz_0_0_1 rise edge)
                                                      0.000     0.000 r  
    L18                                               0.000     0.000 r  fmc_imageon_vclk (IN)
                         net (fo=0)                   0.000     0.000    design_1_i/clk_wiz_0/inst/clk_in1
    L18                  IBUF (Prop_ibuf_I_O)         1.307     1.307 r  design_1_i/clk_wiz_0/inst/clkin1_ibufg/O
                         net (fo=1, routed)           1.285     2.592    design_1_i/clk_wiz_0/inst/clk_in1_design_1_clk_wiz_0_0
    MMCME2_ADV_X1Y1      MMCME2_ADV (Prop_mmcme2_adv_CLKIN1_CLKOUT0)
                                                     -7.406    -4.814 r  design_1_i/clk_wiz_0/inst/mmcm_adv_inst/CLKOUT0
                         net (fo=1, routed)           1.889    -2.925    design_1_i/clk_wiz_0/inst/clk_out1_design_1_clk_wiz_0_0
    BUFGCTRL_X0Y16       BUFG (Prop_bufg_I_O)         0.101    -2.824 r  design_1_i/clk_wiz_0/inst/clkout1_buf/O
                         net (fo=15835, routed)       1.705    -1.119    design_1_i/ps7_0_axi_periph/m01_couplers/auto_cc/inst/gen_clock_conv.gen_async_lite_conv.clock_conv_lite_fwd_ar/handshake/dest_clk
    SLICE_X57Y84         FDRE                                         r  design_1_i/ps7_0_axi_periph/m01_couplers/auto_cc/inst/gen_clock_conv.gen_async_lite_conv.clock_conv_lite_fwd_ar/handshake/dest_hsdata_ff_reg[3]/C
                         clock pessimism              0.000    -1.119    
    SLICE_X57Y84         FDRE (Hold_fdre_C_D)         0.199    -0.920    design_1_i/ps7_0_axi_periph/m01_couplers/auto_cc/inst/gen_clock_conv.gen_async_lite_conv.clock_conv_lite_fwd_ar/handshake/dest_hsdata_ff_reg[3]
  -------------------------------------------------------------------
                         data arrival                           3.539    
                         clock arrival                         -0.920    
  -------------------------------------------------------------------
                         relative delay                         4.459    



Id: 6
set_bus_skew -from [get_cells [list {design_1_i/ps7_0_axi_periph/m01_couplers/auto_cc/inst/gen_clock_conv.gen_async_lite_conv.clock_conv_lite_fwd_w/handshake/src_hsdata_ff_reg[0]} \
          {design_1_i/ps7_0_axi_periph/m01_couplers/auto_cc/inst/gen_clock_conv.gen_async_lite_conv.clock_conv_lite_fwd_w/handshake/src_hsdata_ff_reg[10]} \
          {design_1_i/ps7_0_axi_periph/m01_couplers/auto_cc/inst/gen_clock_conv.gen_async_lite_conv.clock_conv_lite_fwd_w/handshake/src_hsdata_ff_reg[11]} \
          {design_1_i/ps7_0_axi_periph/m01_couplers/auto_cc/inst/gen_clock_conv.gen_async_lite_conv.clock_conv_lite_fwd_w/handshake/src_hsdata_ff_reg[12]} \
          {design_1_i/ps7_0_axi_periph/m01_couplers/auto_cc/inst/gen_clock_conv.gen_async_lite_conv.clock_conv_lite_fwd_w/handshake/src_hsdata_ff_reg[13]} \
          {design_1_i/ps7_0_axi_periph/m01_couplers/auto_cc/inst/gen_clock_conv.gen_async_lite_conv.clock_conv_lite_fwd_w/handshake/src_hsdata_ff_reg[14]} \
          {design_1_i/ps7_0_axi_periph/m01_couplers/auto_cc/inst/gen_clock_conv.gen_async_lite_conv.clock_conv_lite_fwd_w/handshake/src_hsdata_ff_reg[15]} \
          {design_1_i/ps7_0_axi_periph/m01_couplers/auto_cc/inst/gen_clock_conv.gen_async_lite_conv.clock_conv_lite_fwd_w/handshake/src_hsdata_ff_reg[9]} \
          {design_1_i/ps7_0_axi_periph/m01_couplers/auto_cc/inst/gen_clock_conv.gen_async_lite_conv.clock_conv_lite_fwd_w/handshake/src_hsdata_ff_reg[8]} \
          {design_1_i/ps7_0_axi_periph/m01_couplers/auto_cc/inst/gen_clock_conv.gen_async_lite_conv.clock_conv_lite_fwd_w/handshake/src_hsdata_ff_reg[7]} \
          {design_1_i/ps7_0_axi_periph/m01_couplers/auto_cc/inst/gen_clock_conv.gen_async_lite_conv.clock_conv_lite_fwd_w/handshake/src_hsdata_ff_reg[6]} \
          {design_1_i/ps7_0_axi_periph/m01_couplers/auto_cc/inst/gen_clock_conv.gen_async_lite_conv.clock_conv_lite_fwd_w/handshake/src_hsdata_ff_reg[1]} \
          {design_1_i/ps7_0_axi_periph/m01_couplers/auto_cc/inst/gen_clock_conv.gen_async_lite_conv.clock_conv_lite_fwd_w/handshake/src_hsdata_ff_reg[5]} \
          {design_1_i/ps7_0_axi_periph/m01_couplers/auto_cc/inst/gen_clock_conv.gen_async_lite_conv.clock_conv_lite_fwd_w/handshake/src_hsdata_ff_reg[4]} \
          {design_1_i/ps7_0_axi_periph/m01_couplers/auto_cc/inst/gen_clock_conv.gen_async_lite_conv.clock_conv_lite_fwd_w/handshake/src_hsdata_ff_reg[3]} \
          {design_1_i/ps7_0_axi_periph/m01_couplers/auto_cc/inst/gen_clock_conv.gen_async_lite_conv.clock_conv_lite_fwd_w/handshake/src_hsdata_ff_reg[32]} \
          {design_1_i/ps7_0_axi_periph/m01_couplers/auto_cc/inst/gen_clock_conv.gen_async_lite_conv.clock_conv_lite_fwd_w/handshake/src_hsdata_ff_reg[2]} \
          {design_1_i/ps7_0_axi_periph/m01_couplers/auto_cc/inst/gen_clock_conv.gen_async_lite_conv.clock_conv_lite_fwd_w/handshake/src_hsdata_ff_reg[33]}]] -to [get_cells [list {design_1_i/ps7_0_axi_periph/m01_couplers/auto_cc/inst/gen_clock_conv.gen_async_lite_conv.clock_conv_lite_fwd_w/handshake/dest_hsdata_ff_reg[0]} \
          {design_1_i/ps7_0_axi_periph/m01_couplers/auto_cc/inst/gen_clock_conv.gen_async_lite_conv.clock_conv_lite_fwd_w/handshake/dest_hsdata_ff_reg[10]} \
          {design_1_i/ps7_0_axi_periph/m01_couplers/auto_cc/inst/gen_clock_conv.gen_async_lite_conv.clock_conv_lite_fwd_w/handshake/dest_hsdata_ff_reg[11]} \
          {design_1_i/ps7_0_axi_periph/m01_couplers/auto_cc/inst/gen_clock_conv.gen_async_lite_conv.clock_conv_lite_fwd_w/handshake/dest_hsdata_ff_reg[12]} \
          {design_1_i/ps7_0_axi_periph/m01_couplers/auto_cc/inst/gen_clock_conv.gen_async_lite_conv.clock_conv_lite_fwd_w/handshake/dest_hsdata_ff_reg[13]} \
          {design_1_i/ps7_0_axi_periph/m01_couplers/auto_cc/inst/gen_clock_conv.gen_async_lite_conv.clock_conv_lite_fwd_w/handshake/dest_hsdata_ff_reg[14]} \
          {design_1_i/ps7_0_axi_periph/m01_couplers/auto_cc/inst/gen_clock_conv.gen_async_lite_conv.clock_conv_lite_fwd_w/handshake/dest_hsdata_ff_reg[15]} \
          {design_1_i/ps7_0_axi_periph/m01_couplers/auto_cc/inst/gen_clock_conv.gen_async_lite_conv.clock_conv_lite_fwd_w/handshake/dest_hsdata_ff_reg[9]} \
          {design_1_i/ps7_0_axi_periph/m01_couplers/auto_cc/inst/gen_clock_conv.gen_async_lite_conv.clock_conv_lite_fwd_w/handshake/dest_hsdata_ff_reg[8]} \
          {design_1_i/ps7_0_axi_periph/m01_couplers/auto_cc/inst/gen_clock_conv.gen_async_lite_conv.clock_conv_lite_fwd_w/handshake/dest_hsdata_ff_reg[7]} \
          {design_1_i/ps7_0_axi_periph/m01_couplers/auto_cc/inst/gen_clock_conv.gen_async_lite_conv.clock_conv_lite_fwd_w/handshake/dest_hsdata_ff_reg[6]} \
          {design_1_i/ps7_0_axi_periph/m01_couplers/auto_cc/inst/gen_clock_conv.gen_async_lite_conv.clock_conv_lite_fwd_w/handshake/dest_hsdata_ff_reg[1]} \
          {design_1_i/ps7_0_axi_periph/m01_couplers/auto_cc/inst/gen_clock_conv.gen_async_lite_conv.clock_conv_lite_fwd_w/handshake/dest_hsdata_ff_reg[5]} \
          {design_1_i/ps7_0_axi_periph/m01_couplers/auto_cc/inst/gen_clock_conv.gen_async_lite_conv.clock_conv_lite_fwd_w/handshake/dest_hsdata_ff_reg[4]} \
          {design_1_i/ps7_0_axi_periph/m01_couplers/auto_cc/inst/gen_clock_conv.gen_async_lite_conv.clock_conv_lite_fwd_w/handshake/dest_hsdata_ff_reg[3]} \
          {design_1_i/ps7_0_axi_periph/m01_couplers/auto_cc/inst/gen_clock_conv.gen_async_lite_conv.clock_conv_lite_fwd_w/handshake/dest_hsdata_ff_reg[32]} \
          {design_1_i/ps7_0_axi_periph/m01_couplers/auto_cc/inst/gen_clock_conv.gen_async_lite_conv.clock_conv_lite_fwd_w/handshake/dest_hsdata_ff_reg[2]} \
          {design_1_i/ps7_0_axi_periph/m01_couplers/auto_cc/inst/gen_clock_conv.gen_async_lite_conv.clock_conv_lite_fwd_w/handshake/dest_hsdata_ff_reg[33]}]] 20.202
Requirement: 20.202ns
Endpoints: 18

From Clock            To Clock              Endpoint Pin                    Reference Pin                   Corner  Actual(ns)  Slack(ns)
--------------------  --------------------  ------------------------------  ------------------------------  ------  ----------  ---------
clk_fpga_0            clk_out1_design_1_clk_wiz_0_0_1
                                            design_1_i/ps7_0_axi_periph/m01_couplers/auto_cc/inst/gen_clock_conv.gen_async_lite_conv.clock_conv_lite_fwd_w/handshake/dest_hsdata_ff_reg[32]/D
                                                                            design_1_i/ps7_0_axi_periph/m01_couplers/auto_cc/inst/gen_clock_conv.gen_async_lite_conv.clock_conv_lite_fwd_w/handshake/dest_hsdata_ff_reg[13]/D
                                                                                                            Slow         1.201     19.001


Slack (MET) :             19.001ns  (requirement - actual skew)
  Endpoint Source:        design_1_i/ps7_0_axi_periph/m01_couplers/auto_cc/inst/gen_clock_conv.gen_async_lite_conv.clock_conv_lite_fwd_w/handshake/src_hsdata_ff_reg[32]/C
                            (rising edge-triggered cell FDRE clocked by clk_fpga_0)
  Endpoint Destination:   design_1_i/ps7_0_axi_periph/m01_couplers/auto_cc/inst/gen_clock_conv.gen_async_lite_conv.clock_conv_lite_fwd_w/handshake/dest_hsdata_ff_reg[32]/D
                            (rising edge-triggered cell FDRE clocked by clk_out1_design_1_clk_wiz_0_0_1)
  Reference Source:       design_1_i/ps7_0_axi_periph/m01_couplers/auto_cc/inst/gen_clock_conv.gen_async_lite_conv.clock_conv_lite_fwd_w/handshake/src_hsdata_ff_reg[13]/C
                            (rising edge-triggered cell FDRE clocked by clk_fpga_0)
  Reference Destination:  design_1_i/ps7_0_axi_periph/m01_couplers/auto_cc/inst/gen_clock_conv.gen_async_lite_conv.clock_conv_lite_fwd_w/handshake/dest_hsdata_ff_reg[13]/D
                            (rising edge-triggered cell FDRE clocked by clk_out1_design_1_clk_wiz_0_0_1)
  Path Type:              Bus Skew (Max at Slow Process Corner)
  Requirement:            20.202ns
  Endpoint Relative Delay:    6.101ns
  Reference Relative Delay:   4.401ns
  Relative CRPR:              0.797ns
  Uncertainty:                0.298ns
  Actual Bus Skew:            1.201ns  (Endpoint Relative Delay - Reference Relative Delay - Relative CRPR + Uncertainty)

Endpoint path:
    Location             Delay type                Incr(ns)  Path(ns)    Netlist Resource(s)
  -------------------------------------------------------------------    -------------------
                         (clock clk_fpga_0 rise edge)
                                                      0.000     0.000 r  
    PS7_X0Y0             PS7                          0.000     0.000 r  design_1_i/processing_system7_0/inst/PS7_i/FCLKCLK[0]
                         net (fo=1, routed)           1.193     1.193    design_1_i/processing_system7_0/inst/FCLK_CLK_unbuffered[0]
    BUFGCTRL_X0Y18       BUFG (Prop_bufg_I_O)         0.101     1.294 r  design_1_i/processing_system7_0/inst/buffer_fclk_clk_0.FCLK_CLK_0_BUFG/O
                         net (fo=4711, routed)        1.706     3.000    design_1_i/ps7_0_axi_periph/m01_couplers/auto_cc/inst/gen_clock_conv.gen_async_lite_conv.clock_conv_lite_fwd_w/handshake/src_clk
    SLICE_X54Y85         FDRE                                         r  design_1_i/ps7_0_axi_periph/m01_couplers/auto_cc/inst/gen_clock_conv.gen_async_lite_conv.clock_conv_lite_fwd_w/handshake/src_hsdata_ff_reg[32]/C
  -------------------------------------------------------------------    -------------------
    SLICE_X54Y85         FDRE (Prop_fdre_C_Q)         0.518     3.518 r  design_1_i/ps7_0_axi_periph/m01_couplers/auto_cc/inst/gen_clock_conv.gen_async_lite_conv.clock_conv_lite_fwd_w/handshake/src_hsdata_ff_reg[32]/Q
                         net (fo=1, routed)           0.769     4.287    design_1_i/ps7_0_axi_periph/m01_couplers/auto_cc/inst/gen_clock_conv.gen_async_lite_conv.clock_conv_lite_fwd_w/handshake/src_hsdata_ff[32]
    SLICE_X55Y85         FDRE                                         r  design_1_i/ps7_0_axi_periph/m01_couplers/auto_cc/inst/gen_clock_conv.gen_async_lite_conv.clock_conv_lite_fwd_w/handshake/dest_hsdata_ff_reg[32]/D
  -------------------------------------------------------------------    -------------------

                         (clock clk_out1_design_1_clk_wiz_0_0_1 rise edge)
                                                      0.000     0.000 r  
    L18                                               0.000     0.000 r  fmc_imageon_vclk (IN)
                         net (fo=0)                   0.000     0.000    design_1_i/clk_wiz_0/inst/clk_in1
    L18                  IBUF (Prop_ibuf_I_O)         1.244     1.244 r  design_1_i/clk_wiz_0/inst/clkin1_ibufg/O
                         net (fo=1, routed)           1.162     2.406    design_1_i/clk_wiz_0/inst/clk_in1_design_1_clk_wiz_0_0
    MMCME2_ADV_X1Y1      MMCME2_ADV (Prop_mmcme2_adv_CLKIN1_CLKOUT0)
                                                     -7.500    -5.093 r  design_1_i/clk_wiz_0/inst/mmcm_adv_inst/CLKOUT0
                         net (fo=1, routed)           1.725    -3.368    design_1_i/clk_wiz_0/inst/clk_out1_design_1_clk_wiz_0_0
    BUFGCTRL_X0Y16       BUFG (Prop_bufg_I_O)         0.091    -3.277 r  design_1_i/clk_wiz_0/inst/clkout1_buf/O
                         net (fo=15835, routed)       1.531    -1.747    design_1_i/ps7_0_axi_periph/m01_couplers/auto_cc/inst/gen_clock_conv.gen_async_lite_conv.clock_conv_lite_fwd_w/handshake/dest_clk
    SLICE_X55Y85         FDRE                                         r  design_1_i/ps7_0_axi_periph/m01_couplers/auto_cc/inst/gen_clock_conv.gen_async_lite_conv.clock_conv_lite_fwd_w/handshake/dest_hsdata_ff_reg[32]/C
                         clock pessimism              0.000    -1.747    
    SLICE_X55Y85         FDRE (Setup_fdre_C_D)       -0.067    -1.814    design_1_i/ps7_0_axi_periph/m01_couplers/auto_cc/inst/gen_clock_conv.gen_async_lite_conv.clock_conv_lite_fwd_w/handshake/dest_hsdata_ff_reg[32]
  -------------------------------------------------------------------
                         data arrival                           4.287    
                         clock arrival                         -1.814    
  -------------------------------------------------------------------
                         relative delay                         6.101    

Reference path:
    Location             Delay type                Incr(ns)  Path(ns)    Netlist Resource(s)
  -------------------------------------------------------------------    -------------------
                         (clock clk_fpga_0 rise edge)
                                                      0.000     0.000 r  
    PS7_X0Y0             PS7                          0.000     0.000 r  design_1_i/processing_system7_0/inst/PS7_i/FCLKCLK[0]
                         net (fo=1, routed)           1.088     1.088    design_1_i/processing_system7_0/inst/FCLK_CLK_unbuffered[0]
    BUFGCTRL_X0Y18       BUFG (Prop_bufg_I_O)         0.091     1.179 r  design_1_i/processing_system7_0/inst/buffer_fclk_clk_0.FCLK_CLK_0_BUFG/O
                         net (fo=4711, routed)        1.532     2.711    design_1_i/ps7_0_axi_periph/m01_couplers/auto_cc/inst/gen_clock_conv.gen_async_lite_conv.clock_conv_lite_fwd_w/handshake/src_clk
    SLICE_X56Y85         FDRE                                         r  design_1_i/ps7_0_axi_periph/m01_couplers/auto_cc/inst/gen_clock_conv.gen_async_lite_conv.clock_conv_lite_fwd_w/handshake/src_hsdata_ff_reg[13]/C
  -------------------------------------------------------------------    -------------------
    SLICE_X56Y85         FDRE (Prop_fdre_C_Q)         0.367     3.078 r  design_1_i/ps7_0_axi_periph/m01_couplers/auto_cc/inst/gen_clock_conv.gen_async_lite_conv.clock_conv_lite_fwd_w/handshake/src_hsdata_ff_reg[13]/Q
                         net (fo=1, routed)           0.377     3.454    design_1_i/ps7_0_axi_periph/m01_couplers/auto_cc/inst/gen_clock_conv.gen_async_lite_conv.clock_conv_lite_fwd_w/handshake/src_hsdata_ff[13]
    SLICE_X56Y86         FDRE                                         r  design_1_i/ps7_0_axi_periph/m01_couplers/auto_cc/inst/gen_clock_conv.gen_async_lite_conv.clock_conv_lite_fwd_w/handshake/dest_hsdata_ff_reg[13]/D
  -------------------------------------------------------------------    -------------------

                         (clock clk_out1_design_1_clk_wiz_0_0_1 rise edge)
                                                      0.000     0.000 r  
    L18                                               0.000     0.000 r  fmc_imageon_vclk (IN)
                         net (fo=0)                   0.000     0.000    design_1_i/clk_wiz_0/inst/clk_in1
    L18                  IBUF (Prop_ibuf_I_O)         1.307     1.307 r  design_1_i/clk_wiz_0/inst/clkin1_ibufg/O
                         net (fo=1, routed)           1.285     2.592    design_1_i/clk_wiz_0/inst/clk_in1_design_1_clk_wiz_0_0
    MMCME2_ADV_X1Y1      MMCME2_ADV (Prop_mmcme2_adv_CLKIN1_CLKOUT0)
                                                     -7.406    -4.814 r  design_1_i/clk_wiz_0/inst/mmcm_adv_inst/CLKOUT0
                         net (fo=1, routed)           1.889    -2.925    design_1_i/clk_wiz_0/inst/clk_out1_design_1_clk_wiz_0_0
    BUFGCTRL_X0Y16       BUFG (Prop_bufg_I_O)         0.101    -2.824 r  design_1_i/clk_wiz_0/inst/clkout1_buf/O
                         net (fo=15835, routed)       1.707    -1.117    design_1_i/ps7_0_axi_periph/m01_couplers/auto_cc/inst/gen_clock_conv.gen_async_lite_conv.clock_conv_lite_fwd_w/handshake/dest_clk
    SLICE_X56Y86         FDRE                                         r  design_1_i/ps7_0_axi_periph/m01_couplers/auto_cc/inst/gen_clock_conv.gen_async_lite_conv.clock_conv_lite_fwd_w/handshake/dest_hsdata_ff_reg[13]/C
                         clock pessimism              0.000    -1.117    
    SLICE_X56Y86         FDRE (Hold_fdre_C_D)         0.171    -0.946    design_1_i/ps7_0_axi_periph/m01_couplers/auto_cc/inst/gen_clock_conv.gen_async_lite_conv.clock_conv_lite_fwd_w/handshake/dest_hsdata_ff_reg[13]
  -------------------------------------------------------------------
                         data arrival                           3.454    
                         clock arrival                         -0.946    
  -------------------------------------------------------------------
                         relative delay                         4.401    



Id: 7
set_bus_skew -from [get_cells [list {design_1_i/ps7_0_axi_periph/m01_couplers/auto_cc/inst/gen_clock_conv.gen_async_lite_conv.clock_conv_lite_resp_b/handshake/src_hsdata_ff_reg[0]} {design_1_i/ps7_0_axi_periph/m01_couplers/auto_cc/inst/gen_clock_conv.gen_async_lite_conv.clock_conv_lite_resp_b/handshake/src_hsdata_ff_reg[1]}]] -to [get_cells [list {design_1_i/ps7_0_axi_periph/m01_couplers/auto_cc/inst/gen_clock_conv.gen_async_lite_conv.clock_conv_lite_resp_b/handshake/dest_hsdata_ff_reg[0]} {design_1_i/ps7_0_axi_periph/m01_couplers/auto_cc/inst/gen_clock_conv.gen_async_lite_conv.clock_conv_lite_resp_b/handshake/dest_hsdata_ff_reg[1]}]] 38.997
Requirement: 38.997ns
Endpoints: 2

From Clock            To Clock              Endpoint Pin                    Reference Pin                   Corner  Actual(ns)  Slack(ns)
--------------------  --------------------  ------------------------------  ------------------------------  ------  ----------  ---------
clk_out1_design_1_clk_wiz_0_0_1
                      clk_fpga_0            design_1_i/ps7_0_axi_periph/m01_couplers/auto_cc/inst/gen_clock_conv.gen_async_lite_conv.clock_conv_lite_resp_b/handshake/dest_hsdata_ff_reg[1]/D
                                                                            design_1_i/ps7_0_axi_periph/m01_couplers/auto_cc/inst/gen_clock_conv.gen_async_lite_conv.clock_conv_lite_resp_b/handshake/dest_hsdata_ff_reg[0]/D
                                                                                                            Slow         0.903     38.094


Slack (MET) :             38.094ns  (requirement - actual skew)
  Endpoint Source:        design_1_i/ps7_0_axi_periph/m01_couplers/auto_cc/inst/gen_clock_conv.gen_async_lite_conv.clock_conv_lite_resp_b/handshake/src_hsdata_ff_reg[1]/C
                            (rising edge-triggered cell FDRE clocked by clk_out1_design_1_clk_wiz_0_0_1)
  Endpoint Destination:   design_1_i/ps7_0_axi_periph/m01_couplers/auto_cc/inst/gen_clock_conv.gen_async_lite_conv.clock_conv_lite_resp_b/handshake/dest_hsdata_ff_reg[1]/D
                            (rising edge-triggered cell FDRE clocked by clk_fpga_0)
  Reference Source:       design_1_i/ps7_0_axi_periph/m01_couplers/auto_cc/inst/gen_clock_conv.gen_async_lite_conv.clock_conv_lite_resp_b/handshake/src_hsdata_ff_reg[0]/C
                            (rising edge-triggered cell FDRE clocked by clk_out1_design_1_clk_wiz_0_0_1)
  Reference Destination:  design_1_i/ps7_0_axi_periph/m01_couplers/auto_cc/inst/gen_clock_conv.gen_async_lite_conv.clock_conv_lite_resp_b/handshake/dest_hsdata_ff_reg[0]/D
                            (rising edge-triggered cell FDRE clocked by clk_fpga_0)
  Path Type:              Bus Skew (Max at Slow Process Corner)
  Requirement:            38.997ns
  Endpoint Relative Delay:   -2.500ns
  Reference Relative Delay:  -4.020ns
  Relative CRPR:              0.915ns
  Uncertainty:                0.298ns
  Actual Bus Skew:            0.903ns  (Endpoint Relative Delay - Reference Relative Delay - Relative CRPR + Uncertainty)

Endpoint path:
    Location             Delay type                Incr(ns)  Path(ns)    Netlist Resource(s)
  -------------------------------------------------------------------    -------------------
                         (clock clk_out1_design_1_clk_wiz_0_0_1 rise edge)
                                                      0.000     0.000 r  
    L18                                               0.000     0.000 r  fmc_imageon_vclk (IN)
                         net (fo=0)                   0.000     0.000    design_1_i/clk_wiz_0/inst/clk_in1
    L18                  IBUF (Prop_ibuf_I_O)         1.307     1.307 r  design_1_i/clk_wiz_0/inst/clkin1_ibufg/O
                         net (fo=1, routed)           1.285     2.592    design_1_i/clk_wiz_0/inst/clk_in1_design_1_clk_wiz_0_0
    MMCME2_ADV_X1Y1      MMCME2_ADV (Prop_mmcme2_adv_CLKIN1_CLKOUT0)
                                                     -7.406    -4.814 r  design_1_i/clk_wiz_0/inst/mmcm_adv_inst/CLKOUT0
                         net (fo=1, routed)           1.889    -2.925    design_1_i/clk_wiz_0/inst/clk_out1_design_1_clk_wiz_0_0
    BUFGCTRL_X0Y16       BUFG (Prop_bufg_I_O)         0.101    -2.824 r  design_1_i/clk_wiz_0/inst/clkout1_buf/O
                         net (fo=15835, routed)       1.648    -1.176    design_1_i/ps7_0_axi_periph/m01_couplers/auto_cc/inst/gen_clock_conv.gen_async_lite_conv.clock_conv_lite_resp_b/handshake/src_clk
    SLICE_X48Y59         FDRE                                         r  design_1_i/ps7_0_axi_periph/m01_couplers/auto_cc/inst/gen_clock_conv.gen_async_lite_conv.clock_conv_lite_resp_b/handshake/src_hsdata_ff_reg[1]/C
  -------------------------------------------------------------------    -------------------
    SLICE_X48Y59         FDRE (Prop_fdre_C_Q)         0.419    -0.757 r  design_1_i/ps7_0_axi_periph/m01_couplers/auto_cc/inst/gen_clock_conv.gen_async_lite_conv.clock_conv_lite_resp_b/handshake/src_hsdata_ff_reg[1]/Q
                         net (fo=2, routed)           0.656    -0.101    design_1_i/ps7_0_axi_periph/m01_couplers/auto_cc/inst/gen_clock_conv.gen_async_lite_conv.clock_conv_lite_resp_b/handshake/src_hsdata_ff[1]
    SLICE_X47Y59         FDRE                                         r  design_1_i/ps7_0_axi_periph/m01_couplers/auto_cc/inst/gen_clock_conv.gen_async_lite_conv.clock_conv_lite_resp_b/handshake/dest_hsdata_ff_reg[1]/D
  -------------------------------------------------------------------    -------------------

                         (clock clk_fpga_0 rise edge)
                                                      0.000     0.000 r  
    PS7_X0Y0             PS7                          0.000     0.000 r  design_1_i/processing_system7_0/inst/PS7_i/FCLKCLK[0]
                         net (fo=1, routed)           1.088     1.088    design_1_i/processing_system7_0/inst/FCLK_CLK_unbuffered[0]
    BUFGCTRL_X0Y18       BUFG (Prop_bufg_I_O)         0.091     1.179 r  design_1_i/processing_system7_0/inst/buffer_fclk_clk_0.FCLK_CLK_0_BUFG/O
                         net (fo=4711, routed)        1.476     2.655    design_1_i/ps7_0_axi_periph/m01_couplers/auto_cc/inst/gen_clock_conv.gen_async_lite_conv.clock_conv_lite_resp_b/handshake/dest_clk
    SLICE_X47Y59         FDRE                                         r  design_1_i/ps7_0_axi_periph/m01_couplers/auto_cc/inst/gen_clock_conv.gen_async_lite_conv.clock_conv_lite_resp_b/handshake/dest_hsdata_ff_reg[1]/C
                         clock pessimism              0.000     2.655    
    SLICE_X47Y59         FDRE (Setup_fdre_C_D)       -0.256     2.399    design_1_i/ps7_0_axi_periph/m01_couplers/auto_cc/inst/gen_clock_conv.gen_async_lite_conv.clock_conv_lite_resp_b/handshake/dest_hsdata_ff_reg[1]
  -------------------------------------------------------------------
                         data arrival                          -0.101    
                         clock arrival                          2.399    
  -------------------------------------------------------------------
                         relative delay                        -2.500    

Reference path:
    Location             Delay type                Incr(ns)  Path(ns)    Netlist Resource(s)
  -------------------------------------------------------------------    -------------------
                         (clock clk_out1_design_1_clk_wiz_0_0_1 rise edge)
                                                      0.000     0.000 r  
    L18                                               0.000     0.000 r  fmc_imageon_vclk (IN)
                         net (fo=0)                   0.000     0.000    design_1_i/clk_wiz_0/inst/clk_in1
    L18                  IBUF (Prop_ibuf_I_O)         1.244     1.244 r  design_1_i/clk_wiz_0/inst/clkin1_ibufg/O
                         net (fo=1, routed)           1.162     2.406    design_1_i/clk_wiz_0/inst/clk_in1_design_1_clk_wiz_0_0
    MMCME2_ADV_X1Y1      MMCME2_ADV (Prop_mmcme2_adv_CLKIN1_CLKOUT0)
                                                     -7.500    -5.093 r  design_1_i/clk_wiz_0/inst/mmcm_adv_inst/CLKOUT0
                         net (fo=1, routed)           1.725    -3.368    design_1_i/clk_wiz_0/inst/clk_out1_design_1_clk_wiz_0_0
    BUFGCTRL_X0Y16       BUFG (Prop_bufg_I_O)         0.091    -3.277 r  design_1_i/clk_wiz_0/inst/clkout1_buf/O
                         net (fo=15835, routed)       1.475    -1.803    design_1_i/ps7_0_axi_periph/m01_couplers/auto_cc/inst/gen_clock_conv.gen_async_lite_conv.clock_conv_lite_resp_b/handshake/src_clk
    SLICE_X48Y59         FDRE                                         r  design_1_i/ps7_0_axi_periph/m01_couplers/auto_cc/inst/gen_clock_conv.gen_async_lite_conv.clock_conv_lite_resp_b/handshake/src_hsdata_ff_reg[0]/C
  -------------------------------------------------------------------    -------------------
    SLICE_X48Y59         FDRE (Prop_fdre_C_Q)         0.367    -1.436 r  design_1_i/ps7_0_axi_periph/m01_couplers/auto_cc/inst/gen_clock_conv.gen_async_lite_conv.clock_conv_lite_resp_b/handshake/src_hsdata_ff_reg[0]/Q
                         net (fo=2, routed)           0.551    -0.885    design_1_i/ps7_0_axi_periph/m01_couplers/auto_cc/inst/gen_clock_conv.gen_async_lite_conv.clock_conv_lite_resp_b/handshake/src_hsdata_ff[0]
    SLICE_X47Y59         FDRE                                         r  design_1_i/ps7_0_axi_periph/m01_couplers/auto_cc/inst/gen_clock_conv.gen_async_lite_conv.clock_conv_lite_resp_b/handshake/dest_hsdata_ff_reg[0]/D
  -------------------------------------------------------------------    -------------------

                         (clock clk_fpga_0 rise edge)
                                                      0.000     0.000 r  
    PS7_X0Y0             PS7                          0.000     0.000 r  design_1_i/processing_system7_0/inst/PS7_i/FCLKCLK[0]
                         net (fo=1, routed)           1.193     1.193    design_1_i/processing_system7_0/inst/FCLK_CLK_unbuffered[0]
    BUFGCTRL_X0Y18       BUFG (Prop_bufg_I_O)         0.101     1.294 r  design_1_i/processing_system7_0/inst/buffer_fclk_clk_0.FCLK_CLK_0_BUFG/O
                         net (fo=4711, routed)        1.649     2.943    design_1_i/ps7_0_axi_periph/m01_couplers/auto_cc/inst/gen_clock_conv.gen_async_lite_conv.clock_conv_lite_resp_b/handshake/dest_clk
    SLICE_X47Y59         FDRE                                         r  design_1_i/ps7_0_axi_periph/m01_couplers/auto_cc/inst/gen_clock_conv.gen_async_lite_conv.clock_conv_lite_resp_b/handshake/dest_hsdata_ff_reg[0]/C
                         clock pessimism              0.000     2.943    
    SLICE_X47Y59         FDRE (Hold_fdre_C_D)         0.192     3.135    design_1_i/ps7_0_axi_periph/m01_couplers/auto_cc/inst/gen_clock_conv.gen_async_lite_conv.clock_conv_lite_resp_b/handshake/dest_hsdata_ff_reg[0]
  -------------------------------------------------------------------
                         data arrival                          -0.885    
                         clock arrival                          3.135    
  -------------------------------------------------------------------
                         relative delay                        -4.020    



Id: 8
set_bus_skew -from [get_cells [list {design_1_i/ps7_0_axi_periph/m01_couplers/auto_cc/inst/gen_clock_conv.gen_async_lite_conv.clock_conv_lite_resp_r/handshake/src_hsdata_ff_reg[0]} \
          {design_1_i/ps7_0_axi_periph/m01_couplers/auto_cc/inst/gen_clock_conv.gen_async_lite_conv.clock_conv_lite_resp_r/handshake/src_hsdata_ff_reg[10]} \
          {design_1_i/ps7_0_axi_periph/m01_couplers/auto_cc/inst/gen_clock_conv.gen_async_lite_conv.clock_conv_lite_resp_r/handshake/src_hsdata_ff_reg[11]} \
          {design_1_i/ps7_0_axi_periph/m01_couplers/auto_cc/inst/gen_clock_conv.gen_async_lite_conv.clock_conv_lite_resp_r/handshake/src_hsdata_ff_reg[12]} \
          {design_1_i/ps7_0_axi_periph/m01_couplers/auto_cc/inst/gen_clock_conv.gen_async_lite_conv.clock_conv_lite_resp_r/handshake/src_hsdata_ff_reg[13]} \
          {design_1_i/ps7_0_axi_periph/m01_couplers/auto_cc/inst/gen_clock_conv.gen_async_lite_conv.clock_conv_lite_resp_r/handshake/src_hsdata_ff_reg[14]} \
          {design_1_i/ps7_0_axi_periph/m01_couplers/auto_cc/inst/gen_clock_conv.gen_async_lite_conv.clock_conv_lite_resp_r/handshake/src_hsdata_ff_reg[15]} \
          {design_1_i/ps7_0_axi_periph/m01_couplers/auto_cc/inst/gen_clock_conv.gen_async_lite_conv.clock_conv_lite_resp_r/handshake/src_hsdata_ff_reg[16]} \
          {design_1_i/ps7_0_axi_periph/m01_couplers/auto_cc/inst/gen_clock_conv.gen_async_lite_conv.clock_conv_lite_resp_r/handshake/src_hsdata_ff_reg[17]} \
          {design_1_i/ps7_0_axi_periph/m01_couplers/auto_cc/inst/gen_clock_conv.gen_async_lite_conv.clock_conv_lite_resp_r/handshake/src_hsdata_ff_reg[18]} \
          {design_1_i/ps7_0_axi_periph/m01_couplers/auto_cc/inst/gen_clock_conv.gen_async_lite_conv.clock_conv_lite_resp_r/handshake/src_hsdata_ff_reg[19]} \
          {design_1_i/ps7_0_axi_periph/m01_couplers/auto_cc/inst/gen_clock_conv.gen_async_lite_conv.clock_conv_lite_resp_r/handshake/src_hsdata_ff_reg[1]} \
          {design_1_i/ps7_0_axi_periph/m01_couplers/auto_cc/inst/gen_clock_conv.gen_async_lite_conv.clock_conv_lite_resp_r/handshake/src_hsdata_ff_reg[20]} \
          {design_1_i/ps7_0_axi_periph/m01_couplers/auto_cc/inst/gen_clock_conv.gen_async_lite_conv.clock_conv_lite_resp_r/handshake/src_hsdata_ff_reg[21]} \
          {design_1_i/ps7_0_axi_periph/m01_couplers/auto_cc/inst/gen_clock_conv.gen_async_lite_conv.clock_conv_lite_resp_r/handshake/src_hsdata_ff_reg[22]} \
          {design_1_i/ps7_0_axi_periph/m01_couplers/auto_cc/inst/gen_clock_conv.gen_async_lite_conv.clock_conv_lite_resp_r/handshake/src_hsdata_ff_reg[23]} \
          {design_1_i/ps7_0_axi_periph/m01_couplers/auto_cc/inst/gen_clock_conv.gen_async_lite_conv.clock_conv_lite_resp_r/handshake/src_hsdata_ff_reg[24]} \
          {design_1_i/ps7_0_axi_periph/m01_couplers/auto_cc/inst/gen_clock_conv.gen_async_lite_conv.clock_conv_lite_resp_r/handshake/src_hsdata_ff_reg[25]} \
          {design_1_i/ps7_0_axi_periph/m01_couplers/auto_cc/inst/gen_clock_conv.gen_async_lite_conv.clock_conv_lite_resp_r/handshake/src_hsdata_ff_reg[26]} \
          {design_1_i/ps7_0_axi_periph/m01_couplers/auto_cc/inst/gen_clock_conv.gen_async_lite_conv.clock_conv_lite_resp_r/handshake/src_hsdata_ff_reg[27]} \
          {design_1_i/ps7_0_axi_periph/m01_couplers/auto_cc/inst/gen_clock_conv.gen_async_lite_conv.clock_conv_lite_resp_r/handshake/src_hsdata_ff_reg[28]} \
          {design_1_i/ps7_0_axi_periph/m01_couplers/auto_cc/inst/gen_clock_conv.gen_async_lite_conv.clock_conv_lite_resp_r/handshake/src_hsdata_ff_reg[29]} \
          {design_1_i/ps7_0_axi_periph/m01_couplers/auto_cc/inst/gen_clock_conv.gen_async_lite_conv.clock_conv_lite_resp_r/handshake/src_hsdata_ff_reg[2]} \
          {design_1_i/ps7_0_axi_periph/m01_couplers/auto_cc/inst/gen_clock_conv.gen_async_lite_conv.clock_conv_lite_resp_r/handshake/src_hsdata_ff_reg[30]} \
          {design_1_i/ps7_0_axi_periph/m01_couplers/auto_cc/inst/gen_clock_conv.gen_async_lite_conv.clock_conv_lite_resp_r/handshake/src_hsdata_ff_reg[31]} \
          {design_1_i/ps7_0_axi_periph/m01_couplers/auto_cc/inst/gen_clock_conv.gen_async_lite_conv.clock_conv_lite_resp_r/handshake/src_hsdata_ff_reg[32]} \
          {design_1_i/ps7_0_axi_periph/m01_couplers/auto_cc/inst/gen_clock_conv.gen_async_lite_conv.clock_conv_lite_resp_r/handshake/src_hsdata_ff_reg[33]} \
          {design_1_i/ps7_0_axi_periph/m01_couplers/auto_cc/inst/gen_clock_conv.gen_async_lite_conv.clock_conv_lite_resp_r/handshake/src_hsdata_ff_reg[3]} \
          {design_1_i/ps7_0_axi_periph/m01_couplers/auto_cc/inst/gen_clock_conv.gen_async_lite_conv.clock_conv_lite_resp_r/handshake/src_hsdata_ff_reg[4]} \
          {design_1_i/ps7_0_axi_periph/m01_couplers/auto_cc/inst/gen_clock_conv.gen_async_lite_conv.clock_conv_lite_resp_r/handshake/src_hsdata_ff_reg[5]} \
          {design_1_i/ps7_0_axi_periph/m01_couplers/auto_cc/inst/gen_clock_conv.gen_async_lite_conv.clock_conv_lite_resp_r/handshake/src_hsdata_ff_reg[6]} \
          {design_1_i/ps7_0_axi_periph/m01_couplers/auto_cc/inst/gen_clock_conv.gen_async_lite_conv.clock_conv_lite_resp_r/handshake/src_hsdata_ff_reg[7]} \
          {design_1_i/ps7_0_axi_periph/m01_couplers/auto_cc/inst/gen_clock_conv.gen_async_lite_conv.clock_conv_lite_resp_r/handshake/src_hsdata_ff_reg[8]} \
          {design_1_i/ps7_0_axi_periph/m01_couplers/auto_cc/inst/gen_clock_conv.gen_async_lite_conv.clock_conv_lite_resp_r/handshake/src_hsdata_ff_reg[9]}]] -to [get_cells [list {design_1_i/ps7_0_axi_periph/m01_couplers/auto_cc/inst/gen_clock_conv.gen_async_lite_conv.clock_conv_lite_resp_r/handshake/dest_hsdata_ff_reg[0]} \
          {design_1_i/ps7_0_axi_periph/m01_couplers/auto_cc/inst/gen_clock_conv.gen_async_lite_conv.clock_conv_lite_resp_r/handshake/dest_hsdata_ff_reg[10]} \
          {design_1_i/ps7_0_axi_periph/m01_couplers/auto_cc/inst/gen_clock_conv.gen_async_lite_conv.clock_conv_lite_resp_r/handshake/dest_hsdata_ff_reg[11]} \
          {design_1_i/ps7_0_axi_periph/m01_couplers/auto_cc/inst/gen_clock_conv.gen_async_lite_conv.clock_conv_lite_resp_r/handshake/dest_hsdata_ff_reg[12]} \
          {design_1_i/ps7_0_axi_periph/m01_couplers/auto_cc/inst/gen_clock_conv.gen_async_lite_conv.clock_conv_lite_resp_r/handshake/dest_hsdata_ff_reg[13]} \
          {design_1_i/ps7_0_axi_periph/m01_couplers/auto_cc/inst/gen_clock_conv.gen_async_lite_conv.clock_conv_lite_resp_r/handshake/dest_hsdata_ff_reg[14]} \
          {design_1_i/ps7_0_axi_periph/m01_couplers/auto_cc/inst/gen_clock_conv.gen_async_lite_conv.clock_conv_lite_resp_r/handshake/dest_hsdata_ff_reg[15]} \
          {design_1_i/ps7_0_axi_periph/m01_couplers/auto_cc/inst/gen_clock_conv.gen_async_lite_conv.clock_conv_lite_resp_r/handshake/dest_hsdata_ff_reg[16]} \
          {design_1_i/ps7_0_axi_periph/m01_couplers/auto_cc/inst/gen_clock_conv.gen_async_lite_conv.clock_conv_lite_resp_r/handshake/dest_hsdata_ff_reg[17]} \
          {design_1_i/ps7_0_axi_periph/m01_couplers/auto_cc/inst/gen_clock_conv.gen_async_lite_conv.clock_conv_lite_resp_r/handshake/dest_hsdata_ff_reg[18]} \
          {design_1_i/ps7_0_axi_periph/m01_couplers/auto_cc/inst/gen_clock_conv.gen_async_lite_conv.clock_conv_lite_resp_r/handshake/dest_hsdata_ff_reg[19]} \
          {design_1_i/ps7_0_axi_periph/m01_couplers/auto_cc/inst/gen_clock_conv.gen_async_lite_conv.clock_conv_lite_resp_r/handshake/dest_hsdata_ff_reg[1]} \
          {design_1_i/ps7_0_axi_periph/m01_couplers/auto_cc/inst/gen_clock_conv.gen_async_lite_conv.clock_conv_lite_resp_r/handshake/dest_hsdata_ff_reg[20]} \
          {design_1_i/ps7_0_axi_periph/m01_couplers/auto_cc/inst/gen_clock_conv.gen_async_lite_conv.clock_conv_lite_resp_r/handshake/dest_hsdata_ff_reg[21]} \
          {design_1_i/ps7_0_axi_periph/m01_couplers/auto_cc/inst/gen_clock_conv.gen_async_lite_conv.clock_conv_lite_resp_r/handshake/dest_hsdata_ff_reg[22]} \
          {design_1_i/ps7_0_axi_periph/m01_couplers/auto_cc/inst/gen_clock_conv.gen_async_lite_conv.clock_conv_lite_resp_r/handshake/dest_hsdata_ff_reg[23]} \
          {design_1_i/ps7_0_axi_periph/m01_couplers/auto_cc/inst/gen_clock_conv.gen_async_lite_conv.clock_conv_lite_resp_r/handshake/dest_hsdata_ff_reg[24]} \
          {design_1_i/ps7_0_axi_periph/m01_couplers/auto_cc/inst/gen_clock_conv.gen_async_lite_conv.clock_conv_lite_resp_r/handshake/dest_hsdata_ff_reg[25]} \
          {design_1_i/ps7_0_axi_periph/m01_couplers/auto_cc/inst/gen_clock_conv.gen_async_lite_conv.clock_conv_lite_resp_r/handshake/dest_hsdata_ff_reg[26]} \
          {design_1_i/ps7_0_axi_periph/m01_couplers/auto_cc/inst/gen_clock_conv.gen_async_lite_conv.clock_conv_lite_resp_r/handshake/dest_hsdata_ff_reg[27]} \
          {design_1_i/ps7_0_axi_periph/m01_couplers/auto_cc/inst/gen_clock_conv.gen_async_lite_conv.clock_conv_lite_resp_r/handshake/dest_hsdata_ff_reg[28]} \
          {design_1_i/ps7_0_axi_periph/m01_couplers/auto_cc/inst/gen_clock_conv.gen_async_lite_conv.clock_conv_lite_resp_r/handshake/dest_hsdata_ff_reg[29]} \
          {design_1_i/ps7_0_axi_periph/m01_couplers/auto_cc/inst/gen_clock_conv.gen_async_lite_conv.clock_conv_lite_resp_r/handshake/dest_hsdata_ff_reg[2]} \
          {design_1_i/ps7_0_axi_periph/m01_couplers/auto_cc/inst/gen_clock_conv.gen_async_lite_conv.clock_conv_lite_resp_r/handshake/dest_hsdata_ff_reg[30]} \
          {design_1_i/ps7_0_axi_periph/m01_couplers/auto_cc/inst/gen_clock_conv.gen_async_lite_conv.clock_conv_lite_resp_r/handshake/dest_hsdata_ff_reg[31]} \
          {design_1_i/ps7_0_axi_periph/m01_couplers/auto_cc/inst/gen_clock_conv.gen_async_lite_conv.clock_conv_lite_resp_r/handshake/dest_hsdata_ff_reg[32]} \
          {design_1_i/ps7_0_axi_periph/m01_couplers/auto_cc/inst/gen_clock_conv.gen_async_lite_conv.clock_conv_lite_resp_r/handshake/dest_hsdata_ff_reg[33]} \
          {design_1_i/ps7_0_axi_periph/m01_couplers/auto_cc/inst/gen_clock_conv.gen_async_lite_conv.clock_conv_lite_resp_r/handshake/dest_hsdata_ff_reg[3]} \
          {design_1_i/ps7_0_axi_periph/m01_couplers/auto_cc/inst/gen_clock_conv.gen_async_lite_conv.clock_conv_lite_resp_r/handshake/dest_hsdata_ff_reg[4]} \
          {design_1_i/ps7_0_axi_periph/m01_couplers/auto_cc/inst/gen_clock_conv.gen_async_lite_conv.clock_conv_lite_resp_r/handshake/dest_hsdata_ff_reg[5]} \
          {design_1_i/ps7_0_axi_periph/m01_couplers/auto_cc/inst/gen_clock_conv.gen_async_lite_conv.clock_conv_lite_resp_r/handshake/dest_hsdata_ff_reg[6]} \
          {design_1_i/ps7_0_axi_periph/m01_couplers/auto_cc/inst/gen_clock_conv.gen_async_lite_conv.clock_conv_lite_resp_r/handshake/dest_hsdata_ff_reg[7]} \
          {design_1_i/ps7_0_axi_periph/m01_couplers/auto_cc/inst/gen_clock_conv.gen_async_lite_conv.clock_conv_lite_resp_r/handshake/dest_hsdata_ff_reg[8]} \
          {design_1_i/ps7_0_axi_periph/m01_couplers/auto_cc/inst/gen_clock_conv.gen_async_lite_conv.clock_conv_lite_resp_r/handshake/dest_hsdata_ff_reg[9]}]] 38.997
Requirement: 38.997ns
Endpoints: 34

From Clock            To Clock              Endpoint Pin                    Reference Pin                   Corner  Actual(ns)  Slack(ns)
--------------------  --------------------  ------------------------------  ------------------------------  ------  ----------  ---------
clk_out1_design_1_clk_wiz_0_0_1
                      clk_fpga_0            design_1_i/ps7_0_axi_periph/m01_couplers/auto_cc/inst/gen_clock_conv.gen_async_lite_conv.clock_conv_lite_resp_r/handshake/dest_hsdata_ff_reg[15]/D
                                                                            design_1_i/ps7_0_axi_periph/m01_couplers/auto_cc/inst/gen_clock_conv.gen_async_lite_conv.clock_conv_lite_resp_r/handshake/dest_hsdata_ff_reg[29]/D
                                                                                                            Slow         1.522     37.475


Slack (MET) :             37.475ns  (requirement - actual skew)
  Endpoint Source:        design_1_i/ps7_0_axi_periph/m01_couplers/auto_cc/inst/gen_clock_conv.gen_async_lite_conv.clock_conv_lite_resp_r/handshake/src_hsdata_ff_reg[15]/C
                            (rising edge-triggered cell FDRE clocked by clk_out1_design_1_clk_wiz_0_0_1)
  Endpoint Destination:   design_1_i/ps7_0_axi_periph/m01_couplers/auto_cc/inst/gen_clock_conv.gen_async_lite_conv.clock_conv_lite_resp_r/handshake/dest_hsdata_ff_reg[15]/D
                            (rising edge-triggered cell FDRE clocked by clk_fpga_0)
  Reference Source:       design_1_i/ps7_0_axi_periph/m01_couplers/auto_cc/inst/gen_clock_conv.gen_async_lite_conv.clock_conv_lite_resp_r/handshake/src_hsdata_ff_reg[29]/C
                            (rising edge-triggered cell FDRE clocked by clk_out1_design_1_clk_wiz_0_0_1)
  Reference Destination:  design_1_i/ps7_0_axi_periph/m01_couplers/auto_cc/inst/gen_clock_conv.gen_async_lite_conv.clock_conv_lite_resp_r/handshake/dest_hsdata_ff_reg[29]/D
                            (rising edge-triggered cell FDRE clocked by clk_fpga_0)
  Path Type:              Bus Skew (Max at Slow Process Corner)
  Requirement:            38.997ns
  Endpoint Relative Delay:   -2.166ns
  Reference Relative Delay:  -4.073ns
  Relative CRPR:              0.682ns
  Uncertainty:                0.298ns
  Actual Bus Skew:            1.522ns  (Endpoint Relative Delay - Reference Relative Delay - Relative CRPR + Uncertainty)

Endpoint path:
    Location             Delay type                Incr(ns)  Path(ns)    Netlist Resource(s)
  -------------------------------------------------------------------    -------------------
                         (clock clk_out1_design_1_clk_wiz_0_0_1 rise edge)
                                                      0.000     0.000 r  
    L18                                               0.000     0.000 r  fmc_imageon_vclk (IN)
                         net (fo=0)                   0.000     0.000    design_1_i/clk_wiz_0/inst/clk_in1
    L18                  IBUF (Prop_ibuf_I_O)         1.307     1.307 r  design_1_i/clk_wiz_0/inst/clkin1_ibufg/O
                         net (fo=1, routed)           1.285     2.592    design_1_i/clk_wiz_0/inst/clk_in1_design_1_clk_wiz_0_0
    MMCME2_ADV_X1Y1      MMCME2_ADV (Prop_mmcme2_adv_CLKIN1_CLKOUT0)
                                                     -7.406    -4.814 r  design_1_i/clk_wiz_0/inst/mmcm_adv_inst/CLKOUT0
                         net (fo=1, routed)           1.889    -2.925    design_1_i/clk_wiz_0/inst/clk_out1_design_1_clk_wiz_0_0
    BUFGCTRL_X0Y16       BUFG (Prop_bufg_I_O)         0.101    -2.824 r  design_1_i/clk_wiz_0/inst/clkout1_buf/O
                         net (fo=15835, routed)       1.701    -1.123    design_1_i/ps7_0_axi_periph/m01_couplers/auto_cc/inst/gen_clock_conv.gen_async_lite_conv.clock_conv_lite_resp_r/handshake/src_clk
    SLICE_X59Y68         FDRE                                         r  design_1_i/ps7_0_axi_periph/m01_couplers/auto_cc/inst/gen_clock_conv.gen_async_lite_conv.clock_conv_lite_resp_r/handshake/src_hsdata_ff_reg[15]/C
  -------------------------------------------------------------------    -------------------
    SLICE_X59Y68         FDRE (Prop_fdre_C_Q)         0.456    -0.667 r  design_1_i/ps7_0_axi_periph/m01_couplers/auto_cc/inst/gen_clock_conv.gen_async_lite_conv.clock_conv_lite_resp_r/handshake/src_hsdata_ff_reg[15]/Q
                         net (fo=1, routed)           1.040     0.372    design_1_i/ps7_0_axi_periph/m01_couplers/auto_cc/inst/gen_clock_conv.gen_async_lite_conv.clock_conv_lite_resp_r/handshake/src_hsdata_ff[15]
    SLICE_X53Y61         FDRE                                         r  design_1_i/ps7_0_axi_periph/m01_couplers/auto_cc/inst/gen_clock_conv.gen_async_lite_conv.clock_conv_lite_resp_r/handshake/dest_hsdata_ff_reg[15]/D
  -------------------------------------------------------------------    -------------------

                         (clock clk_fpga_0 rise edge)
                                                      0.000     0.000 r  
    PS7_X0Y0             PS7                          0.000     0.000 r  design_1_i/processing_system7_0/inst/PS7_i/FCLKCLK[0]
                         net (fo=1, routed)           1.088     1.088    design_1_i/processing_system7_0/inst/FCLK_CLK_unbuffered[0]
    BUFGCTRL_X0Y18       BUFG (Prop_bufg_I_O)         0.091     1.179 r  design_1_i/processing_system7_0/inst/buffer_fclk_clk_0.FCLK_CLK_0_BUFG/O
                         net (fo=4711, routed)        1.463     2.642    design_1_i/ps7_0_axi_periph/m01_couplers/auto_cc/inst/gen_clock_conv.gen_async_lite_conv.clock_conv_lite_resp_r/handshake/dest_clk
    SLICE_X53Y61         FDRE                                         r  design_1_i/ps7_0_axi_periph/m01_couplers/auto_cc/inst/gen_clock_conv.gen_async_lite_conv.clock_conv_lite_resp_r/handshake/dest_hsdata_ff_reg[15]/C
                         clock pessimism              0.000     2.642    
    SLICE_X53Y61         FDRE (Setup_fdre_C_D)       -0.103     2.539    design_1_i/ps7_0_axi_periph/m01_couplers/auto_cc/inst/gen_clock_conv.gen_async_lite_conv.clock_conv_lite_resp_r/handshake/dest_hsdata_ff_reg[15]
  -------------------------------------------------------------------
                         data arrival                           0.372    
                         clock arrival                          2.539    
  -------------------------------------------------------------------
                         relative delay                        -2.166    

Reference path:
    Location             Delay type                Incr(ns)  Path(ns)    Netlist Resource(s)
  -------------------------------------------------------------------    -------------------
                         (clock clk_out1_design_1_clk_wiz_0_0_1 rise edge)
                                                      0.000     0.000 r  
    L18                                               0.000     0.000 r  fmc_imageon_vclk (IN)
                         net (fo=0)                   0.000     0.000    design_1_i/clk_wiz_0/inst/clk_in1
    L18                  IBUF (Prop_ibuf_I_O)         1.244     1.244 r  design_1_i/clk_wiz_0/inst/clkin1_ibufg/O
                         net (fo=1, routed)           1.162     2.406    design_1_i/clk_wiz_0/inst/clk_in1_design_1_clk_wiz_0_0
    MMCME2_ADV_X1Y1      MMCME2_ADV (Prop_mmcme2_adv_CLKIN1_CLKOUT0)
                                                     -7.500    -5.093 r  design_1_i/clk_wiz_0/inst/mmcm_adv_inst/CLKOUT0
                         net (fo=1, routed)           1.725    -3.368    design_1_i/clk_wiz_0/inst/clk_out1_design_1_clk_wiz_0_0
    BUFGCTRL_X0Y16       BUFG (Prop_bufg_I_O)         0.091    -3.277 r  design_1_i/clk_wiz_0/inst/clkout1_buf/O
                         net (fo=15835, routed)       1.537    -1.741    design_1_i/ps7_0_axi_periph/m01_couplers/auto_cc/inst/gen_clock_conv.gen_async_lite_conv.clock_conv_lite_resp_r/handshake/src_clk
    SLICE_X54Y50         FDRE                                         r  design_1_i/ps7_0_axi_periph/m01_couplers/auto_cc/inst/gen_clock_conv.gen_async_lite_conv.clock_conv_lite_resp_r/handshake/src_hsdata_ff_reg[29]/C
  -------------------------------------------------------------------    -------------------
    SLICE_X54Y50         FDRE (Prop_fdre_C_Q)         0.418    -1.323 r  design_1_i/ps7_0_axi_periph/m01_couplers/auto_cc/inst/gen_clock_conv.gen_async_lite_conv.clock_conv_lite_resp_r/handshake/src_hsdata_ff_reg[29]/Q
                         net (fo=1, routed)           0.515    -0.807    design_1_i/ps7_0_axi_periph/m01_couplers/auto_cc/inst/gen_clock_conv.gen_async_lite_conv.clock_conv_lite_resp_r/handshake/src_hsdata_ff[29]
    SLICE_X54Y49         FDRE                                         r  design_1_i/ps7_0_axi_periph/m01_couplers/auto_cc/inst/gen_clock_conv.gen_async_lite_conv.clock_conv_lite_resp_r/handshake/dest_hsdata_ff_reg[29]/D
  -------------------------------------------------------------------    -------------------

                         (clock clk_fpga_0 rise edge)
                                                      0.000     0.000 r  
    PS7_X0Y0             PS7                          0.000     0.000 r  design_1_i/processing_system7_0/inst/PS7_i/FCLKCLK[0]
                         net (fo=1, routed)           1.193     1.193    design_1_i/processing_system7_0/inst/FCLK_CLK_unbuffered[0]
    BUFGCTRL_X0Y18       BUFG (Prop_bufg_I_O)         0.101     1.294 r  design_1_i/processing_system7_0/inst/buffer_fclk_clk_0.FCLK_CLK_0_BUFG/O
                         net (fo=4711, routed)        1.729     3.023    design_1_i/ps7_0_axi_periph/m01_couplers/auto_cc/inst/gen_clock_conv.gen_async_lite_conv.clock_conv_lite_resp_r/handshake/dest_clk
    SLICE_X54Y49         FDRE                                         r  design_1_i/ps7_0_axi_periph/m01_couplers/auto_cc/inst/gen_clock_conv.gen_async_lite_conv.clock_conv_lite_resp_r/handshake/dest_hsdata_ff_reg[29]/C
                         clock pessimism              0.000     3.023    
    SLICE_X54Y49         FDRE (Hold_fdre_C_D)         0.243     3.266    design_1_i/ps7_0_axi_periph/m01_couplers/auto_cc/inst/gen_clock_conv.gen_async_lite_conv.clock_conv_lite_resp_r/handshake/dest_hsdata_ff_reg[29]
  -------------------------------------------------------------------
                         data arrival                          -0.807    
                         clock arrival                          3.266    
  -------------------------------------------------------------------
                         relative delay                        -4.073    



Id: 9
set_bus_skew -from [get_cells [list {design_1_i/ps7_0_axi_periph/m01_couplers/auto_cc/inst/gen_clock_conv.gen_async_lite_conv.clock_conv_lite_fwd_aw/handshake/src_hsdata_ff_reg[0]} {design_1_i/ps7_0_axi_periph/m01_couplers/auto_cc/inst/gen_clock_conv.gen_async_lite_conv.clock_conv_lite_fwd_aw/handshake/src_hsdata_ff_reg[1]} {design_1_i/ps7_0_axi_periph/m01_couplers/auto_cc/inst/gen_clock_conv.gen_async_lite_conv.clock_conv_lite_fwd_aw/handshake/src_hsdata_ff_reg[2]} {design_1_i/ps7_0_axi_periph/m01_couplers/auto_cc/inst/gen_clock_conv.gen_async_lite_conv.clock_conv_lite_fwd_aw/handshake/src_hsdata_ff_reg[3]} {design_1_i/ps7_0_axi_periph/m01_couplers/auto_cc/inst/gen_clock_conv.gen_async_lite_conv.clock_conv_lite_fwd_aw/handshake/src_hsdata_ff_reg[4]} {design_1_i/ps7_0_axi_periph/m01_couplers/auto_cc/inst/gen_clock_conv.gen_async_lite_conv.clock_conv_lite_fwd_aw/handshake/src_hsdata_ff_reg[5]}]] -to [get_cells [list {design_1_i/ps7_0_axi_periph/m01_couplers/auto_cc/inst/gen_clock_conv.gen_async_lite_conv.clock_conv_lite_fwd_aw/handshake/dest_hsdata_ff_reg[0]} {design_1_i/ps7_0_axi_periph/m01_couplers/auto_cc/inst/gen_clock_conv.gen_async_lite_conv.clock_conv_lite_fwd_aw/handshake/dest_hsdata_ff_reg[1]} {design_1_i/ps7_0_axi_periph/m01_couplers/auto_cc/inst/gen_clock_conv.gen_async_lite_conv.clock_conv_lite_fwd_aw/handshake/dest_hsdata_ff_reg[2]} {design_1_i/ps7_0_axi_periph/m01_couplers/auto_cc/inst/gen_clock_conv.gen_async_lite_conv.clock_conv_lite_fwd_aw/handshake/dest_hsdata_ff_reg[3]} {design_1_i/ps7_0_axi_periph/m01_couplers/auto_cc/inst/gen_clock_conv.gen_async_lite_conv.clock_conv_lite_fwd_aw/handshake/dest_hsdata_ff_reg[4]} {design_1_i/ps7_0_axi_periph/m01_couplers/auto_cc/inst/gen_clock_conv.gen_async_lite_conv.clock_conv_lite_fwd_aw/handshake/dest_hsdata_ff_reg[5]}]] 20.202
Requirement: 20.202ns
Endpoints: 6

From Clock            To Clock              Endpoint Pin                    Reference Pin                   Corner  Actual(ns)  Slack(ns)
--------------------  --------------------  ------------------------------  ------------------------------  ------  ----------  ---------
clk_fpga_0            clk_out1_design_1_clk_wiz_0_0_1
                                            design_1_i/ps7_0_axi_periph/m01_couplers/auto_cc/inst/gen_clock_conv.gen_async_lite_conv.clock_conv_lite_fwd_aw/handshake/dest_hsdata_ff_reg[4]/D
                                                                            design_1_i/ps7_0_axi_periph/m01_couplers/auto_cc/inst/gen_clock_conv.gen_async_lite_conv.clock_conv_lite_fwd_aw/handshake/dest_hsdata_ff_reg[0]/D
                                                                                                            Slow         0.981     19.221


Slack (MET) :             19.221ns  (requirement - actual skew)
  Endpoint Source:        design_1_i/ps7_0_axi_periph/m01_couplers/auto_cc/inst/gen_clock_conv.gen_async_lite_conv.clock_conv_lite_fwd_aw/handshake/src_hsdata_ff_reg[4]/C
                            (rising edge-triggered cell FDRE clocked by clk_fpga_0)
  Endpoint Destination:   design_1_i/ps7_0_axi_periph/m01_couplers/auto_cc/inst/gen_clock_conv.gen_async_lite_conv.clock_conv_lite_fwd_aw/handshake/dest_hsdata_ff_reg[4]/D
                            (rising edge-triggered cell FDRE clocked by clk_out1_design_1_clk_wiz_0_0_1)
  Reference Source:       design_1_i/ps7_0_axi_periph/m01_couplers/auto_cc/inst/gen_clock_conv.gen_async_lite_conv.clock_conv_lite_fwd_aw/handshake/src_hsdata_ff_reg[0]/C
                            (rising edge-triggered cell FDRE clocked by clk_fpga_0)
  Reference Destination:  design_1_i/ps7_0_axi_periph/m01_couplers/auto_cc/inst/gen_clock_conv.gen_async_lite_conv.clock_conv_lite_fwd_aw/handshake/dest_hsdata_ff_reg[0]/D
                            (rising edge-triggered cell FDRE clocked by clk_out1_design_1_clk_wiz_0_0_1)
  Path Type:              Bus Skew (Max at Slow Process Corner)
  Requirement:            20.202ns
  Endpoint Relative Delay:    6.039ns
  Reference Relative Delay:   4.441ns
  Relative CRPR:              0.915ns
  Uncertainty:                0.298ns
  Actual Bus Skew:            0.981ns  (Endpoint Relative Delay - Reference Relative Delay - Relative CRPR + Uncertainty)

Endpoint path:
    Location             Delay type                Incr(ns)  Path(ns)    Netlist Resource(s)
  -------------------------------------------------------------------    -------------------
                         (clock clk_fpga_0 rise edge)
                                                      0.000     0.000 r  
    PS7_X0Y0             PS7                          0.000     0.000 r  design_1_i/processing_system7_0/inst/PS7_i/FCLKCLK[0]
                         net (fo=1, routed)           1.193     1.193    design_1_i/processing_system7_0/inst/FCLK_CLK_unbuffered[0]
    BUFGCTRL_X0Y18       BUFG (Prop_bufg_I_O)         0.101     1.294 r  design_1_i/processing_system7_0/inst/buffer_fclk_clk_0.FCLK_CLK_0_BUFG/O
                         net (fo=4711, routed)        1.647     2.941    design_1_i/ps7_0_axi_periph/m01_couplers/auto_cc/inst/gen_clock_conv.gen_async_lite_conv.clock_conv_lite_fwd_aw/handshake/src_clk
    SLICE_X49Y88         FDRE                                         r  design_1_i/ps7_0_axi_periph/m01_couplers/auto_cc/inst/gen_clock_conv.gen_async_lite_conv.clock_conv_lite_fwd_aw/handshake/src_hsdata_ff_reg[4]/C
  -------------------------------------------------------------------    -------------------
    SLICE_X49Y88         FDRE (Prop_fdre_C_Q)         0.419     3.360 r  design_1_i/ps7_0_axi_periph/m01_couplers/auto_cc/inst/gen_clock_conv.gen_async_lite_conv.clock_conv_lite_fwd_aw/handshake/src_hsdata_ff_reg[4]/Q
                         net (fo=1, routed)           0.654     4.014    design_1_i/ps7_0_axi_periph/m01_couplers/auto_cc/inst/gen_clock_conv.gen_async_lite_conv.clock_conv_lite_fwd_aw/handshake/src_hsdata_ff[4]
    SLICE_X48Y88         FDRE                                         r  design_1_i/ps7_0_axi_periph/m01_couplers/auto_cc/inst/gen_clock_conv.gen_async_lite_conv.clock_conv_lite_fwd_aw/handshake/dest_hsdata_ff_reg[4]/D
  -------------------------------------------------------------------    -------------------

                         (clock clk_out1_design_1_clk_wiz_0_0_1 rise edge)
                                                      0.000     0.000 r  
    L18                                               0.000     0.000 r  fmc_imageon_vclk (IN)
                         net (fo=0)                   0.000     0.000    design_1_i/clk_wiz_0/inst/clk_in1
    L18                  IBUF (Prop_ibuf_I_O)         1.244     1.244 r  design_1_i/clk_wiz_0/inst/clkin1_ibufg/O
                         net (fo=1, routed)           1.162     2.406    design_1_i/clk_wiz_0/inst/clk_in1_design_1_clk_wiz_0_0
    MMCME2_ADV_X1Y1      MMCME2_ADV (Prop_mmcme2_adv_CLKIN1_CLKOUT0)
                                                     -7.500    -5.093 r  design_1_i/clk_wiz_0/inst/mmcm_adv_inst/CLKOUT0
                         net (fo=1, routed)           1.725    -3.368    design_1_i/clk_wiz_0/inst/clk_out1_design_1_clk_wiz_0_0
    BUFGCTRL_X0Y16       BUFG (Prop_bufg_I_O)         0.091    -3.277 r  design_1_i/clk_wiz_0/inst/clkout1_buf/O
                         net (fo=15835, routed)       1.474    -1.804    design_1_i/ps7_0_axi_periph/m01_couplers/auto_cc/inst/gen_clock_conv.gen_async_lite_conv.clock_conv_lite_fwd_aw/handshake/dest_clk
    SLICE_X48Y88         FDRE                                         r  design_1_i/ps7_0_axi_periph/m01_couplers/auto_cc/inst/gen_clock_conv.gen_async_lite_conv.clock_conv_lite_fwd_aw/handshake/dest_hsdata_ff_reg[4]/C
                         clock pessimism              0.000    -1.804    
    SLICE_X48Y88         FDRE (Setup_fdre_C_D)       -0.222    -2.026    design_1_i/ps7_0_axi_periph/m01_couplers/auto_cc/inst/gen_clock_conv.gen_async_lite_conv.clock_conv_lite_fwd_aw/handshake/dest_hsdata_ff_reg[4]
  -------------------------------------------------------------------
                         data arrival                           4.014    
                         clock arrival                         -2.026    
  -------------------------------------------------------------------
                         relative delay                         6.039    

Reference path:
    Location             Delay type                Incr(ns)  Path(ns)    Netlist Resource(s)
  -------------------------------------------------------------------    -------------------
                         (clock clk_fpga_0 rise edge)
                                                      0.000     0.000 r  
    PS7_X0Y0             PS7                          0.000     0.000 r  design_1_i/processing_system7_0/inst/PS7_i/FCLKCLK[0]
                         net (fo=1, routed)           1.088     1.088    design_1_i/processing_system7_0/inst/FCLK_CLK_unbuffered[0]
    BUFGCTRL_X0Y18       BUFG (Prop_bufg_I_O)         0.091     1.179 r  design_1_i/processing_system7_0/inst/buffer_fclk_clk_0.FCLK_CLK_0_BUFG/O
                         net (fo=4711, routed)        1.474     2.653    design_1_i/ps7_0_axi_periph/m01_couplers/auto_cc/inst/gen_clock_conv.gen_async_lite_conv.clock_conv_lite_fwd_aw/handshake/src_clk
    SLICE_X49Y88         FDRE                                         r  design_1_i/ps7_0_axi_periph/m01_couplers/auto_cc/inst/gen_clock_conv.gen_async_lite_conv.clock_conv_lite_fwd_aw/handshake/src_hsdata_ff_reg[0]/C
  -------------------------------------------------------------------    -------------------
    SLICE_X49Y88         FDRE (Prop_fdre_C_Q)         0.367     3.020 r  design_1_i/ps7_0_axi_periph/m01_couplers/auto_cc/inst/gen_clock_conv.gen_async_lite_conv.clock_conv_lite_fwd_aw/handshake/src_hsdata_ff_reg[0]/Q
                         net (fo=1, routed)           0.413     3.433    design_1_i/ps7_0_axi_periph/m01_couplers/auto_cc/inst/gen_clock_conv.gen_async_lite_conv.clock_conv_lite_fwd_aw/handshake/src_hsdata_ff[0]
    SLICE_X48Y88         FDRE                                         r  design_1_i/ps7_0_axi_periph/m01_couplers/auto_cc/inst/gen_clock_conv.gen_async_lite_conv.clock_conv_lite_fwd_aw/handshake/dest_hsdata_ff_reg[0]/D
  -------------------------------------------------------------------    -------------------

                         (clock clk_out1_design_1_clk_wiz_0_0_1 rise edge)
                                                      0.000     0.000 r  
    L18                                               0.000     0.000 r  fmc_imageon_vclk (IN)
                         net (fo=0)                   0.000     0.000    design_1_i/clk_wiz_0/inst/clk_in1
    L18                  IBUF (Prop_ibuf_I_O)         1.307     1.307 r  design_1_i/clk_wiz_0/inst/clkin1_ibufg/O
                         net (fo=1, routed)           1.285     2.592    design_1_i/clk_wiz_0/inst/clk_in1_design_1_clk_wiz_0_0
    MMCME2_ADV_X1Y1      MMCME2_ADV (Prop_mmcme2_adv_CLKIN1_CLKOUT0)
                                                     -7.406    -4.814 r  design_1_i/clk_wiz_0/inst/mmcm_adv_inst/CLKOUT0
                         net (fo=1, routed)           1.889    -2.925    design_1_i/clk_wiz_0/inst/clk_out1_design_1_clk_wiz_0_0
    BUFGCTRL_X0Y16       BUFG (Prop_bufg_I_O)         0.101    -2.824 r  design_1_i/clk_wiz_0/inst/clkout1_buf/O
                         net (fo=15835, routed)       1.647    -1.177    design_1_i/ps7_0_axi_periph/m01_couplers/auto_cc/inst/gen_clock_conv.gen_async_lite_conv.clock_conv_lite_fwd_aw/handshake/dest_clk
    SLICE_X48Y88         FDRE                                         r  design_1_i/ps7_0_axi_periph/m01_couplers/auto_cc/inst/gen_clock_conv.gen_async_lite_conv.clock_conv_lite_fwd_aw/handshake/dest_hsdata_ff_reg[0]/C
                         clock pessimism              0.000    -1.177    
    SLICE_X48Y88         FDRE (Hold_fdre_C_D)         0.169    -1.008    design_1_i/ps7_0_axi_periph/m01_couplers/auto_cc/inst/gen_clock_conv.gen_async_lite_conv.clock_conv_lite_fwd_aw/handshake/dest_hsdata_ff_reg[0]
  -------------------------------------------------------------------
                         data arrival                           3.433    
                         clock arrival                         -1.008    
  -------------------------------------------------------------------
                         relative delay                         4.441    



Id: 10
set_bus_skew -from [get_cells [list {design_1_i/ps7_0_axi_periph/m07_couplers/auto_cc/inst/gen_clock_conv.gen_async_lite_conv.clock_conv_lite_fwd_ar/handshake/src_hsdata_ff_reg[0]} \
          {design_1_i/ps7_0_axi_periph/m07_couplers/auto_cc/inst/gen_clock_conv.gen_async_lite_conv.clock_conv_lite_fwd_ar/handshake/src_hsdata_ff_reg[10]} \
          {design_1_i/ps7_0_axi_periph/m07_couplers/auto_cc/inst/gen_clock_conv.gen_async_lite_conv.clock_conv_lite_fwd_ar/handshake/src_hsdata_ff_reg[11]} \
          {design_1_i/ps7_0_axi_periph/m07_couplers/auto_cc/inst/gen_clock_conv.gen_async_lite_conv.clock_conv_lite_fwd_ar/handshake/src_hsdata_ff_reg[12]} \
          {design_1_i/ps7_0_axi_periph/m07_couplers/auto_cc/inst/gen_clock_conv.gen_async_lite_conv.clock_conv_lite_fwd_ar/handshake/src_hsdata_ff_reg[13]} \
          {design_1_i/ps7_0_axi_periph/m07_couplers/auto_cc/inst/gen_clock_conv.gen_async_lite_conv.clock_conv_lite_fwd_ar/handshake/src_hsdata_ff_reg[14]} \
          {design_1_i/ps7_0_axi_periph/m07_couplers/auto_cc/inst/gen_clock_conv.gen_async_lite_conv.clock_conv_lite_fwd_ar/handshake/src_hsdata_ff_reg[9]} \
          {design_1_i/ps7_0_axi_periph/m07_couplers/auto_cc/inst/gen_clock_conv.gen_async_lite_conv.clock_conv_lite_fwd_ar/handshake/src_hsdata_ff_reg[16]} \
          {design_1_i/ps7_0_axi_periph/m07_couplers/auto_cc/inst/gen_clock_conv.gen_async_lite_conv.clock_conv_lite_fwd_ar/handshake/src_hsdata_ff_reg[17]} \
          {design_1_i/ps7_0_axi_periph/m07_couplers/auto_cc/inst/gen_clock_conv.gen_async_lite_conv.clock_conv_lite_fwd_ar/handshake/src_hsdata_ff_reg[18]} \
          {design_1_i/ps7_0_axi_periph/m07_couplers/auto_cc/inst/gen_clock_conv.gen_async_lite_conv.clock_conv_lite_fwd_ar/handshake/src_hsdata_ff_reg[8]} \
          {design_1_i/ps7_0_axi_periph/m07_couplers/auto_cc/inst/gen_clock_conv.gen_async_lite_conv.clock_conv_lite_fwd_ar/handshake/src_hsdata_ff_reg[1]} \
          {design_1_i/ps7_0_axi_periph/m07_couplers/auto_cc/inst/gen_clock_conv.gen_async_lite_conv.clock_conv_lite_fwd_ar/handshake/src_hsdata_ff_reg[7]} \
          {design_1_i/ps7_0_axi_periph/m07_couplers/auto_cc/inst/gen_clock_conv.gen_async_lite_conv.clock_conv_lite_fwd_ar/handshake/src_hsdata_ff_reg[6]} \
          {design_1_i/ps7_0_axi_periph/m07_couplers/auto_cc/inst/gen_clock_conv.gen_async_lite_conv.clock_conv_lite_fwd_ar/handshake/src_hsdata_ff_reg[2]} \
          {design_1_i/ps7_0_axi_periph/m07_couplers/auto_cc/inst/gen_clock_conv.gen_async_lite_conv.clock_conv_lite_fwd_ar/handshake/src_hsdata_ff_reg[3]} \
          {design_1_i/ps7_0_axi_periph/m07_couplers/auto_cc/inst/gen_clock_conv.gen_async_lite_conv.clock_conv_lite_fwd_ar/handshake/src_hsdata_ff_reg[4]} \
          {design_1_i/ps7_0_axi_periph/m07_couplers/auto_cc/inst/gen_clock_conv.gen_async_lite_conv.clock_conv_lite_fwd_ar/handshake/src_hsdata_ff_reg[5]}]] -to [get_cells [list {design_1_i/ps7_0_axi_periph/m07_couplers/auto_cc/inst/gen_clock_conv.gen_async_lite_conv.clock_conv_lite_fwd_ar/handshake/dest_hsdata_ff_reg[0]} \
          {design_1_i/ps7_0_axi_periph/m07_couplers/auto_cc/inst/gen_clock_conv.gen_async_lite_conv.clock_conv_lite_fwd_ar/handshake/dest_hsdata_ff_reg[10]} \
          {design_1_i/ps7_0_axi_periph/m07_couplers/auto_cc/inst/gen_clock_conv.gen_async_lite_conv.clock_conv_lite_fwd_ar/handshake/dest_hsdata_ff_reg[11]} \
          {design_1_i/ps7_0_axi_periph/m07_couplers/auto_cc/inst/gen_clock_conv.gen_async_lite_conv.clock_conv_lite_fwd_ar/handshake/dest_hsdata_ff_reg[12]} \
          {design_1_i/ps7_0_axi_periph/m07_couplers/auto_cc/inst/gen_clock_conv.gen_async_lite_conv.clock_conv_lite_fwd_ar/handshake/dest_hsdata_ff_reg[13]} \
          {design_1_i/ps7_0_axi_periph/m07_couplers/auto_cc/inst/gen_clock_conv.gen_async_lite_conv.clock_conv_lite_fwd_ar/handshake/dest_hsdata_ff_reg[14]} \
          {design_1_i/ps7_0_axi_periph/m07_couplers/auto_cc/inst/gen_clock_conv.gen_async_lite_conv.clock_conv_lite_fwd_ar/handshake/dest_hsdata_ff_reg[9]} \
          {design_1_i/ps7_0_axi_periph/m07_couplers/auto_cc/inst/gen_clock_conv.gen_async_lite_conv.clock_conv_lite_fwd_ar/handshake/dest_hsdata_ff_reg[16]} \
          {design_1_i/ps7_0_axi_periph/m07_couplers/auto_cc/inst/gen_clock_conv.gen_async_lite_conv.clock_conv_lite_fwd_ar/handshake/dest_hsdata_ff_reg[17]} \
          {design_1_i/ps7_0_axi_periph/m07_couplers/auto_cc/inst/gen_clock_conv.gen_async_lite_conv.clock_conv_lite_fwd_ar/handshake/dest_hsdata_ff_reg[18]} \
          {design_1_i/ps7_0_axi_periph/m07_couplers/auto_cc/inst/gen_clock_conv.gen_async_lite_conv.clock_conv_lite_fwd_ar/handshake/dest_hsdata_ff_reg[8]} \
          {design_1_i/ps7_0_axi_periph/m07_couplers/auto_cc/inst/gen_clock_conv.gen_async_lite_conv.clock_conv_lite_fwd_ar/handshake/dest_hsdata_ff_reg[1]} \
          {design_1_i/ps7_0_axi_periph/m07_couplers/auto_cc/inst/gen_clock_conv.gen_async_lite_conv.clock_conv_lite_fwd_ar/handshake/dest_hsdata_ff_reg[7]} \
          {design_1_i/ps7_0_axi_periph/m07_couplers/auto_cc/inst/gen_clock_conv.gen_async_lite_conv.clock_conv_lite_fwd_ar/handshake/dest_hsdata_ff_reg[6]} \
          {design_1_i/ps7_0_axi_periph/m07_couplers/auto_cc/inst/gen_clock_conv.gen_async_lite_conv.clock_conv_lite_fwd_ar/handshake/dest_hsdata_ff_reg[2]} \
          {design_1_i/ps7_0_axi_periph/m07_couplers/auto_cc/inst/gen_clock_conv.gen_async_lite_conv.clock_conv_lite_fwd_ar/handshake/dest_hsdata_ff_reg[3]} \
          {design_1_i/ps7_0_axi_periph/m07_couplers/auto_cc/inst/gen_clock_conv.gen_async_lite_conv.clock_conv_lite_fwd_ar/handshake/dest_hsdata_ff_reg[4]} \
          {design_1_i/ps7_0_axi_periph/m07_couplers/auto_cc/inst/gen_clock_conv.gen_async_lite_conv.clock_conv_lite_fwd_ar/handshake/dest_hsdata_ff_reg[5]}]] 20.202
Requirement: 20.202ns
Endpoints: 18

From Clock            To Clock              Endpoint Pin                    Reference Pin                   Corner  Actual(ns)  Slack(ns)
--------------------  --------------------  ------------------------------  ------------------------------  ------  ----------  ---------
clk_fpga_0            clk_out1_design_1_clk_wiz_0_0_1
                                            design_1_i/ps7_0_axi_periph/m07_couplers/auto_cc/inst/gen_clock_conv.gen_async_lite_conv.clock_conv_lite_fwd_ar/handshake/dest_hsdata_ff_reg[0]/D
                                                                            design_1_i/ps7_0_axi_periph/m07_couplers/auto_cc/inst/gen_clock_conv.gen_async_lite_conv.clock_conv_lite_fwd_ar/handshake/dest_hsdata_ff_reg[1]/D
                                                                                                            Slow         1.201     19.001


Slack (MET) :             19.001ns  (requirement - actual skew)
  Endpoint Source:        design_1_i/ps7_0_axi_periph/m07_couplers/auto_cc/inst/gen_clock_conv.gen_async_lite_conv.clock_conv_lite_fwd_ar/handshake/src_hsdata_ff_reg[0]/C
                            (rising edge-triggered cell FDRE clocked by clk_fpga_0)
  Endpoint Destination:   design_1_i/ps7_0_axi_periph/m07_couplers/auto_cc/inst/gen_clock_conv.gen_async_lite_conv.clock_conv_lite_fwd_ar/handshake/dest_hsdata_ff_reg[0]/D
                            (rising edge-triggered cell FDRE clocked by clk_out1_design_1_clk_wiz_0_0_1)
  Reference Source:       design_1_i/ps7_0_axi_periph/m07_couplers/auto_cc/inst/gen_clock_conv.gen_async_lite_conv.clock_conv_lite_fwd_ar/handshake/src_hsdata_ff_reg[1]/C
                            (rising edge-triggered cell FDRE clocked by clk_fpga_0)
  Reference Destination:  design_1_i/ps7_0_axi_periph/m07_couplers/auto_cc/inst/gen_clock_conv.gen_async_lite_conv.clock_conv_lite_fwd_ar/handshake/dest_hsdata_ff_reg[1]/D
                            (rising edge-triggered cell FDRE clocked by clk_out1_design_1_clk_wiz_0_0_1)
  Path Type:              Bus Skew (Max at Slow Process Corner)
  Requirement:            20.202ns
  Endpoint Relative Delay:    6.062ns
  Reference Relative Delay:   4.361ns
  Relative CRPR:              0.797ns
  Uncertainty:                0.298ns
  Actual Bus Skew:            1.201ns  (Endpoint Relative Delay - Reference Relative Delay - Relative CRPR + Uncertainty)

Endpoint path:
    Location             Delay type                Incr(ns)  Path(ns)    Netlist Resource(s)
  -------------------------------------------------------------------    -------------------
                         (clock clk_fpga_0 rise edge)
                                                      0.000     0.000 r  
    PS7_X0Y0             PS7                          0.000     0.000 r  design_1_i/processing_system7_0/inst/PS7_i/FCLKCLK[0]
                         net (fo=1, routed)           1.193     1.193    design_1_i/processing_system7_0/inst/FCLK_CLK_unbuffered[0]
    BUFGCTRL_X0Y18       BUFG (Prop_bufg_I_O)         0.101     1.294 r  design_1_i/processing_system7_0/inst/buffer_fclk_clk_0.FCLK_CLK_0_BUFG/O
                         net (fo=4711, routed)        1.736     3.030    design_1_i/ps7_0_axi_periph/m07_couplers/auto_cc/inst/gen_clock_conv.gen_async_lite_conv.clock_conv_lite_fwd_ar/handshake/src_clk
    SLICE_X31Y18         FDRE                                         r  design_1_i/ps7_0_axi_periph/m07_couplers/auto_cc/inst/gen_clock_conv.gen_async_lite_conv.clock_conv_lite_fwd_ar/handshake/src_hsdata_ff_reg[0]/C
  -------------------------------------------------------------------    -------------------
    SLICE_X31Y18         FDRE (Prop_fdre_C_Q)         0.456     3.486 r  design_1_i/ps7_0_axi_periph/m07_couplers/auto_cc/inst/gen_clock_conv.gen_async_lite_conv.clock_conv_lite_fwd_ar/handshake/src_hsdata_ff_reg[0]/Q
                         net (fo=1, routed)           0.767     4.253    design_1_i/ps7_0_axi_periph/m07_couplers/auto_cc/inst/gen_clock_conv.gen_async_lite_conv.clock_conv_lite_fwd_ar/handshake/src_hsdata_ff[0]
    SLICE_X31Y17         FDRE                                         r  design_1_i/ps7_0_axi_periph/m07_couplers/auto_cc/inst/gen_clock_conv.gen_async_lite_conv.clock_conv_lite_fwd_ar/handshake/dest_hsdata_ff_reg[0]/D
  -------------------------------------------------------------------    -------------------

                         (clock clk_out1_design_1_clk_wiz_0_0_1 rise edge)
                                                      0.000     0.000 r  
    L18                                               0.000     0.000 r  fmc_imageon_vclk (IN)
                         net (fo=0)                   0.000     0.000    design_1_i/clk_wiz_0/inst/clk_in1
    L18                  IBUF (Prop_ibuf_I_O)         1.244     1.244 r  design_1_i/clk_wiz_0/inst/clkin1_ibufg/O
                         net (fo=1, routed)           1.162     2.406    design_1_i/clk_wiz_0/inst/clk_in1_design_1_clk_wiz_0_0
    MMCME2_ADV_X1Y1      MMCME2_ADV (Prop_mmcme2_adv_CLKIN1_CLKOUT0)
                                                     -7.500    -5.093 r  design_1_i/clk_wiz_0/inst/mmcm_adv_inst/CLKOUT0
                         net (fo=1, routed)           1.725    -3.368    design_1_i/clk_wiz_0/inst/clk_out1_design_1_clk_wiz_0_0
    BUFGCTRL_X0Y16       BUFG (Prop_bufg_I_O)         0.091    -3.277 r  design_1_i/clk_wiz_0/inst/clkout1_buf/O
                         net (fo=15835, routed)       1.563    -1.714    design_1_i/ps7_0_axi_periph/m07_couplers/auto_cc/inst/gen_clock_conv.gen_async_lite_conv.clock_conv_lite_fwd_ar/handshake/dest_clk
    SLICE_X31Y17         FDRE                                         r  design_1_i/ps7_0_axi_periph/m07_couplers/auto_cc/inst/gen_clock_conv.gen_async_lite_conv.clock_conv_lite_fwd_ar/handshake/dest_hsdata_ff_reg[0]/C
                         clock pessimism              0.000    -1.714    
    SLICE_X31Y17         FDRE (Setup_fdre_C_D)       -0.095    -1.809    design_1_i/ps7_0_axi_periph/m07_couplers/auto_cc/inst/gen_clock_conv.gen_async_lite_conv.clock_conv_lite_fwd_ar/handshake/dest_hsdata_ff_reg[0]
  -------------------------------------------------------------------
                         data arrival                           4.253    
                         clock arrival                         -1.809    
  -------------------------------------------------------------------
                         relative delay                         6.062    

Reference path:
    Location             Delay type                Incr(ns)  Path(ns)    Netlist Resource(s)
  -------------------------------------------------------------------    -------------------
                         (clock clk_fpga_0 rise edge)
                                                      0.000     0.000 r  
    PS7_X0Y0             PS7                          0.000     0.000 r  design_1_i/processing_system7_0/inst/PS7_i/FCLKCLK[0]
                         net (fo=1, routed)           1.088     1.088    design_1_i/processing_system7_0/inst/FCLK_CLK_unbuffered[0]
    BUFGCTRL_X0Y18       BUFG (Prop_bufg_I_O)         0.091     1.179 r  design_1_i/processing_system7_0/inst/buffer_fclk_clk_0.FCLK_CLK_0_BUFG/O
                         net (fo=4711, routed)        1.485     2.664    design_1_i/ps7_0_axi_periph/m07_couplers/auto_cc/inst/gen_clock_conv.gen_async_lite_conv.clock_conv_lite_fwd_ar/handshake/src_clk
    SLICE_X35Y20         FDRE                                         r  design_1_i/ps7_0_axi_periph/m07_couplers/auto_cc/inst/gen_clock_conv.gen_async_lite_conv.clock_conv_lite_fwd_ar/handshake/src_hsdata_ff_reg[1]/C
  -------------------------------------------------------------------    -------------------
    SLICE_X35Y20         FDRE (Prop_fdre_C_Q)         0.367     3.031 r  design_1_i/ps7_0_axi_periph/m07_couplers/auto_cc/inst/gen_clock_conv.gen_async_lite_conv.clock_conv_lite_fwd_ar/handshake/src_hsdata_ff_reg[1]/Q
                         net (fo=1, routed)           0.405     3.437    design_1_i/ps7_0_axi_periph/m07_couplers/auto_cc/inst/gen_clock_conv.gen_async_lite_conv.clock_conv_lite_fwd_ar/handshake/src_hsdata_ff[1]
    SLICE_X32Y19         FDRE                                         r  design_1_i/ps7_0_axi_periph/m07_couplers/auto_cc/inst/gen_clock_conv.gen_async_lite_conv.clock_conv_lite_fwd_ar/handshake/dest_hsdata_ff_reg[1]/D
  -------------------------------------------------------------------    -------------------

                         (clock clk_out1_design_1_clk_wiz_0_0_1 rise edge)
                                                      0.000     0.000 r  
    L18                                               0.000     0.000 r  fmc_imageon_vclk (IN)
                         net (fo=0)                   0.000     0.000    design_1_i/clk_wiz_0/inst/clk_in1
    L18                  IBUF (Prop_ibuf_I_O)         1.307     1.307 r  design_1_i/clk_wiz_0/inst/clkin1_ibufg/O
                         net (fo=1, routed)           1.285     2.592    design_1_i/clk_wiz_0/inst/clk_in1_design_1_clk_wiz_0_0
    MMCME2_ADV_X1Y1      MMCME2_ADV (Prop_mmcme2_adv_CLKIN1_CLKOUT0)
                                                     -7.406    -4.814 r  design_1_i/clk_wiz_0/inst/mmcm_adv_inst/CLKOUT0
                         net (fo=1, routed)           1.889    -2.925    design_1_i/clk_wiz_0/inst/clk_out1_design_1_clk_wiz_0_0
    BUFGCTRL_X0Y16       BUFG (Prop_bufg_I_O)         0.101    -2.824 r  design_1_i/clk_wiz_0/inst/clkout1_buf/O
                         net (fo=15835, routed)       1.657    -1.167    design_1_i/ps7_0_axi_periph/m07_couplers/auto_cc/inst/gen_clock_conv.gen_async_lite_conv.clock_conv_lite_fwd_ar/handshake/dest_clk
    SLICE_X32Y19         FDRE                                         r  design_1_i/ps7_0_axi_periph/m07_couplers/auto_cc/inst/gen_clock_conv.gen_async_lite_conv.clock_conv_lite_fwd_ar/handshake/dest_hsdata_ff_reg[1]/C
                         clock pessimism              0.000    -1.167    
    SLICE_X32Y19         FDRE (Hold_fdre_C_D)         0.243    -0.924    design_1_i/ps7_0_axi_periph/m07_couplers/auto_cc/inst/gen_clock_conv.gen_async_lite_conv.clock_conv_lite_fwd_ar/handshake/dest_hsdata_ff_reg[1]
  -------------------------------------------------------------------
                         data arrival                           3.437    
                         clock arrival                         -0.924    
  -------------------------------------------------------------------
                         relative delay                         4.361    



Id: 11
set_bus_skew -from [get_cells [list {design_1_i/ps7_0_axi_periph/m07_couplers/auto_cc/inst/gen_clock_conv.gen_async_lite_conv.clock_conv_lite_fwd_w/handshake/src_hsdata_ff_reg[0]} \
          {design_1_i/ps7_0_axi_periph/m07_couplers/auto_cc/inst/gen_clock_conv.gen_async_lite_conv.clock_conv_lite_fwd_w/handshake/src_hsdata_ff_reg[10]} \
          {design_1_i/ps7_0_axi_periph/m07_couplers/auto_cc/inst/gen_clock_conv.gen_async_lite_conv.clock_conv_lite_fwd_w/handshake/src_hsdata_ff_reg[11]} \
          {design_1_i/ps7_0_axi_periph/m07_couplers/auto_cc/inst/gen_clock_conv.gen_async_lite_conv.clock_conv_lite_fwd_w/handshake/src_hsdata_ff_reg[12]} \
          {design_1_i/ps7_0_axi_periph/m07_couplers/auto_cc/inst/gen_clock_conv.gen_async_lite_conv.clock_conv_lite_fwd_w/handshake/src_hsdata_ff_reg[13]} \
          {design_1_i/ps7_0_axi_periph/m07_couplers/auto_cc/inst/gen_clock_conv.gen_async_lite_conv.clock_conv_lite_fwd_w/handshake/src_hsdata_ff_reg[14]} \
          {design_1_i/ps7_0_axi_periph/m07_couplers/auto_cc/inst/gen_clock_conv.gen_async_lite_conv.clock_conv_lite_fwd_w/handshake/src_hsdata_ff_reg[15]} \
          {design_1_i/ps7_0_axi_periph/m07_couplers/auto_cc/inst/gen_clock_conv.gen_async_lite_conv.clock_conv_lite_fwd_w/handshake/src_hsdata_ff_reg[16]} \
          {design_1_i/ps7_0_axi_periph/m07_couplers/auto_cc/inst/gen_clock_conv.gen_async_lite_conv.clock_conv_lite_fwd_w/handshake/src_hsdata_ff_reg[17]} \
          {design_1_i/ps7_0_axi_periph/m07_couplers/auto_cc/inst/gen_clock_conv.gen_async_lite_conv.clock_conv_lite_fwd_w/handshake/src_hsdata_ff_reg[18]} \
          {design_1_i/ps7_0_axi_periph/m07_couplers/auto_cc/inst/gen_clock_conv.gen_async_lite_conv.clock_conv_lite_fwd_w/handshake/src_hsdata_ff_reg[19]} \
          {design_1_i/ps7_0_axi_periph/m07_couplers/auto_cc/inst/gen_clock_conv.gen_async_lite_conv.clock_conv_lite_fwd_w/handshake/src_hsdata_ff_reg[1]} \
          {design_1_i/ps7_0_axi_periph/m07_couplers/auto_cc/inst/gen_clock_conv.gen_async_lite_conv.clock_conv_lite_fwd_w/handshake/src_hsdata_ff_reg[20]} \
          {design_1_i/ps7_0_axi_periph/m07_couplers/auto_cc/inst/gen_clock_conv.gen_async_lite_conv.clock_conv_lite_fwd_w/handshake/src_hsdata_ff_reg[21]} \
          {design_1_i/ps7_0_axi_periph/m07_couplers/auto_cc/inst/gen_clock_conv.gen_async_lite_conv.clock_conv_lite_fwd_w/handshake/src_hsdata_ff_reg[22]} \
          {design_1_i/ps7_0_axi_periph/m07_couplers/auto_cc/inst/gen_clock_conv.gen_async_lite_conv.clock_conv_lite_fwd_w/handshake/src_hsdata_ff_reg[23]} \
          {design_1_i/ps7_0_axi_periph/m07_couplers/auto_cc/inst/gen_clock_conv.gen_async_lite_conv.clock_conv_lite_fwd_w/handshake/src_hsdata_ff_reg[24]} \
          {design_1_i/ps7_0_axi_periph/m07_couplers/auto_cc/inst/gen_clock_conv.gen_async_lite_conv.clock_conv_lite_fwd_w/handshake/src_hsdata_ff_reg[25]} \
          {design_1_i/ps7_0_axi_periph/m07_couplers/auto_cc/inst/gen_clock_conv.gen_async_lite_conv.clock_conv_lite_fwd_w/handshake/src_hsdata_ff_reg[26]} \
          {design_1_i/ps7_0_axi_periph/m07_couplers/auto_cc/inst/gen_clock_conv.gen_async_lite_conv.clock_conv_lite_fwd_w/handshake/src_hsdata_ff_reg[27]} \
          {design_1_i/ps7_0_axi_periph/m07_couplers/auto_cc/inst/gen_clock_conv.gen_async_lite_conv.clock_conv_lite_fwd_w/handshake/src_hsdata_ff_reg[28]} \
          {design_1_i/ps7_0_axi_periph/m07_couplers/auto_cc/inst/gen_clock_conv.gen_async_lite_conv.clock_conv_lite_fwd_w/handshake/src_hsdata_ff_reg[29]} \
          {design_1_i/ps7_0_axi_periph/m07_couplers/auto_cc/inst/gen_clock_conv.gen_async_lite_conv.clock_conv_lite_fwd_w/handshake/src_hsdata_ff_reg[2]} \
          {design_1_i/ps7_0_axi_periph/m07_couplers/auto_cc/inst/gen_clock_conv.gen_async_lite_conv.clock_conv_lite_fwd_w/handshake/src_hsdata_ff_reg[30]} \
          {design_1_i/ps7_0_axi_periph/m07_couplers/auto_cc/inst/gen_clock_conv.gen_async_lite_conv.clock_conv_lite_fwd_w/handshake/src_hsdata_ff_reg[31]} \
          {design_1_i/ps7_0_axi_periph/m07_couplers/auto_cc/inst/gen_clock_conv.gen_async_lite_conv.clock_conv_lite_fwd_w/handshake/src_hsdata_ff_reg[32]} \
          {design_1_i/ps7_0_axi_periph/m07_couplers/auto_cc/inst/gen_clock_conv.gen_async_lite_conv.clock_conv_lite_fwd_w/handshake/src_hsdata_ff_reg[33]} \
          {design_1_i/ps7_0_axi_periph/m07_couplers/auto_cc/inst/gen_clock_conv.gen_async_lite_conv.clock_conv_lite_fwd_w/handshake/src_hsdata_ff_reg[34]} \
          {design_1_i/ps7_0_axi_periph/m07_couplers/auto_cc/inst/gen_clock_conv.gen_async_lite_conv.clock_conv_lite_fwd_w/handshake/src_hsdata_ff_reg[35]} \
          {design_1_i/ps7_0_axi_periph/m07_couplers/auto_cc/inst/gen_clock_conv.gen_async_lite_conv.clock_conv_lite_fwd_w/handshake/src_hsdata_ff_reg[3]} \
          {design_1_i/ps7_0_axi_periph/m07_couplers/auto_cc/inst/gen_clock_conv.gen_async_lite_conv.clock_conv_lite_fwd_w/handshake/src_hsdata_ff_reg[4]} \
          {design_1_i/ps7_0_axi_periph/m07_couplers/auto_cc/inst/gen_clock_conv.gen_async_lite_conv.clock_conv_lite_fwd_w/handshake/src_hsdata_ff_reg[5]} \
          {design_1_i/ps7_0_axi_periph/m07_couplers/auto_cc/inst/gen_clock_conv.gen_async_lite_conv.clock_conv_lite_fwd_w/handshake/src_hsdata_ff_reg[6]} \
          {design_1_i/ps7_0_axi_periph/m07_couplers/auto_cc/inst/gen_clock_conv.gen_async_lite_conv.clock_conv_lite_fwd_w/handshake/src_hsdata_ff_reg[7]} \
          {design_1_i/ps7_0_axi_periph/m07_couplers/auto_cc/inst/gen_clock_conv.gen_async_lite_conv.clock_conv_lite_fwd_w/handshake/src_hsdata_ff_reg[8]} \
          {design_1_i/ps7_0_axi_periph/m07_couplers/auto_cc/inst/gen_clock_conv.gen_async_lite_conv.clock_conv_lite_fwd_w/handshake/src_hsdata_ff_reg[9]}]] -to [get_cells [list {design_1_i/ps7_0_axi_periph/m07_couplers/auto_cc/inst/gen_clock_conv.gen_async_lite_conv.clock_conv_lite_fwd_w/handshake/dest_hsdata_ff_reg[0]} \
          {design_1_i/ps7_0_axi_periph/m07_couplers/auto_cc/inst/gen_clock_conv.gen_async_lite_conv.clock_conv_lite_fwd_w/handshake/dest_hsdata_ff_reg[10]} \
          {design_1_i/ps7_0_axi_periph/m07_couplers/auto_cc/inst/gen_clock_conv.gen_async_lite_conv.clock_conv_lite_fwd_w/handshake/dest_hsdata_ff_reg[11]} \
          {design_1_i/ps7_0_axi_periph/m07_couplers/auto_cc/inst/gen_clock_conv.gen_async_lite_conv.clock_conv_lite_fwd_w/handshake/dest_hsdata_ff_reg[12]} \
          {design_1_i/ps7_0_axi_periph/m07_couplers/auto_cc/inst/gen_clock_conv.gen_async_lite_conv.clock_conv_lite_fwd_w/handshake/dest_hsdata_ff_reg[13]} \
          {design_1_i/ps7_0_axi_periph/m07_couplers/auto_cc/inst/gen_clock_conv.gen_async_lite_conv.clock_conv_lite_fwd_w/handshake/dest_hsdata_ff_reg[14]} \
          {design_1_i/ps7_0_axi_periph/m07_couplers/auto_cc/inst/gen_clock_conv.gen_async_lite_conv.clock_conv_lite_fwd_w/handshake/dest_hsdata_ff_reg[15]} \
          {design_1_i/ps7_0_axi_periph/m07_couplers/auto_cc/inst/gen_clock_conv.gen_async_lite_conv.clock_conv_lite_fwd_w/handshake/dest_hsdata_ff_reg[16]} \
          {design_1_i/ps7_0_axi_periph/m07_couplers/auto_cc/inst/gen_clock_conv.gen_async_lite_conv.clock_conv_lite_fwd_w/handshake/dest_hsdata_ff_reg[17]} \
          {design_1_i/ps7_0_axi_periph/m07_couplers/auto_cc/inst/gen_clock_conv.gen_async_lite_conv.clock_conv_lite_fwd_w/handshake/dest_hsdata_ff_reg[18]} \
          {design_1_i/ps7_0_axi_periph/m07_couplers/auto_cc/inst/gen_clock_conv.gen_async_lite_conv.clock_conv_lite_fwd_w/handshake/dest_hsdata_ff_reg[19]} \
          {design_1_i/ps7_0_axi_periph/m07_couplers/auto_cc/inst/gen_clock_conv.gen_async_lite_conv.clock_conv_lite_fwd_w/handshake/dest_hsdata_ff_reg[1]} \
          {design_1_i/ps7_0_axi_periph/m07_couplers/auto_cc/inst/gen_clock_conv.gen_async_lite_conv.clock_conv_lite_fwd_w/handshake/dest_hsdata_ff_reg[20]} \
          {design_1_i/ps7_0_axi_periph/m07_couplers/auto_cc/inst/gen_clock_conv.gen_async_lite_conv.clock_conv_lite_fwd_w/handshake/dest_hsdata_ff_reg[21]} \
          {design_1_i/ps7_0_axi_periph/m07_couplers/auto_cc/inst/gen_clock_conv.gen_async_lite_conv.clock_conv_lite_fwd_w/handshake/dest_hsdata_ff_reg[22]} \
          {design_1_i/ps7_0_axi_periph/m07_couplers/auto_cc/inst/gen_clock_conv.gen_async_lite_conv.clock_conv_lite_fwd_w/handshake/dest_hsdata_ff_reg[23]} \
          {design_1_i/ps7_0_axi_periph/m07_couplers/auto_cc/inst/gen_clock_conv.gen_async_lite_conv.clock_conv_lite_fwd_w/handshake/dest_hsdata_ff_reg[24]} \
          {design_1_i/ps7_0_axi_periph/m07_couplers/auto_cc/inst/gen_clock_conv.gen_async_lite_conv.clock_conv_lite_fwd_w/handshake/dest_hsdata_ff_reg[25]} \
          {design_1_i/ps7_0_axi_periph/m07_couplers/auto_cc/inst/gen_clock_conv.gen_async_lite_conv.clock_conv_lite_fwd_w/handshake/dest_hsdata_ff_reg[26]} \
          {design_1_i/ps7_0_axi_periph/m07_couplers/auto_cc/inst/gen_clock_conv.gen_async_lite_conv.clock_conv_lite_fwd_w/handshake/dest_hsdata_ff_reg[27]} \
          {design_1_i/ps7_0_axi_periph/m07_couplers/auto_cc/inst/gen_clock_conv.gen_async_lite_conv.clock_conv_lite_fwd_w/handshake/dest_hsdata_ff_reg[28]} \
          {design_1_i/ps7_0_axi_periph/m07_couplers/auto_cc/inst/gen_clock_conv.gen_async_lite_conv.clock_conv_lite_fwd_w/handshake/dest_hsdata_ff_reg[29]} \
          {design_1_i/ps7_0_axi_periph/m07_couplers/auto_cc/inst/gen_clock_conv.gen_async_lite_conv.clock_conv_lite_fwd_w/handshake/dest_hsdata_ff_reg[2]} \
          {design_1_i/ps7_0_axi_periph/m07_couplers/auto_cc/inst/gen_clock_conv.gen_async_lite_conv.clock_conv_lite_fwd_w/handshake/dest_hsdata_ff_reg[30]} \
          {design_1_i/ps7_0_axi_periph/m07_couplers/auto_cc/inst/gen_clock_conv.gen_async_lite_conv.clock_conv_lite_fwd_w/handshake/dest_hsdata_ff_reg[31]} \
          {design_1_i/ps7_0_axi_periph/m07_couplers/auto_cc/inst/gen_clock_conv.gen_async_lite_conv.clock_conv_lite_fwd_w/handshake/dest_hsdata_ff_reg[32]} \
          {design_1_i/ps7_0_axi_periph/m07_couplers/auto_cc/inst/gen_clock_conv.gen_async_lite_conv.clock_conv_lite_fwd_w/handshake/dest_hsdata_ff_reg[33]} \
          {design_1_i/ps7_0_axi_periph/m07_couplers/auto_cc/inst/gen_clock_conv.gen_async_lite_conv.clock_conv_lite_fwd_w/handshake/dest_hsdata_ff_reg[34]} \
          {design_1_i/ps7_0_axi_periph/m07_couplers/auto_cc/inst/gen_clock_conv.gen_async_lite_conv.clock_conv_lite_fwd_w/handshake/dest_hsdata_ff_reg[35]} \
          {design_1_i/ps7_0_axi_periph/m07_couplers/auto_cc/inst/gen_clock_conv.gen_async_lite_conv.clock_conv_lite_fwd_w/handshake/dest_hsdata_ff_reg[3]} \
          {design_1_i/ps7_0_axi_periph/m07_couplers/auto_cc/inst/gen_clock_conv.gen_async_lite_conv.clock_conv_lite_fwd_w/handshake/dest_hsdata_ff_reg[4]} \
          {design_1_i/ps7_0_axi_periph/m07_couplers/auto_cc/inst/gen_clock_conv.gen_async_lite_conv.clock_conv_lite_fwd_w/handshake/dest_hsdata_ff_reg[5]} \
          {design_1_i/ps7_0_axi_periph/m07_couplers/auto_cc/inst/gen_clock_conv.gen_async_lite_conv.clock_conv_lite_fwd_w/handshake/dest_hsdata_ff_reg[6]} \
          {design_1_i/ps7_0_axi_periph/m07_couplers/auto_cc/inst/gen_clock_conv.gen_async_lite_conv.clock_conv_lite_fwd_w/handshake/dest_hsdata_ff_reg[7]} \
          {design_1_i/ps7_0_axi_periph/m07_couplers/auto_cc/inst/gen_clock_conv.gen_async_lite_conv.clock_conv_lite_fwd_w/handshake/dest_hsdata_ff_reg[8]} \
          {design_1_i/ps7_0_axi_periph/m07_couplers/auto_cc/inst/gen_clock_conv.gen_async_lite_conv.clock_conv_lite_fwd_w/handshake/dest_hsdata_ff_reg[9]}]] 20.202
Requirement: 20.202ns
Endpoints: 36

From Clock            To Clock              Endpoint Pin                    Reference Pin                   Corner  Actual(ns)  Slack(ns)
--------------------  --------------------  ------------------------------  ------------------------------  ------  ----------  ---------
clk_fpga_0            clk_out1_design_1_clk_wiz_0_0_1
                                            design_1_i/ps7_0_axi_periph/m07_couplers/auto_cc/inst/gen_clock_conv.gen_async_lite_conv.clock_conv_lite_fwd_w/handshake/dest_hsdata_ff_reg[20]/D
                                                                            design_1_i/ps7_0_axi_periph/m07_couplers/auto_cc/inst/gen_clock_conv.gen_async_lite_conv.clock_conv_lite_fwd_w/handshake/dest_hsdata_ff_reg[31]/D
                                                                                                            Slow         1.492     18.710


Slack (MET) :             18.710ns  (requirement - actual skew)
  Endpoint Source:        design_1_i/ps7_0_axi_periph/m07_couplers/auto_cc/inst/gen_clock_conv.gen_async_lite_conv.clock_conv_lite_fwd_w/handshake/src_hsdata_ff_reg[20]/C
                            (rising edge-triggered cell FDRE clocked by clk_fpga_0)
  Endpoint Destination:   design_1_i/ps7_0_axi_periph/m07_couplers/auto_cc/inst/gen_clock_conv.gen_async_lite_conv.clock_conv_lite_fwd_w/handshake/dest_hsdata_ff_reg[20]/D
                            (rising edge-triggered cell FDRE clocked by clk_out1_design_1_clk_wiz_0_0_1)
  Reference Source:       design_1_i/ps7_0_axi_periph/m07_couplers/auto_cc/inst/gen_clock_conv.gen_async_lite_conv.clock_conv_lite_fwd_w/handshake/src_hsdata_ff_reg[31]/C
                            (rising edge-triggered cell FDRE clocked by clk_fpga_0)
  Reference Destination:  design_1_i/ps7_0_axi_periph/m07_couplers/auto_cc/inst/gen_clock_conv.gen_async_lite_conv.clock_conv_lite_fwd_w/handshake/dest_hsdata_ff_reg[31]/D
                            (rising edge-triggered cell FDRE clocked by clk_out1_design_1_clk_wiz_0_0_1)
  Path Type:              Bus Skew (Max at Slow Process Corner)
  Requirement:            20.202ns
  Endpoint Relative Delay:    6.271ns
  Reference Relative Delay:   4.394ns
  Relative CRPR:              0.683ns
  Uncertainty:                0.298ns
  Actual Bus Skew:            1.492ns  (Endpoint Relative Delay - Reference Relative Delay - Relative CRPR + Uncertainty)

Endpoint path:
    Location             Delay type                Incr(ns)  Path(ns)    Netlist Resource(s)
  -------------------------------------------------------------------    -------------------
                         (clock clk_fpga_0 rise edge)
                                                      0.000     0.000 r  
    PS7_X0Y0             PS7                          0.000     0.000 r  design_1_i/processing_system7_0/inst/PS7_i/FCLKCLK[0]
                         net (fo=1, routed)           1.193     1.193    design_1_i/processing_system7_0/inst/FCLK_CLK_unbuffered[0]
    BUFGCTRL_X0Y18       BUFG (Prop_bufg_I_O)         0.101     1.294 r  design_1_i/processing_system7_0/inst/buffer_fclk_clk_0.FCLK_CLK_0_BUFG/O
                         net (fo=4711, routed)        1.652     2.946    design_1_i/ps7_0_axi_periph/m07_couplers/auto_cc/inst/gen_clock_conv.gen_async_lite_conv.clock_conv_lite_fwd_w/handshake/src_clk
    SLICE_X34Y53         FDRE                                         r  design_1_i/ps7_0_axi_periph/m07_couplers/auto_cc/inst/gen_clock_conv.gen_async_lite_conv.clock_conv_lite_fwd_w/handshake/src_hsdata_ff_reg[20]/C
  -------------------------------------------------------------------    -------------------
    SLICE_X34Y53         FDRE (Prop_fdre_C_Q)         0.478     3.424 r  design_1_i/ps7_0_axi_periph/m07_couplers/auto_cc/inst/gen_clock_conv.gen_async_lite_conv.clock_conv_lite_fwd_w/handshake/src_hsdata_ff_reg[20]/Q
                         net (fo=1, routed)           0.845     4.269    design_1_i/ps7_0_axi_periph/m07_couplers/auto_cc/inst/gen_clock_conv.gen_async_lite_conv.clock_conv_lite_fwd_w/handshake/src_hsdata_ff[20]
    SLICE_X32Y44         FDRE                                         r  design_1_i/ps7_0_axi_periph/m07_couplers/auto_cc/inst/gen_clock_conv.gen_async_lite_conv.clock_conv_lite_fwd_w/handshake/dest_hsdata_ff_reg[20]/D
  -------------------------------------------------------------------    -------------------

                         (clock clk_out1_design_1_clk_wiz_0_0_1 rise edge)
                                                      0.000     0.000 r  
    L18                                               0.000     0.000 r  fmc_imageon_vclk (IN)
                         net (fo=0)                   0.000     0.000    design_1_i/clk_wiz_0/inst/clk_in1
    L18                  IBUF (Prop_ibuf_I_O)         1.244     1.244 r  design_1_i/clk_wiz_0/inst/clkin1_ibufg/O
                         net (fo=1, routed)           1.162     2.406    design_1_i/clk_wiz_0/inst/clk_in1_design_1_clk_wiz_0_0
    MMCME2_ADV_X1Y1      MMCME2_ADV (Prop_mmcme2_adv_CLKIN1_CLKOUT0)
                                                     -7.500    -5.093 r  design_1_i/clk_wiz_0/inst/mmcm_adv_inst/CLKOUT0
                         net (fo=1, routed)           1.725    -3.368    design_1_i/clk_wiz_0/inst/clk_out1_design_1_clk_wiz_0_0
    BUFGCTRL_X0Y16       BUFG (Prop_bufg_I_O)         0.091    -3.277 r  design_1_i/clk_wiz_0/inst/clkout1_buf/O
                         net (fo=15835, routed)       1.495    -1.782    design_1_i/ps7_0_axi_periph/m07_couplers/auto_cc/inst/gen_clock_conv.gen_async_lite_conv.clock_conv_lite_fwd_w/handshake/dest_clk
    SLICE_X32Y44         FDRE                                         r  design_1_i/ps7_0_axi_periph/m07_couplers/auto_cc/inst/gen_clock_conv.gen_async_lite_conv.clock_conv_lite_fwd_w/handshake/dest_hsdata_ff_reg[20]/C
                         clock pessimism              0.000    -1.782    
    SLICE_X32Y44         FDRE (Setup_fdre_C_D)       -0.220    -2.002    design_1_i/ps7_0_axi_periph/m07_couplers/auto_cc/inst/gen_clock_conv.gen_async_lite_conv.clock_conv_lite_fwd_w/handshake/dest_hsdata_ff_reg[20]
  -------------------------------------------------------------------
                         data arrival                           4.269    
                         clock arrival                         -2.002    
  -------------------------------------------------------------------
                         relative delay                         6.271    

Reference path:
    Location             Delay type                Incr(ns)  Path(ns)    Netlist Resource(s)
  -------------------------------------------------------------------    -------------------
                         (clock clk_fpga_0 rise edge)
                                                      0.000     0.000 r  
    PS7_X0Y0             PS7                          0.000     0.000 r  design_1_i/processing_system7_0/inst/PS7_i/FCLKCLK[0]
                         net (fo=1, routed)           1.088     1.088    design_1_i/processing_system7_0/inst/FCLK_CLK_unbuffered[0]
    BUFGCTRL_X0Y18       BUFG (Prop_bufg_I_O)         0.091     1.179 r  design_1_i/processing_system7_0/inst/buffer_fclk_clk_0.FCLK_CLK_0_BUFG/O
                         net (fo=4711, routed)        1.572     2.751    design_1_i/ps7_0_axi_periph/m07_couplers/auto_cc/inst/gen_clock_conv.gen_async_lite_conv.clock_conv_lite_fwd_w/handshake/src_clk
    SLICE_X29Y47         FDRE                                         r  design_1_i/ps7_0_axi_periph/m07_couplers/auto_cc/inst/gen_clock_conv.gen_async_lite_conv.clock_conv_lite_fwd_w/handshake/src_hsdata_ff_reg[31]/C
  -------------------------------------------------------------------    -------------------
    SLICE_X29Y47         FDRE (Prop_fdre_C_Q)         0.367     3.118 r  design_1_i/ps7_0_axi_periph/m07_couplers/auto_cc/inst/gen_clock_conv.gen_async_lite_conv.clock_conv_lite_fwd_w/handshake/src_hsdata_ff_reg[31]/Q
                         net (fo=1, routed)           0.395     3.513    design_1_i/ps7_0_axi_periph/m07_couplers/auto_cc/inst/gen_clock_conv.gen_async_lite_conv.clock_conv_lite_fwd_w/handshake/src_hsdata_ff[31]
    SLICE_X29Y45         FDRE                                         r  design_1_i/ps7_0_axi_periph/m07_couplers/auto_cc/inst/gen_clock_conv.gen_async_lite_conv.clock_conv_lite_fwd_w/handshake/dest_hsdata_ff_reg[31]/D
  -------------------------------------------------------------------    -------------------

                         (clock clk_out1_design_1_clk_wiz_0_0_1 rise edge)
                                                      0.000     0.000 r  
    L18                                               0.000     0.000 r  fmc_imageon_vclk (IN)
                         net (fo=0)                   0.000     0.000    design_1_i/clk_wiz_0/inst/clk_in1
    L18                  IBUF (Prop_ibuf_I_O)         1.307     1.307 r  design_1_i/clk_wiz_0/inst/clkin1_ibufg/O
                         net (fo=1, routed)           1.285     2.592    design_1_i/clk_wiz_0/inst/clk_in1_design_1_clk_wiz_0_0
    MMCME2_ADV_X1Y1      MMCME2_ADV (Prop_mmcme2_adv_CLKIN1_CLKOUT0)
                                                     -7.406    -4.814 r  design_1_i/clk_wiz_0/inst/mmcm_adv_inst/CLKOUT0
                         net (fo=1, routed)           1.889    -2.925    design_1_i/clk_wiz_0/inst/clk_out1_design_1_clk_wiz_0_0
    BUFGCTRL_X0Y16       BUFG (Prop_bufg_I_O)         0.101    -2.824 r  design_1_i/clk_wiz_0/inst/clkout1_buf/O
                         net (fo=15835, routed)       1.747    -1.077    design_1_i/ps7_0_axi_periph/m07_couplers/auto_cc/inst/gen_clock_conv.gen_async_lite_conv.clock_conv_lite_fwd_w/handshake/dest_clk
    SLICE_X29Y45         FDRE                                         r  design_1_i/ps7_0_axi_periph/m07_couplers/auto_cc/inst/gen_clock_conv.gen_async_lite_conv.clock_conv_lite_fwd_w/handshake/dest_hsdata_ff_reg[31]/C
                         clock pessimism              0.000    -1.077    
    SLICE_X29Y45         FDRE (Hold_fdre_C_D)         0.197    -0.880    design_1_i/ps7_0_axi_periph/m07_couplers/auto_cc/inst/gen_clock_conv.gen_async_lite_conv.clock_conv_lite_fwd_w/handshake/dest_hsdata_ff_reg[31]
  -------------------------------------------------------------------
                         data arrival                           3.513    
                         clock arrival                         -0.880    
  -------------------------------------------------------------------
                         relative delay                         4.394    



Id: 12
set_bus_skew -from [get_cells [list {design_1_i/ps7_0_axi_periph/m07_couplers/auto_cc/inst/gen_clock_conv.gen_async_lite_conv.clock_conv_lite_resp_b/handshake/src_hsdata_ff_reg[0]} {design_1_i/ps7_0_axi_periph/m07_couplers/auto_cc/inst/gen_clock_conv.gen_async_lite_conv.clock_conv_lite_resp_b/handshake/src_hsdata_ff_reg[1]}]] -to [get_cells [list {design_1_i/ps7_0_axi_periph/m07_couplers/auto_cc/inst/gen_clock_conv.gen_async_lite_conv.clock_conv_lite_resp_b/handshake/dest_hsdata_ff_reg[0]} {design_1_i/ps7_0_axi_periph/m07_couplers/auto_cc/inst/gen_clock_conv.gen_async_lite_conv.clock_conv_lite_resp_b/handshake/dest_hsdata_ff_reg[1]}]] 38.997
Requirement: 38.997ns
Endpoints: 2

From Clock            To Clock              Endpoint Pin                    Reference Pin                   Corner  Actual(ns)  Slack(ns)
--------------------  --------------------  ------------------------------  ------------------------------  ------  ----------  ---------
clk_out1_design_1_clk_wiz_0_0_1
                      clk_fpga_0            design_1_i/ps7_0_axi_periph/m07_couplers/auto_cc/inst/gen_clock_conv.gen_async_lite_conv.clock_conv_lite_resp_b/handshake/dest_hsdata_ff_reg[1]/D
                                                                            design_1_i/ps7_0_axi_periph/m07_couplers/auto_cc/inst/gen_clock_conv.gen_async_lite_conv.clock_conv_lite_resp_b/handshake/dest_hsdata_ff_reg[0]/D
                                                                                                            Slow         0.914     38.083


Slack (MET) :             38.083ns  (requirement - actual skew)
  Endpoint Source:        design_1_i/ps7_0_axi_periph/m07_couplers/auto_cc/inst/gen_clock_conv.gen_async_lite_conv.clock_conv_lite_resp_b/handshake/src_hsdata_ff_reg[1]/C
                            (rising edge-triggered cell FDRE clocked by clk_out1_design_1_clk_wiz_0_0_1)
  Endpoint Destination:   design_1_i/ps7_0_axi_periph/m07_couplers/auto_cc/inst/gen_clock_conv.gen_async_lite_conv.clock_conv_lite_resp_b/handshake/dest_hsdata_ff_reg[1]/D
                            (rising edge-triggered cell FDRE clocked by clk_fpga_0)
  Reference Source:       design_1_i/ps7_0_axi_periph/m07_couplers/auto_cc/inst/gen_clock_conv.gen_async_lite_conv.clock_conv_lite_resp_b/handshake/src_hsdata_ff_reg[0]/C
                            (rising edge-triggered cell FDRE clocked by clk_out1_design_1_clk_wiz_0_0_1)
  Reference Destination:  design_1_i/ps7_0_axi_periph/m07_couplers/auto_cc/inst/gen_clock_conv.gen_async_lite_conv.clock_conv_lite_resp_b/handshake/dest_hsdata_ff_reg[0]/D
                            (rising edge-triggered cell FDRE clocked by clk_fpga_0)
  Path Type:              Bus Skew (Max at Slow Process Corner)
  Requirement:            38.997ns
  Endpoint Relative Delay:   -1.941ns
  Reference Relative Delay:  -3.467ns
  Relative CRPR:              0.910ns
  Uncertainty:                0.298ns
  Actual Bus Skew:            0.914ns  (Endpoint Relative Delay - Reference Relative Delay - Relative CRPR + Uncertainty)

Endpoint path:
    Location             Delay type                Incr(ns)  Path(ns)    Netlist Resource(s)
  -------------------------------------------------------------------    -------------------
                         (clock clk_out1_design_1_clk_wiz_0_0_1 rise edge)
                                                      0.000     0.000 r  
    L18                                               0.000     0.000 r  fmc_imageon_vclk (IN)
                         net (fo=0)                   0.000     0.000    design_1_i/clk_wiz_0/inst/clk_in1
    L18                  IBUF (Prop_ibuf_I_O)         1.307     1.307 r  design_1_i/clk_wiz_0/inst/clkin1_ibufg/O
                         net (fo=1, routed)           1.285     2.592    design_1_i/clk_wiz_0/inst/clk_in1_design_1_clk_wiz_0_0
    MMCME2_ADV_X1Y1      MMCME2_ADV (Prop_mmcme2_adv_CLKIN1_CLKOUT0)
                                                     -7.406    -4.814 r  design_1_i/clk_wiz_0/inst/mmcm_adv_inst/CLKOUT0
                         net (fo=1, routed)           1.889    -2.925    design_1_i/clk_wiz_0/inst/clk_out1_design_1_clk_wiz_0_0
    BUFGCTRL_X0Y16       BUFG (Prop_bufg_I_O)         0.101    -2.824 r  design_1_i/clk_wiz_0/inst/clkout1_buf/O
                         net (fo=15835, routed)       1.649    -1.175    design_1_i/ps7_0_axi_periph/m07_couplers/auto_cc/inst/gen_clock_conv.gen_async_lite_conv.clock_conv_lite_resp_b/handshake/src_clk
    SLICE_X35Y24         FDRE                                         r  design_1_i/ps7_0_axi_periph/m07_couplers/auto_cc/inst/gen_clock_conv.gen_async_lite_conv.clock_conv_lite_resp_b/handshake/src_hsdata_ff_reg[1]/C
  -------------------------------------------------------------------    -------------------
    SLICE_X35Y24         FDRE (Prop_fdre_C_Q)         0.419    -0.756 r  design_1_i/ps7_0_axi_periph/m07_couplers/auto_cc/inst/gen_clock_conv.gen_async_lite_conv.clock_conv_lite_resp_b/handshake/src_hsdata_ff_reg[1]/Q
                         net (fo=2, routed)           1.235     0.479    design_1_i/ps7_0_axi_periph/m07_couplers/auto_cc/inst/gen_clock_conv.gen_async_lite_conv.clock_conv_lite_resp_b/handshake/src_hsdata_ff[1]
    SLICE_X41Y48         FDRE                                         r  design_1_i/ps7_0_axi_periph/m07_couplers/auto_cc/inst/gen_clock_conv.gen_async_lite_conv.clock_conv_lite_resp_b/handshake/dest_hsdata_ff_reg[1]/D
  -------------------------------------------------------------------    -------------------

                         (clock clk_fpga_0 rise edge)
                                                      0.000     0.000 r  
    PS7_X0Y0             PS7                          0.000     0.000 r  design_1_i/processing_system7_0/inst/PS7_i/FCLKCLK[0]
                         net (fo=1, routed)           1.088     1.088    design_1_i/processing_system7_0/inst/FCLK_CLK_unbuffered[0]
    BUFGCTRL_X0Y18       BUFG (Prop_bufg_I_O)         0.091     1.179 r  design_1_i/processing_system7_0/inst/buffer_fclk_clk_0.FCLK_CLK_0_BUFG/O
                         net (fo=4711, routed)        1.496     2.675    design_1_i/ps7_0_axi_periph/m07_couplers/auto_cc/inst/gen_clock_conv.gen_async_lite_conv.clock_conv_lite_resp_b/handshake/dest_clk
    SLICE_X41Y48         FDRE                                         r  design_1_i/ps7_0_axi_periph/m07_couplers/auto_cc/inst/gen_clock_conv.gen_async_lite_conv.clock_conv_lite_resp_b/handshake/dest_hsdata_ff_reg[1]/C
                         clock pessimism              0.000     2.675    
    SLICE_X41Y48         FDRE (Setup_fdre_C_D)       -0.256     2.419    design_1_i/ps7_0_axi_periph/m07_couplers/auto_cc/inst/gen_clock_conv.gen_async_lite_conv.clock_conv_lite_resp_b/handshake/dest_hsdata_ff_reg[1]
  -------------------------------------------------------------------
                         data arrival                           0.479    
                         clock arrival                          2.419    
  -------------------------------------------------------------------
                         relative delay                        -1.941    

Reference path:
    Location             Delay type                Incr(ns)  Path(ns)    Netlist Resource(s)
  -------------------------------------------------------------------    -------------------
                         (clock clk_out1_design_1_clk_wiz_0_0_1 rise edge)
                                                      0.000     0.000 r  
    L18                                               0.000     0.000 r  fmc_imageon_vclk (IN)
                         net (fo=0)                   0.000     0.000    design_1_i/clk_wiz_0/inst/clk_in1
    L18                  IBUF (Prop_ibuf_I_O)         1.244     1.244 r  design_1_i/clk_wiz_0/inst/clkin1_ibufg/O
                         net (fo=1, routed)           1.162     2.406    design_1_i/clk_wiz_0/inst/clk_in1_design_1_clk_wiz_0_0
    MMCME2_ADV_X1Y1      MMCME2_ADV (Prop_mmcme2_adv_CLKIN1_CLKOUT0)
                                                     -7.500    -5.093 r  design_1_i/clk_wiz_0/inst/mmcm_adv_inst/CLKOUT0
                         net (fo=1, routed)           1.725    -3.368    design_1_i/clk_wiz_0/inst/clk_out1_design_1_clk_wiz_0_0
    BUFGCTRL_X0Y16       BUFG (Prop_bufg_I_O)         0.091    -3.277 r  design_1_i/clk_wiz_0/inst/clkout1_buf/O
                         net (fo=15835, routed)       1.479    -1.798    design_1_i/ps7_0_axi_periph/m07_couplers/auto_cc/inst/gen_clock_conv.gen_async_lite_conv.clock_conv_lite_resp_b/handshake/src_clk
    SLICE_X35Y24         FDRE                                         r  design_1_i/ps7_0_axi_periph/m07_couplers/auto_cc/inst/gen_clock_conv.gen_async_lite_conv.clock_conv_lite_resp_b/handshake/src_hsdata_ff_reg[0]/C
  -------------------------------------------------------------------    -------------------
    SLICE_X35Y24         FDRE (Prop_fdre_C_Q)         0.367    -1.431 r  design_1_i/ps7_0_axi_periph/m07_couplers/auto_cc/inst/gen_clock_conv.gen_async_lite_conv.clock_conv_lite_resp_b/handshake/src_hsdata_ff_reg[0]/Q
                         net (fo=2, routed)           1.119    -0.312    design_1_i/ps7_0_axi_periph/m07_couplers/auto_cc/inst/gen_clock_conv.gen_async_lite_conv.clock_conv_lite_resp_b/handshake/src_hsdata_ff[0]
    SLICE_X41Y48         FDRE                                         r  design_1_i/ps7_0_axi_periph/m07_couplers/auto_cc/inst/gen_clock_conv.gen_async_lite_conv.clock_conv_lite_resp_b/handshake/dest_hsdata_ff_reg[0]/D
  -------------------------------------------------------------------    -------------------

                         (clock clk_fpga_0 rise edge)
                                                      0.000     0.000 r  
    PS7_X0Y0             PS7                          0.000     0.000 r  design_1_i/processing_system7_0/inst/PS7_i/FCLKCLK[0]
                         net (fo=1, routed)           1.193     1.193    design_1_i/processing_system7_0/inst/FCLK_CLK_unbuffered[0]
    BUFGCTRL_X0Y18       BUFG (Prop_bufg_I_O)         0.101     1.294 r  design_1_i/processing_system7_0/inst/buffer_fclk_clk_0.FCLK_CLK_0_BUFG/O
                         net (fo=4711, routed)        1.669     2.963    design_1_i/ps7_0_axi_periph/m07_couplers/auto_cc/inst/gen_clock_conv.gen_async_lite_conv.clock_conv_lite_resp_b/handshake/dest_clk
    SLICE_X41Y48         FDRE                                         r  design_1_i/ps7_0_axi_periph/m07_couplers/auto_cc/inst/gen_clock_conv.gen_async_lite_conv.clock_conv_lite_resp_b/handshake/dest_hsdata_ff_reg[0]/C
                         clock pessimism              0.000     2.963    
    SLICE_X41Y48         FDRE (Hold_fdre_C_D)         0.192     3.155    design_1_i/ps7_0_axi_periph/m07_couplers/auto_cc/inst/gen_clock_conv.gen_async_lite_conv.clock_conv_lite_resp_b/handshake/dest_hsdata_ff_reg[0]
  -------------------------------------------------------------------
                         data arrival                          -0.312    
                         clock arrival                          3.155    
  -------------------------------------------------------------------
                         relative delay                        -3.467    



Id: 13
set_bus_skew -from [get_cells [list {design_1_i/ps7_0_axi_periph/m07_couplers/auto_cc/inst/gen_clock_conv.gen_async_lite_conv.clock_conv_lite_resp_r/handshake/src_hsdata_ff_reg[0]} \
          {design_1_i/ps7_0_axi_periph/m07_couplers/auto_cc/inst/gen_clock_conv.gen_async_lite_conv.clock_conv_lite_resp_r/handshake/src_hsdata_ff_reg[10]} \
          {design_1_i/ps7_0_axi_periph/m07_couplers/auto_cc/inst/gen_clock_conv.gen_async_lite_conv.clock_conv_lite_resp_r/handshake/src_hsdata_ff_reg[11]} \
          {design_1_i/ps7_0_axi_periph/m07_couplers/auto_cc/inst/gen_clock_conv.gen_async_lite_conv.clock_conv_lite_resp_r/handshake/src_hsdata_ff_reg[12]} \
          {design_1_i/ps7_0_axi_periph/m07_couplers/auto_cc/inst/gen_clock_conv.gen_async_lite_conv.clock_conv_lite_resp_r/handshake/src_hsdata_ff_reg[13]} \
          {design_1_i/ps7_0_axi_periph/m07_couplers/auto_cc/inst/gen_clock_conv.gen_async_lite_conv.clock_conv_lite_resp_r/handshake/src_hsdata_ff_reg[14]} \
          {design_1_i/ps7_0_axi_periph/m07_couplers/auto_cc/inst/gen_clock_conv.gen_async_lite_conv.clock_conv_lite_resp_r/handshake/src_hsdata_ff_reg[15]} \
          {design_1_i/ps7_0_axi_periph/m07_couplers/auto_cc/inst/gen_clock_conv.gen_async_lite_conv.clock_conv_lite_resp_r/handshake/src_hsdata_ff_reg[16]} \
          {design_1_i/ps7_0_axi_periph/m07_couplers/auto_cc/inst/gen_clock_conv.gen_async_lite_conv.clock_conv_lite_resp_r/handshake/src_hsdata_ff_reg[17]} \
          {design_1_i/ps7_0_axi_periph/m07_couplers/auto_cc/inst/gen_clock_conv.gen_async_lite_conv.clock_conv_lite_resp_r/handshake/src_hsdata_ff_reg[18]} \
          {design_1_i/ps7_0_axi_periph/m07_couplers/auto_cc/inst/gen_clock_conv.gen_async_lite_conv.clock_conv_lite_resp_r/handshake/src_hsdata_ff_reg[19]} \
          {design_1_i/ps7_0_axi_periph/m07_couplers/auto_cc/inst/gen_clock_conv.gen_async_lite_conv.clock_conv_lite_resp_r/handshake/src_hsdata_ff_reg[1]} \
          {design_1_i/ps7_0_axi_periph/m07_couplers/auto_cc/inst/gen_clock_conv.gen_async_lite_conv.clock_conv_lite_resp_r/handshake/src_hsdata_ff_reg[20]} \
          {design_1_i/ps7_0_axi_periph/m07_couplers/auto_cc/inst/gen_clock_conv.gen_async_lite_conv.clock_conv_lite_resp_r/handshake/src_hsdata_ff_reg[21]} \
          {design_1_i/ps7_0_axi_periph/m07_couplers/auto_cc/inst/gen_clock_conv.gen_async_lite_conv.clock_conv_lite_resp_r/handshake/src_hsdata_ff_reg[22]} \
          {design_1_i/ps7_0_axi_periph/m07_couplers/auto_cc/inst/gen_clock_conv.gen_async_lite_conv.clock_conv_lite_resp_r/handshake/src_hsdata_ff_reg[23]} \
          {design_1_i/ps7_0_axi_periph/m07_couplers/auto_cc/inst/gen_clock_conv.gen_async_lite_conv.clock_conv_lite_resp_r/handshake/src_hsdata_ff_reg[24]} \
          {design_1_i/ps7_0_axi_periph/m07_couplers/auto_cc/inst/gen_clock_conv.gen_async_lite_conv.clock_conv_lite_resp_r/handshake/src_hsdata_ff_reg[25]} \
          {design_1_i/ps7_0_axi_periph/m07_couplers/auto_cc/inst/gen_clock_conv.gen_async_lite_conv.clock_conv_lite_resp_r/handshake/src_hsdata_ff_reg[26]} \
          {design_1_i/ps7_0_axi_periph/m07_couplers/auto_cc/inst/gen_clock_conv.gen_async_lite_conv.clock_conv_lite_resp_r/handshake/src_hsdata_ff_reg[27]} \
          {design_1_i/ps7_0_axi_periph/m07_couplers/auto_cc/inst/gen_clock_conv.gen_async_lite_conv.clock_conv_lite_resp_r/handshake/src_hsdata_ff_reg[28]} \
          {design_1_i/ps7_0_axi_periph/m07_couplers/auto_cc/inst/gen_clock_conv.gen_async_lite_conv.clock_conv_lite_resp_r/handshake/src_hsdata_ff_reg[29]} \
          {design_1_i/ps7_0_axi_periph/m07_couplers/auto_cc/inst/gen_clock_conv.gen_async_lite_conv.clock_conv_lite_resp_r/handshake/src_hsdata_ff_reg[2]} \
          {design_1_i/ps7_0_axi_periph/m07_couplers/auto_cc/inst/gen_clock_conv.gen_async_lite_conv.clock_conv_lite_resp_r/handshake/src_hsdata_ff_reg[30]} \
          {design_1_i/ps7_0_axi_periph/m07_couplers/auto_cc/inst/gen_clock_conv.gen_async_lite_conv.clock_conv_lite_resp_r/handshake/src_hsdata_ff_reg[31]} \
          {design_1_i/ps7_0_axi_periph/m07_couplers/auto_cc/inst/gen_clock_conv.gen_async_lite_conv.clock_conv_lite_resp_r/handshake/src_hsdata_ff_reg[32]} \
          {design_1_i/ps7_0_axi_periph/m07_couplers/auto_cc/inst/gen_clock_conv.gen_async_lite_conv.clock_conv_lite_resp_r/handshake/src_hsdata_ff_reg[33]} \
          {design_1_i/ps7_0_axi_periph/m07_couplers/auto_cc/inst/gen_clock_conv.gen_async_lite_conv.clock_conv_lite_resp_r/handshake/src_hsdata_ff_reg[3]} \
          {design_1_i/ps7_0_axi_periph/m07_couplers/auto_cc/inst/gen_clock_conv.gen_async_lite_conv.clock_conv_lite_resp_r/handshake/src_hsdata_ff_reg[4]} \
          {design_1_i/ps7_0_axi_periph/m07_couplers/auto_cc/inst/gen_clock_conv.gen_async_lite_conv.clock_conv_lite_resp_r/handshake/src_hsdata_ff_reg[5]} \
          {design_1_i/ps7_0_axi_periph/m07_couplers/auto_cc/inst/gen_clock_conv.gen_async_lite_conv.clock_conv_lite_resp_r/handshake/src_hsdata_ff_reg[6]} \
          {design_1_i/ps7_0_axi_periph/m07_couplers/auto_cc/inst/gen_clock_conv.gen_async_lite_conv.clock_conv_lite_resp_r/handshake/src_hsdata_ff_reg[7]} \
          {design_1_i/ps7_0_axi_periph/m07_couplers/auto_cc/inst/gen_clock_conv.gen_async_lite_conv.clock_conv_lite_resp_r/handshake/src_hsdata_ff_reg[8]} \
          {design_1_i/ps7_0_axi_periph/m07_couplers/auto_cc/inst/gen_clock_conv.gen_async_lite_conv.clock_conv_lite_resp_r/handshake/src_hsdata_ff_reg[9]}]] -to [get_cells [list {design_1_i/ps7_0_axi_periph/m07_couplers/auto_cc/inst/gen_clock_conv.gen_async_lite_conv.clock_conv_lite_resp_r/handshake/dest_hsdata_ff_reg[0]} \
          {design_1_i/ps7_0_axi_periph/m07_couplers/auto_cc/inst/gen_clock_conv.gen_async_lite_conv.clock_conv_lite_resp_r/handshake/dest_hsdata_ff_reg[10]} \
          {design_1_i/ps7_0_axi_periph/m07_couplers/auto_cc/inst/gen_clock_conv.gen_async_lite_conv.clock_conv_lite_resp_r/handshake/dest_hsdata_ff_reg[11]} \
          {design_1_i/ps7_0_axi_periph/m07_couplers/auto_cc/inst/gen_clock_conv.gen_async_lite_conv.clock_conv_lite_resp_r/handshake/dest_hsdata_ff_reg[12]} \
          {design_1_i/ps7_0_axi_periph/m07_couplers/auto_cc/inst/gen_clock_conv.gen_async_lite_conv.clock_conv_lite_resp_r/handshake/dest_hsdata_ff_reg[13]} \
          {design_1_i/ps7_0_axi_periph/m07_couplers/auto_cc/inst/gen_clock_conv.gen_async_lite_conv.clock_conv_lite_resp_r/handshake/dest_hsdata_ff_reg[14]} \
          {design_1_i/ps7_0_axi_periph/m07_couplers/auto_cc/inst/gen_clock_conv.gen_async_lite_conv.clock_conv_lite_resp_r/handshake/dest_hsdata_ff_reg[15]} \
          {design_1_i/ps7_0_axi_periph/m07_couplers/auto_cc/inst/gen_clock_conv.gen_async_lite_conv.clock_conv_lite_resp_r/handshake/dest_hsdata_ff_reg[16]} \
          {design_1_i/ps7_0_axi_periph/m07_couplers/auto_cc/inst/gen_clock_conv.gen_async_lite_conv.clock_conv_lite_resp_r/handshake/dest_hsdata_ff_reg[17]} \
          {design_1_i/ps7_0_axi_periph/m07_couplers/auto_cc/inst/gen_clock_conv.gen_async_lite_conv.clock_conv_lite_resp_r/handshake/dest_hsdata_ff_reg[18]} \
          {design_1_i/ps7_0_axi_periph/m07_couplers/auto_cc/inst/gen_clock_conv.gen_async_lite_conv.clock_conv_lite_resp_r/handshake/dest_hsdata_ff_reg[19]} \
          {design_1_i/ps7_0_axi_periph/m07_couplers/auto_cc/inst/gen_clock_conv.gen_async_lite_conv.clock_conv_lite_resp_r/handshake/dest_hsdata_ff_reg[1]} \
          {design_1_i/ps7_0_axi_periph/m07_couplers/auto_cc/inst/gen_clock_conv.gen_async_lite_conv.clock_conv_lite_resp_r/handshake/dest_hsdata_ff_reg[20]} \
          {design_1_i/ps7_0_axi_periph/m07_couplers/auto_cc/inst/gen_clock_conv.gen_async_lite_conv.clock_conv_lite_resp_r/handshake/dest_hsdata_ff_reg[21]} \
          {design_1_i/ps7_0_axi_periph/m07_couplers/auto_cc/inst/gen_clock_conv.gen_async_lite_conv.clock_conv_lite_resp_r/handshake/dest_hsdata_ff_reg[22]} \
          {design_1_i/ps7_0_axi_periph/m07_couplers/auto_cc/inst/gen_clock_conv.gen_async_lite_conv.clock_conv_lite_resp_r/handshake/dest_hsdata_ff_reg[23]} \
          {design_1_i/ps7_0_axi_periph/m07_couplers/auto_cc/inst/gen_clock_conv.gen_async_lite_conv.clock_conv_lite_resp_r/handshake/dest_hsdata_ff_reg[24]} \
          {design_1_i/ps7_0_axi_periph/m07_couplers/auto_cc/inst/gen_clock_conv.gen_async_lite_conv.clock_conv_lite_resp_r/handshake/dest_hsdata_ff_reg[25]} \
          {design_1_i/ps7_0_axi_periph/m07_couplers/auto_cc/inst/gen_clock_conv.gen_async_lite_conv.clock_conv_lite_resp_r/handshake/dest_hsdata_ff_reg[26]} \
          {design_1_i/ps7_0_axi_periph/m07_couplers/auto_cc/inst/gen_clock_conv.gen_async_lite_conv.clock_conv_lite_resp_r/handshake/dest_hsdata_ff_reg[27]} \
          {design_1_i/ps7_0_axi_periph/m07_couplers/auto_cc/inst/gen_clock_conv.gen_async_lite_conv.clock_conv_lite_resp_r/handshake/dest_hsdata_ff_reg[28]} \
          {design_1_i/ps7_0_axi_periph/m07_couplers/auto_cc/inst/gen_clock_conv.gen_async_lite_conv.clock_conv_lite_resp_r/handshake/dest_hsdata_ff_reg[29]} \
          {design_1_i/ps7_0_axi_periph/m07_couplers/auto_cc/inst/gen_clock_conv.gen_async_lite_conv.clock_conv_lite_resp_r/handshake/dest_hsdata_ff_reg[2]} \
          {design_1_i/ps7_0_axi_periph/m07_couplers/auto_cc/inst/gen_clock_conv.gen_async_lite_conv.clock_conv_lite_resp_r/handshake/dest_hsdata_ff_reg[30]} \
          {design_1_i/ps7_0_axi_periph/m07_couplers/auto_cc/inst/gen_clock_conv.gen_async_lite_conv.clock_conv_lite_resp_r/handshake/dest_hsdata_ff_reg[31]} \
          {design_1_i/ps7_0_axi_periph/m07_couplers/auto_cc/inst/gen_clock_conv.gen_async_lite_conv.clock_conv_lite_resp_r/handshake/dest_hsdata_ff_reg[32]} \
          {design_1_i/ps7_0_axi_periph/m07_couplers/auto_cc/inst/gen_clock_conv.gen_async_lite_conv.clock_conv_lite_resp_r/handshake/dest_hsdata_ff_reg[33]} \
          {design_1_i/ps7_0_axi_periph/m07_couplers/auto_cc/inst/gen_clock_conv.gen_async_lite_conv.clock_conv_lite_resp_r/handshake/dest_hsdata_ff_reg[3]} \
          {design_1_i/ps7_0_axi_periph/m07_couplers/auto_cc/inst/gen_clock_conv.gen_async_lite_conv.clock_conv_lite_resp_r/handshake/dest_hsdata_ff_reg[4]} \
          {design_1_i/ps7_0_axi_periph/m07_couplers/auto_cc/inst/gen_clock_conv.gen_async_lite_conv.clock_conv_lite_resp_r/handshake/dest_hsdata_ff_reg[5]} \
          {design_1_i/ps7_0_axi_periph/m07_couplers/auto_cc/inst/gen_clock_conv.gen_async_lite_conv.clock_conv_lite_resp_r/handshake/dest_hsdata_ff_reg[6]} \
          {design_1_i/ps7_0_axi_periph/m07_couplers/auto_cc/inst/gen_clock_conv.gen_async_lite_conv.clock_conv_lite_resp_r/handshake/dest_hsdata_ff_reg[7]} \
          {design_1_i/ps7_0_axi_periph/m07_couplers/auto_cc/inst/gen_clock_conv.gen_async_lite_conv.clock_conv_lite_resp_r/handshake/dest_hsdata_ff_reg[8]} \
          {design_1_i/ps7_0_axi_periph/m07_couplers/auto_cc/inst/gen_clock_conv.gen_async_lite_conv.clock_conv_lite_resp_r/handshake/dest_hsdata_ff_reg[9]}]] 38.997
Requirement: 38.997ns
Endpoints: 34

From Clock            To Clock              Endpoint Pin                    Reference Pin                   Corner  Actual(ns)  Slack(ns)
--------------------  --------------------  ------------------------------  ------------------------------  ------  ----------  ---------
clk_out1_design_1_clk_wiz_0_0_1
                      clk_fpga_0            design_1_i/ps7_0_axi_periph/m07_couplers/auto_cc/inst/gen_clock_conv.gen_async_lite_conv.clock_conv_lite_resp_r/handshake/dest_hsdata_ff_reg[4]/D
                                                                            design_1_i/ps7_0_axi_periph/m07_couplers/auto_cc/inst/gen_clock_conv.gen_async_lite_conv.clock_conv_lite_resp_r/handshake/dest_hsdata_ff_reg[19]/D
                                                                                                            Slow         1.552     37.445


Slack (MET) :             37.445ns  (requirement - actual skew)
  Endpoint Source:        design_1_i/ps7_0_axi_periph/m07_couplers/auto_cc/inst/gen_clock_conv.gen_async_lite_conv.clock_conv_lite_resp_r/handshake/src_hsdata_ff_reg[4]/C
                            (rising edge-triggered cell FDRE clocked by clk_out1_design_1_clk_wiz_0_0_1)
  Endpoint Destination:   design_1_i/ps7_0_axi_periph/m07_couplers/auto_cc/inst/gen_clock_conv.gen_async_lite_conv.clock_conv_lite_resp_r/handshake/dest_hsdata_ff_reg[4]/D
                            (rising edge-triggered cell FDRE clocked by clk_fpga_0)
  Reference Source:       design_1_i/ps7_0_axi_periph/m07_couplers/auto_cc/inst/gen_clock_conv.gen_async_lite_conv.clock_conv_lite_resp_r/handshake/src_hsdata_ff_reg[19]/C
                            (rising edge-triggered cell FDRE clocked by clk_out1_design_1_clk_wiz_0_0_1)
  Reference Destination:  design_1_i/ps7_0_axi_periph/m07_couplers/auto_cc/inst/gen_clock_conv.gen_async_lite_conv.clock_conv_lite_resp_r/handshake/dest_hsdata_ff_reg[19]/D
                            (rising edge-triggered cell FDRE clocked by clk_fpga_0)
  Path Type:              Bus Skew (Max at Slow Process Corner)
  Requirement:            38.997ns
  Endpoint Relative Delay:   -2.133ns
  Reference Relative Delay:  -3.984ns
  Relative CRPR:              0.596ns
  Uncertainty:                0.298ns
  Actual Bus Skew:            1.552ns  (Endpoint Relative Delay - Reference Relative Delay - Relative CRPR + Uncertainty)

Endpoint path:
    Location             Delay type                Incr(ns)  Path(ns)    Netlist Resource(s)
  -------------------------------------------------------------------    -------------------
                         (clock clk_out1_design_1_clk_wiz_0_0_1 rise edge)
                                                      0.000     0.000 r  
    L18                                               0.000     0.000 r  fmc_imageon_vclk (IN)
                         net (fo=0)                   0.000     0.000    design_1_i/clk_wiz_0/inst/clk_in1
    L18                  IBUF (Prop_ibuf_I_O)         1.307     1.307 r  design_1_i/clk_wiz_0/inst/clkin1_ibufg/O
                         net (fo=1, routed)           1.285     2.592    design_1_i/clk_wiz_0/inst/clk_in1_design_1_clk_wiz_0_0
    MMCME2_ADV_X1Y1      MMCME2_ADV (Prop_mmcme2_adv_CLKIN1_CLKOUT0)
                                                     -7.406    -4.814 r  design_1_i/clk_wiz_0/inst/mmcm_adv_inst/CLKOUT0
                         net (fo=1, routed)           1.889    -2.925    design_1_i/clk_wiz_0/inst/clk_out1_design_1_clk_wiz_0_0
    BUFGCTRL_X0Y16       BUFG (Prop_bufg_I_O)         0.101    -2.824 r  design_1_i/clk_wiz_0/inst/clkout1_buf/O
                         net (fo=15835, routed)       1.648    -1.176    design_1_i/ps7_0_axi_periph/m07_couplers/auto_cc/inst/gen_clock_conv.gen_async_lite_conv.clock_conv_lite_resp_r/handshake/src_clk
    SLICE_X45Y24         FDRE                                         r  design_1_i/ps7_0_axi_periph/m07_couplers/auto_cc/inst/gen_clock_conv.gen_async_lite_conv.clock_conv_lite_resp_r/handshake/src_hsdata_ff_reg[4]/C
  -------------------------------------------------------------------    -------------------
    SLICE_X45Y24         FDRE (Prop_fdre_C_Q)         0.419    -0.757 r  design_1_i/ps7_0_axi_periph/m07_couplers/auto_cc/inst/gen_clock_conv.gen_async_lite_conv.clock_conv_lite_resp_r/handshake/src_hsdata_ff_reg[4]/Q
                         net (fo=1, routed)           1.055     0.298    design_1_i/ps7_0_axi_periph/m07_couplers/auto_cc/inst/gen_clock_conv.gen_async_lite_conv.clock_conv_lite_resp_r/handshake/src_hsdata_ff[4]
    SLICE_X47Y38         FDRE                                         r  design_1_i/ps7_0_axi_periph/m07_couplers/auto_cc/inst/gen_clock_conv.gen_async_lite_conv.clock_conv_lite_resp_r/handshake/dest_hsdata_ff_reg[4]/D
  -------------------------------------------------------------------    -------------------

                         (clock clk_fpga_0 rise edge)
                                                      0.000     0.000 r  
    PS7_X0Y0             PS7                          0.000     0.000 r  design_1_i/processing_system7_0/inst/PS7_i/FCLKCLK[0]
                         net (fo=1, routed)           1.088     1.088    design_1_i/processing_system7_0/inst/FCLK_CLK_unbuffered[0]
    BUFGCTRL_X0Y18       BUFG (Prop_bufg_I_O)         0.091     1.179 r  design_1_i/processing_system7_0/inst/buffer_fclk_clk_0.FCLK_CLK_0_BUFG/O
                         net (fo=4711, routed)        1.491     2.670    design_1_i/ps7_0_axi_periph/m07_couplers/auto_cc/inst/gen_clock_conv.gen_async_lite_conv.clock_conv_lite_resp_r/handshake/dest_clk
    SLICE_X47Y38         FDRE                                         r  design_1_i/ps7_0_axi_periph/m07_couplers/auto_cc/inst/gen_clock_conv.gen_async_lite_conv.clock_conv_lite_resp_r/handshake/dest_hsdata_ff_reg[4]/C
                         clock pessimism              0.000     2.670    
    SLICE_X47Y38         FDRE (Setup_fdre_C_D)       -0.239     2.431    design_1_i/ps7_0_axi_periph/m07_couplers/auto_cc/inst/gen_clock_conv.gen_async_lite_conv.clock_conv_lite_resp_r/handshake/dest_hsdata_ff_reg[4]
  -------------------------------------------------------------------
                         data arrival                           0.298    
                         clock arrival                          2.431    
  -------------------------------------------------------------------
                         relative delay                        -2.133    

Reference path:
    Location             Delay type                Incr(ns)  Path(ns)    Netlist Resource(s)
  -------------------------------------------------------------------    -------------------
                         (clock clk_out1_design_1_clk_wiz_0_0_1 rise edge)
                                                      0.000     0.000 r  
    L18                                               0.000     0.000 r  fmc_imageon_vclk (IN)
                         net (fo=0)                   0.000     0.000    design_1_i/clk_wiz_0/inst/clk_in1
    L18                  IBUF (Prop_ibuf_I_O)         1.244     1.244 r  design_1_i/clk_wiz_0/inst/clkin1_ibufg/O
                         net (fo=1, routed)           1.162     2.406    design_1_i/clk_wiz_0/inst/clk_in1_design_1_clk_wiz_0_0
    MMCME2_ADV_X1Y1      MMCME2_ADV (Prop_mmcme2_adv_CLKIN1_CLKOUT0)
                                                     -7.500    -5.093 r  design_1_i/clk_wiz_0/inst/mmcm_adv_inst/CLKOUT0
                         net (fo=1, routed)           1.725    -3.368    design_1_i/clk_wiz_0/inst/clk_out1_design_1_clk_wiz_0_0
    BUFGCTRL_X0Y16       BUFG (Prop_bufg_I_O)         0.091    -3.277 r  design_1_i/clk_wiz_0/inst/clkout1_buf/O
                         net (fo=15835, routed)       1.536    -1.741    design_1_i/ps7_0_axi_periph/m07_couplers/auto_cc/inst/gen_clock_conv.gen_async_lite_conv.clock_conv_lite_resp_r/handshake/src_clk
    SLICE_X55Y25         FDRE                                         r  design_1_i/ps7_0_axi_periph/m07_couplers/auto_cc/inst/gen_clock_conv.gen_async_lite_conv.clock_conv_lite_resp_r/handshake/src_hsdata_ff_reg[19]/C
  -------------------------------------------------------------------    -------------------
    SLICE_X55Y25         FDRE (Prop_fdre_C_Q)         0.367    -1.374 r  design_1_i/ps7_0_axi_periph/m07_couplers/auto_cc/inst/gen_clock_conv.gen_async_lite_conv.clock_conv_lite_resp_r/handshake/src_hsdata_ff_reg[19]/Q
                         net (fo=1, routed)           0.604    -0.770    design_1_i/ps7_0_axi_periph/m07_couplers/auto_cc/inst/gen_clock_conv.gen_async_lite_conv.clock_conv_lite_resp_r/handshake/src_hsdata_ff[19]
    SLICE_X56Y35         FDRE                                         r  design_1_i/ps7_0_axi_periph/m07_couplers/auto_cc/inst/gen_clock_conv.gen_async_lite_conv.clock_conv_lite_resp_r/handshake/dest_hsdata_ff_reg[19]/D
  -------------------------------------------------------------------    -------------------

                         (clock clk_fpga_0 rise edge)
                                                      0.000     0.000 r  
    PS7_X0Y0             PS7                          0.000     0.000 r  design_1_i/processing_system7_0/inst/PS7_i/FCLKCLK[0]
                         net (fo=1, routed)           1.193     1.193    design_1_i/processing_system7_0/inst/FCLK_CLK_unbuffered[0]
    BUFGCTRL_X0Y18       BUFG (Prop_bufg_I_O)         0.101     1.294 r  design_1_i/processing_system7_0/inst/buffer_fclk_clk_0.FCLK_CLK_0_BUFG/O
                         net (fo=4711, routed)        1.724     3.018    design_1_i/ps7_0_axi_periph/m07_couplers/auto_cc/inst/gen_clock_conv.gen_async_lite_conv.clock_conv_lite_resp_r/handshake/dest_clk
    SLICE_X56Y35         FDRE                                         r  design_1_i/ps7_0_axi_periph/m07_couplers/auto_cc/inst/gen_clock_conv.gen_async_lite_conv.clock_conv_lite_resp_r/handshake/dest_hsdata_ff_reg[19]/C
                         clock pessimism              0.000     3.018    
    SLICE_X56Y35         FDRE (Hold_fdre_C_D)         0.196     3.214    design_1_i/ps7_0_axi_periph/m07_couplers/auto_cc/inst/gen_clock_conv.gen_async_lite_conv.clock_conv_lite_resp_r/handshake/dest_hsdata_ff_reg[19]
  -------------------------------------------------------------------
                         data arrival                          -0.770    
                         clock arrival                          3.214    
  -------------------------------------------------------------------
                         relative delay                        -3.984    



Id: 14
set_bus_skew -from [get_cells [list {design_1_i/ps7_0_axi_periph/m07_couplers/auto_cc/inst/gen_clock_conv.gen_async_lite_conv.clock_conv_lite_fwd_aw/handshake/src_hsdata_ff_reg[0]} \
          {design_1_i/ps7_0_axi_periph/m07_couplers/auto_cc/inst/gen_clock_conv.gen_async_lite_conv.clock_conv_lite_fwd_aw/handshake/src_hsdata_ff_reg[10]} \
          {design_1_i/ps7_0_axi_periph/m07_couplers/auto_cc/inst/gen_clock_conv.gen_async_lite_conv.clock_conv_lite_fwd_aw/handshake/src_hsdata_ff_reg[11]} \
          {design_1_i/ps7_0_axi_periph/m07_couplers/auto_cc/inst/gen_clock_conv.gen_async_lite_conv.clock_conv_lite_fwd_aw/handshake/src_hsdata_ff_reg[12]} \
          {design_1_i/ps7_0_axi_periph/m07_couplers/auto_cc/inst/gen_clock_conv.gen_async_lite_conv.clock_conv_lite_fwd_aw/handshake/src_hsdata_ff_reg[13]} \
          {design_1_i/ps7_0_axi_periph/m07_couplers/auto_cc/inst/gen_clock_conv.gen_async_lite_conv.clock_conv_lite_fwd_aw/handshake/src_hsdata_ff_reg[14]} \
          {design_1_i/ps7_0_axi_periph/m07_couplers/auto_cc/inst/gen_clock_conv.gen_async_lite_conv.clock_conv_lite_fwd_aw/handshake/src_hsdata_ff_reg[9]} \
          {design_1_i/ps7_0_axi_periph/m07_couplers/auto_cc/inst/gen_clock_conv.gen_async_lite_conv.clock_conv_lite_fwd_aw/handshake/src_hsdata_ff_reg[16]} \
          {design_1_i/ps7_0_axi_periph/m07_couplers/auto_cc/inst/gen_clock_conv.gen_async_lite_conv.clock_conv_lite_fwd_aw/handshake/src_hsdata_ff_reg[17]} \
          {design_1_i/ps7_0_axi_periph/m07_couplers/auto_cc/inst/gen_clock_conv.gen_async_lite_conv.clock_conv_lite_fwd_aw/handshake/src_hsdata_ff_reg[18]} \
          {design_1_i/ps7_0_axi_periph/m07_couplers/auto_cc/inst/gen_clock_conv.gen_async_lite_conv.clock_conv_lite_fwd_aw/handshake/src_hsdata_ff_reg[8]} \
          {design_1_i/ps7_0_axi_periph/m07_couplers/auto_cc/inst/gen_clock_conv.gen_async_lite_conv.clock_conv_lite_fwd_aw/handshake/src_hsdata_ff_reg[1]} \
          {design_1_i/ps7_0_axi_periph/m07_couplers/auto_cc/inst/gen_clock_conv.gen_async_lite_conv.clock_conv_lite_fwd_aw/handshake/src_hsdata_ff_reg[7]} \
          {design_1_i/ps7_0_axi_periph/m07_couplers/auto_cc/inst/gen_clock_conv.gen_async_lite_conv.clock_conv_lite_fwd_aw/handshake/src_hsdata_ff_reg[6]} \
          {design_1_i/ps7_0_axi_periph/m07_couplers/auto_cc/inst/gen_clock_conv.gen_async_lite_conv.clock_conv_lite_fwd_aw/handshake/src_hsdata_ff_reg[2]} \
          {design_1_i/ps7_0_axi_periph/m07_couplers/auto_cc/inst/gen_clock_conv.gen_async_lite_conv.clock_conv_lite_fwd_aw/handshake/src_hsdata_ff_reg[3]} \
          {design_1_i/ps7_0_axi_periph/m07_couplers/auto_cc/inst/gen_clock_conv.gen_async_lite_conv.clock_conv_lite_fwd_aw/handshake/src_hsdata_ff_reg[4]} \
          {design_1_i/ps7_0_axi_periph/m07_couplers/auto_cc/inst/gen_clock_conv.gen_async_lite_conv.clock_conv_lite_fwd_aw/handshake/src_hsdata_ff_reg[5]}]] -to [get_cells [list {design_1_i/ps7_0_axi_periph/m07_couplers/auto_cc/inst/gen_clock_conv.gen_async_lite_conv.clock_conv_lite_fwd_aw/handshake/dest_hsdata_ff_reg[0]} \
          {design_1_i/ps7_0_axi_periph/m07_couplers/auto_cc/inst/gen_clock_conv.gen_async_lite_conv.clock_conv_lite_fwd_aw/handshake/dest_hsdata_ff_reg[10]} \
          {design_1_i/ps7_0_axi_periph/m07_couplers/auto_cc/inst/gen_clock_conv.gen_async_lite_conv.clock_conv_lite_fwd_aw/handshake/dest_hsdata_ff_reg[11]} \
          {design_1_i/ps7_0_axi_periph/m07_couplers/auto_cc/inst/gen_clock_conv.gen_async_lite_conv.clock_conv_lite_fwd_aw/handshake/dest_hsdata_ff_reg[12]} \
          {design_1_i/ps7_0_axi_periph/m07_couplers/auto_cc/inst/gen_clock_conv.gen_async_lite_conv.clock_conv_lite_fwd_aw/handshake/dest_hsdata_ff_reg[13]} \
          {design_1_i/ps7_0_axi_periph/m07_couplers/auto_cc/inst/gen_clock_conv.gen_async_lite_conv.clock_conv_lite_fwd_aw/handshake/dest_hsdata_ff_reg[14]} \
          {design_1_i/ps7_0_axi_periph/m07_couplers/auto_cc/inst/gen_clock_conv.gen_async_lite_conv.clock_conv_lite_fwd_aw/handshake/dest_hsdata_ff_reg[9]} \
          {design_1_i/ps7_0_axi_periph/m07_couplers/auto_cc/inst/gen_clock_conv.gen_async_lite_conv.clock_conv_lite_fwd_aw/handshake/dest_hsdata_ff_reg[16]} \
          {design_1_i/ps7_0_axi_periph/m07_couplers/auto_cc/inst/gen_clock_conv.gen_async_lite_conv.clock_conv_lite_fwd_aw/handshake/dest_hsdata_ff_reg[17]} \
          {design_1_i/ps7_0_axi_periph/m07_couplers/auto_cc/inst/gen_clock_conv.gen_async_lite_conv.clock_conv_lite_fwd_aw/handshake/dest_hsdata_ff_reg[18]} \
          {design_1_i/ps7_0_axi_periph/m07_couplers/auto_cc/inst/gen_clock_conv.gen_async_lite_conv.clock_conv_lite_fwd_aw/handshake/dest_hsdata_ff_reg[8]} \
          {design_1_i/ps7_0_axi_periph/m07_couplers/auto_cc/inst/gen_clock_conv.gen_async_lite_conv.clock_conv_lite_fwd_aw/handshake/dest_hsdata_ff_reg[1]} \
          {design_1_i/ps7_0_axi_periph/m07_couplers/auto_cc/inst/gen_clock_conv.gen_async_lite_conv.clock_conv_lite_fwd_aw/handshake/dest_hsdata_ff_reg[7]} \
          {design_1_i/ps7_0_axi_periph/m07_couplers/auto_cc/inst/gen_clock_conv.gen_async_lite_conv.clock_conv_lite_fwd_aw/handshake/dest_hsdata_ff_reg[6]} \
          {design_1_i/ps7_0_axi_periph/m07_couplers/auto_cc/inst/gen_clock_conv.gen_async_lite_conv.clock_conv_lite_fwd_aw/handshake/dest_hsdata_ff_reg[2]} \
          {design_1_i/ps7_0_axi_periph/m07_couplers/auto_cc/inst/gen_clock_conv.gen_async_lite_conv.clock_conv_lite_fwd_aw/handshake/dest_hsdata_ff_reg[3]} \
          {design_1_i/ps7_0_axi_periph/m07_couplers/auto_cc/inst/gen_clock_conv.gen_async_lite_conv.clock_conv_lite_fwd_aw/handshake/dest_hsdata_ff_reg[4]} \
          {design_1_i/ps7_0_axi_periph/m07_couplers/auto_cc/inst/gen_clock_conv.gen_async_lite_conv.clock_conv_lite_fwd_aw/handshake/dest_hsdata_ff_reg[5]}]] 20.202
Requirement: 20.202ns
Endpoints: 18

From Clock            To Clock              Endpoint Pin                    Reference Pin                   Corner  Actual(ns)  Slack(ns)
--------------------  --------------------  ------------------------------  ------------------------------  ------  ----------  ---------
clk_fpga_0            clk_out1_design_1_clk_wiz_0_0_1
                                            design_1_i/ps7_0_axi_periph/m07_couplers/auto_cc/inst/gen_clock_conv.gen_async_lite_conv.clock_conv_lite_fwd_aw/handshake/dest_hsdata_ff_reg[10]/D
                                                                            design_1_i/ps7_0_axi_periph/m07_couplers/auto_cc/inst/gen_clock_conv.gen_async_lite_conv.clock_conv_lite_fwd_aw/handshake/dest_hsdata_ff_reg[6]/D
                                                                                                            Slow         1.299     18.903


Slack (MET) :             18.903ns  (requirement - actual skew)
  Endpoint Source:        design_1_i/ps7_0_axi_periph/m07_couplers/auto_cc/inst/gen_clock_conv.gen_async_lite_conv.clock_conv_lite_fwd_aw/handshake/src_hsdata_ff_reg[10]/C
                            (rising edge-triggered cell FDRE clocked by clk_fpga_0)
  Endpoint Destination:   design_1_i/ps7_0_axi_periph/m07_couplers/auto_cc/inst/gen_clock_conv.gen_async_lite_conv.clock_conv_lite_fwd_aw/handshake/dest_hsdata_ff_reg[10]/D
                            (rising edge-triggered cell FDRE clocked by clk_out1_design_1_clk_wiz_0_0_1)
  Reference Source:       design_1_i/ps7_0_axi_periph/m07_couplers/auto_cc/inst/gen_clock_conv.gen_async_lite_conv.clock_conv_lite_fwd_aw/handshake/src_hsdata_ff_reg[6]/C
                            (rising edge-triggered cell FDRE clocked by clk_fpga_0)
  Reference Destination:  design_1_i/ps7_0_axi_periph/m07_couplers/auto_cc/inst/gen_clock_conv.gen_async_lite_conv.clock_conv_lite_fwd_aw/handshake/dest_hsdata_ff_reg[6]/D
                            (rising edge-triggered cell FDRE clocked by clk_out1_design_1_clk_wiz_0_0_1)
  Path Type:              Bus Skew (Max at Slow Process Corner)
  Requirement:            20.202ns
  Endpoint Relative Delay:    6.146ns
  Reference Relative Delay:   4.348ns
  Relative CRPR:              0.797ns
  Uncertainty:                0.298ns
  Actual Bus Skew:            1.299ns  (Endpoint Relative Delay - Reference Relative Delay - Relative CRPR + Uncertainty)

Endpoint path:
    Location             Delay type                Incr(ns)  Path(ns)    Netlist Resource(s)
  -------------------------------------------------------------------    -------------------
                         (clock clk_fpga_0 rise edge)
                                                      0.000     0.000 r  
    PS7_X0Y0             PS7                          0.000     0.000 r  design_1_i/processing_system7_0/inst/PS7_i/FCLKCLK[0]
                         net (fo=1, routed)           1.193     1.193    design_1_i/processing_system7_0/inst/FCLK_CLK_unbuffered[0]
    BUFGCTRL_X0Y18       BUFG (Prop_bufg_I_O)         0.101     1.294 r  design_1_i/processing_system7_0/inst/buffer_fclk_clk_0.FCLK_CLK_0_BUFG/O
                         net (fo=4711, routed)        1.733     3.027    design_1_i/ps7_0_axi_periph/m07_couplers/auto_cc/inst/gen_clock_conv.gen_async_lite_conv.clock_conv_lite_fwd_aw/handshake/src_clk
    SLICE_X30Y21         FDRE                                         r  design_1_i/ps7_0_axi_periph/m07_couplers/auto_cc/inst/gen_clock_conv.gen_async_lite_conv.clock_conv_lite_fwd_aw/handshake/src_hsdata_ff_reg[10]/C
  -------------------------------------------------------------------    -------------------
    SLICE_X30Y21         FDRE (Prop_fdre_C_Q)         0.518     3.545 r  design_1_i/ps7_0_axi_periph/m07_couplers/auto_cc/inst/gen_clock_conv.gen_async_lite_conv.clock_conv_lite_fwd_aw/handshake/src_hsdata_ff_reg[10]/Q
                         net (fo=1, routed)           0.818     4.363    design_1_i/ps7_0_axi_periph/m07_couplers/auto_cc/inst/gen_clock_conv.gen_async_lite_conv.clock_conv_lite_fwd_aw/handshake/src_hsdata_ff[10]
    SLICE_X28Y18         FDRE                                         r  design_1_i/ps7_0_axi_periph/m07_couplers/auto_cc/inst/gen_clock_conv.gen_async_lite_conv.clock_conv_lite_fwd_aw/handshake/dest_hsdata_ff_reg[10]/D
  -------------------------------------------------------------------    -------------------

                         (clock clk_out1_design_1_clk_wiz_0_0_1 rise edge)
                                                      0.000     0.000 r  
    L18                                               0.000     0.000 r  fmc_imageon_vclk (IN)
                         net (fo=0)                   0.000     0.000    design_1_i/clk_wiz_0/inst/clk_in1
    L18                  IBUF (Prop_ibuf_I_O)         1.244     1.244 r  design_1_i/clk_wiz_0/inst/clkin1_ibufg/O
                         net (fo=1, routed)           1.162     2.406    design_1_i/clk_wiz_0/inst/clk_in1_design_1_clk_wiz_0_0
    MMCME2_ADV_X1Y1      MMCME2_ADV (Prop_mmcme2_adv_CLKIN1_CLKOUT0)
                                                     -7.500    -5.093 r  design_1_i/clk_wiz_0/inst/mmcm_adv_inst/CLKOUT0
                         net (fo=1, routed)           1.725    -3.368    design_1_i/clk_wiz_0/inst/clk_out1_design_1_clk_wiz_0_0
    BUFGCTRL_X0Y16       BUFG (Prop_bufg_I_O)         0.091    -3.277 r  design_1_i/clk_wiz_0/inst/clkout1_buf/O
                         net (fo=15835, routed)       1.561    -1.716    design_1_i/ps7_0_axi_periph/m07_couplers/auto_cc/inst/gen_clock_conv.gen_async_lite_conv.clock_conv_lite_fwd_aw/handshake/dest_clk
    SLICE_X28Y18         FDRE                                         r  design_1_i/ps7_0_axi_periph/m07_couplers/auto_cc/inst/gen_clock_conv.gen_async_lite_conv.clock_conv_lite_fwd_aw/handshake/dest_hsdata_ff_reg[10]/C
                         clock pessimism              0.000    -1.716    
    SLICE_X28Y18         FDRE (Setup_fdre_C_D)       -0.067    -1.783    design_1_i/ps7_0_axi_periph/m07_couplers/auto_cc/inst/gen_clock_conv.gen_async_lite_conv.clock_conv_lite_fwd_aw/handshake/dest_hsdata_ff_reg[10]
  -------------------------------------------------------------------
                         data arrival                           4.363    
                         clock arrival                         -1.783    
  -------------------------------------------------------------------
                         relative delay                         6.146    

Reference path:
    Location             Delay type                Incr(ns)  Path(ns)    Netlist Resource(s)
  -------------------------------------------------------------------    -------------------
                         (clock clk_fpga_0 rise edge)
                                                      0.000     0.000 r  
    PS7_X0Y0             PS7                          0.000     0.000 r  design_1_i/processing_system7_0/inst/PS7_i/FCLKCLK[0]
                         net (fo=1, routed)           1.088     1.088    design_1_i/processing_system7_0/inst/FCLK_CLK_unbuffered[0]
    BUFGCTRL_X0Y18       BUFG (Prop_bufg_I_O)         0.091     1.179 r  design_1_i/processing_system7_0/inst/buffer_fclk_clk_0.FCLK_CLK_0_BUFG/O
                         net (fo=4711, routed)        1.484     2.663    design_1_i/ps7_0_axi_periph/m07_couplers/auto_cc/inst/gen_clock_conv.gen_async_lite_conv.clock_conv_lite_fwd_aw/handshake/src_clk
    SLICE_X33Y20         FDRE                                         r  design_1_i/ps7_0_axi_periph/m07_couplers/auto_cc/inst/gen_clock_conv.gen_async_lite_conv.clock_conv_lite_fwd_aw/handshake/src_hsdata_ff_reg[6]/C
  -------------------------------------------------------------------    -------------------
    SLICE_X33Y20         FDRE (Prop_fdre_C_Q)         0.367     3.030 r  design_1_i/ps7_0_axi_periph/m07_couplers/auto_cc/inst/gen_clock_conv.gen_async_lite_conv.clock_conv_lite_fwd_aw/handshake/src_hsdata_ff_reg[6]/Q
                         net (fo=1, routed)           0.335     3.366    design_1_i/ps7_0_axi_periph/m07_couplers/auto_cc/inst/gen_clock_conv.gen_async_lite_conv.clock_conv_lite_fwd_aw/handshake/src_hsdata_ff[6]
    SLICE_X33Y21         FDRE                                         r  design_1_i/ps7_0_axi_periph/m07_couplers/auto_cc/inst/gen_clock_conv.gen_async_lite_conv.clock_conv_lite_fwd_aw/handshake/dest_hsdata_ff_reg[6]/D
  -------------------------------------------------------------------    -------------------

                         (clock clk_out1_design_1_clk_wiz_0_0_1 rise edge)
                                                      0.000     0.000 r  
    L18                                               0.000     0.000 r  fmc_imageon_vclk (IN)
                         net (fo=0)                   0.000     0.000    design_1_i/clk_wiz_0/inst/clk_in1
    L18                  IBUF (Prop_ibuf_I_O)         1.307     1.307 r  design_1_i/clk_wiz_0/inst/clkin1_ibufg/O
                         net (fo=1, routed)           1.285     2.592    design_1_i/clk_wiz_0/inst/clk_in1_design_1_clk_wiz_0_0
    MMCME2_ADV_X1Y1      MMCME2_ADV (Prop_mmcme2_adv_CLKIN1_CLKOUT0)
                                                     -7.406    -4.814 r  design_1_i/clk_wiz_0/inst/mmcm_adv_inst/CLKOUT0
                         net (fo=1, routed)           1.889    -2.925    design_1_i/clk_wiz_0/inst/clk_out1_design_1_clk_wiz_0_0
    BUFGCTRL_X0Y16       BUFG (Prop_bufg_I_O)         0.101    -2.824 r  design_1_i/clk_wiz_0/inst/clkout1_buf/O
                         net (fo=15835, routed)       1.655    -1.169    design_1_i/ps7_0_axi_periph/m07_couplers/auto_cc/inst/gen_clock_conv.gen_async_lite_conv.clock_conv_lite_fwd_aw/handshake/dest_clk
    SLICE_X33Y21         FDRE                                         r  design_1_i/ps7_0_axi_periph/m07_couplers/auto_cc/inst/gen_clock_conv.gen_async_lite_conv.clock_conv_lite_fwd_aw/handshake/dest_hsdata_ff_reg[6]/C
                         clock pessimism              0.000    -1.169    
    SLICE_X33Y21         FDRE (Hold_fdre_C_D)         0.187    -0.982    design_1_i/ps7_0_axi_periph/m07_couplers/auto_cc/inst/gen_clock_conv.gen_async_lite_conv.clock_conv_lite_fwd_aw/handshake/dest_hsdata_ff_reg[6]
  -------------------------------------------------------------------
                         data arrival                           3.366    
                         clock arrival                         -0.982    
  -------------------------------------------------------------------
                         relative delay                         4.348    



Id: 15
set_bus_skew -from [get_cells [list {design_1_i/ps7_0_axi_periph/m08_couplers/auto_cc/inst/gen_clock_conv.gen_async_lite_conv.clock_conv_lite_fwd_ar/handshake/src_hsdata_ff_reg[0]} {design_1_i/ps7_0_axi_periph/m08_couplers/auto_cc/inst/gen_clock_conv.gen_async_lite_conv.clock_conv_lite_fwd_ar/handshake/src_hsdata_ff_reg[4]} {design_1_i/ps7_0_axi_periph/m08_couplers/auto_cc/inst/gen_clock_conv.gen_async_lite_conv.clock_conv_lite_fwd_ar/handshake/src_hsdata_ff_reg[3]} {design_1_i/ps7_0_axi_periph/m08_couplers/auto_cc/inst/gen_clock_conv.gen_async_lite_conv.clock_conv_lite_fwd_ar/handshake/src_hsdata_ff_reg[2]} {design_1_i/ps7_0_axi_periph/m08_couplers/auto_cc/inst/gen_clock_conv.gen_async_lite_conv.clock_conv_lite_fwd_ar/handshake/src_hsdata_ff_reg[1]} {design_1_i/ps7_0_axi_periph/m08_couplers/auto_cc/inst/gen_clock_conv.gen_async_lite_conv.clock_conv_lite_fwd_ar/handshake/src_hsdata_ff_reg[5]}]] -to [get_cells [list {design_1_i/ps7_0_axi_periph/m08_couplers/auto_cc/inst/gen_clock_conv.gen_async_lite_conv.clock_conv_lite_fwd_ar/handshake/dest_hsdata_ff_reg[0]} {design_1_i/ps7_0_axi_periph/m08_couplers/auto_cc/inst/gen_clock_conv.gen_async_lite_conv.clock_conv_lite_fwd_ar/handshake/dest_hsdata_ff_reg[4]} {design_1_i/ps7_0_axi_periph/m08_couplers/auto_cc/inst/gen_clock_conv.gen_async_lite_conv.clock_conv_lite_fwd_ar/handshake/dest_hsdata_ff_reg[3]} {design_1_i/ps7_0_axi_periph/m08_couplers/auto_cc/inst/gen_clock_conv.gen_async_lite_conv.clock_conv_lite_fwd_ar/handshake/dest_hsdata_ff_reg[2]} {design_1_i/ps7_0_axi_periph/m08_couplers/auto_cc/inst/gen_clock_conv.gen_async_lite_conv.clock_conv_lite_fwd_ar/handshake/dest_hsdata_ff_reg[1]} {design_1_i/ps7_0_axi_periph/m08_couplers/auto_cc/inst/gen_clock_conv.gen_async_lite_conv.clock_conv_lite_fwd_ar/handshake/dest_hsdata_ff_reg[5]}]] 20.202
Requirement: 20.202ns
Endpoints: 6

From Clock            To Clock              Endpoint Pin                    Reference Pin                   Corner  Actual(ns)  Slack(ns)
--------------------  --------------------  ------------------------------  ------------------------------  ------  ----------  ---------
clk_fpga_0            clk_out1_design_1_clk_wiz_0_0_1
                                            design_1_i/ps7_0_axi_periph/m08_couplers/auto_cc/inst/gen_clock_conv.gen_async_lite_conv.clock_conv_lite_fwd_ar/handshake/dest_hsdata_ff_reg[5]/D
                                                                            design_1_i/ps7_0_axi_periph/m08_couplers/auto_cc/inst/gen_clock_conv.gen_async_lite_conv.clock_conv_lite_fwd_ar/handshake/dest_hsdata_ff_reg[0]/D
                                                                                                            Slow         1.012     19.190


Slack (MET) :             19.190ns  (requirement - actual skew)
  Endpoint Source:        design_1_i/ps7_0_axi_periph/m08_couplers/auto_cc/inst/gen_clock_conv.gen_async_lite_conv.clock_conv_lite_fwd_ar/handshake/src_hsdata_ff_reg[5]/C
                            (rising edge-triggered cell FDRE clocked by clk_fpga_0)
  Endpoint Destination:   design_1_i/ps7_0_axi_periph/m08_couplers/auto_cc/inst/gen_clock_conv.gen_async_lite_conv.clock_conv_lite_fwd_ar/handshake/dest_hsdata_ff_reg[5]/D
                            (rising edge-triggered cell FDRE clocked by clk_out1_design_1_clk_wiz_0_0_1)
  Reference Source:       design_1_i/ps7_0_axi_periph/m08_couplers/auto_cc/inst/gen_clock_conv.gen_async_lite_conv.clock_conv_lite_fwd_ar/handshake/src_hsdata_ff_reg[0]/C
                            (rising edge-triggered cell FDRE clocked by clk_fpga_0)
  Reference Destination:  design_1_i/ps7_0_axi_periph/m08_couplers/auto_cc/inst/gen_clock_conv.gen_async_lite_conv.clock_conv_lite_fwd_ar/handshake/dest_hsdata_ff_reg[0]/D
                            (rising edge-triggered cell FDRE clocked by clk_out1_design_1_clk_wiz_0_0_1)
  Path Type:              Bus Skew (Max at Slow Process Corner)
  Requirement:            20.202ns
  Endpoint Relative Delay:    6.026ns
  Reference Relative Delay:   4.392ns
  Relative CRPR:              0.919ns
  Uncertainty:                0.298ns
  Actual Bus Skew:            1.012ns  (Endpoint Relative Delay - Reference Relative Delay - Relative CRPR + Uncertainty)

Endpoint path:
    Location             Delay type                Incr(ns)  Path(ns)    Netlist Resource(s)
  -------------------------------------------------------------------    -------------------
                         (clock clk_fpga_0 rise edge)
                                                      0.000     0.000 r  
    PS7_X0Y0             PS7                          0.000     0.000 r  design_1_i/processing_system7_0/inst/PS7_i/FCLKCLK[0]
                         net (fo=1, routed)           1.193     1.193    design_1_i/processing_system7_0/inst/FCLK_CLK_unbuffered[0]
    BUFGCTRL_X0Y18       BUFG (Prop_bufg_I_O)         0.101     1.294 r  design_1_i/processing_system7_0/inst/buffer_fclk_clk_0.FCLK_CLK_0_BUFG/O
                         net (fo=4711, routed)        1.735     3.029    design_1_i/ps7_0_axi_periph/m08_couplers/auto_cc/inst/gen_clock_conv.gen_async_lite_conv.clock_conv_lite_fwd_ar/handshake/src_clk
    SLICE_X87Y37         FDRE                                         r  design_1_i/ps7_0_axi_periph/m08_couplers/auto_cc/inst/gen_clock_conv.gen_async_lite_conv.clock_conv_lite_fwd_ar/handshake/src_hsdata_ff_reg[5]/C
  -------------------------------------------------------------------    -------------------
    SLICE_X87Y37         FDRE (Prop_fdre_C_Q)         0.419     3.448 r  design_1_i/ps7_0_axi_periph/m08_couplers/auto_cc/inst/gen_clock_conv.gen_async_lite_conv.clock_conv_lite_fwd_ar/handshake/src_hsdata_ff_reg[5]/Q
                         net (fo=1, routed)           0.626     4.074    design_1_i/ps7_0_axi_periph/m08_couplers/auto_cc/inst/gen_clock_conv.gen_async_lite_conv.clock_conv_lite_fwd_ar/handshake/src_hsdata_ff[5]
    SLICE_X88Y37         FDRE                                         r  design_1_i/ps7_0_axi_periph/m08_couplers/auto_cc/inst/gen_clock_conv.gen_async_lite_conv.clock_conv_lite_fwd_ar/handshake/dest_hsdata_ff_reg[5]/D
  -------------------------------------------------------------------    -------------------

                         (clock clk_out1_design_1_clk_wiz_0_0_1 rise edge)
                                                      0.000     0.000 r  
    L18                                               0.000     0.000 r  fmc_imageon_vclk (IN)
                         net (fo=0)                   0.000     0.000    design_1_i/clk_wiz_0/inst/clk_in1
    L18                  IBUF (Prop_ibuf_I_O)         1.244     1.244 r  design_1_i/clk_wiz_0/inst/clkin1_ibufg/O
                         net (fo=1, routed)           1.162     2.406    design_1_i/clk_wiz_0/inst/clk_in1_design_1_clk_wiz_0_0
    MMCME2_ADV_X1Y1      MMCME2_ADV (Prop_mmcme2_adv_CLKIN1_CLKOUT0)
                                                     -7.500    -5.093 r  design_1_i/clk_wiz_0/inst/mmcm_adv_inst/CLKOUT0
                         net (fo=1, routed)           1.725    -3.368    design_1_i/clk_wiz_0/inst/clk_out1_design_1_clk_wiz_0_0
    BUFGCTRL_X0Y16       BUFG (Prop_bufg_I_O)         0.091    -3.277 r  design_1_i/clk_wiz_0/inst/clkout1_buf/O
                         net (fo=15835, routed)       1.559    -1.718    design_1_i/ps7_0_axi_periph/m08_couplers/auto_cc/inst/gen_clock_conv.gen_async_lite_conv.clock_conv_lite_fwd_ar/handshake/dest_clk
    SLICE_X88Y37         FDRE                                         r  design_1_i/ps7_0_axi_periph/m08_couplers/auto_cc/inst/gen_clock_conv.gen_async_lite_conv.clock_conv_lite_fwd_ar/handshake/dest_hsdata_ff_reg[5]/C
                         clock pessimism              0.000    -1.718    
    SLICE_X88Y37         FDRE (Setup_fdre_C_D)       -0.234    -1.952    design_1_i/ps7_0_axi_periph/m08_couplers/auto_cc/inst/gen_clock_conv.gen_async_lite_conv.clock_conv_lite_fwd_ar/handshake/dest_hsdata_ff_reg[5]
  -------------------------------------------------------------------
                         data arrival                           4.074    
                         clock arrival                         -1.952    
  -------------------------------------------------------------------
                         relative delay                         6.026    

Reference path:
    Location             Delay type                Incr(ns)  Path(ns)    Netlist Resource(s)
  -------------------------------------------------------------------    -------------------
                         (clock clk_fpga_0 rise edge)
                                                      0.000     0.000 r  
    PS7_X0Y0             PS7                          0.000     0.000 r  design_1_i/processing_system7_0/inst/PS7_i/FCLKCLK[0]
                         net (fo=1, routed)           1.088     1.088    design_1_i/processing_system7_0/inst/FCLK_CLK_unbuffered[0]
    BUFGCTRL_X0Y18       BUFG (Prop_bufg_I_O)         0.091     1.179 r  design_1_i/processing_system7_0/inst/buffer_fclk_clk_0.FCLK_CLK_0_BUFG/O
                         net (fo=4711, routed)        1.559     2.738    design_1_i/ps7_0_axi_periph/m08_couplers/auto_cc/inst/gen_clock_conv.gen_async_lite_conv.clock_conv_lite_fwd_ar/handshake/src_clk
    SLICE_X87Y37         FDRE                                         r  design_1_i/ps7_0_axi_periph/m08_couplers/auto_cc/inst/gen_clock_conv.gen_async_lite_conv.clock_conv_lite_fwd_ar/handshake/src_hsdata_ff_reg[0]/C
  -------------------------------------------------------------------    -------------------
    SLICE_X87Y37         FDRE (Prop_fdre_C_Q)         0.367     3.105 r  design_1_i/ps7_0_axi_periph/m08_couplers/auto_cc/inst/gen_clock_conv.gen_async_lite_conv.clock_conv_lite_fwd_ar/handshake/src_hsdata_ff_reg[0]/Q
                         net (fo=1, routed)           0.366     3.472    design_1_i/ps7_0_axi_periph/m08_couplers/auto_cc/inst/gen_clock_conv.gen_async_lite_conv.clock_conv_lite_fwd_ar/handshake/src_hsdata_ff[0]
    SLICE_X88Y37         FDRE                                         r  design_1_i/ps7_0_axi_periph/m08_couplers/auto_cc/inst/gen_clock_conv.gen_async_lite_conv.clock_conv_lite_fwd_ar/handshake/dest_hsdata_ff_reg[0]/D
  -------------------------------------------------------------------    -------------------

                         (clock clk_out1_design_1_clk_wiz_0_0_1 rise edge)
                                                      0.000     0.000 r  
    L18                                               0.000     0.000 r  fmc_imageon_vclk (IN)
                         net (fo=0)                   0.000     0.000    design_1_i/clk_wiz_0/inst/clk_in1
    L18                  IBUF (Prop_ibuf_I_O)         1.307     1.307 r  design_1_i/clk_wiz_0/inst/clkin1_ibufg/O
                         net (fo=1, routed)           1.285     2.592    design_1_i/clk_wiz_0/inst/clk_in1_design_1_clk_wiz_0_0
    MMCME2_ADV_X1Y1      MMCME2_ADV (Prop_mmcme2_adv_CLKIN1_CLKOUT0)
                                                     -7.406    -4.814 r  design_1_i/clk_wiz_0/inst/mmcm_adv_inst/CLKOUT0
                         net (fo=1, routed)           1.889    -2.925    design_1_i/clk_wiz_0/inst/clk_out1_design_1_clk_wiz_0_0
    BUFGCTRL_X0Y16       BUFG (Prop_bufg_I_O)         0.101    -2.824 r  design_1_i/clk_wiz_0/inst/clkout1_buf/O
                         net (fo=15835, routed)       1.735    -1.089    design_1_i/ps7_0_axi_periph/m08_couplers/auto_cc/inst/gen_clock_conv.gen_async_lite_conv.clock_conv_lite_fwd_ar/handshake/dest_clk
    SLICE_X88Y37         FDRE                                         r  design_1_i/ps7_0_axi_periph/m08_couplers/auto_cc/inst/gen_clock_conv.gen_async_lite_conv.clock_conv_lite_fwd_ar/handshake/dest_hsdata_ff_reg[0]/C
                         clock pessimism              0.000    -1.089    
    SLICE_X88Y37         FDRE (Hold_fdre_C_D)         0.169    -0.920    design_1_i/ps7_0_axi_periph/m08_couplers/auto_cc/inst/gen_clock_conv.gen_async_lite_conv.clock_conv_lite_fwd_ar/handshake/dest_hsdata_ff_reg[0]
  -------------------------------------------------------------------
                         data arrival                           3.472    
                         clock arrival                         -0.920    
  -------------------------------------------------------------------
                         relative delay                         4.392    



Id: 16
set_bus_skew -from [get_cells [list {design_1_i/ps7_0_axi_periph/m08_couplers/auto_cc/inst/gen_clock_conv.gen_async_lite_conv.clock_conv_lite_fwd_w/handshake/src_hsdata_ff_reg[0]} \
          {design_1_i/ps7_0_axi_periph/m08_couplers/auto_cc/inst/gen_clock_conv.gen_async_lite_conv.clock_conv_lite_fwd_w/handshake/src_hsdata_ff_reg[10]} \
          {design_1_i/ps7_0_axi_periph/m08_couplers/auto_cc/inst/gen_clock_conv.gen_async_lite_conv.clock_conv_lite_fwd_w/handshake/src_hsdata_ff_reg[11]} \
          {design_1_i/ps7_0_axi_periph/m08_couplers/auto_cc/inst/gen_clock_conv.gen_async_lite_conv.clock_conv_lite_fwd_w/handshake/src_hsdata_ff_reg[12]} \
          {design_1_i/ps7_0_axi_periph/m08_couplers/auto_cc/inst/gen_clock_conv.gen_async_lite_conv.clock_conv_lite_fwd_w/handshake/src_hsdata_ff_reg[13]} \
          {design_1_i/ps7_0_axi_periph/m08_couplers/auto_cc/inst/gen_clock_conv.gen_async_lite_conv.clock_conv_lite_fwd_w/handshake/src_hsdata_ff_reg[14]} \
          {design_1_i/ps7_0_axi_periph/m08_couplers/auto_cc/inst/gen_clock_conv.gen_async_lite_conv.clock_conv_lite_fwd_w/handshake/src_hsdata_ff_reg[15]} \
          {design_1_i/ps7_0_axi_periph/m08_couplers/auto_cc/inst/gen_clock_conv.gen_async_lite_conv.clock_conv_lite_fwd_w/handshake/src_hsdata_ff_reg[16]} \
          {design_1_i/ps7_0_axi_periph/m08_couplers/auto_cc/inst/gen_clock_conv.gen_async_lite_conv.clock_conv_lite_fwd_w/handshake/src_hsdata_ff_reg[17]} \
          {design_1_i/ps7_0_axi_periph/m08_couplers/auto_cc/inst/gen_clock_conv.gen_async_lite_conv.clock_conv_lite_fwd_w/handshake/src_hsdata_ff_reg[18]} \
          {design_1_i/ps7_0_axi_periph/m08_couplers/auto_cc/inst/gen_clock_conv.gen_async_lite_conv.clock_conv_lite_fwd_w/handshake/src_hsdata_ff_reg[19]} \
          {design_1_i/ps7_0_axi_periph/m08_couplers/auto_cc/inst/gen_clock_conv.gen_async_lite_conv.clock_conv_lite_fwd_w/handshake/src_hsdata_ff_reg[1]} \
          {design_1_i/ps7_0_axi_periph/m08_couplers/auto_cc/inst/gen_clock_conv.gen_async_lite_conv.clock_conv_lite_fwd_w/handshake/src_hsdata_ff_reg[20]} \
          {design_1_i/ps7_0_axi_periph/m08_couplers/auto_cc/inst/gen_clock_conv.gen_async_lite_conv.clock_conv_lite_fwd_w/handshake/src_hsdata_ff_reg[21]} \
          {design_1_i/ps7_0_axi_periph/m08_couplers/auto_cc/inst/gen_clock_conv.gen_async_lite_conv.clock_conv_lite_fwd_w/handshake/src_hsdata_ff_reg[22]} \
          {design_1_i/ps7_0_axi_periph/m08_couplers/auto_cc/inst/gen_clock_conv.gen_async_lite_conv.clock_conv_lite_fwd_w/handshake/src_hsdata_ff_reg[23]} \
          {design_1_i/ps7_0_axi_periph/m08_couplers/auto_cc/inst/gen_clock_conv.gen_async_lite_conv.clock_conv_lite_fwd_w/handshake/src_hsdata_ff_reg[24]} \
          {design_1_i/ps7_0_axi_periph/m08_couplers/auto_cc/inst/gen_clock_conv.gen_async_lite_conv.clock_conv_lite_fwd_w/handshake/src_hsdata_ff_reg[25]} \
          {design_1_i/ps7_0_axi_periph/m08_couplers/auto_cc/inst/gen_clock_conv.gen_async_lite_conv.clock_conv_lite_fwd_w/handshake/src_hsdata_ff_reg[26]} \
          {design_1_i/ps7_0_axi_periph/m08_couplers/auto_cc/inst/gen_clock_conv.gen_async_lite_conv.clock_conv_lite_fwd_w/handshake/src_hsdata_ff_reg[27]} \
          {design_1_i/ps7_0_axi_periph/m08_couplers/auto_cc/inst/gen_clock_conv.gen_async_lite_conv.clock_conv_lite_fwd_w/handshake/src_hsdata_ff_reg[28]} \
          {design_1_i/ps7_0_axi_periph/m08_couplers/auto_cc/inst/gen_clock_conv.gen_async_lite_conv.clock_conv_lite_fwd_w/handshake/src_hsdata_ff_reg[29]} \
          {design_1_i/ps7_0_axi_periph/m08_couplers/auto_cc/inst/gen_clock_conv.gen_async_lite_conv.clock_conv_lite_fwd_w/handshake/src_hsdata_ff_reg[2]} \
          {design_1_i/ps7_0_axi_periph/m08_couplers/auto_cc/inst/gen_clock_conv.gen_async_lite_conv.clock_conv_lite_fwd_w/handshake/src_hsdata_ff_reg[30]} \
          {design_1_i/ps7_0_axi_periph/m08_couplers/auto_cc/inst/gen_clock_conv.gen_async_lite_conv.clock_conv_lite_fwd_w/handshake/src_hsdata_ff_reg[31]} \
          {design_1_i/ps7_0_axi_periph/m08_couplers/auto_cc/inst/gen_clock_conv.gen_async_lite_conv.clock_conv_lite_fwd_w/handshake/src_hsdata_ff_reg[32]} \
          {design_1_i/ps7_0_axi_periph/m08_couplers/auto_cc/inst/gen_clock_conv.gen_async_lite_conv.clock_conv_lite_fwd_w/handshake/src_hsdata_ff_reg[33]} \
          {design_1_i/ps7_0_axi_periph/m08_couplers/auto_cc/inst/gen_clock_conv.gen_async_lite_conv.clock_conv_lite_fwd_w/handshake/src_hsdata_ff_reg[34]} \
          {design_1_i/ps7_0_axi_periph/m08_couplers/auto_cc/inst/gen_clock_conv.gen_async_lite_conv.clock_conv_lite_fwd_w/handshake/src_hsdata_ff_reg[35]} \
          {design_1_i/ps7_0_axi_periph/m08_couplers/auto_cc/inst/gen_clock_conv.gen_async_lite_conv.clock_conv_lite_fwd_w/handshake/src_hsdata_ff_reg[3]} \
          {design_1_i/ps7_0_axi_periph/m08_couplers/auto_cc/inst/gen_clock_conv.gen_async_lite_conv.clock_conv_lite_fwd_w/handshake/src_hsdata_ff_reg[4]} \
          {design_1_i/ps7_0_axi_periph/m08_couplers/auto_cc/inst/gen_clock_conv.gen_async_lite_conv.clock_conv_lite_fwd_w/handshake/src_hsdata_ff_reg[5]} \
          {design_1_i/ps7_0_axi_periph/m08_couplers/auto_cc/inst/gen_clock_conv.gen_async_lite_conv.clock_conv_lite_fwd_w/handshake/src_hsdata_ff_reg[6]} \
          {design_1_i/ps7_0_axi_periph/m08_couplers/auto_cc/inst/gen_clock_conv.gen_async_lite_conv.clock_conv_lite_fwd_w/handshake/src_hsdata_ff_reg[7]} \
          {design_1_i/ps7_0_axi_periph/m08_couplers/auto_cc/inst/gen_clock_conv.gen_async_lite_conv.clock_conv_lite_fwd_w/handshake/src_hsdata_ff_reg[8]} \
          {design_1_i/ps7_0_axi_periph/m08_couplers/auto_cc/inst/gen_clock_conv.gen_async_lite_conv.clock_conv_lite_fwd_w/handshake/src_hsdata_ff_reg[9]}]] -to [get_cells [list {design_1_i/ps7_0_axi_periph/m08_couplers/auto_cc/inst/gen_clock_conv.gen_async_lite_conv.clock_conv_lite_fwd_w/handshake/dest_hsdata_ff_reg[0]} \
          {design_1_i/ps7_0_axi_periph/m08_couplers/auto_cc/inst/gen_clock_conv.gen_async_lite_conv.clock_conv_lite_fwd_w/handshake/dest_hsdata_ff_reg[10]} \
          {design_1_i/ps7_0_axi_periph/m08_couplers/auto_cc/inst/gen_clock_conv.gen_async_lite_conv.clock_conv_lite_fwd_w/handshake/dest_hsdata_ff_reg[11]} \
          {design_1_i/ps7_0_axi_periph/m08_couplers/auto_cc/inst/gen_clock_conv.gen_async_lite_conv.clock_conv_lite_fwd_w/handshake/dest_hsdata_ff_reg[12]} \
          {design_1_i/ps7_0_axi_periph/m08_couplers/auto_cc/inst/gen_clock_conv.gen_async_lite_conv.clock_conv_lite_fwd_w/handshake/dest_hsdata_ff_reg[13]} \
          {design_1_i/ps7_0_axi_periph/m08_couplers/auto_cc/inst/gen_clock_conv.gen_async_lite_conv.clock_conv_lite_fwd_w/handshake/dest_hsdata_ff_reg[14]} \
          {design_1_i/ps7_0_axi_periph/m08_couplers/auto_cc/inst/gen_clock_conv.gen_async_lite_conv.clock_conv_lite_fwd_w/handshake/dest_hsdata_ff_reg[15]} \
          {design_1_i/ps7_0_axi_periph/m08_couplers/auto_cc/inst/gen_clock_conv.gen_async_lite_conv.clock_conv_lite_fwd_w/handshake/dest_hsdata_ff_reg[16]} \
          {design_1_i/ps7_0_axi_periph/m08_couplers/auto_cc/inst/gen_clock_conv.gen_async_lite_conv.clock_conv_lite_fwd_w/handshake/dest_hsdata_ff_reg[17]} \
          {design_1_i/ps7_0_axi_periph/m08_couplers/auto_cc/inst/gen_clock_conv.gen_async_lite_conv.clock_conv_lite_fwd_w/handshake/dest_hsdata_ff_reg[18]} \
          {design_1_i/ps7_0_axi_periph/m08_couplers/auto_cc/inst/gen_clock_conv.gen_async_lite_conv.clock_conv_lite_fwd_w/handshake/dest_hsdata_ff_reg[19]} \
          {design_1_i/ps7_0_axi_periph/m08_couplers/auto_cc/inst/gen_clock_conv.gen_async_lite_conv.clock_conv_lite_fwd_w/handshake/dest_hsdata_ff_reg[1]} \
          {design_1_i/ps7_0_axi_periph/m08_couplers/auto_cc/inst/gen_clock_conv.gen_async_lite_conv.clock_conv_lite_fwd_w/handshake/dest_hsdata_ff_reg[20]} \
          {design_1_i/ps7_0_axi_periph/m08_couplers/auto_cc/inst/gen_clock_conv.gen_async_lite_conv.clock_conv_lite_fwd_w/handshake/dest_hsdata_ff_reg[21]} \
          {design_1_i/ps7_0_axi_periph/m08_couplers/auto_cc/inst/gen_clock_conv.gen_async_lite_conv.clock_conv_lite_fwd_w/handshake/dest_hsdata_ff_reg[22]} \
          {design_1_i/ps7_0_axi_periph/m08_couplers/auto_cc/inst/gen_clock_conv.gen_async_lite_conv.clock_conv_lite_fwd_w/handshake/dest_hsdata_ff_reg[23]} \
          {design_1_i/ps7_0_axi_periph/m08_couplers/auto_cc/inst/gen_clock_conv.gen_async_lite_conv.clock_conv_lite_fwd_w/handshake/dest_hsdata_ff_reg[24]} \
          {design_1_i/ps7_0_axi_periph/m08_couplers/auto_cc/inst/gen_clock_conv.gen_async_lite_conv.clock_conv_lite_fwd_w/handshake/dest_hsdata_ff_reg[25]} \
          {design_1_i/ps7_0_axi_periph/m08_couplers/auto_cc/inst/gen_clock_conv.gen_async_lite_conv.clock_conv_lite_fwd_w/handshake/dest_hsdata_ff_reg[26]} \
          {design_1_i/ps7_0_axi_periph/m08_couplers/auto_cc/inst/gen_clock_conv.gen_async_lite_conv.clock_conv_lite_fwd_w/handshake/dest_hsdata_ff_reg[27]} \
          {design_1_i/ps7_0_axi_periph/m08_couplers/auto_cc/inst/gen_clock_conv.gen_async_lite_conv.clock_conv_lite_fwd_w/handshake/dest_hsdata_ff_reg[28]} \
          {design_1_i/ps7_0_axi_periph/m08_couplers/auto_cc/inst/gen_clock_conv.gen_async_lite_conv.clock_conv_lite_fwd_w/handshake/dest_hsdata_ff_reg[29]} \
          {design_1_i/ps7_0_axi_periph/m08_couplers/auto_cc/inst/gen_clock_conv.gen_async_lite_conv.clock_conv_lite_fwd_w/handshake/dest_hsdata_ff_reg[2]} \
          {design_1_i/ps7_0_axi_periph/m08_couplers/auto_cc/inst/gen_clock_conv.gen_async_lite_conv.clock_conv_lite_fwd_w/handshake/dest_hsdata_ff_reg[30]} \
          {design_1_i/ps7_0_axi_periph/m08_couplers/auto_cc/inst/gen_clock_conv.gen_async_lite_conv.clock_conv_lite_fwd_w/handshake/dest_hsdata_ff_reg[31]} \
          {design_1_i/ps7_0_axi_periph/m08_couplers/auto_cc/inst/gen_clock_conv.gen_async_lite_conv.clock_conv_lite_fwd_w/handshake/dest_hsdata_ff_reg[32]} \
          {design_1_i/ps7_0_axi_periph/m08_couplers/auto_cc/inst/gen_clock_conv.gen_async_lite_conv.clock_conv_lite_fwd_w/handshake/dest_hsdata_ff_reg[33]} \
          {design_1_i/ps7_0_axi_periph/m08_couplers/auto_cc/inst/gen_clock_conv.gen_async_lite_conv.clock_conv_lite_fwd_w/handshake/dest_hsdata_ff_reg[34]} \
          {design_1_i/ps7_0_axi_periph/m08_couplers/auto_cc/inst/gen_clock_conv.gen_async_lite_conv.clock_conv_lite_fwd_w/handshake/dest_hsdata_ff_reg[35]} \
          {design_1_i/ps7_0_axi_periph/m08_couplers/auto_cc/inst/gen_clock_conv.gen_async_lite_conv.clock_conv_lite_fwd_w/handshake/dest_hsdata_ff_reg[3]} \
          {design_1_i/ps7_0_axi_periph/m08_couplers/auto_cc/inst/gen_clock_conv.gen_async_lite_conv.clock_conv_lite_fwd_w/handshake/dest_hsdata_ff_reg[4]} \
          {design_1_i/ps7_0_axi_periph/m08_couplers/auto_cc/inst/gen_clock_conv.gen_async_lite_conv.clock_conv_lite_fwd_w/handshake/dest_hsdata_ff_reg[5]} \
          {design_1_i/ps7_0_axi_periph/m08_couplers/auto_cc/inst/gen_clock_conv.gen_async_lite_conv.clock_conv_lite_fwd_w/handshake/dest_hsdata_ff_reg[6]} \
          {design_1_i/ps7_0_axi_periph/m08_couplers/auto_cc/inst/gen_clock_conv.gen_async_lite_conv.clock_conv_lite_fwd_w/handshake/dest_hsdata_ff_reg[7]} \
          {design_1_i/ps7_0_axi_periph/m08_couplers/auto_cc/inst/gen_clock_conv.gen_async_lite_conv.clock_conv_lite_fwd_w/handshake/dest_hsdata_ff_reg[8]} \
          {design_1_i/ps7_0_axi_periph/m08_couplers/auto_cc/inst/gen_clock_conv.gen_async_lite_conv.clock_conv_lite_fwd_w/handshake/dest_hsdata_ff_reg[9]}]] 20.202
Requirement: 20.202ns
Endpoints: 36

From Clock            To Clock              Endpoint Pin                    Reference Pin                   Corner  Actual(ns)  Slack(ns)
--------------------  --------------------  ------------------------------  ------------------------------  ------  ----------  ---------
clk_fpga_0            clk_out1_design_1_clk_wiz_0_0_1
                                            design_1_i/ps7_0_axi_periph/m08_couplers/auto_cc/inst/gen_clock_conv.gen_async_lite_conv.clock_conv_lite_fwd_w/handshake/dest_hsdata_ff_reg[5]/D
                                                                            design_1_i/ps7_0_axi_periph/m08_couplers/auto_cc/inst/gen_clock_conv.gen_async_lite_conv.clock_conv_lite_fwd_w/handshake/dest_hsdata_ff_reg[0]/D
                                                                                                            Slow         1.223     18.979


Slack (MET) :             18.979ns  (requirement - actual skew)
  Endpoint Source:        design_1_i/ps7_0_axi_periph/m08_couplers/auto_cc/inst/gen_clock_conv.gen_async_lite_conv.clock_conv_lite_fwd_w/handshake/src_hsdata_ff_reg[5]/C
                            (rising edge-triggered cell FDRE clocked by clk_fpga_0)
  Endpoint Destination:   design_1_i/ps7_0_axi_periph/m08_couplers/auto_cc/inst/gen_clock_conv.gen_async_lite_conv.clock_conv_lite_fwd_w/handshake/dest_hsdata_ff_reg[5]/D
                            (rising edge-triggered cell FDRE clocked by clk_out1_design_1_clk_wiz_0_0_1)
  Reference Source:       design_1_i/ps7_0_axi_periph/m08_couplers/auto_cc/inst/gen_clock_conv.gen_async_lite_conv.clock_conv_lite_fwd_w/handshake/src_hsdata_ff_reg[0]/C
                            (rising edge-triggered cell FDRE clocked by clk_fpga_0)
  Reference Destination:  design_1_i/ps7_0_axi_periph/m08_couplers/auto_cc/inst/gen_clock_conv.gen_async_lite_conv.clock_conv_lite_fwd_w/handshake/dest_hsdata_ff_reg[0]/D
                            (rising edge-triggered cell FDRE clocked by clk_out1_design_1_clk_wiz_0_0_1)
  Path Type:              Bus Skew (Max at Slow Process Corner)
  Requirement:            20.202ns
  Endpoint Relative Delay:    6.160ns
  Reference Relative Delay:   4.400ns
  Relative CRPR:              0.835ns
  Uncertainty:                0.298ns
  Actual Bus Skew:            1.223ns  (Endpoint Relative Delay - Reference Relative Delay - Relative CRPR + Uncertainty)

Endpoint path:
    Location             Delay type                Incr(ns)  Path(ns)    Netlist Resource(s)
  -------------------------------------------------------------------    -------------------
                         (clock clk_fpga_0 rise edge)
                                                      0.000     0.000 r  
    PS7_X0Y0             PS7                          0.000     0.000 r  design_1_i/processing_system7_0/inst/PS7_i/FCLKCLK[0]
                         net (fo=1, routed)           1.193     1.193    design_1_i/processing_system7_0/inst/FCLK_CLK_unbuffered[0]
    BUFGCTRL_X0Y18       BUFG (Prop_bufg_I_O)         0.101     1.294 r  design_1_i/processing_system7_0/inst/buffer_fclk_clk_0.FCLK_CLK_0_BUFG/O
                         net (fo=4711, routed)        1.800     3.094    design_1_i/ps7_0_axi_periph/m08_couplers/auto_cc/inst/gen_clock_conv.gen_async_lite_conv.clock_conv_lite_fwd_w/handshake/src_clk
    SLICE_X96Y40         FDRE                                         r  design_1_i/ps7_0_axi_periph/m08_couplers/auto_cc/inst/gen_clock_conv.gen_async_lite_conv.clock_conv_lite_fwd_w/handshake/src_hsdata_ff_reg[5]/C
  -------------------------------------------------------------------    -------------------
    SLICE_X96Y40         FDRE (Prop_fdre_C_Q)         0.478     3.572 r  design_1_i/ps7_0_axi_periph/m08_couplers/auto_cc/inst/gen_clock_conv.gen_async_lite_conv.clock_conv_lite_fwd_w/handshake/src_hsdata_ff_reg[5]/Q
                         net (fo=1, routed)           0.719     4.291    design_1_i/ps7_0_axi_periph/m08_couplers/auto_cc/inst/gen_clock_conv.gen_async_lite_conv.clock_conv_lite_fwd_w/handshake/src_hsdata_ff[5]
    SLICE_X95Y40         FDRE                                         r  design_1_i/ps7_0_axi_periph/m08_couplers/auto_cc/inst/gen_clock_conv.gen_async_lite_conv.clock_conv_lite_fwd_w/handshake/dest_hsdata_ff_reg[5]/D
  -------------------------------------------------------------------    -------------------

                         (clock clk_out1_design_1_clk_wiz_0_0_1 rise edge)
                                                      0.000     0.000 r  
    L18                                               0.000     0.000 r  fmc_imageon_vclk (IN)
                         net (fo=0)                   0.000     0.000    design_1_i/clk_wiz_0/inst/clk_in1
    L18                  IBUF (Prop_ibuf_I_O)         1.244     1.244 r  design_1_i/clk_wiz_0/inst/clkin1_ibufg/O
                         net (fo=1, routed)           1.162     2.406    design_1_i/clk_wiz_0/inst/clk_in1_design_1_clk_wiz_0_0
    MMCME2_ADV_X1Y1      MMCME2_ADV (Prop_mmcme2_adv_CLKIN1_CLKOUT0)
                                                     -7.500    -5.093 r  design_1_i/clk_wiz_0/inst/mmcm_adv_inst/CLKOUT0
                         net (fo=1, routed)           1.725    -3.368    design_1_i/clk_wiz_0/inst/clk_out1_design_1_clk_wiz_0_0
    BUFGCTRL_X0Y16       BUFG (Prop_bufg_I_O)         0.091    -3.277 r  design_1_i/clk_wiz_0/inst/clkout1_buf/O
                         net (fo=15835, routed)       1.622    -1.655    design_1_i/ps7_0_axi_periph/m08_couplers/auto_cc/inst/gen_clock_conv.gen_async_lite_conv.clock_conv_lite_fwd_w/handshake/dest_clk
    SLICE_X95Y40         FDRE                                         r  design_1_i/ps7_0_axi_periph/m08_couplers/auto_cc/inst/gen_clock_conv.gen_async_lite_conv.clock_conv_lite_fwd_w/handshake/dest_hsdata_ff_reg[5]/C
                         clock pessimism              0.000    -1.655    
    SLICE_X95Y40         FDRE (Setup_fdre_C_D)       -0.214    -1.869    design_1_i/ps7_0_axi_periph/m08_couplers/auto_cc/inst/gen_clock_conv.gen_async_lite_conv.clock_conv_lite_fwd_w/handshake/dest_hsdata_ff_reg[5]
  -------------------------------------------------------------------
                         data arrival                           4.291    
                         clock arrival                         -1.869    
  -------------------------------------------------------------------
                         relative delay                         6.160    

Reference path:
    Location             Delay type                Incr(ns)  Path(ns)    Netlist Resource(s)
  -------------------------------------------------------------------    -------------------
                         (clock clk_fpga_0 rise edge)
                                                      0.000     0.000 r  
    PS7_X0Y0             PS7                          0.000     0.000 r  design_1_i/processing_system7_0/inst/PS7_i/FCLKCLK[0]
                         net (fo=1, routed)           1.088     1.088    design_1_i/processing_system7_0/inst/FCLK_CLK_unbuffered[0]
    BUFGCTRL_X0Y18       BUFG (Prop_bufg_I_O)         0.091     1.179 r  design_1_i/processing_system7_0/inst/buffer_fclk_clk_0.FCLK_CLK_0_BUFG/O
                         net (fo=4711, routed)        1.622     2.801    design_1_i/ps7_0_axi_periph/m08_couplers/auto_cc/inst/gen_clock_conv.gen_async_lite_conv.clock_conv_lite_fwd_w/handshake/src_clk
    SLICE_X99Y38         FDRE                                         r  design_1_i/ps7_0_axi_periph/m08_couplers/auto_cc/inst/gen_clock_conv.gen_async_lite_conv.clock_conv_lite_fwd_w/handshake/src_hsdata_ff_reg[0]/C
  -------------------------------------------------------------------    -------------------
    SLICE_X99Y38         FDRE (Prop_fdre_C_Q)         0.367     3.168 r  design_1_i/ps7_0_axi_periph/m08_couplers/auto_cc/inst/gen_clock_conv.gen_async_lite_conv.clock_conv_lite_fwd_w/handshake/src_hsdata_ff_reg[0]/Q
                         net (fo=1, routed)           0.376     3.544    design_1_i/ps7_0_axi_periph/m08_couplers/auto_cc/inst/gen_clock_conv.gen_async_lite_conv.clock_conv_lite_fwd_w/handshake/src_hsdata_ff[0]
    SLICE_X97Y38         FDRE                                         r  design_1_i/ps7_0_axi_periph/m08_couplers/auto_cc/inst/gen_clock_conv.gen_async_lite_conv.clock_conv_lite_fwd_w/handshake/dest_hsdata_ff_reg[0]/D
  -------------------------------------------------------------------    -------------------

                         (clock clk_out1_design_1_clk_wiz_0_0_1 rise edge)
                                                      0.000     0.000 r  
    L18                                               0.000     0.000 r  fmc_imageon_vclk (IN)
                         net (fo=0)                   0.000     0.000    design_1_i/clk_wiz_0/inst/clk_in1
    L18                  IBUF (Prop_ibuf_I_O)         1.307     1.307 r  design_1_i/clk_wiz_0/inst/clkin1_ibufg/O
                         net (fo=1, routed)           1.285     2.592    design_1_i/clk_wiz_0/inst/clk_in1_design_1_clk_wiz_0_0
    MMCME2_ADV_X1Y1      MMCME2_ADV (Prop_mmcme2_adv_CLKIN1_CLKOUT0)
                                                     -7.406    -4.814 r  design_1_i/clk_wiz_0/inst/mmcm_adv_inst/CLKOUT0
                         net (fo=1, routed)           1.889    -2.925    design_1_i/clk_wiz_0/inst/clk_out1_design_1_clk_wiz_0_0
    BUFGCTRL_X0Y16       BUFG (Prop_bufg_I_O)         0.101    -2.824 r  design_1_i/clk_wiz_0/inst/clkout1_buf/O
                         net (fo=15835, routed)       1.799    -1.025    design_1_i/ps7_0_axi_periph/m08_couplers/auto_cc/inst/gen_clock_conv.gen_async_lite_conv.clock_conv_lite_fwd_w/handshake/dest_clk
    SLICE_X97Y38         FDRE                                         r  design_1_i/ps7_0_axi_periph/m08_couplers/auto_cc/inst/gen_clock_conv.gen_async_lite_conv.clock_conv_lite_fwd_w/handshake/dest_hsdata_ff_reg[0]/C
                         clock pessimism              0.000    -1.025    
    SLICE_X97Y38         FDRE (Hold_fdre_C_D)         0.169    -0.856    design_1_i/ps7_0_axi_periph/m08_couplers/auto_cc/inst/gen_clock_conv.gen_async_lite_conv.clock_conv_lite_fwd_w/handshake/dest_hsdata_ff_reg[0]
  -------------------------------------------------------------------
                         data arrival                           3.544    
                         clock arrival                         -0.856    
  -------------------------------------------------------------------
                         relative delay                         4.400    



Id: 17
set_bus_skew -from [get_cells [list {design_1_i/ps7_0_axi_periph/m08_couplers/auto_cc/inst/gen_clock_conv.gen_async_lite_conv.clock_conv_lite_resp_b/handshake/src_hsdata_ff_reg[0]} {design_1_i/ps7_0_axi_periph/m08_couplers/auto_cc/inst/gen_clock_conv.gen_async_lite_conv.clock_conv_lite_resp_b/handshake/src_hsdata_ff_reg[1]}]] -to [get_cells [list {design_1_i/ps7_0_axi_periph/m08_couplers/auto_cc/inst/gen_clock_conv.gen_async_lite_conv.clock_conv_lite_resp_b/handshake/dest_hsdata_ff_reg[0]} {design_1_i/ps7_0_axi_periph/m08_couplers/auto_cc/inst/gen_clock_conv.gen_async_lite_conv.clock_conv_lite_resp_b/handshake/dest_hsdata_ff_reg[1]}]] 38.997
Requirement: 38.997ns
Endpoints: 2

From Clock            To Clock              Endpoint Pin                    Reference Pin                   Corner  Actual(ns)  Slack(ns)
--------------------  --------------------  ------------------------------  ------------------------------  ------  ----------  ---------
clk_out1_design_1_clk_wiz_0_0_1
                      clk_fpga_0            design_1_i/ps7_0_axi_periph/m08_couplers/auto_cc/inst/gen_clock_conv.gen_async_lite_conv.clock_conv_lite_resp_b/handshake/dest_hsdata_ff_reg[1]/D
                                                                            design_1_i/ps7_0_axi_periph/m08_couplers/auto_cc/inst/gen_clock_conv.gen_async_lite_conv.clock_conv_lite_resp_b/handshake/dest_hsdata_ff_reg[0]/D
                                                                                                            Slow         0.905     38.092


Slack (MET) :             38.092ns  (requirement - actual skew)
  Endpoint Source:        design_1_i/ps7_0_axi_periph/m08_couplers/auto_cc/inst/gen_clock_conv.gen_async_lite_conv.clock_conv_lite_resp_b/handshake/src_hsdata_ff_reg[1]/C
                            (rising edge-triggered cell FDRE clocked by clk_out1_design_1_clk_wiz_0_0_1)
  Endpoint Destination:   design_1_i/ps7_0_axi_periph/m08_couplers/auto_cc/inst/gen_clock_conv.gen_async_lite_conv.clock_conv_lite_resp_b/handshake/dest_hsdata_ff_reg[1]/D
                            (rising edge-triggered cell FDRE clocked by clk_fpga_0)
  Reference Source:       design_1_i/ps7_0_axi_periph/m08_couplers/auto_cc/inst/gen_clock_conv.gen_async_lite_conv.clock_conv_lite_resp_b/handshake/src_hsdata_ff_reg[0]/C
                            (rising edge-triggered cell FDRE clocked by clk_out1_design_1_clk_wiz_0_0_1)
  Reference Destination:  design_1_i/ps7_0_axi_periph/m08_couplers/auto_cc/inst/gen_clock_conv.gen_async_lite_conv.clock_conv_lite_resp_b/handshake/dest_hsdata_ff_reg[0]/D
                            (rising edge-triggered cell FDRE clocked by clk_fpga_0)
  Path Type:              Bus Skew (Max at Slow Process Corner)
  Requirement:            38.997ns
  Endpoint Relative Delay:   -2.458ns
  Reference Relative Delay:  -3.980ns
  Relative CRPR:              0.915ns
  Uncertainty:                0.298ns
  Actual Bus Skew:            0.905ns  (Endpoint Relative Delay - Reference Relative Delay - Relative CRPR + Uncertainty)

Endpoint path:
    Location             Delay type                Incr(ns)  Path(ns)    Netlist Resource(s)
  -------------------------------------------------------------------    -------------------
                         (clock clk_out1_design_1_clk_wiz_0_0_1 rise edge)
                                                      0.000     0.000 r  
    L18                                               0.000     0.000 r  fmc_imageon_vclk (IN)
                         net (fo=0)                   0.000     0.000    design_1_i/clk_wiz_0/inst/clk_in1
    L18                  IBUF (Prop_ibuf_I_O)         1.307     1.307 r  design_1_i/clk_wiz_0/inst/clkin1_ibufg/O
                         net (fo=1, routed)           1.285     2.592    design_1_i/clk_wiz_0/inst/clk_in1_design_1_clk_wiz_0_0
    MMCME2_ADV_X1Y1      MMCME2_ADV (Prop_mmcme2_adv_CLKIN1_CLKOUT0)
                                                     -7.406    -4.814 r  design_1_i/clk_wiz_0/inst/mmcm_adv_inst/CLKOUT0
                         net (fo=1, routed)           1.889    -2.925    design_1_i/clk_wiz_0/inst/clk_out1_design_1_clk_wiz_0_0
    BUFGCTRL_X0Y16       BUFG (Prop_bufg_I_O)         0.101    -2.824 r  design_1_i/clk_wiz_0/inst/clkout1_buf/O
                         net (fo=15835, routed)       1.669    -1.155    design_1_i/ps7_0_axi_periph/m08_couplers/auto_cc/inst/gen_clock_conv.gen_async_lite_conv.clock_conv_lite_resp_b/handshake/src_clk
    SLICE_X46Y49         FDRE                                         r  design_1_i/ps7_0_axi_periph/m08_couplers/auto_cc/inst/gen_clock_conv.gen_async_lite_conv.clock_conv_lite_resp_b/handshake/src_hsdata_ff_reg[1]/C
  -------------------------------------------------------------------    -------------------
    SLICE_X46Y49         FDRE (Prop_fdre_C_Q)         0.478    -0.677 r  design_1_i/ps7_0_axi_periph/m08_couplers/auto_cc/inst/gen_clock_conv.gen_async_lite_conv.clock_conv_lite_resp_b/handshake/src_hsdata_ff_reg[1]/Q
                         net (fo=2, routed)           0.642    -0.035    design_1_i/ps7_0_axi_periph/m08_couplers/auto_cc/inst/gen_clock_conv.gen_async_lite_conv.clock_conv_lite_resp_b/handshake/src_hsdata_ff[1]
    SLICE_X47Y49         FDRE                                         r  design_1_i/ps7_0_axi_periph/m08_couplers/auto_cc/inst/gen_clock_conv.gen_async_lite_conv.clock_conv_lite_resp_b/handshake/dest_hsdata_ff_reg[1]/D
  -------------------------------------------------------------------    -------------------

                         (clock clk_fpga_0 rise edge)
                                                      0.000     0.000 r  
    PS7_X0Y0             PS7                          0.000     0.000 r  design_1_i/processing_system7_0/inst/PS7_i/FCLKCLK[0]
                         net (fo=1, routed)           1.088     1.088    design_1_i/processing_system7_0/inst/FCLK_CLK_unbuffered[0]
    BUFGCTRL_X0Y18       BUFG (Prop_bufg_I_O)         0.091     1.179 r  design_1_i/processing_system7_0/inst/buffer_fclk_clk_0.FCLK_CLK_0_BUFG/O
                         net (fo=4711, routed)        1.495     2.674    design_1_i/ps7_0_axi_periph/m08_couplers/auto_cc/inst/gen_clock_conv.gen_async_lite_conv.clock_conv_lite_resp_b/handshake/dest_clk
    SLICE_X47Y49         FDRE                                         r  design_1_i/ps7_0_axi_periph/m08_couplers/auto_cc/inst/gen_clock_conv.gen_async_lite_conv.clock_conv_lite_resp_b/handshake/dest_hsdata_ff_reg[1]/C
                         clock pessimism              0.000     2.674    
    SLICE_X47Y49         FDRE (Setup_fdre_C_D)       -0.252     2.422    design_1_i/ps7_0_axi_periph/m08_couplers/auto_cc/inst/gen_clock_conv.gen_async_lite_conv.clock_conv_lite_resp_b/handshake/dest_hsdata_ff_reg[1]
  -------------------------------------------------------------------
                         data arrival                          -0.035    
                         clock arrival                          2.422    
  -------------------------------------------------------------------
                         relative delay                        -2.458    

Reference path:
    Location             Delay type                Incr(ns)  Path(ns)    Netlist Resource(s)
  -------------------------------------------------------------------    -------------------
                         (clock clk_out1_design_1_clk_wiz_0_0_1 rise edge)
                                                      0.000     0.000 r  
    L18                                               0.000     0.000 r  fmc_imageon_vclk (IN)
                         net (fo=0)                   0.000     0.000    design_1_i/clk_wiz_0/inst/clk_in1
    L18                  IBUF (Prop_ibuf_I_O)         1.244     1.244 r  design_1_i/clk_wiz_0/inst/clkin1_ibufg/O
                         net (fo=1, routed)           1.162     2.406    design_1_i/clk_wiz_0/inst/clk_in1_design_1_clk_wiz_0_0
    MMCME2_ADV_X1Y1      MMCME2_ADV (Prop_mmcme2_adv_CLKIN1_CLKOUT0)
                                                     -7.500    -5.093 r  design_1_i/clk_wiz_0/inst/mmcm_adv_inst/CLKOUT0
                         net (fo=1, routed)           1.725    -3.368    design_1_i/clk_wiz_0/inst/clk_out1_design_1_clk_wiz_0_0
    BUFGCTRL_X0Y16       BUFG (Prop_bufg_I_O)         0.091    -3.277 r  design_1_i/clk_wiz_0/inst/clkout1_buf/O
                         net (fo=15835, routed)       1.495    -1.782    design_1_i/ps7_0_axi_periph/m08_couplers/auto_cc/inst/gen_clock_conv.gen_async_lite_conv.clock_conv_lite_resp_b/handshake/src_clk
    SLICE_X46Y49         FDRE                                         r  design_1_i/ps7_0_axi_periph/m08_couplers/auto_cc/inst/gen_clock_conv.gen_async_lite_conv.clock_conv_lite_resp_b/handshake/src_hsdata_ff_reg[0]/C
  -------------------------------------------------------------------    -------------------
    SLICE_X46Y49         FDRE (Prop_fdre_C_Q)         0.418    -1.364 r  design_1_i/ps7_0_axi_periph/m08_couplers/auto_cc/inst/gen_clock_conv.gen_async_lite_conv.clock_conv_lite_resp_b/handshake/src_hsdata_ff_reg[0]/Q
                         net (fo=2, routed)           0.539    -0.825    design_1_i/ps7_0_axi_periph/m08_couplers/auto_cc/inst/gen_clock_conv.gen_async_lite_conv.clock_conv_lite_resp_b/handshake/src_hsdata_ff[0]
    SLICE_X47Y49         FDRE                                         r  design_1_i/ps7_0_axi_periph/m08_couplers/auto_cc/inst/gen_clock_conv.gen_async_lite_conv.clock_conv_lite_resp_b/handshake/dest_hsdata_ff_reg[0]/D
  -------------------------------------------------------------------    -------------------

                         (clock clk_fpga_0 rise edge)
                                                      0.000     0.000 r  
    PS7_X0Y0             PS7                          0.000     0.000 r  design_1_i/processing_system7_0/inst/PS7_i/FCLKCLK[0]
                         net (fo=1, routed)           1.193     1.193    design_1_i/processing_system7_0/inst/FCLK_CLK_unbuffered[0]
    BUFGCTRL_X0Y18       BUFG (Prop_bufg_I_O)         0.101     1.294 r  design_1_i/processing_system7_0/inst/buffer_fclk_clk_0.FCLK_CLK_0_BUFG/O
                         net (fo=4711, routed)        1.669     2.963    design_1_i/ps7_0_axi_periph/m08_couplers/auto_cc/inst/gen_clock_conv.gen_async_lite_conv.clock_conv_lite_resp_b/handshake/dest_clk
    SLICE_X47Y49         FDRE                                         r  design_1_i/ps7_0_axi_periph/m08_couplers/auto_cc/inst/gen_clock_conv.gen_async_lite_conv.clock_conv_lite_resp_b/handshake/dest_hsdata_ff_reg[0]/C
                         clock pessimism              0.000     2.963    
    SLICE_X47Y49         FDRE (Hold_fdre_C_D)         0.192     3.155    design_1_i/ps7_0_axi_periph/m08_couplers/auto_cc/inst/gen_clock_conv.gen_async_lite_conv.clock_conv_lite_resp_b/handshake/dest_hsdata_ff_reg[0]
  -------------------------------------------------------------------
                         data arrival                          -0.825    
                         clock arrival                          3.155    
  -------------------------------------------------------------------
                         relative delay                        -3.980    



Id: 18
set_bus_skew -from [get_cells [list {design_1_i/ps7_0_axi_periph/m08_couplers/auto_cc/inst/gen_clock_conv.gen_async_lite_conv.clock_conv_lite_resp_r/handshake/src_hsdata_ff_reg[0]} \
          {design_1_i/ps7_0_axi_periph/m08_couplers/auto_cc/inst/gen_clock_conv.gen_async_lite_conv.clock_conv_lite_resp_r/handshake/src_hsdata_ff_reg[10]} \
          {design_1_i/ps7_0_axi_periph/m08_couplers/auto_cc/inst/gen_clock_conv.gen_async_lite_conv.clock_conv_lite_resp_r/handshake/src_hsdata_ff_reg[11]} \
          {design_1_i/ps7_0_axi_periph/m08_couplers/auto_cc/inst/gen_clock_conv.gen_async_lite_conv.clock_conv_lite_resp_r/handshake/src_hsdata_ff_reg[12]} \
          {design_1_i/ps7_0_axi_periph/m08_couplers/auto_cc/inst/gen_clock_conv.gen_async_lite_conv.clock_conv_lite_resp_r/handshake/src_hsdata_ff_reg[13]} \
          {design_1_i/ps7_0_axi_periph/m08_couplers/auto_cc/inst/gen_clock_conv.gen_async_lite_conv.clock_conv_lite_resp_r/handshake/src_hsdata_ff_reg[14]} \
          {design_1_i/ps7_0_axi_periph/m08_couplers/auto_cc/inst/gen_clock_conv.gen_async_lite_conv.clock_conv_lite_resp_r/handshake/src_hsdata_ff_reg[15]} \
          {design_1_i/ps7_0_axi_periph/m08_couplers/auto_cc/inst/gen_clock_conv.gen_async_lite_conv.clock_conv_lite_resp_r/handshake/src_hsdata_ff_reg[16]} \
          {design_1_i/ps7_0_axi_periph/m08_couplers/auto_cc/inst/gen_clock_conv.gen_async_lite_conv.clock_conv_lite_resp_r/handshake/src_hsdata_ff_reg[17]} \
          {design_1_i/ps7_0_axi_periph/m08_couplers/auto_cc/inst/gen_clock_conv.gen_async_lite_conv.clock_conv_lite_resp_r/handshake/src_hsdata_ff_reg[18]} \
          {design_1_i/ps7_0_axi_periph/m08_couplers/auto_cc/inst/gen_clock_conv.gen_async_lite_conv.clock_conv_lite_resp_r/handshake/src_hsdata_ff_reg[19]} \
          {design_1_i/ps7_0_axi_periph/m08_couplers/auto_cc/inst/gen_clock_conv.gen_async_lite_conv.clock_conv_lite_resp_r/handshake/src_hsdata_ff_reg[1]} \
          {design_1_i/ps7_0_axi_periph/m08_couplers/auto_cc/inst/gen_clock_conv.gen_async_lite_conv.clock_conv_lite_resp_r/handshake/src_hsdata_ff_reg[20]} \
          {design_1_i/ps7_0_axi_periph/m08_couplers/auto_cc/inst/gen_clock_conv.gen_async_lite_conv.clock_conv_lite_resp_r/handshake/src_hsdata_ff_reg[21]} \
          {design_1_i/ps7_0_axi_periph/m08_couplers/auto_cc/inst/gen_clock_conv.gen_async_lite_conv.clock_conv_lite_resp_r/handshake/src_hsdata_ff_reg[22]} \
          {design_1_i/ps7_0_axi_periph/m08_couplers/auto_cc/inst/gen_clock_conv.gen_async_lite_conv.clock_conv_lite_resp_r/handshake/src_hsdata_ff_reg[23]} \
          {design_1_i/ps7_0_axi_periph/m08_couplers/auto_cc/inst/gen_clock_conv.gen_async_lite_conv.clock_conv_lite_resp_r/handshake/src_hsdata_ff_reg[24]} \
          {design_1_i/ps7_0_axi_periph/m08_couplers/auto_cc/inst/gen_clock_conv.gen_async_lite_conv.clock_conv_lite_resp_r/handshake/src_hsdata_ff_reg[25]} \
          {design_1_i/ps7_0_axi_periph/m08_couplers/auto_cc/inst/gen_clock_conv.gen_async_lite_conv.clock_conv_lite_resp_r/handshake/src_hsdata_ff_reg[26]} \
          {design_1_i/ps7_0_axi_periph/m08_couplers/auto_cc/inst/gen_clock_conv.gen_async_lite_conv.clock_conv_lite_resp_r/handshake/src_hsdata_ff_reg[27]} \
          {design_1_i/ps7_0_axi_periph/m08_couplers/auto_cc/inst/gen_clock_conv.gen_async_lite_conv.clock_conv_lite_resp_r/handshake/src_hsdata_ff_reg[28]} \
          {design_1_i/ps7_0_axi_periph/m08_couplers/auto_cc/inst/gen_clock_conv.gen_async_lite_conv.clock_conv_lite_resp_r/handshake/src_hsdata_ff_reg[29]} \
          {design_1_i/ps7_0_axi_periph/m08_couplers/auto_cc/inst/gen_clock_conv.gen_async_lite_conv.clock_conv_lite_resp_r/handshake/src_hsdata_ff_reg[2]} \
          {design_1_i/ps7_0_axi_periph/m08_couplers/auto_cc/inst/gen_clock_conv.gen_async_lite_conv.clock_conv_lite_resp_r/handshake/src_hsdata_ff_reg[30]} \
          {design_1_i/ps7_0_axi_periph/m08_couplers/auto_cc/inst/gen_clock_conv.gen_async_lite_conv.clock_conv_lite_resp_r/handshake/src_hsdata_ff_reg[31]} \
          {design_1_i/ps7_0_axi_periph/m08_couplers/auto_cc/inst/gen_clock_conv.gen_async_lite_conv.clock_conv_lite_resp_r/handshake/src_hsdata_ff_reg[32]} \
          {design_1_i/ps7_0_axi_periph/m08_couplers/auto_cc/inst/gen_clock_conv.gen_async_lite_conv.clock_conv_lite_resp_r/handshake/src_hsdata_ff_reg[33]} \
          {design_1_i/ps7_0_axi_periph/m08_couplers/auto_cc/inst/gen_clock_conv.gen_async_lite_conv.clock_conv_lite_resp_r/handshake/src_hsdata_ff_reg[3]} \
          {design_1_i/ps7_0_axi_periph/m08_couplers/auto_cc/inst/gen_clock_conv.gen_async_lite_conv.clock_conv_lite_resp_r/handshake/src_hsdata_ff_reg[4]} \
          {design_1_i/ps7_0_axi_periph/m08_couplers/auto_cc/inst/gen_clock_conv.gen_async_lite_conv.clock_conv_lite_resp_r/handshake/src_hsdata_ff_reg[5]} \
          {design_1_i/ps7_0_axi_periph/m08_couplers/auto_cc/inst/gen_clock_conv.gen_async_lite_conv.clock_conv_lite_resp_r/handshake/src_hsdata_ff_reg[6]} \
          {design_1_i/ps7_0_axi_periph/m08_couplers/auto_cc/inst/gen_clock_conv.gen_async_lite_conv.clock_conv_lite_resp_r/handshake/src_hsdata_ff_reg[7]} \
          {design_1_i/ps7_0_axi_periph/m08_couplers/auto_cc/inst/gen_clock_conv.gen_async_lite_conv.clock_conv_lite_resp_r/handshake/src_hsdata_ff_reg[8]} \
          {design_1_i/ps7_0_axi_periph/m08_couplers/auto_cc/inst/gen_clock_conv.gen_async_lite_conv.clock_conv_lite_resp_r/handshake/src_hsdata_ff_reg[9]}]] -to [get_cells [list {design_1_i/ps7_0_axi_periph/m08_couplers/auto_cc/inst/gen_clock_conv.gen_async_lite_conv.clock_conv_lite_resp_r/handshake/dest_hsdata_ff_reg[0]} \
          {design_1_i/ps7_0_axi_periph/m08_couplers/auto_cc/inst/gen_clock_conv.gen_async_lite_conv.clock_conv_lite_resp_r/handshake/dest_hsdata_ff_reg[10]} \
          {design_1_i/ps7_0_axi_periph/m08_couplers/auto_cc/inst/gen_clock_conv.gen_async_lite_conv.clock_conv_lite_resp_r/handshake/dest_hsdata_ff_reg[11]} \
          {design_1_i/ps7_0_axi_periph/m08_couplers/auto_cc/inst/gen_clock_conv.gen_async_lite_conv.clock_conv_lite_resp_r/handshake/dest_hsdata_ff_reg[12]} \
          {design_1_i/ps7_0_axi_periph/m08_couplers/auto_cc/inst/gen_clock_conv.gen_async_lite_conv.clock_conv_lite_resp_r/handshake/dest_hsdata_ff_reg[13]} \
          {design_1_i/ps7_0_axi_periph/m08_couplers/auto_cc/inst/gen_clock_conv.gen_async_lite_conv.clock_conv_lite_resp_r/handshake/dest_hsdata_ff_reg[14]} \
          {design_1_i/ps7_0_axi_periph/m08_couplers/auto_cc/inst/gen_clock_conv.gen_async_lite_conv.clock_conv_lite_resp_r/handshake/dest_hsdata_ff_reg[15]} \
          {design_1_i/ps7_0_axi_periph/m08_couplers/auto_cc/inst/gen_clock_conv.gen_async_lite_conv.clock_conv_lite_resp_r/handshake/dest_hsdata_ff_reg[16]} \
          {design_1_i/ps7_0_axi_periph/m08_couplers/auto_cc/inst/gen_clock_conv.gen_async_lite_conv.clock_conv_lite_resp_r/handshake/dest_hsdata_ff_reg[17]} \
          {design_1_i/ps7_0_axi_periph/m08_couplers/auto_cc/inst/gen_clock_conv.gen_async_lite_conv.clock_conv_lite_resp_r/handshake/dest_hsdata_ff_reg[18]} \
          {design_1_i/ps7_0_axi_periph/m08_couplers/auto_cc/inst/gen_clock_conv.gen_async_lite_conv.clock_conv_lite_resp_r/handshake/dest_hsdata_ff_reg[19]} \
          {design_1_i/ps7_0_axi_periph/m08_couplers/auto_cc/inst/gen_clock_conv.gen_async_lite_conv.clock_conv_lite_resp_r/handshake/dest_hsdata_ff_reg[1]} \
          {design_1_i/ps7_0_axi_periph/m08_couplers/auto_cc/inst/gen_clock_conv.gen_async_lite_conv.clock_conv_lite_resp_r/handshake/dest_hsdata_ff_reg[20]} \
          {design_1_i/ps7_0_axi_periph/m08_couplers/auto_cc/inst/gen_clock_conv.gen_async_lite_conv.clock_conv_lite_resp_r/handshake/dest_hsdata_ff_reg[21]} \
          {design_1_i/ps7_0_axi_periph/m08_couplers/auto_cc/inst/gen_clock_conv.gen_async_lite_conv.clock_conv_lite_resp_r/handshake/dest_hsdata_ff_reg[22]} \
          {design_1_i/ps7_0_axi_periph/m08_couplers/auto_cc/inst/gen_clock_conv.gen_async_lite_conv.clock_conv_lite_resp_r/handshake/dest_hsdata_ff_reg[23]} \
          {design_1_i/ps7_0_axi_periph/m08_couplers/auto_cc/inst/gen_clock_conv.gen_async_lite_conv.clock_conv_lite_resp_r/handshake/dest_hsdata_ff_reg[24]} \
          {design_1_i/ps7_0_axi_periph/m08_couplers/auto_cc/inst/gen_clock_conv.gen_async_lite_conv.clock_conv_lite_resp_r/handshake/dest_hsdata_ff_reg[25]} \
          {design_1_i/ps7_0_axi_periph/m08_couplers/auto_cc/inst/gen_clock_conv.gen_async_lite_conv.clock_conv_lite_resp_r/handshake/dest_hsdata_ff_reg[26]} \
          {design_1_i/ps7_0_axi_periph/m08_couplers/auto_cc/inst/gen_clock_conv.gen_async_lite_conv.clock_conv_lite_resp_r/handshake/dest_hsdata_ff_reg[27]} \
          {design_1_i/ps7_0_axi_periph/m08_couplers/auto_cc/inst/gen_clock_conv.gen_async_lite_conv.clock_conv_lite_resp_r/handshake/dest_hsdata_ff_reg[28]} \
          {design_1_i/ps7_0_axi_periph/m08_couplers/auto_cc/inst/gen_clock_conv.gen_async_lite_conv.clock_conv_lite_resp_r/handshake/dest_hsdata_ff_reg[29]} \
          {design_1_i/ps7_0_axi_periph/m08_couplers/auto_cc/inst/gen_clock_conv.gen_async_lite_conv.clock_conv_lite_resp_r/handshake/dest_hsdata_ff_reg[2]} \
          {design_1_i/ps7_0_axi_periph/m08_couplers/auto_cc/inst/gen_clock_conv.gen_async_lite_conv.clock_conv_lite_resp_r/handshake/dest_hsdata_ff_reg[30]} \
          {design_1_i/ps7_0_axi_periph/m08_couplers/auto_cc/inst/gen_clock_conv.gen_async_lite_conv.clock_conv_lite_resp_r/handshake/dest_hsdata_ff_reg[31]} \
          {design_1_i/ps7_0_axi_periph/m08_couplers/auto_cc/inst/gen_clock_conv.gen_async_lite_conv.clock_conv_lite_resp_r/handshake/dest_hsdata_ff_reg[32]} \
          {design_1_i/ps7_0_axi_periph/m08_couplers/auto_cc/inst/gen_clock_conv.gen_async_lite_conv.clock_conv_lite_resp_r/handshake/dest_hsdata_ff_reg[33]} \
          {design_1_i/ps7_0_axi_periph/m08_couplers/auto_cc/inst/gen_clock_conv.gen_async_lite_conv.clock_conv_lite_resp_r/handshake/dest_hsdata_ff_reg[3]} \
          {design_1_i/ps7_0_axi_periph/m08_couplers/auto_cc/inst/gen_clock_conv.gen_async_lite_conv.clock_conv_lite_resp_r/handshake/dest_hsdata_ff_reg[4]} \
          {design_1_i/ps7_0_axi_periph/m08_couplers/auto_cc/inst/gen_clock_conv.gen_async_lite_conv.clock_conv_lite_resp_r/handshake/dest_hsdata_ff_reg[5]} \
          {design_1_i/ps7_0_axi_periph/m08_couplers/auto_cc/inst/gen_clock_conv.gen_async_lite_conv.clock_conv_lite_resp_r/handshake/dest_hsdata_ff_reg[6]} \
          {design_1_i/ps7_0_axi_periph/m08_couplers/auto_cc/inst/gen_clock_conv.gen_async_lite_conv.clock_conv_lite_resp_r/handshake/dest_hsdata_ff_reg[7]} \
          {design_1_i/ps7_0_axi_periph/m08_couplers/auto_cc/inst/gen_clock_conv.gen_async_lite_conv.clock_conv_lite_resp_r/handshake/dest_hsdata_ff_reg[8]} \
          {design_1_i/ps7_0_axi_periph/m08_couplers/auto_cc/inst/gen_clock_conv.gen_async_lite_conv.clock_conv_lite_resp_r/handshake/dest_hsdata_ff_reg[9]}]] 38.997
Requirement: 38.997ns
Endpoints: 34

From Clock            To Clock              Endpoint Pin                    Reference Pin                   Corner  Actual(ns)  Slack(ns)
--------------------  --------------------  ------------------------------  ------------------------------  ------  ----------  ---------
clk_out1_design_1_clk_wiz_0_0_1
                      clk_fpga_0            design_1_i/ps7_0_axi_periph/m08_couplers/auto_cc/inst/gen_clock_conv.gen_async_lite_conv.clock_conv_lite_resp_r/handshake/dest_hsdata_ff_reg[7]/D
                                                                            design_1_i/ps7_0_axi_periph/m08_couplers/auto_cc/inst/gen_clock_conv.gen_async_lite_conv.clock_conv_lite_resp_r/handshake/dest_hsdata_ff_reg[12]/D
                                                                                                            Slow         1.608     37.389


Slack (MET) :             37.389ns  (requirement - actual skew)
  Endpoint Source:        design_1_i/ps7_0_axi_periph/m08_couplers/auto_cc/inst/gen_clock_conv.gen_async_lite_conv.clock_conv_lite_resp_r/handshake/src_hsdata_ff_reg[7]/C
                            (rising edge-triggered cell FDRE clocked by clk_out1_design_1_clk_wiz_0_0_1)
  Endpoint Destination:   design_1_i/ps7_0_axi_periph/m08_couplers/auto_cc/inst/gen_clock_conv.gen_async_lite_conv.clock_conv_lite_resp_r/handshake/dest_hsdata_ff_reg[7]/D
                            (rising edge-triggered cell FDRE clocked by clk_fpga_0)
  Reference Source:       design_1_i/ps7_0_axi_periph/m08_couplers/auto_cc/inst/gen_clock_conv.gen_async_lite_conv.clock_conv_lite_resp_r/handshake/src_hsdata_ff_reg[12]/C
                            (rising edge-triggered cell FDRE clocked by clk_out1_design_1_clk_wiz_0_0_1)
  Reference Destination:  design_1_i/ps7_0_axi_periph/m08_couplers/auto_cc/inst/gen_clock_conv.gen_async_lite_conv.clock_conv_lite_resp_r/handshake/dest_hsdata_ff_reg[12]/D
                            (rising edge-triggered cell FDRE clocked by clk_fpga_0)
  Path Type:              Bus Skew (Max at Slow Process Corner)
  Requirement:            38.997ns
  Endpoint Relative Delay:   -2.050ns
  Reference Relative Delay:  -4.157ns
  Relative CRPR:              0.797ns
  Uncertainty:                0.298ns
  Actual Bus Skew:            1.608ns  (Endpoint Relative Delay - Reference Relative Delay - Relative CRPR + Uncertainty)

Endpoint path:
    Location             Delay type                Incr(ns)  Path(ns)    Netlist Resource(s)
  -------------------------------------------------------------------    -------------------
                         (clock clk_out1_design_1_clk_wiz_0_0_1 rise edge)
                                                      0.000     0.000 r  
    L18                                               0.000     0.000 r  fmc_imageon_vclk (IN)
                         net (fo=0)                   0.000     0.000    design_1_i/clk_wiz_0/inst/clk_in1
    L18                  IBUF (Prop_ibuf_I_O)         1.307     1.307 r  design_1_i/clk_wiz_0/inst/clkin1_ibufg/O
                         net (fo=1, routed)           1.285     2.592    design_1_i/clk_wiz_0/inst/clk_in1_design_1_clk_wiz_0_0
    MMCME2_ADV_X1Y1      MMCME2_ADV (Prop_mmcme2_adv_CLKIN1_CLKOUT0)
                                                     -7.406    -4.814 r  design_1_i/clk_wiz_0/inst/mmcm_adv_inst/CLKOUT0
                         net (fo=1, routed)           1.889    -2.925    design_1_i/clk_wiz_0/inst/clk_out1_design_1_clk_wiz_0_0
    BUFGCTRL_X0Y16       BUFG (Prop_bufg_I_O)         0.101    -2.824 r  design_1_i/clk_wiz_0/inst/clkout1_buf/O
                         net (fo=15835, routed)       1.737    -1.087    design_1_i/ps7_0_axi_periph/m08_couplers/auto_cc/inst/gen_clock_conv.gen_async_lite_conv.clock_conv_lite_resp_r/handshake/src_clk
    SLICE_X86Y40         FDRE                                         r  design_1_i/ps7_0_axi_periph/m08_couplers/auto_cc/inst/gen_clock_conv.gen_async_lite_conv.clock_conv_lite_resp_r/handshake/src_hsdata_ff_reg[7]/C
  -------------------------------------------------------------------    -------------------
    SLICE_X86Y40         FDRE (Prop_fdre_C_Q)         0.518    -0.569 r  design_1_i/ps7_0_axi_periph/m08_couplers/auto_cc/inst/gen_clock_conv.gen_async_lite_conv.clock_conv_lite_resp_r/handshake/src_hsdata_ff_reg[7]/Q
                         net (fo=1, routed)           1.228     0.659    design_1_i/ps7_0_axi_periph/m08_couplers/auto_cc/inst/gen_clock_conv.gen_async_lite_conv.clock_conv_lite_resp_r/handshake/src_hsdata_ff[7]
    SLICE_X62Y47         FDRE                                         r  design_1_i/ps7_0_axi_periph/m08_couplers/auto_cc/inst/gen_clock_conv.gen_async_lite_conv.clock_conv_lite_resp_r/handshake/dest_hsdata_ff_reg[7]/D
  -------------------------------------------------------------------    -------------------

                         (clock clk_fpga_0 rise edge)
                                                      0.000     0.000 r  
    PS7_X0Y0             PS7                          0.000     0.000 r  design_1_i/processing_system7_0/inst/PS7_i/FCLKCLK[0]
                         net (fo=1, routed)           1.088     1.088    design_1_i/processing_system7_0/inst/FCLK_CLK_unbuffered[0]
    BUFGCTRL_X0Y18       BUFG (Prop_bufg_I_O)         0.091     1.179 r  design_1_i/processing_system7_0/inst/buffer_fclk_clk_0.FCLK_CLK_0_BUFG/O
                         net (fo=4711, routed)        1.557     2.736    design_1_i/ps7_0_axi_periph/m08_couplers/auto_cc/inst/gen_clock_conv.gen_async_lite_conv.clock_conv_lite_resp_r/handshake/dest_clk
    SLICE_X62Y47         FDRE                                         r  design_1_i/ps7_0_axi_periph/m08_couplers/auto_cc/inst/gen_clock_conv.gen_async_lite_conv.clock_conv_lite_resp_r/handshake/dest_hsdata_ff_reg[7]/C
                         clock pessimism              0.000     2.736    
    SLICE_X62Y47         FDRE (Setup_fdre_C_D)       -0.028     2.708    design_1_i/ps7_0_axi_periph/m08_couplers/auto_cc/inst/gen_clock_conv.gen_async_lite_conv.clock_conv_lite_resp_r/handshake/dest_hsdata_ff_reg[7]
  -------------------------------------------------------------------
                         data arrival                           0.659    
                         clock arrival                          2.708    
  -------------------------------------------------------------------
                         relative delay                        -2.050    

Reference path:
    Location             Delay type                Incr(ns)  Path(ns)    Netlist Resource(s)
  -------------------------------------------------------------------    -------------------
                         (clock clk_out1_design_1_clk_wiz_0_0_1 rise edge)
                                                      0.000     0.000 r  
    L18                                               0.000     0.000 r  fmc_imageon_vclk (IN)
                         net (fo=0)                   0.000     0.000    design_1_i/clk_wiz_0/inst/clk_in1
    L18                  IBUF (Prop_ibuf_I_O)         1.244     1.244 r  design_1_i/clk_wiz_0/inst/clkin1_ibufg/O
                         net (fo=1, routed)           1.162     2.406    design_1_i/clk_wiz_0/inst/clk_in1_design_1_clk_wiz_0_0
    MMCME2_ADV_X1Y1      MMCME2_ADV (Prop_mmcme2_adv_CLKIN1_CLKOUT0)
                                                     -7.500    -5.093 r  design_1_i/clk_wiz_0/inst/mmcm_adv_inst/CLKOUT0
                         net (fo=1, routed)           1.725    -3.368    design_1_i/clk_wiz_0/inst/clk_out1_design_1_clk_wiz_0_0
    BUFGCTRL_X0Y16       BUFG (Prop_bufg_I_O)         0.091    -3.277 r  design_1_i/clk_wiz_0/inst/clkout1_buf/O
                         net (fo=15835, routed)       1.561    -1.716    design_1_i/ps7_0_axi_periph/m08_couplers/auto_cc/inst/gen_clock_conv.gen_async_lite_conv.clock_conv_lite_resp_r/handshake/src_clk
    SLICE_X81Y41         FDRE                                         r  design_1_i/ps7_0_axi_periph/m08_couplers/auto_cc/inst/gen_clock_conv.gen_async_lite_conv.clock_conv_lite_resp_r/handshake/src_hsdata_ff_reg[12]/C
  -------------------------------------------------------------------    -------------------
    SLICE_X81Y41         FDRE (Prop_fdre_C_Q)         0.367    -1.349 r  design_1_i/ps7_0_axi_periph/m08_couplers/auto_cc/inst/gen_clock_conv.gen_async_lite_conv.clock_conv_lite_resp_r/handshake/src_hsdata_ff_reg[12]/Q
                         net (fo=1, routed)           0.411    -0.937    design_1_i/ps7_0_axi_periph/m08_couplers/auto_cc/inst/gen_clock_conv.gen_async_lite_conv.clock_conv_lite_resp_r/handshake/src_hsdata_ff[12]
    SLICE_X79Y42         FDRE                                         r  design_1_i/ps7_0_axi_periph/m08_couplers/auto_cc/inst/gen_clock_conv.gen_async_lite_conv.clock_conv_lite_resp_r/handshake/dest_hsdata_ff_reg[12]/D
  -------------------------------------------------------------------    -------------------

                         (clock clk_fpga_0 rise edge)
                                                      0.000     0.000 r  
    PS7_X0Y0             PS7                          0.000     0.000 r  design_1_i/processing_system7_0/inst/PS7_i/FCLKCLK[0]
                         net (fo=1, routed)           1.193     1.193    design_1_i/processing_system7_0/inst/FCLK_CLK_unbuffered[0]
    BUFGCTRL_X0Y18       BUFG (Prop_bufg_I_O)         0.101     1.294 r  design_1_i/processing_system7_0/inst/buffer_fclk_clk_0.FCLK_CLK_0_BUFG/O
                         net (fo=4711, routed)        1.734     3.028    design_1_i/ps7_0_axi_periph/m08_couplers/auto_cc/inst/gen_clock_conv.gen_async_lite_conv.clock_conv_lite_resp_r/handshake/dest_clk
    SLICE_X79Y42         FDRE                                         r  design_1_i/ps7_0_axi_periph/m08_couplers/auto_cc/inst/gen_clock_conv.gen_async_lite_conv.clock_conv_lite_resp_r/handshake/dest_hsdata_ff_reg[12]/C
                         clock pessimism              0.000     3.028    
    SLICE_X79Y42         FDRE (Hold_fdre_C_D)         0.192     3.220    design_1_i/ps7_0_axi_periph/m08_couplers/auto_cc/inst/gen_clock_conv.gen_async_lite_conv.clock_conv_lite_resp_r/handshake/dest_hsdata_ff_reg[12]
  -------------------------------------------------------------------
                         data arrival                          -0.937    
                         clock arrival                          3.220    
  -------------------------------------------------------------------
                         relative delay                        -4.157    



Id: 19
set_bus_skew -from [get_cells [list {design_1_i/ps7_0_axi_periph/m08_couplers/auto_cc/inst/gen_clock_conv.gen_async_lite_conv.clock_conv_lite_fwd_aw/handshake/src_hsdata_ff_reg[0]} {design_1_i/ps7_0_axi_periph/m08_couplers/auto_cc/inst/gen_clock_conv.gen_async_lite_conv.clock_conv_lite_fwd_aw/handshake/src_hsdata_ff_reg[4]} {design_1_i/ps7_0_axi_periph/m08_couplers/auto_cc/inst/gen_clock_conv.gen_async_lite_conv.clock_conv_lite_fwd_aw/handshake/src_hsdata_ff_reg[3]} {design_1_i/ps7_0_axi_periph/m08_couplers/auto_cc/inst/gen_clock_conv.gen_async_lite_conv.clock_conv_lite_fwd_aw/handshake/src_hsdata_ff_reg[2]} {design_1_i/ps7_0_axi_periph/m08_couplers/auto_cc/inst/gen_clock_conv.gen_async_lite_conv.clock_conv_lite_fwd_aw/handshake/src_hsdata_ff_reg[1]} {design_1_i/ps7_0_axi_periph/m08_couplers/auto_cc/inst/gen_clock_conv.gen_async_lite_conv.clock_conv_lite_fwd_aw/handshake/src_hsdata_ff_reg[5]}]] -to [get_cells [list {design_1_i/ps7_0_axi_periph/m08_couplers/auto_cc/inst/gen_clock_conv.gen_async_lite_conv.clock_conv_lite_fwd_aw/handshake/dest_hsdata_ff_reg[0]} {design_1_i/ps7_0_axi_periph/m08_couplers/auto_cc/inst/gen_clock_conv.gen_async_lite_conv.clock_conv_lite_fwd_aw/handshake/dest_hsdata_ff_reg[4]} {design_1_i/ps7_0_axi_periph/m08_couplers/auto_cc/inst/gen_clock_conv.gen_async_lite_conv.clock_conv_lite_fwd_aw/handshake/dest_hsdata_ff_reg[3]} {design_1_i/ps7_0_axi_periph/m08_couplers/auto_cc/inst/gen_clock_conv.gen_async_lite_conv.clock_conv_lite_fwd_aw/handshake/dest_hsdata_ff_reg[2]} {design_1_i/ps7_0_axi_periph/m08_couplers/auto_cc/inst/gen_clock_conv.gen_async_lite_conv.clock_conv_lite_fwd_aw/handshake/dest_hsdata_ff_reg[1]} {design_1_i/ps7_0_axi_periph/m08_couplers/auto_cc/inst/gen_clock_conv.gen_async_lite_conv.clock_conv_lite_fwd_aw/handshake/dest_hsdata_ff_reg[5]}]] 20.202
Requirement: 20.202ns
Endpoints: 6

From Clock            To Clock              Endpoint Pin                    Reference Pin                   Corner  Actual(ns)  Slack(ns)
--------------------  --------------------  ------------------------------  ------------------------------  ------  ----------  ---------
clk_fpga_0            clk_out1_design_1_clk_wiz_0_0_1
                                            design_1_i/ps7_0_axi_periph/m08_couplers/auto_cc/inst/gen_clock_conv.gen_async_lite_conv.clock_conv_lite_fwd_aw/handshake/dest_hsdata_ff_reg[0]/D
                                                                            design_1_i/ps7_0_axi_periph/m08_couplers/auto_cc/inst/gen_clock_conv.gen_async_lite_conv.clock_conv_lite_fwd_aw/handshake/dest_hsdata_ff_reg[5]/D
                                                                                                            Slow         0.912     19.290


Slack (MET) :             19.290ns  (requirement - actual skew)
  Endpoint Source:        design_1_i/ps7_0_axi_periph/m08_couplers/auto_cc/inst/gen_clock_conv.gen_async_lite_conv.clock_conv_lite_fwd_aw/handshake/src_hsdata_ff_reg[0]/C
                            (rising edge-triggered cell FDRE clocked by clk_fpga_0)
  Endpoint Destination:   design_1_i/ps7_0_axi_periph/m08_couplers/auto_cc/inst/gen_clock_conv.gen_async_lite_conv.clock_conv_lite_fwd_aw/handshake/dest_hsdata_ff_reg[0]/D
                            (rising edge-triggered cell FDRE clocked by clk_out1_design_1_clk_wiz_0_0_1)
  Reference Source:       design_1_i/ps7_0_axi_periph/m08_couplers/auto_cc/inst/gen_clock_conv.gen_async_lite_conv.clock_conv_lite_fwd_aw/handshake/src_hsdata_ff_reg[5]/C
                            (rising edge-triggered cell FDRE clocked by clk_fpga_0)
  Reference Destination:  design_1_i/ps7_0_axi_periph/m08_couplers/auto_cc/inst/gen_clock_conv.gen_async_lite_conv.clock_conv_lite_fwd_aw/handshake/dest_hsdata_ff_reg[5]/D
                            (rising edge-triggered cell FDRE clocked by clk_out1_design_1_clk_wiz_0_0_1)
  Path Type:              Bus Skew (Max at Slow Process Corner)
  Requirement:            20.202ns
  Endpoint Relative Delay:    5.892ns
  Reference Relative Delay:   4.481ns
  Relative CRPR:              0.797ns
  Uncertainty:                0.298ns
  Actual Bus Skew:            0.912ns  (Endpoint Relative Delay - Reference Relative Delay - Relative CRPR + Uncertainty)

Endpoint path:
    Location             Delay type                Incr(ns)  Path(ns)    Netlist Resource(s)
  -------------------------------------------------------------------    -------------------
                         (clock clk_fpga_0 rise edge)
                                                      0.000     0.000 r  
    PS7_X0Y0             PS7                          0.000     0.000 r  design_1_i/processing_system7_0/inst/PS7_i/FCLKCLK[0]
                         net (fo=1, routed)           1.193     1.193    design_1_i/processing_system7_0/inst/FCLK_CLK_unbuffered[0]
    BUFGCTRL_X0Y18       BUFG (Prop_bufg_I_O)         0.101     1.294 r  design_1_i/processing_system7_0/inst/buffer_fclk_clk_0.FCLK_CLK_0_BUFG/O
                         net (fo=4711, routed)        1.733     3.027    design_1_i/ps7_0_axi_periph/m08_couplers/auto_cc/inst/gen_clock_conv.gen_async_lite_conv.clock_conv_lite_fwd_aw/handshake/src_clk
    SLICE_X68Y44         FDRE                                         r  design_1_i/ps7_0_axi_periph/m08_couplers/auto_cc/inst/gen_clock_conv.gen_async_lite_conv.clock_conv_lite_fwd_aw/handshake/src_hsdata_ff_reg[0]/C
  -------------------------------------------------------------------    -------------------
    SLICE_X68Y44         FDRE (Prop_fdre_C_Q)         0.456     3.483 r  design_1_i/ps7_0_axi_periph/m08_couplers/auto_cc/inst/gen_clock_conv.gen_async_lite_conv.clock_conv_lite_fwd_aw/handshake/src_hsdata_ff_reg[0]/Q
                         net (fo=1, routed)           0.624     4.107    design_1_i/ps7_0_axi_periph/m08_couplers/auto_cc/inst/gen_clock_conv.gen_async_lite_conv.clock_conv_lite_fwd_aw/handshake/src_hsdata_ff[0]
    SLICE_X75Y43         FDRE                                         r  design_1_i/ps7_0_axi_periph/m08_couplers/auto_cc/inst/gen_clock_conv.gen_async_lite_conv.clock_conv_lite_fwd_aw/handshake/dest_hsdata_ff_reg[0]/D
  -------------------------------------------------------------------    -------------------

                         (clock clk_out1_design_1_clk_wiz_0_0_1 rise edge)
                                                      0.000     0.000 r  
    L18                                               0.000     0.000 r  fmc_imageon_vclk (IN)
                         net (fo=0)                   0.000     0.000    design_1_i/clk_wiz_0/inst/clk_in1
    L18                  IBUF (Prop_ibuf_I_O)         1.244     1.244 r  design_1_i/clk_wiz_0/inst/clkin1_ibufg/O
                         net (fo=1, routed)           1.162     2.406    design_1_i/clk_wiz_0/inst/clk_in1_design_1_clk_wiz_0_0
    MMCME2_ADV_X1Y1      MMCME2_ADV (Prop_mmcme2_adv_CLKIN1_CLKOUT0)
                                                     -7.500    -5.093 r  design_1_i/clk_wiz_0/inst/mmcm_adv_inst/CLKOUT0
                         net (fo=1, routed)           1.725    -3.368    design_1_i/clk_wiz_0/inst/clk_out1_design_1_clk_wiz_0_0
    BUFGCTRL_X0Y16       BUFG (Prop_bufg_I_O)         0.091    -3.277 r  design_1_i/clk_wiz_0/inst/clkout1_buf/O
                         net (fo=15835, routed)       1.559    -1.718    design_1_i/ps7_0_axi_periph/m08_couplers/auto_cc/inst/gen_clock_conv.gen_async_lite_conv.clock_conv_lite_fwd_aw/handshake/dest_clk
    SLICE_X75Y43         FDRE                                         r  design_1_i/ps7_0_axi_periph/m08_couplers/auto_cc/inst/gen_clock_conv.gen_async_lite_conv.clock_conv_lite_fwd_aw/handshake/dest_hsdata_ff_reg[0]/C
                         clock pessimism              0.000    -1.718    
    SLICE_X75Y43         FDRE (Setup_fdre_C_D)       -0.067    -1.785    design_1_i/ps7_0_axi_periph/m08_couplers/auto_cc/inst/gen_clock_conv.gen_async_lite_conv.clock_conv_lite_fwd_aw/handshake/dest_hsdata_ff_reg[0]
  -------------------------------------------------------------------
                         data arrival                           4.107    
                         clock arrival                         -1.785    
  -------------------------------------------------------------------
                         relative delay                         5.892    

Reference path:
    Location             Delay type                Incr(ns)  Path(ns)    Netlist Resource(s)
  -------------------------------------------------------------------    -------------------
                         (clock clk_fpga_0 rise edge)
                                                      0.000     0.000 r  
    PS7_X0Y0             PS7                          0.000     0.000 r  design_1_i/processing_system7_0/inst/PS7_i/FCLKCLK[0]
                         net (fo=1, routed)           1.088     1.088    design_1_i/processing_system7_0/inst/FCLK_CLK_unbuffered[0]
    BUFGCTRL_X0Y18       BUFG (Prop_bufg_I_O)         0.091     1.179 r  design_1_i/processing_system7_0/inst/buffer_fclk_clk_0.FCLK_CLK_0_BUFG/O
                         net (fo=4711, routed)        1.557     2.736    design_1_i/ps7_0_axi_periph/m08_couplers/auto_cc/inst/gen_clock_conv.gen_async_lite_conv.clock_conv_lite_fwd_aw/handshake/src_clk
    SLICE_X85Y36         FDRE                                         r  design_1_i/ps7_0_axi_periph/m08_couplers/auto_cc/inst/gen_clock_conv.gen_async_lite_conv.clock_conv_lite_fwd_aw/handshake/src_hsdata_ff_reg[5]/C
  -------------------------------------------------------------------    -------------------
    SLICE_X85Y36         FDRE (Prop_fdre_C_Q)         0.367     3.103 r  design_1_i/ps7_0_axi_periph/m08_couplers/auto_cc/inst/gen_clock_conv.gen_async_lite_conv.clock_conv_lite_fwd_aw/handshake/src_hsdata_ff_reg[5]/Q
                         net (fo=1, routed)           0.533     3.637    design_1_i/ps7_0_axi_periph/m08_couplers/auto_cc/inst/gen_clock_conv.gen_async_lite_conv.clock_conv_lite_fwd_aw/handshake/src_hsdata_ff[5]
    SLICE_X86Y36         FDRE                                         r  design_1_i/ps7_0_axi_periph/m08_couplers/auto_cc/inst/gen_clock_conv.gen_async_lite_conv.clock_conv_lite_fwd_aw/handshake/dest_hsdata_ff_reg[5]/D
  -------------------------------------------------------------------    -------------------

                         (clock clk_out1_design_1_clk_wiz_0_0_1 rise edge)
                                                      0.000     0.000 r  
    L18                                               0.000     0.000 r  fmc_imageon_vclk (IN)
                         net (fo=0)                   0.000     0.000    design_1_i/clk_wiz_0/inst/clk_in1
    L18                  IBUF (Prop_ibuf_I_O)         1.307     1.307 r  design_1_i/clk_wiz_0/inst/clkin1_ibufg/O
                         net (fo=1, routed)           1.285     2.592    design_1_i/clk_wiz_0/inst/clk_in1_design_1_clk_wiz_0_0
    MMCME2_ADV_X1Y1      MMCME2_ADV (Prop_mmcme2_adv_CLKIN1_CLKOUT0)
                                                     -7.406    -4.814 r  design_1_i/clk_wiz_0/inst/mmcm_adv_inst/CLKOUT0
                         net (fo=1, routed)           1.889    -2.925    design_1_i/clk_wiz_0/inst/clk_out1_design_1_clk_wiz_0_0
    BUFGCTRL_X0Y16       BUFG (Prop_bufg_I_O)         0.101    -2.824 r  design_1_i/clk_wiz_0/inst/clkout1_buf/O
                         net (fo=15835, routed)       1.734    -1.090    design_1_i/ps7_0_axi_periph/m08_couplers/auto_cc/inst/gen_clock_conv.gen_async_lite_conv.clock_conv_lite_fwd_aw/handshake/dest_clk
    SLICE_X86Y36         FDRE                                         r  design_1_i/ps7_0_axi_periph/m08_couplers/auto_cc/inst/gen_clock_conv.gen_async_lite_conv.clock_conv_lite_fwd_aw/handshake/dest_hsdata_ff_reg[5]/C
                         clock pessimism              0.000    -1.090    
    SLICE_X86Y36         FDRE (Hold_fdre_C_D)         0.246    -0.844    design_1_i/ps7_0_axi_periph/m08_couplers/auto_cc/inst/gen_clock_conv.gen_async_lite_conv.clock_conv_lite_fwd_aw/handshake/dest_hsdata_ff_reg[5]
  -------------------------------------------------------------------
                         data arrival                           3.637    
                         clock arrival                         -0.844    
  -------------------------------------------------------------------
                         relative delay                         4.481    



