
*** Running vivado
    with args -log design_1_wrapper.vdi -applog -m64 -product Vivado -messageDb vivado.pb -mode batch -source design_1_wrapper.tcl -notrace



****** Vivado v2020.1 (64-bit)
  **** SW Build 2902540 on Wed May 27 19:54:49 MDT 2020
  **** IP Build 2902112 on Wed May 27 22:43:36 MDT 2020
    ** Copyright 1986-2020 Xilinx, Inc. All Rights Reserved.

source design_1_wrapper.tcl -notrace
INFO: [IP_Flow 19-234] Refreshing IP repositories
INFO: [IP_Flow 19-1700] Loaded user IP repository 'c:/Users/jaxie963/Temp/cpre488-mp2/project_1/project_1.ipdefs/IP_0_0'.
INFO: [IP_Flow 19-1700] Loaded user IP repository 'c:/Users/jaxie963/Temp/cpre488-mp2/hw/IP'.
INFO: [IP_Flow 19-2313] Loaded Vivado IP repository 'C:/Xilinx/Vivado/2020.1/data/ip'.
WARNING: [IP_Flow 19-1663] Duplicate IP found for 'avnet:avnet_hdmi:avnet_hdmi_out:3.1'. The one found in IP location 'c:/Users/jaxie963/Temp/cpre488-mp2/project_1/project_1.ipdefs/IP_0_0/avnet_hdmi_out' will take precedence over the same IP in location c:/Users/jaxie963/Temp/cpre488-mp2/hw/IP/avnet_hdmi_out
WARNING: [IP_Flow 19-4830] Duplicate Interface found for 'avnet.com:interface:avnet_ali3:1.0'. The one found in location 'c:/Users/jaxie963/Temp/cpre488-mp2/project_1/project_1.ipdefs/IP_0_0/interfaces/avnet_ali3.xml' will take precedence over the same Interface in location 'c:/Users/jaxie963/Temp/cpre488-mp2/hw/IP/interfaces/avnet_ali3.xml'
WARNING: [IP_Flow 19-4830] Duplicate Interface found for 'avnet.com:interface:avnet_hdmi:2.0'. The one found in location 'c:/Users/jaxie963/Temp/cpre488-mp2/project_1/project_1.ipdefs/IP_0_0/interfaces/avnet_hdmi.xml' will take precedence over the same Interface in location 'c:/Users/jaxie963/Temp/cpre488-mp2/hw/IP/interfaces/avnet_hdmi.xml'
WARNING: [IP_Flow 19-4830] Duplicate Interface found for 'avnet.com:interface:onsemi_vita_cam:1.0'. The one found in location 'c:/Users/jaxie963/Temp/cpre488-mp2/project_1/project_1.ipdefs/IP_0_0/interfaces/onsemi_vita_cam.xml' will take precedence over the same Interface in location 'c:/Users/jaxie963/Temp/cpre488-mp2/hw/IP/interfaces/onsemi_vita_cam.xml'
WARNING: [IP_Flow 19-4830] Duplicate Interface found for 'avnet.com:interface:onsemi_vita_spi:1.0'. The one found in location 'c:/Users/jaxie963/Temp/cpre488-mp2/project_1/project_1.ipdefs/IP_0_0/interfaces/onsemi_vita_spi.xml' will take precedence over the same Interface in location 'c:/Users/jaxie963/Temp/cpre488-mp2/hw/IP/interfaces/onsemi_vita_spi.xml'
WARNING: [IP_Flow 19-4830] Duplicate Interface found for 'avnet.com:user:SF_SM_Master_Bus:1.0'. The one found in location 'c:/Users/jaxie963/Temp/cpre488-mp2/project_1/project_1.ipdefs/IP_0_0/interfaces/SF_SM_Master_Bus.xml' will take precedence over the same Interface in location 'c:/Users/jaxie963/Temp/cpre488-mp2/hw/IP/interfaces/SF_SM_Master_Bus.xml'
add_files: Time (s): cpu = 00:00:05 ; elapsed = 00:00:09 . Memory (MB): peak = 1013.324 ; gain = 0.000
Command: link_design -top design_1_wrapper -part xc7z020clg484-1
Design is defaulting to srcset: sources_1
Design is defaulting to constrset: constrs_1
INFO: [Device 21-403] Loading part xc7z020clg484-1
INFO: [Project 1-454] Reading design checkpoint 'c:/Users/jaxie963/Temp/cpre488-mp2/project_1/project_1.srcs/sources_1/bd/design_1/ip/design_1_avnet_hdmi_out_0_0/design_1_avnet_hdmi_out_0_0.dcp' for cell 'design_1_i/avnet_hdmi_out_0'
INFO: [Project 1-454] Reading design checkpoint 'c:/Users/jaxie963/Temp/cpre488-mp2/project_1/project_1.srcs/sources_1/bd/design_1/ip/design_1_axi_gpio_0_0/design_1_axi_gpio_0_0.dcp' for cell 'design_1_i/axi_gpio_0'
INFO: [Project 1-454] Reading design checkpoint 'c:/Users/jaxie963/Temp/cpre488-mp2/project_1/project_1.srcs/sources_1/bd/design_1/ip/design_1_axi_gpio_1_0/design_1_axi_gpio_1_0.dcp' for cell 'design_1_i/axi_gpio_1'
INFO: [Project 1-454] Reading design checkpoint 'c:/Users/jaxie963/Temp/cpre488-mp2/project_1/project_1.srcs/sources_1/bd/design_1/ip/design_1_axi_smc_0/design_1_axi_smc_0.dcp' for cell 'design_1_i/axi_smc'
INFO: [Project 1-454] Reading design checkpoint 'c:/Users/jaxie963/Temp/cpre488-mp2/project_1/project_1.srcs/sources_1/bd/design_1/ip/design_1_axi_vdma_0_0/design_1_axi_vdma_0_0.dcp' for cell 'design_1_i/axi_vdma_0'
INFO: [Project 1-454] Reading design checkpoint 'c:/Users/jaxie963/Temp/cpre488-mp2/project_1/project_1.srcs/sources_1/bd/design_1/ip/design_1_axis_subset_converter_0_0/design_1_axis_subset_converter_0_0.dcp' for cell 'design_1_i/axis_subset_converter_0'
INFO: [Project 1-454] Reading design checkpoint 'c:/Users/jaxie963/Temp/cpre488-mp2/project_1/project_1.srcs/sources_1/bd/design_1/ip/design_1_clk_wiz_0_0/design_1_clk_wiz_0_0.dcp' for cell 'design_1_i/clk_wiz_0'
INFO: [Project 1-454] Reading design checkpoint 'c:/Users/jaxie963/Temp/cpre488-mp2/project_1/project_1.srcs/sources_1/bd/design_1/ip/design_1_fmc_imageon_iic_0_0/design_1_fmc_imageon_iic_0_0.dcp' for cell 'design_1_i/fmc_imageon_iic_0'
INFO: [Project 1-454] Reading design checkpoint 'c:/Users/jaxie963/Temp/cpre488-mp2/project_1/project_1.srcs/sources_1/bd/design_1/ip/design_1_fmc_ipmi_id_eeprom_0_0/design_1_fmc_ipmi_id_eeprom_0_0.dcp' for cell 'design_1_i/fmc_ipmi_id_eeprom_0'
INFO: [Project 1-454] Reading design checkpoint 'c:/Users/jaxie963/Temp/cpre488-mp2/project_1/project_1.srcs/sources_1/bd/design_1/ip/design_1_onsemi_vita_cam_0_0/design_1_onsemi_vita_cam_0_0.dcp' for cell 'design_1_i/onsemi_vita_cam_0'
INFO: [Project 1-454] Reading design checkpoint 'c:/Users/jaxie963/Temp/cpre488-mp2/project_1/project_1.srcs/sources_1/bd/design_1/ip/design_1_onsemi_vita_spi_0_0/design_1_onsemi_vita_spi_0_0.dcp' for cell 'design_1_i/onsemi_vita_spi_0'
INFO: [Project 1-454] Reading design checkpoint 'c:/Users/jaxie963/Temp/cpre488-mp2/project_1/project_1.srcs/sources_1/bd/design_1/ip/design_1_processing_system7_0_0/design_1_processing_system7_0_0.dcp' for cell 'design_1_i/processing_system7_0'
INFO: [Project 1-454] Reading design checkpoint 'c:/Users/jaxie963/Temp/cpre488-mp2/project_1/project_1.srcs/sources_1/bd/design_1/ip/design_1_rst_clk_wiz_0_148M_0/design_1_rst_clk_wiz_0_148M_0.dcp' for cell 'design_1_i/rst_clk_wiz_0_148M'
INFO: [Project 1-454] Reading design checkpoint 'c:/Users/jaxie963/Temp/cpre488-mp2/project_1/project_1.srcs/sources_1/bd/design_1/ip/design_1_rst_ps7_0_100M_0/design_1_rst_ps7_0_100M_0.dcp' for cell 'design_1_i/rst_ps7_0_100M'
INFO: [Project 1-454] Reading design checkpoint 'c:/Users/jaxie963/Temp/cpre488-mp2/project_1/project_1.srcs/sources_1/bd/design_1/ip/design_1_v_axi4s_vid_out_0_0/design_1_v_axi4s_vid_out_0_0.dcp' for cell 'design_1_i/v_axi4s_vid_out_0'
INFO: [Project 1-454] Reading design checkpoint 'c:/Users/jaxie963/Temp/cpre488-mp2/project_1/project_1.srcs/sources_1/bd/design_1/ip/design_1_v_demosaic_0_0/design_1_v_demosaic_0_0.dcp' for cell 'design_1_i/v_demosaic_0'
INFO: [Project 1-454] Reading design checkpoint 'c:/Users/jaxie963/Temp/cpre488-mp2/project_1/project_1.srcs/sources_1/bd/design_1/ip/design_1_v_proc_ss_0_3/design_1_v_proc_ss_0_3.dcp' for cell 'design_1_i/v_proc_ss_0'
INFO: [Project 1-454] Reading design checkpoint 'c:/Users/jaxie963/Temp/cpre488-mp2/project_1/project_1.srcs/sources_1/bd/design_1/ip/design_1_v_proc_ss_1_1/design_1_v_proc_ss_1_1.dcp' for cell 'design_1_i/v_proc_ss_1'
INFO: [Project 1-454] Reading design checkpoint 'c:/Users/jaxie963/Temp/cpre488-mp2/project_1/project_1.srcs/sources_1/bd/design_1/ip/design_1_v_proc_ss_2_1/design_1_v_proc_ss_2_1.dcp' for cell 'design_1_i/v_proc_ss_2'
INFO: [Project 1-454] Reading design checkpoint 'c:/Users/jaxie963/Temp/cpre488-mp2/project_1/project_1.srcs/sources_1/bd/design_1/ip/design_1_v_tc_0_0/design_1_v_tc_0_0.dcp' for cell 'design_1_i/v_tc_0'
INFO: [Project 1-454] Reading design checkpoint 'c:/Users/jaxie963/Temp/cpre488-mp2/project_1/project_1.srcs/sources_1/bd/design_1/ip/design_1_v_vid_in_axi4s_0_0/design_1_v_vid_in_axi4s_0_0.dcp' for cell 'design_1_i/v_vid_in_axi4s_0'
INFO: [Project 1-454] Reading design checkpoint 'c:/Users/jaxie963/Temp/cpre488-mp2/project_1/project_1.srcs/sources_1/bd/design_1/ip/design_1_xbar_0/design_1_xbar_0.dcp' for cell 'design_1_i/ps7_0_axi_periph/xbar'
INFO: [Project 1-454] Reading design checkpoint 'c:/Users/jaxie963/Temp/cpre488-mp2/project_1/project_1.srcs/sources_1/bd/design_1/ip/design_1_auto_cc_0/design_1_auto_cc_0.dcp' for cell 'design_1_i/ps7_0_axi_periph/m01_couplers/auto_cc'
INFO: [Project 1-454] Reading design checkpoint 'c:/Users/jaxie963/Temp/cpre488-mp2/project_1/project_1.srcs/sources_1/bd/design_1/ip/design_1_auto_cc_1/design_1_auto_cc_1.dcp' for cell 'design_1_i/ps7_0_axi_periph/m07_couplers/auto_cc'
INFO: [Project 1-454] Reading design checkpoint 'c:/Users/jaxie963/Temp/cpre488-mp2/project_1/project_1.srcs/sources_1/bd/design_1/ip/design_1_auto_cc_2/design_1_auto_cc_2.dcp' for cell 'design_1_i/ps7_0_axi_periph/m08_couplers/auto_cc'
INFO: [Project 1-454] Reading design checkpoint 'c:/Users/jaxie963/Temp/cpre488-mp2/project_1/project_1.srcs/sources_1/bd/design_1/ip/design_1_auto_cc_3/design_1_auto_cc_3.dcp' for cell 'design_1_i/ps7_0_axi_periph/m11_couplers/auto_cc'
INFO: [Project 1-454] Reading design checkpoint 'c:/Users/jaxie963/Temp/cpre488-mp2/project_1/project_1.srcs/sources_1/bd/design_1/ip/design_1_auto_pc_0/design_1_auto_pc_0.dcp' for cell 'design_1_i/ps7_0_axi_periph/s00_couplers/auto_pc'
INFO: [Project 1-454] Reading design checkpoint 'c:/Users/jaxie963/Temp/cpre488-mp2/project_1/project_1.srcs/sources_1/bd/design_1/ip/design_1_v_proc_ss_0_3/bd_0/ip/ip_5/bd_d86b_csc_0.dcp' for cell 'design_1_i/v_proc_ss_0/U0/csc'
INFO: [Project 1-454] Reading design checkpoint 'c:/Users/jaxie963/Temp/cpre488-mp2/project_1/project_1.srcs/sources_1/bd/design_1/ip/design_1_v_proc_ss_0_3/bd_0/ip/ip_2/bd_d86b_hsc_0.dcp' for cell 'design_1_i/v_proc_ss_0/U0/hsc'
INFO: [Project 1-454] Reading design checkpoint 'c:/Users/jaxie963/Temp/cpre488-mp2/project_1/project_1.srcs/sources_1/bd/design_1/ip/design_1_v_proc_ss_0_3/bd_0/ip/ip_3/bd_d86b_input_size_set_0.dcp' for cell 'design_1_i/v_proc_ss_0/U0/input_size_set'
INFO: [Project 1-454] Reading design checkpoint 'c:/Users/jaxie963/Temp/cpre488-mp2/project_1/project_1.srcs/sources_1/bd/design_1/ip/design_1_v_proc_ss_0_3/bd_0/ip/ip_4/bd_d86b_ltr_0.dcp' for cell 'design_1_i/v_proc_ss_0/U0/ltr'
INFO: [Project 1-454] Reading design checkpoint 'c:/Users/jaxie963/Temp/cpre488-mp2/project_1/project_1.srcs/sources_1/bd/design_1/ip/design_1_v_proc_ss_0_3/bd_0/ip/ip_10/bd_d86b_reset_sel_axis_0.dcp' for cell 'design_1_i/v_proc_ss_0/U0/reset_sel_axis'
INFO: [Project 1-454] Reading design checkpoint 'c:/Users/jaxie963/Temp/cpre488-mp2/project_1/project_1.srcs/sources_1/bd/design_1/ip/design_1_v_proc_ss_0_3/bd_0/ip/ip_11/bd_d86b_rst_axis_0.dcp' for cell 'design_1_i/v_proc_ss_0/U0/rst_axis'
INFO: [Project 1-454] Reading design checkpoint 'c:/Users/jaxie963/Temp/cpre488-mp2/project_1/project_1.srcs/sources_1/bd/design_1/ip/design_1_v_proc_ss_0_3/bd_0/ip/ip_0/bd_d86b_smartconnect_0_0.dcp' for cell 'design_1_i/v_proc_ss_0/U0/smartconnect_0'
INFO: [Project 1-454] Reading design checkpoint 'c:/Users/jaxie963/Temp/cpre488-mp2/project_1/project_1.srcs/sources_1/bd/design_1/ip/design_1_v_proc_ss_0_3/bd_0/ip/ip_1/bd_d86b_vsc_0.dcp' for cell 'design_1_i/v_proc_ss_0/U0/vsc'
INFO: [Project 1-454] Reading design checkpoint 'c:/Users/jaxie963/Temp/cpre488-mp2/project_1/project_1.srcs/sources_1/bd/design_1/ip/design_1_v_proc_ss_0_3/bd_0/ip/ip_9/bd_d86b_xbar_0.dcp' for cell 'design_1_i/v_proc_ss_0/U0/video_router/xbar'
INFO: [Project 1-454] Reading design checkpoint 'c:/Users/jaxie963/Temp/cpre488-mp2/project_1/project_1.srcs/sources_1/bd/design_1/ip/design_1_v_proc_ss_0_3/bd_0/ip/ip_12/bd_d86b_m00_regslice_0.dcp' for cell 'design_1_i/v_proc_ss_0/U0/video_router/m00_couplers/m00_regslice'
INFO: [Project 1-454] Reading design checkpoint 'c:/Users/jaxie963/Temp/cpre488-mp2/project_1/project_1.srcs/sources_1/bd/design_1/ip/design_1_v_proc_ss_0_3/bd_0/ip/ip_20/bd_d86b_auto_ss_slidr_0.dcp' for cell 'design_1_i/v_proc_ss_0/U0/video_router/m01_couplers/auto_ss_slidr'
INFO: [Project 1-454] Reading design checkpoint 'c:/Users/jaxie963/Temp/cpre488-mp2/project_1/project_1.srcs/sources_1/bd/design_1/ip/design_1_v_proc_ss_0_3/bd_0/ip/ip_13/bd_d86b_m01_regslice_0.dcp' for cell 'design_1_i/v_proc_ss_0/U0/video_router/m01_couplers/m01_regslice'
INFO: [Project 1-454] Reading design checkpoint 'c:/Users/jaxie963/Temp/cpre488-mp2/project_1/project_1.srcs/sources_1/bd/design_1/ip/design_1_v_proc_ss_0_3/bd_0/ip/ip_21/bd_d86b_auto_ss_slidr_1.dcp' for cell 'design_1_i/v_proc_ss_0/U0/video_router/m02_couplers/auto_ss_slidr'
INFO: [Project 1-454] Reading design checkpoint 'c:/Users/jaxie963/Temp/cpre488-mp2/project_1/project_1.srcs/sources_1/bd/design_1/ip/design_1_v_proc_ss_0_3/bd_0/ip/ip_14/bd_d86b_m02_regslice_0.dcp' for cell 'design_1_i/v_proc_ss_0/U0/video_router/m02_couplers/m02_regslice'
INFO: [Project 1-454] Reading design checkpoint 'c:/Users/jaxie963/Temp/cpre488-mp2/project_1/project_1.srcs/sources_1/bd/design_1/ip/design_1_v_proc_ss_0_3/bd_0/ip/ip_22/bd_d86b_auto_ss_slidr_2.dcp' for cell 'design_1_i/v_proc_ss_0/U0/video_router/m04_couplers/auto_ss_slidr'
INFO: [Project 1-454] Reading design checkpoint 'c:/Users/jaxie963/Temp/cpre488-mp2/project_1/project_1.srcs/sources_1/bd/design_1/ip/design_1_v_proc_ss_0_3/bd_0/ip/ip_15/bd_d86b_m04_regslice_0.dcp' for cell 'design_1_i/v_proc_ss_0/U0/video_router/m04_couplers/m04_regslice'
INFO: [Project 1-454] Reading design checkpoint 'c:/Users/jaxie963/Temp/cpre488-mp2/project_1/project_1.srcs/sources_1/bd/design_1/ip/design_1_v_proc_ss_0_3/bd_0/ip/ip_16/bd_d86b_m05_regslice_0.dcp' for cell 'design_1_i/v_proc_ss_0/U0/video_router/m05_couplers/m05_regslice'
INFO: [Project 1-454] Reading design checkpoint 'c:/Users/jaxie963/Temp/cpre488-mp2/project_1/project_1.srcs/sources_1/bd/design_1/ip/design_1_v_proc_ss_0_3/bd_0/ip/ip_17/bd_d86b_m06_regslice_0.dcp' for cell 'design_1_i/v_proc_ss_0/U0/video_router/m06_couplers/m06_regslice'
INFO: [Project 1-454] Reading design checkpoint 'c:/Users/jaxie963/Temp/cpre488-mp2/project_1/project_1.srcs/sources_1/bd/design_1/ip/design_1_v_proc_ss_0_3/bd_0/ip/ip_18/bd_d86b_m07_regslice_0.dcp' for cell 'design_1_i/v_proc_ss_0/U0/video_router/m07_couplers/m07_regslice'
INFO: [Project 1-454] Reading design checkpoint 'c:/Users/jaxie963/Temp/cpre488-mp2/project_1/project_1.srcs/sources_1/bd/design_1/ip/design_1_v_proc_ss_0_3/bd_0/ip/ip_23/bd_d86b_auto_ss_slidr_3.dcp' for cell 'design_1_i/v_proc_ss_0/U0/video_router/m08_couplers/auto_ss_slidr'
INFO: [Project 1-454] Reading design checkpoint 'c:/Users/jaxie963/Temp/cpre488-mp2/project_1/project_1.srcs/sources_1/bd/design_1/ip/design_1_v_proc_ss_0_3/bd_0/ip/ip_19/bd_d86b_m08_regslice_0.dcp' for cell 'design_1_i/v_proc_ss_0/U0/video_router/m08_couplers/m08_regslice'
INFO: [Project 1-454] Reading design checkpoint 'c:/Users/jaxie963/Temp/cpre488-mp2/project_1/project_1.srcs/sources_1/bd/design_1/ip/design_1_v_proc_ss_0_3/bd_0/ip/ip_24/bd_d86b_auto_ss_slid_0.dcp' for cell 'design_1_i/v_proc_ss_0/U0/video_router/s00_couplers/auto_ss_slid'
INFO: [Project 1-454] Reading design checkpoint 'c:/Users/jaxie963/Temp/cpre488-mp2/project_1/project_1.srcs/sources_1/bd/design_1/ip/design_1_v_proc_ss_0_3/bd_0/ip/ip_25/bd_d86b_auto_ss_slid_1.dcp' for cell 'design_1_i/v_proc_ss_0/U0/video_router/s01_couplers/auto_ss_slid'
INFO: [Project 1-454] Reading design checkpoint 'c:/Users/jaxie963/Temp/cpre488-mp2/project_1/project_1.srcs/sources_1/bd/design_1/ip/design_1_v_proc_ss_0_3/bd_0/ip/ip_26/bd_d86b_auto_ss_slid_2.dcp' for cell 'design_1_i/v_proc_ss_0/U0/video_router/s02_couplers/auto_ss_slid'
INFO: [Project 1-454] Reading design checkpoint 'c:/Users/jaxie963/Temp/cpre488-mp2/project_1/project_1.srcs/sources_1/bd/design_1/ip/design_1_v_proc_ss_0_3/bd_0/ip/ip_27/bd_d86b_auto_ss_slid_3.dcp' for cell 'design_1_i/v_proc_ss_0/U0/video_router/s04_couplers/auto_ss_slid'
INFO: [Project 1-454] Reading design checkpoint 'c:/Users/jaxie963/Temp/cpre488-mp2/project_1/project_1.srcs/sources_1/bd/design_1/ip/design_1_v_proc_ss_0_3/bd_0/ip/ip_28/bd_d86b_auto_ss_slid_4.dcp' for cell 'design_1_i/v_proc_ss_0/U0/video_router/s08_couplers/auto_ss_slid'
INFO: [Project 1-454] Reading design checkpoint 'c:/Users/jaxie963/Temp/cpre488-mp2/project_1/project_1.srcs/sources_1/bd/design_1/ip/design_1_v_proc_ss_1_1/bd_0/ip/ip_0/bd_d9bb_hcr_0.dcp' for cell 'design_1_i/v_proc_ss_1/U0/hcr'
INFO: [Project 1-454] Reading design checkpoint 'c:/Users/jaxie963/Temp/cpre488-mp2/project_1/project_1.srcs/sources_1/bd/design_1/ip/design_1_v_proc_ss_2_1/bd_0/ip/ip_5/bd_d94b_csc_0.dcp' for cell 'design_1_i/v_proc_ss_2/U0/csc'
INFO: [Project 1-454] Reading design checkpoint 'c:/Users/jaxie963/Temp/cpre488-mp2/project_1/project_1.srcs/sources_1/bd/design_1/ip/design_1_v_proc_ss_2_1/bd_0/ip/ip_2/bd_d94b_hsc_0.dcp' for cell 'design_1_i/v_proc_ss_2/U0/hsc'
INFO: [Project 1-454] Reading design checkpoint 'c:/Users/jaxie963/Temp/cpre488-mp2/project_1/project_1.srcs/sources_1/bd/design_1/ip/design_1_v_proc_ss_2_1/bd_0/ip/ip_3/bd_d94b_input_size_set_0.dcp' for cell 'design_1_i/v_proc_ss_2/U0/input_size_set'
INFO: [Project 1-454] Reading design checkpoint 'c:/Users/jaxie963/Temp/cpre488-mp2/project_1/project_1.srcs/sources_1/bd/design_1/ip/design_1_v_proc_ss_2_1/bd_0/ip/ip_4/bd_d94b_ltr_0.dcp' for cell 'design_1_i/v_proc_ss_2/U0/ltr'
INFO: [Project 1-454] Reading design checkpoint 'c:/Users/jaxie963/Temp/cpre488-mp2/project_1/project_1.srcs/sources_1/bd/design_1/ip/design_1_v_proc_ss_2_1/bd_0/ip/ip_10/bd_d94b_reset_sel_axis_0.dcp' for cell 'design_1_i/v_proc_ss_2/U0/reset_sel_axis'
INFO: [Project 1-454] Reading design checkpoint 'c:/Users/jaxie963/Temp/cpre488-mp2/project_1/project_1.srcs/sources_1/bd/design_1/ip/design_1_v_proc_ss_2_1/bd_0/ip/ip_11/bd_d94b_rst_axis_0.dcp' for cell 'design_1_i/v_proc_ss_2/U0/rst_axis'
INFO: [Project 1-454] Reading design checkpoint 'c:/Users/jaxie963/Temp/cpre488-mp2/project_1/project_1.srcs/sources_1/bd/design_1/ip/design_1_v_proc_ss_2_1/bd_0/ip/ip_0/bd_d94b_smartconnect_0_0.dcp' for cell 'design_1_i/v_proc_ss_2/U0/smartconnect_0'
INFO: [Project 1-454] Reading design checkpoint 'c:/Users/jaxie963/Temp/cpre488-mp2/project_1/project_1.srcs/sources_1/bd/design_1/ip/design_1_v_proc_ss_2_1/bd_0/ip/ip_1/bd_d94b_vsc_0.dcp' for cell 'design_1_i/v_proc_ss_2/U0/vsc'
INFO: [Project 1-454] Reading design checkpoint 'c:/Users/jaxie963/Temp/cpre488-mp2/project_1/project_1.srcs/sources_1/bd/design_1/ip/design_1_v_proc_ss_2_1/bd_0/ip/ip_9/bd_d94b_xbar_0.dcp' for cell 'design_1_i/v_proc_ss_2/U0/video_router/xbar'
INFO: [Project 1-454] Reading design checkpoint 'c:/Users/jaxie963/Temp/cpre488-mp2/project_1/project_1.srcs/sources_1/bd/design_1/ip/design_1_v_proc_ss_2_1/bd_0/ip/ip_12/bd_d94b_m00_regslice_0.dcp' for cell 'design_1_i/v_proc_ss_2/U0/video_router/m00_couplers/m00_regslice'
INFO: [Project 1-454] Reading design checkpoint 'c:/Users/jaxie963/Temp/cpre488-mp2/project_1/project_1.srcs/sources_1/bd/design_1/ip/design_1_v_proc_ss_2_1/bd_0/ip/ip_20/bd_d94b_auto_ss_slidr_0.dcp' for cell 'design_1_i/v_proc_ss_2/U0/video_router/m01_couplers/auto_ss_slidr'
INFO: [Project 1-454] Reading design checkpoint 'c:/Users/jaxie963/Temp/cpre488-mp2/project_1/project_1.srcs/sources_1/bd/design_1/ip/design_1_v_proc_ss_2_1/bd_0/ip/ip_13/bd_d94b_m01_regslice_0.dcp' for cell 'design_1_i/v_proc_ss_2/U0/video_router/m01_couplers/m01_regslice'
INFO: [Project 1-454] Reading design checkpoint 'c:/Users/jaxie963/Temp/cpre488-mp2/project_1/project_1.srcs/sources_1/bd/design_1/ip/design_1_v_proc_ss_2_1/bd_0/ip/ip_21/bd_d94b_auto_ss_slidr_1.dcp' for cell 'design_1_i/v_proc_ss_2/U0/video_router/m02_couplers/auto_ss_slidr'
INFO: [Project 1-454] Reading design checkpoint 'c:/Users/jaxie963/Temp/cpre488-mp2/project_1/project_1.srcs/sources_1/bd/design_1/ip/design_1_v_proc_ss_2_1/bd_0/ip/ip_14/bd_d94b_m02_regslice_0.dcp' for cell 'design_1_i/v_proc_ss_2/U0/video_router/m02_couplers/m02_regslice'
INFO: [Project 1-454] Reading design checkpoint 'c:/Users/jaxie963/Temp/cpre488-mp2/project_1/project_1.srcs/sources_1/bd/design_1/ip/design_1_v_proc_ss_2_1/bd_0/ip/ip_22/bd_d94b_auto_ss_slidr_2.dcp' for cell 'design_1_i/v_proc_ss_2/U0/video_router/m04_couplers/auto_ss_slidr'
INFO: [Project 1-454] Reading design checkpoint 'c:/Users/jaxie963/Temp/cpre488-mp2/project_1/project_1.srcs/sources_1/bd/design_1/ip/design_1_v_proc_ss_2_1/bd_0/ip/ip_15/bd_d94b_m04_regslice_0.dcp' for cell 'design_1_i/v_proc_ss_2/U0/video_router/m04_couplers/m04_regslice'
INFO: [Project 1-454] Reading design checkpoint 'c:/Users/jaxie963/Temp/cpre488-mp2/project_1/project_1.srcs/sources_1/bd/design_1/ip/design_1_v_proc_ss_2_1/bd_0/ip/ip_16/bd_d94b_m05_regslice_0.dcp' for cell 'design_1_i/v_proc_ss_2/U0/video_router/m05_couplers/m05_regslice'
INFO: [Project 1-454] Reading design checkpoint 'c:/Users/jaxie963/Temp/cpre488-mp2/project_1/project_1.srcs/sources_1/bd/design_1/ip/design_1_v_proc_ss_2_1/bd_0/ip/ip_17/bd_d94b_m06_regslice_0.dcp' for cell 'design_1_i/v_proc_ss_2/U0/video_router/m06_couplers/m06_regslice'
INFO: [Project 1-454] Reading design checkpoint 'c:/Users/jaxie963/Temp/cpre488-mp2/project_1/project_1.srcs/sources_1/bd/design_1/ip/design_1_v_proc_ss_2_1/bd_0/ip/ip_18/bd_d94b_m07_regslice_0.dcp' for cell 'design_1_i/v_proc_ss_2/U0/video_router/m07_couplers/m07_regslice'
INFO: [Project 1-454] Reading design checkpoint 'c:/Users/jaxie963/Temp/cpre488-mp2/project_1/project_1.srcs/sources_1/bd/design_1/ip/design_1_v_proc_ss_2_1/bd_0/ip/ip_23/bd_d94b_auto_ss_slidr_3.dcp' for cell 'design_1_i/v_proc_ss_2/U0/video_router/m08_couplers/auto_ss_slidr'
INFO: [Project 1-454] Reading design checkpoint 'c:/Users/jaxie963/Temp/cpre488-mp2/project_1/project_1.srcs/sources_1/bd/design_1/ip/design_1_v_proc_ss_2_1/bd_0/ip/ip_19/bd_d94b_m08_regslice_0.dcp' for cell 'design_1_i/v_proc_ss_2/U0/video_router/m08_couplers/m08_regslice'
INFO: [Project 1-454] Reading design checkpoint 'c:/Users/jaxie963/Temp/cpre488-mp2/project_1/project_1.srcs/sources_1/bd/design_1/ip/design_1_v_proc_ss_2_1/bd_0/ip/ip_24/bd_d94b_auto_ss_slid_0.dcp' for cell 'design_1_i/v_proc_ss_2/U0/video_router/s00_couplers/auto_ss_slid'
INFO: [Project 1-454] Reading design checkpoint 'c:/Users/jaxie963/Temp/cpre488-mp2/project_1/project_1.srcs/sources_1/bd/design_1/ip/design_1_v_proc_ss_2_1/bd_0/ip/ip_25/bd_d94b_auto_ss_slid_1.dcp' for cell 'design_1_i/v_proc_ss_2/U0/video_router/s01_couplers/auto_ss_slid'
INFO: [Project 1-454] Reading design checkpoint 'c:/Users/jaxie963/Temp/cpre488-mp2/project_1/project_1.srcs/sources_1/bd/design_1/ip/design_1_v_proc_ss_2_1/bd_0/ip/ip_26/bd_d94b_auto_ss_slid_2.dcp' for cell 'design_1_i/v_proc_ss_2/U0/video_router/s02_couplers/auto_ss_slid'
INFO: [Project 1-454] Reading design checkpoint 'c:/Users/jaxie963/Temp/cpre488-mp2/project_1/project_1.srcs/sources_1/bd/design_1/ip/design_1_v_proc_ss_2_1/bd_0/ip/ip_27/bd_d94b_auto_ss_slid_3.dcp' for cell 'design_1_i/v_proc_ss_2/U0/video_router/s04_couplers/auto_ss_slid'
INFO: [Project 1-454] Reading design checkpoint 'c:/Users/jaxie963/Temp/cpre488-mp2/project_1/project_1.srcs/sources_1/bd/design_1/ip/design_1_v_proc_ss_2_1/bd_0/ip/ip_28/bd_d94b_auto_ss_slid_4.dcp' for cell 'design_1_i/v_proc_ss_2/U0/video_router/s08_couplers/auto_ss_slid'
Netlist sorting complete. Time (s): cpu = 00:00:01 ; elapsed = 00:00:02 . Memory (MB): peak = 1043.484 ; gain = 0.000
INFO: [Netlist 29-17] Analyzing 2850 Unisim elements for replacement
INFO: [Netlist 29-28] Unisim Transformation completed in 0 CPU seconds
INFO: [Project 1-479] Netlist was created with Vivado 2020.1
INFO: [Project 1-570] Preparing netlist for logic optimization
Parsing XDC File [c:/Users/jaxie963/Temp/cpre488-mp2/project_1/project_1.srcs/sources_1/bd/design_1/ip/design_1_axi_smc_0/bd_0/ip/ip_1/bd_afc3_psr_aclk_0_board.xdc] for cell 'design_1_i/axi_smc/inst/clk_map/psr_aclk/U0'
Finished Parsing XDC File [c:/Users/jaxie963/Temp/cpre488-mp2/project_1/project_1.srcs/sources_1/bd/design_1/ip/design_1_axi_smc_0/bd_0/ip/ip_1/bd_afc3_psr_aclk_0_board.xdc] for cell 'design_1_i/axi_smc/inst/clk_map/psr_aclk/U0'
Parsing XDC File [c:/Users/jaxie963/Temp/cpre488-mp2/project_1/project_1.srcs/sources_1/bd/design_1/ip/design_1_axi_smc_0/bd_0/ip/ip_1/bd_afc3_psr_aclk_0.xdc] for cell 'design_1_i/axi_smc/inst/clk_map/psr_aclk/U0'
Finished Parsing XDC File [c:/Users/jaxie963/Temp/cpre488-mp2/project_1/project_1.srcs/sources_1/bd/design_1/ip/design_1_axi_smc_0/bd_0/ip/ip_1/bd_afc3_psr_aclk_0.xdc] for cell 'design_1_i/axi_smc/inst/clk_map/psr_aclk/U0'
Parsing XDC File [c:/Users/jaxie963/Temp/cpre488-mp2/project_1/project_1.srcs/sources_1/bd/design_1/ip/design_1_axi_vdma_0_0/design_1_axi_vdma_0_0.xdc] for cell 'design_1_i/axi_vdma_0/U0'
WARNING: [Vivado_Tcl 4-921] Waiver ID 'CDC-4' -to list should not be empty. [c:/Users/jaxie963/Temp/cpre488-mp2/project_1/project_1.srcs/sources_1/bd/design_1/ip/design_1_axi_vdma_0_0/design_1_axi_vdma_0_0.xdc:76]
WARNING: [Vivado_Tcl 4-921] Waiver ID 'CDC-4' -to list should not be empty. [c:/Users/jaxie963/Temp/cpre488-mp2/project_1/project_1.srcs/sources_1/bd/design_1/ip/design_1_axi_vdma_0_0/design_1_axi_vdma_0_0.xdc:80]
WARNING: [Vivado_Tcl 4-921] Waiver ID 'CDC-4' -to list should not be empty. [c:/Users/jaxie963/Temp/cpre488-mp2/project_1/project_1.srcs/sources_1/bd/design_1/ip/design_1_axi_vdma_0_0/design_1_axi_vdma_0_0.xdc:84]
WARNING: [Vivado_Tcl 4-921] Waiver ID 'CDC-4' -to list should not be empty. [c:/Users/jaxie963/Temp/cpre488-mp2/project_1/project_1.srcs/sources_1/bd/design_1/ip/design_1_axi_vdma_0_0/design_1_axi_vdma_0_0.xdc:88]
WARNING: [Vivado_Tcl 4-921] Waiver ID 'CDC-1' -to list should not be empty. [c:/Users/jaxie963/Temp/cpre488-mp2/project_1/project_1.srcs/sources_1/bd/design_1/ip/design_1_axi_vdma_0_0/design_1_axi_vdma_0_0.xdc:92]
WARNING: [Vivado_Tcl 4-921] Waiver ID 'CDC-4' -to list should not be empty. [c:/Users/jaxie963/Temp/cpre488-mp2/project_1/project_1.srcs/sources_1/bd/design_1/ip/design_1_axi_vdma_0_0/design_1_axi_vdma_0_0.xdc:96]
WARNING: [Vivado_Tcl 4-921] Waiver ID 'CDC-4' -to list should not be empty. [c:/Users/jaxie963/Temp/cpre488-mp2/project_1/project_1.srcs/sources_1/bd/design_1/ip/design_1_axi_vdma_0_0/design_1_axi_vdma_0_0.xdc:100]
WARNING: [Vivado_Tcl 4-921] Waiver ID 'CDC-4' -to list should not be empty. [c:/Users/jaxie963/Temp/cpre488-mp2/project_1/project_1.srcs/sources_1/bd/design_1/ip/design_1_axi_vdma_0_0/design_1_axi_vdma_0_0.xdc:104]
WARNING: [Vivado_Tcl 4-921] Waiver ID 'CDC-4' -to list should not be empty. [c:/Users/jaxie963/Temp/cpre488-mp2/project_1/project_1.srcs/sources_1/bd/design_1/ip/design_1_axi_vdma_0_0/design_1_axi_vdma_0_0.xdc:108]
WARNING: [Vivado_Tcl 4-921] Waiver ID 'CDC-4' -to list should not be empty. [c:/Users/jaxie963/Temp/cpre488-mp2/project_1/project_1.srcs/sources_1/bd/design_1/ip/design_1_axi_vdma_0_0/design_1_axi_vdma_0_0.xdc:112]
WARNING: [Vivado_Tcl 4-921] Waiver ID 'CDC-1' -to list should not be empty. [c:/Users/jaxie963/Temp/cpre488-mp2/project_1/project_1.srcs/sources_1/bd/design_1/ip/design_1_axi_vdma_0_0/design_1_axi_vdma_0_0.xdc:116]
WARNING: [Vivado_Tcl 4-921] Waiver ID 'CDC-6' -to list should not be empty. [c:/Users/jaxie963/Temp/cpre488-mp2/project_1/project_1.srcs/sources_1/bd/design_1/ip/design_1_axi_vdma_0_0/design_1_axi_vdma_0_0.xdc:200]
WARNING: [Vivado_Tcl 4-921] Waiver ID 'CDC-6' -to list should not be empty. [c:/Users/jaxie963/Temp/cpre488-mp2/project_1/project_1.srcs/sources_1/bd/design_1/ip/design_1_axi_vdma_0_0/design_1_axi_vdma_0_0.xdc:208]
Finished Parsing XDC File [c:/Users/jaxie963/Temp/cpre488-mp2/project_1/project_1.srcs/sources_1/bd/design_1/ip/design_1_axi_vdma_0_0/design_1_axi_vdma_0_0.xdc] for cell 'design_1_i/axi_vdma_0/U0'
Parsing XDC File [c:/Users/jaxie963/Temp/cpre488-mp2/project_1/project_1.srcs/sources_1/bd/design_1/ip/design_1_clk_wiz_0_0/design_1_clk_wiz_0_0_board.xdc] for cell 'design_1_i/clk_wiz_0/inst'
Finished Parsing XDC File [c:/Users/jaxie963/Temp/cpre488-mp2/project_1/project_1.srcs/sources_1/bd/design_1/ip/design_1_clk_wiz_0_0/design_1_clk_wiz_0_0_board.xdc] for cell 'design_1_i/clk_wiz_0/inst'
Parsing XDC File [c:/Users/jaxie963/Temp/cpre488-mp2/project_1/project_1.srcs/sources_1/bd/design_1/ip/design_1_clk_wiz_0_0/design_1_clk_wiz_0_0.xdc] for cell 'design_1_i/clk_wiz_0/inst'
INFO: [Timing 38-35] Done setting XDC timing constraints. [c:/Users/jaxie963/Temp/cpre488-mp2/project_1/project_1.srcs/sources_1/bd/design_1/ip/design_1_clk_wiz_0_0/design_1_clk_wiz_0_0.xdc:57]
INFO: [Timing 38-2] Deriving generated clocks [c:/Users/jaxie963/Temp/cpre488-mp2/project_1/project_1.srcs/sources_1/bd/design_1/ip/design_1_clk_wiz_0_0/design_1_clk_wiz_0_0.xdc:57]
get_clocks: Time (s): cpu = 00:00:04 ; elapsed = 00:00:08 . Memory (MB): peak = 1956.738 ; gain = 624.000
WARNING: [Vivado 12-2489] -input_jitter contains time 0.067340 which will be rounded to 0.067 to ensure it is an integer multiple of 1 picosecond [c:/Users/jaxie963/Temp/cpre488-mp2/project_1/project_1.srcs/sources_1/bd/design_1/ip/design_1_clk_wiz_0_0/design_1_clk_wiz_0_0.xdc:57]
Finished Parsing XDC File [c:/Users/jaxie963/Temp/cpre488-mp2/project_1/project_1.srcs/sources_1/bd/design_1/ip/design_1_clk_wiz_0_0/design_1_clk_wiz_0_0.xdc] for cell 'design_1_i/clk_wiz_0/inst'
Parsing XDC File [c:/Users/jaxie963/Temp/cpre488-mp2/project_1/project_1.srcs/sources_1/bd/design_1/ip/design_1_fmc_imageon_iic_0_0/design_1_fmc_imageon_iic_0_0_board.xdc] for cell 'design_1_i/fmc_imageon_iic_0/U0'
Finished Parsing XDC File [c:/Users/jaxie963/Temp/cpre488-mp2/project_1/project_1.srcs/sources_1/bd/design_1/ip/design_1_fmc_imageon_iic_0_0/design_1_fmc_imageon_iic_0_0_board.xdc] for cell 'design_1_i/fmc_imageon_iic_0/U0'
Parsing XDC File [c:/Users/jaxie963/Temp/cpre488-mp2/project_1/project_1.srcs/sources_1/bd/design_1/ip/design_1_fmc_ipmi_id_eeprom_0_0/design_1_fmc_ipmi_id_eeprom_0_0_board.xdc] for cell 'design_1_i/fmc_ipmi_id_eeprom_0/U0'
Finished Parsing XDC File [c:/Users/jaxie963/Temp/cpre488-mp2/project_1/project_1.srcs/sources_1/bd/design_1/ip/design_1_fmc_ipmi_id_eeprom_0_0/design_1_fmc_ipmi_id_eeprom_0_0_board.xdc] for cell 'design_1_i/fmc_ipmi_id_eeprom_0/U0'
Parsing XDC File [c:/Users/jaxie963/Temp/cpre488-mp2/project_1/project_1.srcs/sources_1/bd/design_1/ip/design_1_processing_system7_0_0/design_1_processing_system7_0_0.xdc] for cell 'design_1_i/processing_system7_0/inst'
WARNING: [Vivado 12-2489] -input_jitter contains time 0.389970 which will be rounded to 0.390 to ensure it is an integer multiple of 1 picosecond [c:/Users/jaxie963/Temp/cpre488-mp2/project_1/project_1.srcs/sources_1/bd/design_1/ip/design_1_processing_system7_0_0/design_1_processing_system7_0_0.xdc:21]
Finished Parsing XDC File [c:/Users/jaxie963/Temp/cpre488-mp2/project_1/project_1.srcs/sources_1/bd/design_1/ip/design_1_processing_system7_0_0/design_1_processing_system7_0_0.xdc] for cell 'design_1_i/processing_system7_0/inst'
Parsing XDC File [c:/Users/jaxie963/Temp/cpre488-mp2/project_1/project_1.srcs/sources_1/bd/design_1/ip/design_1_rst_clk_wiz_0_148M_0/design_1_rst_clk_wiz_0_148M_0_board.xdc] for cell 'design_1_i/rst_clk_wiz_0_148M/U0'
Finished Parsing XDC File [c:/Users/jaxie963/Temp/cpre488-mp2/project_1/project_1.srcs/sources_1/bd/design_1/ip/design_1_rst_clk_wiz_0_148M_0/design_1_rst_clk_wiz_0_148M_0_board.xdc] for cell 'design_1_i/rst_clk_wiz_0_148M/U0'
Parsing XDC File [c:/Users/jaxie963/Temp/cpre488-mp2/project_1/project_1.srcs/sources_1/bd/design_1/ip/design_1_rst_clk_wiz_0_148M_0/design_1_rst_clk_wiz_0_148M_0.xdc] for cell 'design_1_i/rst_clk_wiz_0_148M/U0'
Finished Parsing XDC File [c:/Users/jaxie963/Temp/cpre488-mp2/project_1/project_1.srcs/sources_1/bd/design_1/ip/design_1_rst_clk_wiz_0_148M_0/design_1_rst_clk_wiz_0_148M_0.xdc] for cell 'design_1_i/rst_clk_wiz_0_148M/U0'
Parsing XDC File [c:/Users/jaxie963/Temp/cpre488-mp2/project_1/project_1.srcs/sources_1/bd/design_1/ip/design_1_rst_ps7_0_100M_0/design_1_rst_ps7_0_100M_0_board.xdc] for cell 'design_1_i/rst_ps7_0_100M/U0'
Finished Parsing XDC File [c:/Users/jaxie963/Temp/cpre488-mp2/project_1/project_1.srcs/sources_1/bd/design_1/ip/design_1_rst_ps7_0_100M_0/design_1_rst_ps7_0_100M_0_board.xdc] for cell 'design_1_i/rst_ps7_0_100M/U0'
Parsing XDC File [c:/Users/jaxie963/Temp/cpre488-mp2/project_1/project_1.srcs/sources_1/bd/design_1/ip/design_1_rst_ps7_0_100M_0/design_1_rst_ps7_0_100M_0.xdc] for cell 'design_1_i/rst_ps7_0_100M/U0'
Finished Parsing XDC File [c:/Users/jaxie963/Temp/cpre488-mp2/project_1/project_1.srcs/sources_1/bd/design_1/ip/design_1_rst_ps7_0_100M_0/design_1_rst_ps7_0_100M_0.xdc] for cell 'design_1_i/rst_ps7_0_100M/U0'
Parsing XDC File [c:/Users/jaxie963/Temp/cpre488-mp2/project_1/project_1.srcs/sources_1/bd/design_1/ip/design_1_axi_gpio_0_0/design_1_axi_gpio_0_0_board.xdc] for cell 'design_1_i/axi_gpio_0/U0'
Finished Parsing XDC File [c:/Users/jaxie963/Temp/cpre488-mp2/project_1/project_1.srcs/sources_1/bd/design_1/ip/design_1_axi_gpio_0_0/design_1_axi_gpio_0_0_board.xdc] for cell 'design_1_i/axi_gpio_0/U0'
Parsing XDC File [c:/Users/jaxie963/Temp/cpre488-mp2/project_1/project_1.srcs/sources_1/bd/design_1/ip/design_1_axi_gpio_0_0/design_1_axi_gpio_0_0.xdc] for cell 'design_1_i/axi_gpio_0/U0'
Finished Parsing XDC File [c:/Users/jaxie963/Temp/cpre488-mp2/project_1/project_1.srcs/sources_1/bd/design_1/ip/design_1_axi_gpio_0_0/design_1_axi_gpio_0_0.xdc] for cell 'design_1_i/axi_gpio_0/U0'
Parsing XDC File [c:/Users/jaxie963/Temp/cpre488-mp2/project_1/project_1.srcs/sources_1/bd/design_1/ip/design_1_axi_gpio_1_0/design_1_axi_gpio_1_0_board.xdc] for cell 'design_1_i/axi_gpio_1/U0'
Finished Parsing XDC File [c:/Users/jaxie963/Temp/cpre488-mp2/project_1/project_1.srcs/sources_1/bd/design_1/ip/design_1_axi_gpio_1_0/design_1_axi_gpio_1_0_board.xdc] for cell 'design_1_i/axi_gpio_1/U0'
Parsing XDC File [c:/Users/jaxie963/Temp/cpre488-mp2/project_1/project_1.srcs/sources_1/bd/design_1/ip/design_1_axi_gpio_1_0/design_1_axi_gpio_1_0.xdc] for cell 'design_1_i/axi_gpio_1/U0'
Finished Parsing XDC File [c:/Users/jaxie963/Temp/cpre488-mp2/project_1/project_1.srcs/sources_1/bd/design_1/ip/design_1_axi_gpio_1_0/design_1_axi_gpio_1_0.xdc] for cell 'design_1_i/axi_gpio_1/U0'
Parsing XDC File [c:/Users/jaxie963/Temp/cpre488-mp2/project_1/project_1.srcs/sources_1/bd/design_1/ip/design_1_v_proc_ss_0_3/bd_1/ip/ip_1/bd_71bb_psr_aclk_0_board.xdc] for cell 'design_1_i/v_proc_ss_0/U0/smartconnect_0/inst/clk_map/psr_aclk/U0'
Finished Parsing XDC File [c:/Users/jaxie963/Temp/cpre488-mp2/project_1/project_1.srcs/sources_1/bd/design_1/ip/design_1_v_proc_ss_0_3/bd_1/ip/ip_1/bd_71bb_psr_aclk_0_board.xdc] for cell 'design_1_i/v_proc_ss_0/U0/smartconnect_0/inst/clk_map/psr_aclk/U0'
Parsing XDC File [c:/Users/jaxie963/Temp/cpre488-mp2/project_1/project_1.srcs/sources_1/bd/design_1/ip/design_1_v_proc_ss_0_3/bd_1/ip/ip_1/bd_71bb_psr_aclk_0.xdc] for cell 'design_1_i/v_proc_ss_0/U0/smartconnect_0/inst/clk_map/psr_aclk/U0'
Finished Parsing XDC File [c:/Users/jaxie963/Temp/cpre488-mp2/project_1/project_1.srcs/sources_1/bd/design_1/ip/design_1_v_proc_ss_0_3/bd_1/ip/ip_1/bd_71bb_psr_aclk_0.xdc] for cell 'design_1_i/v_proc_ss_0/U0/smartconnect_0/inst/clk_map/psr_aclk/U0'
Parsing XDC File [c:/Users/jaxie963/Temp/cpre488-mp2/project_1/project_1.srcs/sources_1/bd/design_1/ip/design_1_v_proc_ss_0_3/bd_0/ip/ip_10/bd_d86b_reset_sel_axis_0_board.xdc] for cell 'design_1_i/v_proc_ss_0/U0/reset_sel_axis/U0'
Finished Parsing XDC File [c:/Users/jaxie963/Temp/cpre488-mp2/project_1/project_1.srcs/sources_1/bd/design_1/ip/design_1_v_proc_ss_0_3/bd_0/ip/ip_10/bd_d86b_reset_sel_axis_0_board.xdc] for cell 'design_1_i/v_proc_ss_0/U0/reset_sel_axis/U0'
Parsing XDC File [c:/Users/jaxie963/Temp/cpre488-mp2/project_1/project_1.srcs/sources_1/bd/design_1/ip/design_1_v_proc_ss_0_3/bd_0/ip/ip_10/bd_d86b_reset_sel_axis_0.xdc] for cell 'design_1_i/v_proc_ss_0/U0/reset_sel_axis/U0'
Finished Parsing XDC File [c:/Users/jaxie963/Temp/cpre488-mp2/project_1/project_1.srcs/sources_1/bd/design_1/ip/design_1_v_proc_ss_0_3/bd_0/ip/ip_10/bd_d86b_reset_sel_axis_0.xdc] for cell 'design_1_i/v_proc_ss_0/U0/reset_sel_axis/U0'
Parsing XDC File [c:/Users/jaxie963/Temp/cpre488-mp2/project_1/project_1.srcs/sources_1/bd/design_1/ip/design_1_v_proc_ss_0_3/bd_0/ip/ip_11/bd_d86b_rst_axis_0_board.xdc] for cell 'design_1_i/v_proc_ss_0/U0/rst_axis/U0'
Finished Parsing XDC File [c:/Users/jaxie963/Temp/cpre488-mp2/project_1/project_1.srcs/sources_1/bd/design_1/ip/design_1_v_proc_ss_0_3/bd_0/ip/ip_11/bd_d86b_rst_axis_0_board.xdc] for cell 'design_1_i/v_proc_ss_0/U0/rst_axis/U0'
Parsing XDC File [c:/Users/jaxie963/Temp/cpre488-mp2/project_1/project_1.srcs/sources_1/bd/design_1/ip/design_1_v_proc_ss_0_3/bd_0/ip/ip_11/bd_d86b_rst_axis_0.xdc] for cell 'design_1_i/v_proc_ss_0/U0/rst_axis/U0'
Finished Parsing XDC File [c:/Users/jaxie963/Temp/cpre488-mp2/project_1/project_1.srcs/sources_1/bd/design_1/ip/design_1_v_proc_ss_0_3/bd_0/ip/ip_11/bd_d86b_rst_axis_0.xdc] for cell 'design_1_i/v_proc_ss_0/U0/rst_axis/U0'
Parsing XDC File [c:/Users/jaxie963/Temp/cpre488-mp2/project_1/project_1.srcs/sources_1/bd/design_1/ip/design_1_v_proc_ss_2_1/bd_1/ip/ip_1/bd_bc83_psr_aclk_0_board.xdc] for cell 'design_1_i/v_proc_ss_2/U0/smartconnect_0/inst/clk_map/psr_aclk/U0'
Finished Parsing XDC File [c:/Users/jaxie963/Temp/cpre488-mp2/project_1/project_1.srcs/sources_1/bd/design_1/ip/design_1_v_proc_ss_2_1/bd_1/ip/ip_1/bd_bc83_psr_aclk_0_board.xdc] for cell 'design_1_i/v_proc_ss_2/U0/smartconnect_0/inst/clk_map/psr_aclk/U0'
Parsing XDC File [c:/Users/jaxie963/Temp/cpre488-mp2/project_1/project_1.srcs/sources_1/bd/design_1/ip/design_1_v_proc_ss_2_1/bd_1/ip/ip_1/bd_bc83_psr_aclk_0.xdc] for cell 'design_1_i/v_proc_ss_2/U0/smartconnect_0/inst/clk_map/psr_aclk/U0'
Finished Parsing XDC File [c:/Users/jaxie963/Temp/cpre488-mp2/project_1/project_1.srcs/sources_1/bd/design_1/ip/design_1_v_proc_ss_2_1/bd_1/ip/ip_1/bd_bc83_psr_aclk_0.xdc] for cell 'design_1_i/v_proc_ss_2/U0/smartconnect_0/inst/clk_map/psr_aclk/U0'
Parsing XDC File [c:/Users/jaxie963/Temp/cpre488-mp2/project_1/project_1.srcs/sources_1/bd/design_1/ip/design_1_v_proc_ss_2_1/bd_0/ip/ip_10/bd_d94b_reset_sel_axis_0_board.xdc] for cell 'design_1_i/v_proc_ss_2/U0/reset_sel_axis/U0'
Finished Parsing XDC File [c:/Users/jaxie963/Temp/cpre488-mp2/project_1/project_1.srcs/sources_1/bd/design_1/ip/design_1_v_proc_ss_2_1/bd_0/ip/ip_10/bd_d94b_reset_sel_axis_0_board.xdc] for cell 'design_1_i/v_proc_ss_2/U0/reset_sel_axis/U0'
Parsing XDC File [c:/Users/jaxie963/Temp/cpre488-mp2/project_1/project_1.srcs/sources_1/bd/design_1/ip/design_1_v_proc_ss_2_1/bd_0/ip/ip_10/bd_d94b_reset_sel_axis_0.xdc] for cell 'design_1_i/v_proc_ss_2/U0/reset_sel_axis/U0'
Finished Parsing XDC File [c:/Users/jaxie963/Temp/cpre488-mp2/project_1/project_1.srcs/sources_1/bd/design_1/ip/design_1_v_proc_ss_2_1/bd_0/ip/ip_10/bd_d94b_reset_sel_axis_0.xdc] for cell 'design_1_i/v_proc_ss_2/U0/reset_sel_axis/U0'
Parsing XDC File [c:/Users/jaxie963/Temp/cpre488-mp2/project_1/project_1.srcs/sources_1/bd/design_1/ip/design_1_v_proc_ss_2_1/bd_0/ip/ip_11/bd_d94b_rst_axis_0_board.xdc] for cell 'design_1_i/v_proc_ss_2/U0/rst_axis/U0'
Finished Parsing XDC File [c:/Users/jaxie963/Temp/cpre488-mp2/project_1/project_1.srcs/sources_1/bd/design_1/ip/design_1_v_proc_ss_2_1/bd_0/ip/ip_11/bd_d94b_rst_axis_0_board.xdc] for cell 'design_1_i/v_proc_ss_2/U0/rst_axis/U0'
Parsing XDC File [c:/Users/jaxie963/Temp/cpre488-mp2/project_1/project_1.srcs/sources_1/bd/design_1/ip/design_1_v_proc_ss_2_1/bd_0/ip/ip_11/bd_d94b_rst_axis_0.xdc] for cell 'design_1_i/v_proc_ss_2/U0/rst_axis/U0'
Finished Parsing XDC File [c:/Users/jaxie963/Temp/cpre488-mp2/project_1/project_1.srcs/sources_1/bd/design_1/ip/design_1_v_proc_ss_2_1/bd_0/ip/ip_11/bd_d94b_rst_axis_0.xdc] for cell 'design_1_i/v_proc_ss_2/U0/rst_axis/U0'
Parsing XDC File [C:/Users/jaxie963/Temp/cpre488-mp2/project_1/project_1.srcs/constrs_1/imports/fmc_imageon_gs/zedboard_fmc_imageon_gs.xdc]
CRITICAL WARNING: [Constraints 18-1055] Clock 'video_clk' completely overrides clock 'fmc_imageon_vclk', which is referenced by one or more other constraints. Any constraints that refer to the overridden clock will be ignored.
New: create_clock -period 6.734 -name video_clk [get_ports fmc_imageon_vclk], [C:/Users/jaxie963/Temp/cpre488-mp2/project_1/project_1.srcs/constrs_1/imports/fmc_imageon_gs/zedboard_fmc_imageon_gs.xdc:151]
Previous: create_clock -period 6.734 [get_ports fmc_imageon_vclk], [c:/Users/jaxie963/Temp/cpre488-mp2/project_1/project_1.srcs/sources_1/bd/design_1/ip/design_1_clk_wiz_0_0/design_1_clk_wiz_0_0.xdc:56]
Resolution: Review the constraint files and remove the redundant clock definition(s). If the clock constraints are not saved in a file, you can first save the constraints to an XDC file and reload the design once the constraints have been corrected.
Finished Parsing XDC File [C:/Users/jaxie963/Temp/cpre488-mp2/project_1/project_1.srcs/constrs_1/imports/fmc_imageon_gs/zedboard_fmc_imageon_gs.xdc]
Parsing XDC File [c:/Users/jaxie963/Temp/cpre488-mp2/project_1/project_1.srcs/sources_1/bd/design_1/ip/design_1_axi_vdma_0_0/design_1_axi_vdma_0_0_clocks.xdc] for cell 'design_1_i/axi_vdma_0/U0'
Finished Parsing XDC File [c:/Users/jaxie963/Temp/cpre488-mp2/project_1/project_1.srcs/sources_1/bd/design_1/ip/design_1_axi_vdma_0_0/design_1_axi_vdma_0_0_clocks.xdc] for cell 'design_1_i/axi_vdma_0/U0'
Parsing XDC File [c:/Users/jaxie963/Temp/cpre488-mp2/project_1/project_1.srcs/sources_1/bd/design_1/ip/design_1_v_axi4s_vid_out_0_0/design_1_v_axi4s_vid_out_0_0_clocks.xdc] for cell 'design_1_i/v_axi4s_vid_out_0/inst'
Finished Parsing XDC File [c:/Users/jaxie963/Temp/cpre488-mp2/project_1/project_1.srcs/sources_1/bd/design_1/ip/design_1_v_axi4s_vid_out_0_0/design_1_v_axi4s_vid_out_0_0_clocks.xdc] for cell 'design_1_i/v_axi4s_vid_out_0/inst'
Parsing XDC File [c:/Users/jaxie963/Temp/cpre488-mp2/project_1/project_1.srcs/sources_1/bd/design_1/ip/design_1_v_tc_0_0/design_1_v_tc_0_0_clocks.xdc] for cell 'design_1_i/v_tc_0/U0'
INFO: [Timing 38-2] Deriving generated clocks [c:/Users/jaxie963/Temp/cpre488-mp2/project_1/project_1.srcs/sources_1/bd/design_1/ip/design_1_v_tc_0_0/design_1_v_tc_0_0_clocks.xdc:2]
Finished Parsing XDC File [c:/Users/jaxie963/Temp/cpre488-mp2/project_1/project_1.srcs/sources_1/bd/design_1/ip/design_1_v_tc_0_0/design_1_v_tc_0_0_clocks.xdc] for cell 'design_1_i/v_tc_0/U0'
Parsing XDC File [c:/Users/jaxie963/Temp/cpre488-mp2/project_1/project_1.srcs/sources_1/bd/design_1/ip/design_1_v_vid_in_axi4s_0_0/design_1_v_vid_in_axi4s_0_0_clocks.xdc] for cell 'design_1_i/v_vid_in_axi4s_0/inst'
Finished Parsing XDC File [c:/Users/jaxie963/Temp/cpre488-mp2/project_1/project_1.srcs/sources_1/bd/design_1/ip/design_1_v_vid_in_axi4s_0_0/design_1_v_vid_in_axi4s_0_0_clocks.xdc] for cell 'design_1_i/v_vid_in_axi4s_0/inst'
Parsing XDC File [c:/Users/jaxie963/Temp/cpre488-mp2/project_1/project_1.srcs/sources_1/bd/design_1/ip/design_1_v_demosaic_0_0/design_1_v_demosaic_0_0.xdc] for cell 'design_1_i/v_demosaic_0/inst'
Finished Parsing XDC File [c:/Users/jaxie963/Temp/cpre488-mp2/project_1/project_1.srcs/sources_1/bd/design_1/ip/design_1_v_demosaic_0_0/design_1_v_demosaic_0_0.xdc] for cell 'design_1_i/v_demosaic_0/inst'
Parsing XDC File [c:/Users/jaxie963/Temp/cpre488-mp2/project_1/project_1.srcs/sources_1/bd/design_1/ip/design_1_v_proc_ss_0_3/bd_0/ip/ip_1/bd_d86b_vsc_0.xdc] for cell 'design_1_i/v_proc_ss_0/U0/vsc/inst'
Finished Parsing XDC File [c:/Users/jaxie963/Temp/cpre488-mp2/project_1/project_1.srcs/sources_1/bd/design_1/ip/design_1_v_proc_ss_0_3/bd_0/ip/ip_1/bd_d86b_vsc_0.xdc] for cell 'design_1_i/v_proc_ss_0/U0/vsc/inst'
Parsing XDC File [c:/Users/jaxie963/Temp/cpre488-mp2/project_1/project_1.srcs/sources_1/bd/design_1/ip/design_1_v_proc_ss_0_3/bd_0/ip/ip_2/bd_d86b_hsc_0.xdc] for cell 'design_1_i/v_proc_ss_0/U0/hsc/inst'
Finished Parsing XDC File [c:/Users/jaxie963/Temp/cpre488-mp2/project_1/project_1.srcs/sources_1/bd/design_1/ip/design_1_v_proc_ss_0_3/bd_0/ip/ip_2/bd_d86b_hsc_0.xdc] for cell 'design_1_i/v_proc_ss_0/U0/hsc/inst'
Parsing XDC File [c:/Users/jaxie963/Temp/cpre488-mp2/project_1/project_1.srcs/sources_1/bd/design_1/ip/design_1_v_proc_ss_0_3/bd_0/ip/ip_4/bd_d86b_ltr_0.xdc] for cell 'design_1_i/v_proc_ss_0/U0/ltr/inst'
Finished Parsing XDC File [c:/Users/jaxie963/Temp/cpre488-mp2/project_1/project_1.srcs/sources_1/bd/design_1/ip/design_1_v_proc_ss_0_3/bd_0/ip/ip_4/bd_d86b_ltr_0.xdc] for cell 'design_1_i/v_proc_ss_0/U0/ltr/inst'
Parsing XDC File [c:/Users/jaxie963/Temp/cpre488-mp2/project_1/project_1.srcs/sources_1/bd/design_1/ip/design_1_v_proc_ss_0_3/bd_0/ip/ip_5/bd_d86b_csc_0.xdc] for cell 'design_1_i/v_proc_ss_0/U0/csc/inst'
Finished Parsing XDC File [c:/Users/jaxie963/Temp/cpre488-mp2/project_1/project_1.srcs/sources_1/bd/design_1/ip/design_1_v_proc_ss_0_3/bd_0/ip/ip_5/bd_d86b_csc_0.xdc] for cell 'design_1_i/v_proc_ss_0/U0/csc/inst'
Parsing XDC File [c:/Users/jaxie963/Temp/cpre488-mp2/project_1/project_1.srcs/sources_1/bd/design_1/ip/design_1_v_proc_ss_0_3/bd_0/ip/ip_12/bd_d86b_m00_regslice_0_clocks.xdc] for cell 'design_1_i/v_proc_ss_0/U0/video_router/m00_couplers/m00_regslice/inst'
Finished Parsing XDC File [c:/Users/jaxie963/Temp/cpre488-mp2/project_1/project_1.srcs/sources_1/bd/design_1/ip/design_1_v_proc_ss_0_3/bd_0/ip/ip_12/bd_d86b_m00_regslice_0_clocks.xdc] for cell 'design_1_i/v_proc_ss_0/U0/video_router/m00_couplers/m00_regslice/inst'
Parsing XDC File [c:/Users/jaxie963/Temp/cpre488-mp2/project_1/project_1.srcs/sources_1/bd/design_1/ip/design_1_v_proc_ss_0_3/bd_0/ip/ip_13/bd_d86b_m01_regslice_0_clocks.xdc] for cell 'design_1_i/v_proc_ss_0/U0/video_router/m01_couplers/m01_regslice/inst'
Finished Parsing XDC File [c:/Users/jaxie963/Temp/cpre488-mp2/project_1/project_1.srcs/sources_1/bd/design_1/ip/design_1_v_proc_ss_0_3/bd_0/ip/ip_13/bd_d86b_m01_regslice_0_clocks.xdc] for cell 'design_1_i/v_proc_ss_0/U0/video_router/m01_couplers/m01_regslice/inst'
Parsing XDC File [c:/Users/jaxie963/Temp/cpre488-mp2/project_1/project_1.srcs/sources_1/bd/design_1/ip/design_1_v_proc_ss_0_3/bd_0/ip/ip_14/bd_d86b_m02_regslice_0_clocks.xdc] for cell 'design_1_i/v_proc_ss_0/U0/video_router/m02_couplers/m02_regslice/inst'
Finished Parsing XDC File [c:/Users/jaxie963/Temp/cpre488-mp2/project_1/project_1.srcs/sources_1/bd/design_1/ip/design_1_v_proc_ss_0_3/bd_0/ip/ip_14/bd_d86b_m02_regslice_0_clocks.xdc] for cell 'design_1_i/v_proc_ss_0/U0/video_router/m02_couplers/m02_regslice/inst'
Parsing XDC File [c:/Users/jaxie963/Temp/cpre488-mp2/project_1/project_1.srcs/sources_1/bd/design_1/ip/design_1_v_proc_ss_0_3/bd_0/ip/ip_15/bd_d86b_m04_regslice_0_clocks.xdc] for cell 'design_1_i/v_proc_ss_0/U0/video_router/m04_couplers/m04_regslice/inst'
Finished Parsing XDC File [c:/Users/jaxie963/Temp/cpre488-mp2/project_1/project_1.srcs/sources_1/bd/design_1/ip/design_1_v_proc_ss_0_3/bd_0/ip/ip_15/bd_d86b_m04_regslice_0_clocks.xdc] for cell 'design_1_i/v_proc_ss_0/U0/video_router/m04_couplers/m04_regslice/inst'
Parsing XDC File [c:/Users/jaxie963/Temp/cpre488-mp2/project_1/project_1.srcs/sources_1/bd/design_1/ip/design_1_v_proc_ss_0_3/bd_0/ip/ip_16/bd_d86b_m05_regslice_0_clocks.xdc] for cell 'design_1_i/v_proc_ss_0/U0/video_router/m05_couplers/m05_regslice/inst'
Finished Parsing XDC File [c:/Users/jaxie963/Temp/cpre488-mp2/project_1/project_1.srcs/sources_1/bd/design_1/ip/design_1_v_proc_ss_0_3/bd_0/ip/ip_16/bd_d86b_m05_regslice_0_clocks.xdc] for cell 'design_1_i/v_proc_ss_0/U0/video_router/m05_couplers/m05_regslice/inst'
Parsing XDC File [c:/Users/jaxie963/Temp/cpre488-mp2/project_1/project_1.srcs/sources_1/bd/design_1/ip/design_1_v_proc_ss_0_3/bd_0/ip/ip_17/bd_d86b_m06_regslice_0_clocks.xdc] for cell 'design_1_i/v_proc_ss_0/U0/video_router/m06_couplers/m06_regslice/inst'
Finished Parsing XDC File [c:/Users/jaxie963/Temp/cpre488-mp2/project_1/project_1.srcs/sources_1/bd/design_1/ip/design_1_v_proc_ss_0_3/bd_0/ip/ip_17/bd_d86b_m06_regslice_0_clocks.xdc] for cell 'design_1_i/v_proc_ss_0/U0/video_router/m06_couplers/m06_regslice/inst'
Parsing XDC File [c:/Users/jaxie963/Temp/cpre488-mp2/project_1/project_1.srcs/sources_1/bd/design_1/ip/design_1_v_proc_ss_0_3/bd_0/ip/ip_18/bd_d86b_m07_regslice_0_clocks.xdc] for cell 'design_1_i/v_proc_ss_0/U0/video_router/m07_couplers/m07_regslice/inst'
Finished Parsing XDC File [c:/Users/jaxie963/Temp/cpre488-mp2/project_1/project_1.srcs/sources_1/bd/design_1/ip/design_1_v_proc_ss_0_3/bd_0/ip/ip_18/bd_d86b_m07_regslice_0_clocks.xdc] for cell 'design_1_i/v_proc_ss_0/U0/video_router/m07_couplers/m07_regslice/inst'
Parsing XDC File [c:/Users/jaxie963/Temp/cpre488-mp2/project_1/project_1.srcs/sources_1/bd/design_1/ip/design_1_v_proc_ss_0_3/bd_0/ip/ip_19/bd_d86b_m08_regslice_0_clocks.xdc] for cell 'design_1_i/v_proc_ss_0/U0/video_router/m08_couplers/m08_regslice/inst'
Finished Parsing XDC File [c:/Users/jaxie963/Temp/cpre488-mp2/project_1/project_1.srcs/sources_1/bd/design_1/ip/design_1_v_proc_ss_0_3/bd_0/ip/ip_19/bd_d86b_m08_regslice_0_clocks.xdc] for cell 'design_1_i/v_proc_ss_0/U0/video_router/m08_couplers/m08_regslice/inst'
Parsing XDC File [c:/Users/jaxie963/Temp/cpre488-mp2/project_1/project_1.srcs/sources_1/bd/design_1/ip/design_1_v_proc_ss_1_1/bd_0/ip/ip_0/bd_d9bb_hcr_0.xdc] for cell 'design_1_i/v_proc_ss_1/U0/hcr/inst'
Finished Parsing XDC File [c:/Users/jaxie963/Temp/cpre488-mp2/project_1/project_1.srcs/sources_1/bd/design_1/ip/design_1_v_proc_ss_1_1/bd_0/ip/ip_0/bd_d9bb_hcr_0.xdc] for cell 'design_1_i/v_proc_ss_1/U0/hcr/inst'
Parsing XDC File [c:/Users/jaxie963/Temp/cpre488-mp2/project_1/project_1.srcs/sources_1/bd/design_1/ip/design_1_v_proc_ss_2_1/bd_0/ip/ip_1/bd_d94b_vsc_0.xdc] for cell 'design_1_i/v_proc_ss_2/U0/vsc/inst'
Finished Parsing XDC File [c:/Users/jaxie963/Temp/cpre488-mp2/project_1/project_1.srcs/sources_1/bd/design_1/ip/design_1_v_proc_ss_2_1/bd_0/ip/ip_1/bd_d94b_vsc_0.xdc] for cell 'design_1_i/v_proc_ss_2/U0/vsc/inst'
Parsing XDC File [c:/Users/jaxie963/Temp/cpre488-mp2/project_1/project_1.srcs/sources_1/bd/design_1/ip/design_1_v_proc_ss_2_1/bd_0/ip/ip_2/bd_d94b_hsc_0.xdc] for cell 'design_1_i/v_proc_ss_2/U0/hsc/inst'
Finished Parsing XDC File [c:/Users/jaxie963/Temp/cpre488-mp2/project_1/project_1.srcs/sources_1/bd/design_1/ip/design_1_v_proc_ss_2_1/bd_0/ip/ip_2/bd_d94b_hsc_0.xdc] for cell 'design_1_i/v_proc_ss_2/U0/hsc/inst'
Parsing XDC File [c:/Users/jaxie963/Temp/cpre488-mp2/project_1/project_1.srcs/sources_1/bd/design_1/ip/design_1_v_proc_ss_2_1/bd_0/ip/ip_4/bd_d94b_ltr_0.xdc] for cell 'design_1_i/v_proc_ss_2/U0/ltr/inst'
Finished Parsing XDC File [c:/Users/jaxie963/Temp/cpre488-mp2/project_1/project_1.srcs/sources_1/bd/design_1/ip/design_1_v_proc_ss_2_1/bd_0/ip/ip_4/bd_d94b_ltr_0.xdc] for cell 'design_1_i/v_proc_ss_2/U0/ltr/inst'
Parsing XDC File [c:/Users/jaxie963/Temp/cpre488-mp2/project_1/project_1.srcs/sources_1/bd/design_1/ip/design_1_v_proc_ss_2_1/bd_0/ip/ip_5/bd_d94b_csc_0.xdc] for cell 'design_1_i/v_proc_ss_2/U0/csc/inst'
Finished Parsing XDC File [c:/Users/jaxie963/Temp/cpre488-mp2/project_1/project_1.srcs/sources_1/bd/design_1/ip/design_1_v_proc_ss_2_1/bd_0/ip/ip_5/bd_d94b_csc_0.xdc] for cell 'design_1_i/v_proc_ss_2/U0/csc/inst'
Parsing XDC File [c:/Users/jaxie963/Temp/cpre488-mp2/project_1/project_1.srcs/sources_1/bd/design_1/ip/design_1_v_proc_ss_2_1/bd_0/ip/ip_12/bd_d94b_m00_regslice_0_clocks.xdc] for cell 'design_1_i/v_proc_ss_2/U0/video_router/m00_couplers/m00_regslice/inst'
Finished Parsing XDC File [c:/Users/jaxie963/Temp/cpre488-mp2/project_1/project_1.srcs/sources_1/bd/design_1/ip/design_1_v_proc_ss_2_1/bd_0/ip/ip_12/bd_d94b_m00_regslice_0_clocks.xdc] for cell 'design_1_i/v_proc_ss_2/U0/video_router/m00_couplers/m00_regslice/inst'
Parsing XDC File [c:/Users/jaxie963/Temp/cpre488-mp2/project_1/project_1.srcs/sources_1/bd/design_1/ip/design_1_v_proc_ss_2_1/bd_0/ip/ip_13/bd_d94b_m01_regslice_0_clocks.xdc] for cell 'design_1_i/v_proc_ss_2/U0/video_router/m01_couplers/m01_regslice/inst'
Finished Parsing XDC File [c:/Users/jaxie963/Temp/cpre488-mp2/project_1/project_1.srcs/sources_1/bd/design_1/ip/design_1_v_proc_ss_2_1/bd_0/ip/ip_13/bd_d94b_m01_regslice_0_clocks.xdc] for cell 'design_1_i/v_proc_ss_2/U0/video_router/m01_couplers/m01_regslice/inst'
Parsing XDC File [c:/Users/jaxie963/Temp/cpre488-mp2/project_1/project_1.srcs/sources_1/bd/design_1/ip/design_1_v_proc_ss_2_1/bd_0/ip/ip_14/bd_d94b_m02_regslice_0_clocks.xdc] for cell 'design_1_i/v_proc_ss_2/U0/video_router/m02_couplers/m02_regslice/inst'
Finished Parsing XDC File [c:/Users/jaxie963/Temp/cpre488-mp2/project_1/project_1.srcs/sources_1/bd/design_1/ip/design_1_v_proc_ss_2_1/bd_0/ip/ip_14/bd_d94b_m02_regslice_0_clocks.xdc] for cell 'design_1_i/v_proc_ss_2/U0/video_router/m02_couplers/m02_regslice/inst'
Parsing XDC File [c:/Users/jaxie963/Temp/cpre488-mp2/project_1/project_1.srcs/sources_1/bd/design_1/ip/design_1_v_proc_ss_2_1/bd_0/ip/ip_15/bd_d94b_m04_regslice_0_clocks.xdc] for cell 'design_1_i/v_proc_ss_2/U0/video_router/m04_couplers/m04_regslice/inst'
Finished Parsing XDC File [c:/Users/jaxie963/Temp/cpre488-mp2/project_1/project_1.srcs/sources_1/bd/design_1/ip/design_1_v_proc_ss_2_1/bd_0/ip/ip_15/bd_d94b_m04_regslice_0_clocks.xdc] for cell 'design_1_i/v_proc_ss_2/U0/video_router/m04_couplers/m04_regslice/inst'
Parsing XDC File [c:/Users/jaxie963/Temp/cpre488-mp2/project_1/project_1.srcs/sources_1/bd/design_1/ip/design_1_v_proc_ss_2_1/bd_0/ip/ip_16/bd_d94b_m05_regslice_0_clocks.xdc] for cell 'design_1_i/v_proc_ss_2/U0/video_router/m05_couplers/m05_regslice/inst'
Finished Parsing XDC File [c:/Users/jaxie963/Temp/cpre488-mp2/project_1/project_1.srcs/sources_1/bd/design_1/ip/design_1_v_proc_ss_2_1/bd_0/ip/ip_16/bd_d94b_m05_regslice_0_clocks.xdc] for cell 'design_1_i/v_proc_ss_2/U0/video_router/m05_couplers/m05_regslice/inst'
Parsing XDC File [c:/Users/jaxie963/Temp/cpre488-mp2/project_1/project_1.srcs/sources_1/bd/design_1/ip/design_1_v_proc_ss_2_1/bd_0/ip/ip_17/bd_d94b_m06_regslice_0_clocks.xdc] for cell 'design_1_i/v_proc_ss_2/U0/video_router/m06_couplers/m06_regslice/inst'
Finished Parsing XDC File [c:/Users/jaxie963/Temp/cpre488-mp2/project_1/project_1.srcs/sources_1/bd/design_1/ip/design_1_v_proc_ss_2_1/bd_0/ip/ip_17/bd_d94b_m06_regslice_0_clocks.xdc] for cell 'design_1_i/v_proc_ss_2/U0/video_router/m06_couplers/m06_regslice/inst'
Parsing XDC File [c:/Users/jaxie963/Temp/cpre488-mp2/project_1/project_1.srcs/sources_1/bd/design_1/ip/design_1_v_proc_ss_2_1/bd_0/ip/ip_18/bd_d94b_m07_regslice_0_clocks.xdc] for cell 'design_1_i/v_proc_ss_2/U0/video_router/m07_couplers/m07_regslice/inst'
Finished Parsing XDC File [c:/Users/jaxie963/Temp/cpre488-mp2/project_1/project_1.srcs/sources_1/bd/design_1/ip/design_1_v_proc_ss_2_1/bd_0/ip/ip_18/bd_d94b_m07_regslice_0_clocks.xdc] for cell 'design_1_i/v_proc_ss_2/U0/video_router/m07_couplers/m07_regslice/inst'
Parsing XDC File [c:/Users/jaxie963/Temp/cpre488-mp2/project_1/project_1.srcs/sources_1/bd/design_1/ip/design_1_v_proc_ss_2_1/bd_0/ip/ip_19/bd_d94b_m08_regslice_0_clocks.xdc] for cell 'design_1_i/v_proc_ss_2/U0/video_router/m08_couplers/m08_regslice/inst'
Finished Parsing XDC File [c:/Users/jaxie963/Temp/cpre488-mp2/project_1/project_1.srcs/sources_1/bd/design_1/ip/design_1_v_proc_ss_2_1/bd_0/ip/ip_19/bd_d94b_m08_regslice_0_clocks.xdc] for cell 'design_1_i/v_proc_ss_2/U0/video_router/m08_couplers/m08_regslice/inst'
Parsing XDC File [c:/Users/jaxie963/Temp/cpre488-mp2/project_1/project_1.srcs/sources_1/bd/design_1/ip/design_1_auto_cc_0/design_1_auto_cc_0_clocks.xdc] for cell 'design_1_i/ps7_0_axi_periph/m01_couplers/auto_cc/inst'
WARNING: [Vivado_Tcl 4-921] Waiver ID 'CDC-10' -to list should not be empty. [c:/Users/jaxie963/Temp/cpre488-mp2/project_1/project_1.srcs/sources_1/bd/design_1/ip/design_1_auto_cc_0/design_1_auto_cc_0_clocks.xdc:7]
WARNING: [Vivado_Tcl 4-921] Waiver ID 'CDC-11' -to list should not be empty. [c:/Users/jaxie963/Temp/cpre488-mp2/project_1/project_1.srcs/sources_1/bd/design_1/ip/design_1_auto_cc_0/design_1_auto_cc_0_clocks.xdc:10]
WARNING: [Vivado_Tcl 4-921] Waiver ID 'CDC-15' -to list should not be empty. [c:/Users/jaxie963/Temp/cpre488-mp2/project_1/project_1.srcs/sources_1/bd/design_1/ip/design_1_auto_cc_0/design_1_auto_cc_0_clocks.xdc:13]
WARNING: [Vivado 12-180] No cells matched '*gen_clock_conv.gen_async_conv.asyncfifo_axi*'. [c:/Users/jaxie963/Temp/cpre488-mp2/project_1/project_1.srcs/sources_1/bd/design_1/ip/design_1_auto_cc_0/design_1_auto_cc_0_clocks.xdc:17]
WARNING: [Vivado 12-508] No pins matched 'get_pins -hierarchical * -filter {(NAME=~*gen_clock_conv.gen_async_conv.asyncfifo_axi/inst_fifo_gen/gaxi_full_lite.g*_ch.g*ch2.axi_*/grf.rf/rstblk/ngwrdrst.grst.g7serrst.gnsckt_wrst.gic_rst.rst_rd_reg2_inst/arststages_ff_reg*/PRE) || (NAME=~*gen_clock_conv.gen_async_conv.asyncfifo_axi/inst_fifo_gen/gaxi_full_lite.g*_ch.g*ch2.axi_*/grf.rf/rstblk/ngwrdrst.grst.g7serrst.gnsckt_wrst.rst_wr_reg2_inst/arststages_ff_reg*/PRE)}'. [c:/Users/jaxie963/Temp/cpre488-mp2/project_1/project_1.srcs/sources_1/bd/design_1/ip/design_1_auto_cc_0/design_1_auto_cc_0_clocks.xdc:17]
WARNING: [Vivado_Tcl 4-939] Waiver ID 'LUTAR-1' object list should not be empty (perhaps an invalid wildcard was used or only unsupported objects). [c:/Users/jaxie963/Temp/cpre488-mp2/project_1/project_1.srcs/sources_1/bd/design_1/ip/design_1_auto_cc_0/design_1_auto_cc_0_clocks.xdc:17]
Finished Parsing XDC File [c:/Users/jaxie963/Temp/cpre488-mp2/project_1/project_1.srcs/sources_1/bd/design_1/ip/design_1_auto_cc_0/design_1_auto_cc_0_clocks.xdc] for cell 'design_1_i/ps7_0_axi_periph/m01_couplers/auto_cc/inst'
Parsing XDC File [c:/Users/jaxie963/Temp/cpre488-mp2/project_1/project_1.srcs/sources_1/bd/design_1/ip/design_1_auto_cc_1/design_1_auto_cc_1_clocks.xdc] for cell 'design_1_i/ps7_0_axi_periph/m07_couplers/auto_cc/inst'
WARNING: [Vivado_Tcl 4-921] Waiver ID 'CDC-10' -to list should not be empty. [c:/Users/jaxie963/Temp/cpre488-mp2/project_1/project_1.srcs/sources_1/bd/design_1/ip/design_1_auto_cc_1/design_1_auto_cc_1_clocks.xdc:7]
WARNING: [Vivado_Tcl 4-921] Waiver ID 'CDC-11' -to list should not be empty. [c:/Users/jaxie963/Temp/cpre488-mp2/project_1/project_1.srcs/sources_1/bd/design_1/ip/design_1_auto_cc_1/design_1_auto_cc_1_clocks.xdc:10]
WARNING: [Vivado_Tcl 4-921] Waiver ID 'CDC-15' -to list should not be empty. [c:/Users/jaxie963/Temp/cpre488-mp2/project_1/project_1.srcs/sources_1/bd/design_1/ip/design_1_auto_cc_1/design_1_auto_cc_1_clocks.xdc:13]
WARNING: [Vivado 12-180] No cells matched '*gen_clock_conv.gen_async_conv.asyncfifo_axi*'. [c:/Users/jaxie963/Temp/cpre488-mp2/project_1/project_1.srcs/sources_1/bd/design_1/ip/design_1_auto_cc_1/design_1_auto_cc_1_clocks.xdc:17]
WARNING: [Vivado 12-508] No pins matched 'get_pins -hierarchical * -filter {(NAME=~*gen_clock_conv.gen_async_conv.asyncfifo_axi/inst_fifo_gen/gaxi_full_lite.g*_ch.g*ch2.axi_*/grf.rf/rstblk/ngwrdrst.grst.g7serrst.gnsckt_wrst.gic_rst.rst_rd_reg2_inst/arststages_ff_reg*/PRE) || (NAME=~*gen_clock_conv.gen_async_conv.asyncfifo_axi/inst_fifo_gen/gaxi_full_lite.g*_ch.g*ch2.axi_*/grf.rf/rstblk/ngwrdrst.grst.g7serrst.gnsckt_wrst.rst_wr_reg2_inst/arststages_ff_reg*/PRE)}'. [c:/Users/jaxie963/Temp/cpre488-mp2/project_1/project_1.srcs/sources_1/bd/design_1/ip/design_1_auto_cc_1/design_1_auto_cc_1_clocks.xdc:17]
WARNING: [Vivado_Tcl 4-939] Waiver ID 'LUTAR-1' object list should not be empty (perhaps an invalid wildcard was used or only unsupported objects). [c:/Users/jaxie963/Temp/cpre488-mp2/project_1/project_1.srcs/sources_1/bd/design_1/ip/design_1_auto_cc_1/design_1_auto_cc_1_clocks.xdc:17]
Finished Parsing XDC File [c:/Users/jaxie963/Temp/cpre488-mp2/project_1/project_1.srcs/sources_1/bd/design_1/ip/design_1_auto_cc_1/design_1_auto_cc_1_clocks.xdc] for cell 'design_1_i/ps7_0_axi_periph/m07_couplers/auto_cc/inst'
Parsing XDC File [c:/Users/jaxie963/Temp/cpre488-mp2/project_1/project_1.srcs/sources_1/bd/design_1/ip/design_1_auto_cc_2/design_1_auto_cc_2_clocks.xdc] for cell 'design_1_i/ps7_0_axi_periph/m08_couplers/auto_cc/inst'
WARNING: [Vivado_Tcl 4-921] Waiver ID 'CDC-10' -to list should not be empty. [c:/Users/jaxie963/Temp/cpre488-mp2/project_1/project_1.srcs/sources_1/bd/design_1/ip/design_1_auto_cc_2/design_1_auto_cc_2_clocks.xdc:7]
WARNING: [Vivado_Tcl 4-921] Waiver ID 'CDC-11' -to list should not be empty. [c:/Users/jaxie963/Temp/cpre488-mp2/project_1/project_1.srcs/sources_1/bd/design_1/ip/design_1_auto_cc_2/design_1_auto_cc_2_clocks.xdc:10]
WARNING: [Vivado_Tcl 4-921] Waiver ID 'CDC-15' -to list should not be empty. [c:/Users/jaxie963/Temp/cpre488-mp2/project_1/project_1.srcs/sources_1/bd/design_1/ip/design_1_auto_cc_2/design_1_auto_cc_2_clocks.xdc:13]
WARNING: [Vivado 12-180] No cells matched '*gen_clock_conv.gen_async_conv.asyncfifo_axi*'. [c:/Users/jaxie963/Temp/cpre488-mp2/project_1/project_1.srcs/sources_1/bd/design_1/ip/design_1_auto_cc_2/design_1_auto_cc_2_clocks.xdc:17]
WARNING: [Vivado 12-508] No pins matched 'get_pins -hierarchical * -filter {(NAME=~*gen_clock_conv.gen_async_conv.asyncfifo_axi/inst_fifo_gen/gaxi_full_lite.g*_ch.g*ch2.axi_*/grf.rf/rstblk/ngwrdrst.grst.g7serrst.gnsckt_wrst.gic_rst.rst_rd_reg2_inst/arststages_ff_reg*/PRE) || (NAME=~*gen_clock_conv.gen_async_conv.asyncfifo_axi/inst_fifo_gen/gaxi_full_lite.g*_ch.g*ch2.axi_*/grf.rf/rstblk/ngwrdrst.grst.g7serrst.gnsckt_wrst.rst_wr_reg2_inst/arststages_ff_reg*/PRE)}'. [c:/Users/jaxie963/Temp/cpre488-mp2/project_1/project_1.srcs/sources_1/bd/design_1/ip/design_1_auto_cc_2/design_1_auto_cc_2_clocks.xdc:17]
WARNING: [Vivado_Tcl 4-939] Waiver ID 'LUTAR-1' object list should not be empty (perhaps an invalid wildcard was used or only unsupported objects). [c:/Users/jaxie963/Temp/cpre488-mp2/project_1/project_1.srcs/sources_1/bd/design_1/ip/design_1_auto_cc_2/design_1_auto_cc_2_clocks.xdc:17]
Finished Parsing XDC File [c:/Users/jaxie963/Temp/cpre488-mp2/project_1/project_1.srcs/sources_1/bd/design_1/ip/design_1_auto_cc_2/design_1_auto_cc_2_clocks.xdc] for cell 'design_1_i/ps7_0_axi_periph/m08_couplers/auto_cc/inst'
Parsing XDC File [c:/Users/jaxie963/Temp/cpre488-mp2/project_1/project_1.srcs/sources_1/bd/design_1/ip/design_1_auto_cc_3/design_1_auto_cc_3_clocks.xdc] for cell 'design_1_i/ps7_0_axi_periph/m11_couplers/auto_cc/inst'
WARNING: [Vivado_Tcl 4-921] Waiver ID 'CDC-10' -to list should not be empty. [c:/Users/jaxie963/Temp/cpre488-mp2/project_1/project_1.srcs/sources_1/bd/design_1/ip/design_1_auto_cc_3/design_1_auto_cc_3_clocks.xdc:7]
WARNING: [Vivado_Tcl 4-921] Waiver ID 'CDC-11' -to list should not be empty. [c:/Users/jaxie963/Temp/cpre488-mp2/project_1/project_1.srcs/sources_1/bd/design_1/ip/design_1_auto_cc_3/design_1_auto_cc_3_clocks.xdc:10]
WARNING: [Vivado_Tcl 4-921] Waiver ID 'CDC-15' -to list should not be empty. [c:/Users/jaxie963/Temp/cpre488-mp2/project_1/project_1.srcs/sources_1/bd/design_1/ip/design_1_auto_cc_3/design_1_auto_cc_3_clocks.xdc:13]
WARNING: [Vivado 12-180] No cells matched '*gen_clock_conv.gen_async_conv.asyncfifo_axi*'. [c:/Users/jaxie963/Temp/cpre488-mp2/project_1/project_1.srcs/sources_1/bd/design_1/ip/design_1_auto_cc_3/design_1_auto_cc_3_clocks.xdc:17]
WARNING: [Vivado 12-508] No pins matched 'get_pins -hierarchical * -filter {(NAME=~*gen_clock_conv.gen_async_conv.asyncfifo_axi/inst_fifo_gen/gaxi_full_lite.g*_ch.g*ch2.axi_*/grf.rf/rstblk/ngwrdrst.grst.g7serrst.gnsckt_wrst.gic_rst.rst_rd_reg2_inst/arststages_ff_reg*/PRE) || (NAME=~*gen_clock_conv.gen_async_conv.asyncfifo_axi/inst_fifo_gen/gaxi_full_lite.g*_ch.g*ch2.axi_*/grf.rf/rstblk/ngwrdrst.grst.g7serrst.gnsckt_wrst.rst_wr_reg2_inst/arststages_ff_reg*/PRE)}'. [c:/Users/jaxie963/Temp/cpre488-mp2/project_1/project_1.srcs/sources_1/bd/design_1/ip/design_1_auto_cc_3/design_1_auto_cc_3_clocks.xdc:17]
WARNING: [Vivado_Tcl 4-939] Waiver ID 'LUTAR-1' object list should not be empty (perhaps an invalid wildcard was used or only unsupported objects). [c:/Users/jaxie963/Temp/cpre488-mp2/project_1/project_1.srcs/sources_1/bd/design_1/ip/design_1_auto_cc_3/design_1_auto_cc_3_clocks.xdc:17]
Finished Parsing XDC File [c:/Users/jaxie963/Temp/cpre488-mp2/project_1/project_1.srcs/sources_1/bd/design_1/ip/design_1_auto_cc_3/design_1_auto_cc_3_clocks.xdc] for cell 'design_1_i/ps7_0_axi_periph/m11_couplers/auto_cc/inst'
Sourcing Tcl File [C:/Xilinx/Vivado/2020.1/data/ip/xpm/xpm_cdc/tcl/xpm_cdc_gray.tcl] for cell 'design_1_i/onsemi_vita_cam_0/U0/onsemi_vita_cam_v3_1_S00_AXI_inst/onsemi_vita_cam_core_inst/framestart2_regen_l/pulse_regen_l/gnuram_async_fifo.xpm_fifo_base_inst/gen_cdc_pntr.rd_pntr_cdc_inst'
Finished Sourcing Tcl File [C:/Xilinx/Vivado/2020.1/data/ip/xpm/xpm_cdc/tcl/xpm_cdc_gray.tcl] for cell 'design_1_i/onsemi_vita_cam_0/U0/onsemi_vita_cam_v3_1_S00_AXI_inst/onsemi_vita_cam_core_inst/framestart2_regen_l/pulse_regen_l/gnuram_async_fifo.xpm_fifo_base_inst/gen_cdc_pntr.rd_pntr_cdc_inst'
Sourcing Tcl File [C:/Xilinx/Vivado/2020.1/data/ip/xpm/xpm_cdc/tcl/xpm_cdc_gray.tcl] for cell 'design_1_i/onsemi_vita_cam_0/U0/onsemi_vita_cam_v3_1_S00_AXI_inst/onsemi_vita_cam_core_inst/framestart2_regen_l/pulse_regen_l/gnuram_async_fifo.xpm_fifo_base_inst/gen_cdc_pntr.wr_pntr_cdc_inst'
Finished Sourcing Tcl File [C:/Xilinx/Vivado/2020.1/data/ip/xpm/xpm_cdc/tcl/xpm_cdc_gray.tcl] for cell 'design_1_i/onsemi_vita_cam_0/U0/onsemi_vita_cam_v3_1_S00_AXI_inst/onsemi_vita_cam_core_inst/framestart2_regen_l/pulse_regen_l/gnuram_async_fifo.xpm_fifo_base_inst/gen_cdc_pntr.wr_pntr_cdc_inst'
Sourcing Tcl File [C:/Xilinx/Vivado/2020.1/data/ip/xpm/xpm_cdc/tcl/xpm_cdc_gray.tcl] for cell 'design_1_i/onsemi_vita_cam_0/U0/onsemi_vita_cam_v3_1_S00_AXI_inst/onsemi_vita_cam_core_inst/framestart2_regen_l/pulse_regen_l/gnuram_async_fifo.xpm_fifo_base_inst/gen_cdc_pntr.wr_pntr_cdc_dc_inst'
Finished Sourcing Tcl File [C:/Xilinx/Vivado/2020.1/data/ip/xpm/xpm_cdc/tcl/xpm_cdc_gray.tcl] for cell 'design_1_i/onsemi_vita_cam_0/U0/onsemi_vita_cam_v3_1_S00_AXI_inst/onsemi_vita_cam_core_inst/framestart2_regen_l/pulse_regen_l/gnuram_async_fifo.xpm_fifo_base_inst/gen_cdc_pntr.wr_pntr_cdc_dc_inst'
Sourcing Tcl File [C:/Xilinx/Vivado/2020.1/data/ip/xpm/xpm_cdc/tcl/xpm_cdc_gray.tcl] for cell 'design_1_i/onsemi_vita_cam_0/U0/onsemi_vita_cam_v3_1_S00_AXI_inst/onsemi_vita_cam_core_inst/framestart2_regen_l/pulse_regen_l/gnuram_async_fifo.xpm_fifo_base_inst/gen_cdc_pntr.rd_pntr_cdc_dc_inst'
Finished Sourcing Tcl File [C:/Xilinx/Vivado/2020.1/data/ip/xpm/xpm_cdc/tcl/xpm_cdc_gray.tcl] for cell 'design_1_i/onsemi_vita_cam_0/U0/onsemi_vita_cam_v3_1_S00_AXI_inst/onsemi_vita_cam_core_inst/framestart2_regen_l/pulse_regen_l/gnuram_async_fifo.xpm_fifo_base_inst/gen_cdc_pntr.rd_pntr_cdc_dc_inst'
Sourcing Tcl File [C:/Xilinx/Vivado/2020.1/data/ip/xpm/xpm_cdc/tcl/xpm_cdc_gray.tcl] for cell 'design_1_i/onsemi_vita_cam_0/U0/onsemi_vita_cam_v3_1_S00_AXI_inst/onsemi_vita_cam_core_inst/DEMUX_GEN.demux_fifo_l/afifo_64i_16o_l/gnuram_async_fifo.xpm_fifo_base_inst/gen_cdc_pntr.wr_pntr_cdc_inst'
Finished Sourcing Tcl File [C:/Xilinx/Vivado/2020.1/data/ip/xpm/xpm_cdc/tcl/xpm_cdc_gray.tcl] for cell 'design_1_i/onsemi_vita_cam_0/U0/onsemi_vita_cam_v3_1_S00_AXI_inst/onsemi_vita_cam_core_inst/DEMUX_GEN.demux_fifo_l/afifo_64i_16o_l/gnuram_async_fifo.xpm_fifo_base_inst/gen_cdc_pntr.wr_pntr_cdc_inst'
Sourcing Tcl File [C:/Xilinx/Vivado/2020.1/data/ip/xpm/xpm_cdc/tcl/xpm_cdc_gray.tcl] for cell 'design_1_i/onsemi_vita_cam_0/U0/onsemi_vita_cam_v3_1_S00_AXI_inst/onsemi_vita_cam_core_inst/DEMUX_GEN.demux_fifo_l/afifo_64i_16o_l/gnuram_async_fifo.xpm_fifo_base_inst/gen_cdc_pntr.wr_pntr_cdc_dc_inst'
Finished Sourcing Tcl File [C:/Xilinx/Vivado/2020.1/data/ip/xpm/xpm_cdc/tcl/xpm_cdc_gray.tcl] for cell 'design_1_i/onsemi_vita_cam_0/U0/onsemi_vita_cam_v3_1_S00_AXI_inst/onsemi_vita_cam_core_inst/DEMUX_GEN.demux_fifo_l/afifo_64i_16o_l/gnuram_async_fifo.xpm_fifo_base_inst/gen_cdc_pntr.wr_pntr_cdc_dc_inst'
Sourcing Tcl File [C:/Xilinx/Vivado/2020.1/data/ip/xpm/xpm_cdc/tcl/xpm_cdc_gray.tcl] for cell 'design_1_i/onsemi_vita_cam_0/U0/onsemi_vita_cam_v3_1_S00_AXI_inst/onsemi_vita_cam_core_inst/DEMUX_GEN.demux_fifo_l/afifo_64i_16o_l/gnuram_async_fifo.xpm_fifo_base_inst/gen_cdc_pntr.rd_pntr_cdc_inst'
Finished Sourcing Tcl File [C:/Xilinx/Vivado/2020.1/data/ip/xpm/xpm_cdc/tcl/xpm_cdc_gray.tcl] for cell 'design_1_i/onsemi_vita_cam_0/U0/onsemi_vita_cam_v3_1_S00_AXI_inst/onsemi_vita_cam_core_inst/DEMUX_GEN.demux_fifo_l/afifo_64i_16o_l/gnuram_async_fifo.xpm_fifo_base_inst/gen_cdc_pntr.rd_pntr_cdc_inst'
Sourcing Tcl File [C:/Xilinx/Vivado/2020.1/data/ip/xpm/xpm_cdc/tcl/xpm_cdc_gray.tcl] for cell 'design_1_i/onsemi_vita_cam_0/U0/onsemi_vita_cam_v3_1_S00_AXI_inst/onsemi_vita_cam_core_inst/DEMUX_GEN.demux_fifo_l/afifo_64i_16o_l/gnuram_async_fifo.xpm_fifo_base_inst/gen_cdc_pntr.rd_pntr_cdc_dc_inst'
Finished Sourcing Tcl File [C:/Xilinx/Vivado/2020.1/data/ip/xpm/xpm_cdc/tcl/xpm_cdc_gray.tcl] for cell 'design_1_i/onsemi_vita_cam_0/U0/onsemi_vita_cam_v3_1_S00_AXI_inst/onsemi_vita_cam_core_inst/DEMUX_GEN.demux_fifo_l/afifo_64i_16o_l/gnuram_async_fifo.xpm_fifo_base_inst/gen_cdc_pntr.rd_pntr_cdc_dc_inst'
Sourcing Tcl File [C:/Xilinx/Vivado/2020.1/data/ip/xpm/xpm_cdc/tcl/xpm_cdc_gray.tcl] for cell 'design_1_i/onsemi_vita_spi_0/U0/onsemi_vita_spi_v3_1_S00_AXI_inst/onsemi_vita_spicore_inst/vita_spi_rxfifo_l/afifo_64i_16o_l/gnuram_async_fifo.xpm_fifo_base_inst/gen_cdc_pntr.rd_pntr_cdc_inst'
INFO: [Vivado 12-3272] Current instance is the top level cell 'design_1_i/onsemi_vita_spi_0/U0/onsemi_vita_spi_v3_1_S00_AXI_inst/onsemi_vita_spicore_inst/vita_spi_rxfifo_l/afifo_64i_16o_l/gnuram_async_fifo.xpm_fifo_base_inst/gen_cdc_pntr.rd_pntr_cdc_inst' of design 'design_1' [C:/Xilinx/Vivado/2020.1/data/ip/xpm/xpm_cdc/tcl/xpm_cdc_gray.tcl:16]
WARNING: [XPM_CDC_GRAY: TCL-1000] The source and destination clocks are the same. 
     Instance: design_1_i/onsemi_vita_spi_0/U0/onsemi_vita_spi_v3_1_S00_AXI_inst/onsemi_vita_spicore_inst/vita_spi_rxfifo_l/afifo_64i_16o_l/gnuram_async_fifo.xpm_fifo_base_inst/gen_cdc_pntr.rd_pntr_cdc_inst 
  This will add unnecessary latency to the design. Please check the design for the following: 
 1) Manually instantiated XPM_CDC modules: Xilinx recommends that you remove these modules. 
 2) Xilinx IP that contains XPM_CDC modules: Verify the connections to the IP to determine whether you can safely ignore this message.
 [C:/Xilinx/Vivado/2020.1/data/ip/xpm/xpm_cdc/tcl/xpm_cdc_gray.tcl:16]
Finished Sourcing Tcl File [C:/Xilinx/Vivado/2020.1/data/ip/xpm/xpm_cdc/tcl/xpm_cdc_gray.tcl] for cell 'design_1_i/onsemi_vita_spi_0/U0/onsemi_vita_spi_v3_1_S00_AXI_inst/onsemi_vita_spicore_inst/vita_spi_rxfifo_l/afifo_64i_16o_l/gnuram_async_fifo.xpm_fifo_base_inst/gen_cdc_pntr.rd_pntr_cdc_inst'
Sourcing Tcl File [C:/Xilinx/Vivado/2020.1/data/ip/xpm/xpm_cdc/tcl/xpm_cdc_gray.tcl] for cell 'design_1_i/onsemi_vita_spi_0/U0/onsemi_vita_spi_v3_1_S00_AXI_inst/onsemi_vita_spicore_inst/vita_spi_txfifo_l/afifo_64i_16o_l/gnuram_async_fifo.xpm_fifo_base_inst/gen_cdc_pntr.wr_pntr_cdc_inst'
INFO: [Vivado 12-3272] Current instance is the top level cell 'design_1_i/onsemi_vita_spi_0/U0/onsemi_vita_spi_v3_1_S00_AXI_inst/onsemi_vita_spicore_inst/vita_spi_txfifo_l/afifo_64i_16o_l/gnuram_async_fifo.xpm_fifo_base_inst/gen_cdc_pntr.wr_pntr_cdc_inst' of design 'design_1' [C:/Xilinx/Vivado/2020.1/data/ip/xpm/xpm_cdc/tcl/xpm_cdc_gray.tcl:16]
WARNING: [XPM_CDC_GRAY: TCL-1000] The source and destination clocks are the same. 
     Instance: design_1_i/onsemi_vita_spi_0/U0/onsemi_vita_spi_v3_1_S00_AXI_inst/onsemi_vita_spicore_inst/vita_spi_txfifo_l/afifo_64i_16o_l/gnuram_async_fifo.xpm_fifo_base_inst/gen_cdc_pntr.wr_pntr_cdc_inst 
  This will add unnecessary latency to the design. Please check the design for the following: 
 1) Manually instantiated XPM_CDC modules: Xilinx recommends that you remove these modules. 
 2) Xilinx IP that contains XPM_CDC modules: Verify the connections to the IP to determine whether you can safely ignore this message.
 [C:/Xilinx/Vivado/2020.1/data/ip/xpm/xpm_cdc/tcl/xpm_cdc_gray.tcl:16]
Finished Sourcing Tcl File [C:/Xilinx/Vivado/2020.1/data/ip/xpm/xpm_cdc/tcl/xpm_cdc_gray.tcl] for cell 'design_1_i/onsemi_vita_spi_0/U0/onsemi_vita_spi_v3_1_S00_AXI_inst/onsemi_vita_spicore_inst/vita_spi_txfifo_l/afifo_64i_16o_l/gnuram_async_fifo.xpm_fifo_base_inst/gen_cdc_pntr.wr_pntr_cdc_inst'
Sourcing Tcl File [C:/Xilinx/Vivado/2020.1/data/ip/xpm/xpm_cdc/tcl/xpm_cdc_gray.tcl] for cell 'design_1_i/onsemi_vita_spi_0/U0/onsemi_vita_spi_v3_1_S00_AXI_inst/onsemi_vita_spicore_inst/vita_spi_txfifo_l/afifo_64i_16o_l/gnuram_async_fifo.xpm_fifo_base_inst/gen_cdc_pntr.rd_pntr_cdc_inst'
INFO: [Vivado 12-3272] Current instance is the top level cell 'design_1_i/onsemi_vita_spi_0/U0/onsemi_vita_spi_v3_1_S00_AXI_inst/onsemi_vita_spicore_inst/vita_spi_txfifo_l/afifo_64i_16o_l/gnuram_async_fifo.xpm_fifo_base_inst/gen_cdc_pntr.rd_pntr_cdc_inst' of design 'design_1' [C:/Xilinx/Vivado/2020.1/data/ip/xpm/xpm_cdc/tcl/xpm_cdc_gray.tcl:16]
WARNING: [XPM_CDC_GRAY: TCL-1000] The source and destination clocks are the same. 
     Instance: design_1_i/onsemi_vita_spi_0/U0/onsemi_vita_spi_v3_1_S00_AXI_inst/onsemi_vita_spicore_inst/vita_spi_txfifo_l/afifo_64i_16o_l/gnuram_async_fifo.xpm_fifo_base_inst/gen_cdc_pntr.rd_pntr_cdc_inst 
  This will add unnecessary latency to the design. Please check the design for the following: 
 1) Manually instantiated XPM_CDC modules: Xilinx recommends that you remove these modules. 
 2) Xilinx IP that contains XPM_CDC modules: Verify the connections to the IP to determine whether you can safely ignore this message.
 [C:/Xilinx/Vivado/2020.1/data/ip/xpm/xpm_cdc/tcl/xpm_cdc_gray.tcl:16]
Finished Sourcing Tcl File [C:/Xilinx/Vivado/2020.1/data/ip/xpm/xpm_cdc/tcl/xpm_cdc_gray.tcl] for cell 'design_1_i/onsemi_vita_spi_0/U0/onsemi_vita_spi_v3_1_S00_AXI_inst/onsemi_vita_spicore_inst/vita_spi_txfifo_l/afifo_64i_16o_l/gnuram_async_fifo.xpm_fifo_base_inst/gen_cdc_pntr.rd_pntr_cdc_inst'
Sourcing Tcl File [C:/Xilinx/Vivado/2020.1/data/ip/xpm/xpm_cdc/tcl/xpm_cdc_gray.tcl] for cell 'design_1_i/onsemi_vita_spi_0/U0/onsemi_vita_spi_v3_1_S00_AXI_inst/onsemi_vita_spicore_inst/vita_spi_rxfifo_l/afifo_64i_16o_l/gnuram_async_fifo.xpm_fifo_base_inst/gen_cdc_pntr.wr_pntr_cdc_inst'
INFO: [Vivado 12-3272] Current instance is the top level cell 'design_1_i/onsemi_vita_spi_0/U0/onsemi_vita_spi_v3_1_S00_AXI_inst/onsemi_vita_spicore_inst/vita_spi_rxfifo_l/afifo_64i_16o_l/gnuram_async_fifo.xpm_fifo_base_inst/gen_cdc_pntr.wr_pntr_cdc_inst' of design 'design_1' [C:/Xilinx/Vivado/2020.1/data/ip/xpm/xpm_cdc/tcl/xpm_cdc_gray.tcl:16]
WARNING: [XPM_CDC_GRAY: TCL-1000] The source and destination clocks are the same. 
     Instance: design_1_i/onsemi_vita_spi_0/U0/onsemi_vita_spi_v3_1_S00_AXI_inst/onsemi_vita_spicore_inst/vita_spi_rxfifo_l/afifo_64i_16o_l/gnuram_async_fifo.xpm_fifo_base_inst/gen_cdc_pntr.wr_pntr_cdc_inst 
  This will add unnecessary latency to the design. Please check the design for the following: 
 1) Manually instantiated XPM_CDC modules: Xilinx recommends that you remove these modules. 
 2) Xilinx IP that contains XPM_CDC modules: Verify the connections to the IP to determine whether you can safely ignore this message.
 [C:/Xilinx/Vivado/2020.1/data/ip/xpm/xpm_cdc/tcl/xpm_cdc_gray.tcl:16]
Finished Sourcing Tcl File [C:/Xilinx/Vivado/2020.1/data/ip/xpm/xpm_cdc/tcl/xpm_cdc_gray.tcl] for cell 'design_1_i/onsemi_vita_spi_0/U0/onsemi_vita_spi_v3_1_S00_AXI_inst/onsemi_vita_spicore_inst/vita_spi_rxfifo_l/afifo_64i_16o_l/gnuram_async_fifo.xpm_fifo_base_inst/gen_cdc_pntr.wr_pntr_cdc_inst'
Sourcing Tcl File [C:/Xilinx/Vivado/2020.1/data/ip/xpm/xpm_cdc/tcl/xpm_cdc_gray.tcl] for cell 'design_1_i/onsemi_vita_spi_0/U0/onsemi_vita_spi_v3_1_S00_AXI_inst/onsemi_vita_spicore_inst/vita_spi_rxfifo_l/afifo_64i_16o_l/gnuram_async_fifo.xpm_fifo_base_inst/gen_cdc_pntr.wr_pntr_cdc_dc_inst'
INFO: [Vivado 12-3272] Current instance is the top level cell 'design_1_i/onsemi_vita_spi_0/U0/onsemi_vita_spi_v3_1_S00_AXI_inst/onsemi_vita_spicore_inst/vita_spi_rxfifo_l/afifo_64i_16o_l/gnuram_async_fifo.xpm_fifo_base_inst/gen_cdc_pntr.wr_pntr_cdc_dc_inst' of design 'design_1' [C:/Xilinx/Vivado/2020.1/data/ip/xpm/xpm_cdc/tcl/xpm_cdc_gray.tcl:16]
WARNING: [XPM_CDC_GRAY: TCL-1000] The source and destination clocks are the same. 
     Instance: design_1_i/onsemi_vita_spi_0/U0/onsemi_vita_spi_v3_1_S00_AXI_inst/onsemi_vita_spicore_inst/vita_spi_rxfifo_l/afifo_64i_16o_l/gnuram_async_fifo.xpm_fifo_base_inst/gen_cdc_pntr.wr_pntr_cdc_dc_inst 
  This will add unnecessary latency to the design. Please check the design for the following: 
 1) Manually instantiated XPM_CDC modules: Xilinx recommends that you remove these modules. 
 2) Xilinx IP that contains XPM_CDC modules: Verify the connections to the IP to determine whether you can safely ignore this message.
 [C:/Xilinx/Vivado/2020.1/data/ip/xpm/xpm_cdc/tcl/xpm_cdc_gray.tcl:16]
Finished Sourcing Tcl File [C:/Xilinx/Vivado/2020.1/data/ip/xpm/xpm_cdc/tcl/xpm_cdc_gray.tcl] for cell 'design_1_i/onsemi_vita_spi_0/U0/onsemi_vita_spi_v3_1_S00_AXI_inst/onsemi_vita_spicore_inst/vita_spi_rxfifo_l/afifo_64i_16o_l/gnuram_async_fifo.xpm_fifo_base_inst/gen_cdc_pntr.wr_pntr_cdc_dc_inst'
Sourcing Tcl File [C:/Xilinx/Vivado/2020.1/data/ip/xpm/xpm_cdc/tcl/xpm_cdc_gray.tcl] for cell 'design_1_i/onsemi_vita_spi_0/U0/onsemi_vita_spi_v3_1_S00_AXI_inst/onsemi_vita_spicore_inst/vita_spi_txfifo_l/afifo_64i_16o_l/gnuram_async_fifo.xpm_fifo_base_inst/gen_cdc_pntr.wr_pntr_cdc_dc_inst'
INFO: [Vivado 12-3272] Current instance is the top level cell 'design_1_i/onsemi_vita_spi_0/U0/onsemi_vita_spi_v3_1_S00_AXI_inst/onsemi_vita_spicore_inst/vita_spi_txfifo_l/afifo_64i_16o_l/gnuram_async_fifo.xpm_fifo_base_inst/gen_cdc_pntr.wr_pntr_cdc_dc_inst' of design 'design_1' [C:/Xilinx/Vivado/2020.1/data/ip/xpm/xpm_cdc/tcl/xpm_cdc_gray.tcl:16]
WARNING: [XPM_CDC_GRAY: TCL-1000] The source and destination clocks are the same. 
     Instance: design_1_i/onsemi_vita_spi_0/U0/onsemi_vita_spi_v3_1_S00_AXI_inst/onsemi_vita_spicore_inst/vita_spi_txfifo_l/afifo_64i_16o_l/gnuram_async_fifo.xpm_fifo_base_inst/gen_cdc_pntr.wr_pntr_cdc_dc_inst 
  This will add unnecessary latency to the design. Please check the design for the following: 
 1) Manually instantiated XPM_CDC modules: Xilinx recommends that you remove these modules. 
 2) Xilinx IP that contains XPM_CDC modules: Verify the connections to the IP to determine whether you can safely ignore this message.
 [C:/Xilinx/Vivado/2020.1/data/ip/xpm/xpm_cdc/tcl/xpm_cdc_gray.tcl:16]
Finished Sourcing Tcl File [C:/Xilinx/Vivado/2020.1/data/ip/xpm/xpm_cdc/tcl/xpm_cdc_gray.tcl] for cell 'design_1_i/onsemi_vita_spi_0/U0/onsemi_vita_spi_v3_1_S00_AXI_inst/onsemi_vita_spicore_inst/vita_spi_txfifo_l/afifo_64i_16o_l/gnuram_async_fifo.xpm_fifo_base_inst/gen_cdc_pntr.wr_pntr_cdc_dc_inst'
Sourcing Tcl File [C:/Xilinx/Vivado/2020.1/data/ip/xpm/xpm_cdc/tcl/xpm_cdc_gray.tcl] for cell 'design_1_i/onsemi_vita_spi_0/U0/onsemi_vita_spi_v3_1_S00_AXI_inst/onsemi_vita_spicore_inst/vita_spi_rxfifo_l/afifo_64i_16o_l/gnuram_async_fifo.xpm_fifo_base_inst/gen_cdc_pntr.rd_pntr_cdc_dc_inst'
INFO: [Vivado 12-3272] Current instance is the top level cell 'design_1_i/onsemi_vita_spi_0/U0/onsemi_vita_spi_v3_1_S00_AXI_inst/onsemi_vita_spicore_inst/vita_spi_rxfifo_l/afifo_64i_16o_l/gnuram_async_fifo.xpm_fifo_base_inst/gen_cdc_pntr.rd_pntr_cdc_dc_inst' of design 'design_1' [C:/Xilinx/Vivado/2020.1/data/ip/xpm/xpm_cdc/tcl/xpm_cdc_gray.tcl:16]
WARNING: [XPM_CDC_GRAY: TCL-1000] The source and destination clocks are the same. 
     Instance: design_1_i/onsemi_vita_spi_0/U0/onsemi_vita_spi_v3_1_S00_AXI_inst/onsemi_vita_spicore_inst/vita_spi_rxfifo_l/afifo_64i_16o_l/gnuram_async_fifo.xpm_fifo_base_inst/gen_cdc_pntr.rd_pntr_cdc_dc_inst 
  This will add unnecessary latency to the design. Please check the design for the following: 
 1) Manually instantiated XPM_CDC modules: Xilinx recommends that you remove these modules. 
 2) Xilinx IP that contains XPM_CDC modules: Verify the connections to the IP to determine whether you can safely ignore this message.
 [C:/Xilinx/Vivado/2020.1/data/ip/xpm/xpm_cdc/tcl/xpm_cdc_gray.tcl:16]
Finished Sourcing Tcl File [C:/Xilinx/Vivado/2020.1/data/ip/xpm/xpm_cdc/tcl/xpm_cdc_gray.tcl] for cell 'design_1_i/onsemi_vita_spi_0/U0/onsemi_vita_spi_v3_1_S00_AXI_inst/onsemi_vita_spicore_inst/vita_spi_rxfifo_l/afifo_64i_16o_l/gnuram_async_fifo.xpm_fifo_base_inst/gen_cdc_pntr.rd_pntr_cdc_dc_inst'
Sourcing Tcl File [C:/Xilinx/Vivado/2020.1/data/ip/xpm/xpm_cdc/tcl/xpm_cdc_gray.tcl] for cell 'design_1_i/onsemi_vita_spi_0/U0/onsemi_vita_spi_v3_1_S00_AXI_inst/onsemi_vita_spicore_inst/vita_spi_txfifo_l/afifo_64i_16o_l/gnuram_async_fifo.xpm_fifo_base_inst/gen_cdc_pntr.rd_pntr_cdc_dc_inst'
INFO: [Vivado 12-3272] Current instance is the top level cell 'design_1_i/onsemi_vita_spi_0/U0/onsemi_vita_spi_v3_1_S00_AXI_inst/onsemi_vita_spicore_inst/vita_spi_txfifo_l/afifo_64i_16o_l/gnuram_async_fifo.xpm_fifo_base_inst/gen_cdc_pntr.rd_pntr_cdc_dc_inst' of design 'design_1' [C:/Xilinx/Vivado/2020.1/data/ip/xpm/xpm_cdc/tcl/xpm_cdc_gray.tcl:16]
WARNING: [XPM_CDC_GRAY: TCL-1000] The source and destination clocks are the same. 
     Instance: design_1_i/onsemi_vita_spi_0/U0/onsemi_vita_spi_v3_1_S00_AXI_inst/onsemi_vita_spicore_inst/vita_spi_txfifo_l/afifo_64i_16o_l/gnuram_async_fifo.xpm_fifo_base_inst/gen_cdc_pntr.rd_pntr_cdc_dc_inst 
  This will add unnecessary latency to the design. Please check the design for the following: 
 1) Manually instantiated XPM_CDC modules: Xilinx recommends that you remove these modules. 
 2) Xilinx IP that contains XPM_CDC modules: Verify the connections to the IP to determine whether you can safely ignore this message.
 [C:/Xilinx/Vivado/2020.1/data/ip/xpm/xpm_cdc/tcl/xpm_cdc_gray.tcl:16]
Finished Sourcing Tcl File [C:/Xilinx/Vivado/2020.1/data/ip/xpm/xpm_cdc/tcl/xpm_cdc_gray.tcl] for cell 'design_1_i/onsemi_vita_spi_0/U0/onsemi_vita_spi_v3_1_S00_AXI_inst/onsemi_vita_spicore_inst/vita_spi_txfifo_l/afifo_64i_16o_l/gnuram_async_fifo.xpm_fifo_base_inst/gen_cdc_pntr.rd_pntr_cdc_dc_inst'
Sourcing Tcl File [C:/Xilinx/Vivado/2020.1/data/ip/xpm/xpm_cdc/tcl/xpm_cdc_gray.tcl] for cell 'design_1_i/v_axi4s_vid_out_0/inst/COUPLER_INST/generate_async_fifo.FIFO_INST/XPM_FIFO_ASYNC_INST/gnuram_async_fifo.xpm_fifo_base_inst/gen_cdc_pntr.rd_pntr_cdc_inst'
INFO: [Vivado 12-3272] Current instance is the top level cell 'design_1_i/v_axi4s_vid_out_0/inst/COUPLER_INST/generate_async_fifo.FIFO_INST/XPM_FIFO_ASYNC_INST/gnuram_async_fifo.xpm_fifo_base_inst/gen_cdc_pntr.rd_pntr_cdc_inst' of design 'design_1' [C:/Xilinx/Vivado/2020.1/data/ip/xpm/xpm_cdc/tcl/xpm_cdc_gray.tcl:16]
WARNING: [XPM_CDC_GRAY: TCL-1000] The source and destination clocks are the same. 
     Instance: design_1_i/v_axi4s_vid_out_0/inst/COUPLER_INST/generate_async_fifo.FIFO_INST/XPM_FIFO_ASYNC_INST/gnuram_async_fifo.xpm_fifo_base_inst/gen_cdc_pntr.rd_pntr_cdc_inst 
  This will add unnecessary latency to the design. Please check the design for the following: 
 1) Manually instantiated XPM_CDC modules: Xilinx recommends that you remove these modules. 
 2) Xilinx IP that contains XPM_CDC modules: Verify the connections to the IP to determine whether you can safely ignore this message.
 [C:/Xilinx/Vivado/2020.1/data/ip/xpm/xpm_cdc/tcl/xpm_cdc_gray.tcl:16]
Finished Sourcing Tcl File [C:/Xilinx/Vivado/2020.1/data/ip/xpm/xpm_cdc/tcl/xpm_cdc_gray.tcl] for cell 'design_1_i/v_axi4s_vid_out_0/inst/COUPLER_INST/generate_async_fifo.FIFO_INST/XPM_FIFO_ASYNC_INST/gnuram_async_fifo.xpm_fifo_base_inst/gen_cdc_pntr.rd_pntr_cdc_inst'
Sourcing Tcl File [C:/Xilinx/Vivado/2020.1/data/ip/xpm/xpm_cdc/tcl/xpm_cdc_gray.tcl] for cell 'design_1_i/v_axi4s_vid_out_0/inst/COUPLER_INST/generate_async_fifo.FIFO_INST/XPM_FIFO_ASYNC_INST/gnuram_async_fifo.xpm_fifo_base_inst/gen_cdc_pntr.wr_pntr_cdc_inst'
INFO: [Vivado 12-3272] Current instance is the top level cell 'design_1_i/v_axi4s_vid_out_0/inst/COUPLER_INST/generate_async_fifo.FIFO_INST/XPM_FIFO_ASYNC_INST/gnuram_async_fifo.xpm_fifo_base_inst/gen_cdc_pntr.wr_pntr_cdc_inst' of design 'design_1' [C:/Xilinx/Vivado/2020.1/data/ip/xpm/xpm_cdc/tcl/xpm_cdc_gray.tcl:16]
WARNING: [XPM_CDC_GRAY: TCL-1000] The source and destination clocks are the same. 
     Instance: design_1_i/v_axi4s_vid_out_0/inst/COUPLER_INST/generate_async_fifo.FIFO_INST/XPM_FIFO_ASYNC_INST/gnuram_async_fifo.xpm_fifo_base_inst/gen_cdc_pntr.wr_pntr_cdc_inst 
  This will add unnecessary latency to the design. Please check the design for the following: 
 1) Manually instantiated XPM_CDC modules: Xilinx recommends that you remove these modules. 
 2) Xilinx IP that contains XPM_CDC modules: Verify the connections to the IP to determine whether you can safely ignore this message.
 [C:/Xilinx/Vivado/2020.1/data/ip/xpm/xpm_cdc/tcl/xpm_cdc_gray.tcl:16]
Finished Sourcing Tcl File [C:/Xilinx/Vivado/2020.1/data/ip/xpm/xpm_cdc/tcl/xpm_cdc_gray.tcl] for cell 'design_1_i/v_axi4s_vid_out_0/inst/COUPLER_INST/generate_async_fifo.FIFO_INST/XPM_FIFO_ASYNC_INST/gnuram_async_fifo.xpm_fifo_base_inst/gen_cdc_pntr.wr_pntr_cdc_inst'
Sourcing Tcl File [C:/Xilinx/Vivado/2020.1/data/ip/xpm/xpm_cdc/tcl/xpm_cdc_gray.tcl] for cell 'design_1_i/v_axi4s_vid_out_0/inst/COUPLER_INST/generate_async_fifo.FIFO_INST/XPM_FIFO_ASYNC_INST/gnuram_async_fifo.xpm_fifo_base_inst/gen_cdc_pntr.wr_pntr_cdc_dc_inst'
INFO: [Vivado 12-3272] Current instance is the top level cell 'design_1_i/v_axi4s_vid_out_0/inst/COUPLER_INST/generate_async_fifo.FIFO_INST/XPM_FIFO_ASYNC_INST/gnuram_async_fifo.xpm_fifo_base_inst/gen_cdc_pntr.wr_pntr_cdc_dc_inst' of design 'design_1' [C:/Xilinx/Vivado/2020.1/data/ip/xpm/xpm_cdc/tcl/xpm_cdc_gray.tcl:16]
WARNING: [XPM_CDC_GRAY: TCL-1000] The source and destination clocks are the same. 
     Instance: design_1_i/v_axi4s_vid_out_0/inst/COUPLER_INST/generate_async_fifo.FIFO_INST/XPM_FIFO_ASYNC_INST/gnuram_async_fifo.xpm_fifo_base_inst/gen_cdc_pntr.wr_pntr_cdc_dc_inst 
  This will add unnecessary latency to the design. Please check the design for the following: 
 1) Manually instantiated XPM_CDC modules: Xilinx recommends that you remove these modules. 
 2) Xilinx IP that contains XPM_CDC modules: Verify the connections to the IP to determine whether you can safely ignore this message.
 [C:/Xilinx/Vivado/2020.1/data/ip/xpm/xpm_cdc/tcl/xpm_cdc_gray.tcl:16]
Finished Sourcing Tcl File [C:/Xilinx/Vivado/2020.1/data/ip/xpm/xpm_cdc/tcl/xpm_cdc_gray.tcl] for cell 'design_1_i/v_axi4s_vid_out_0/inst/COUPLER_INST/generate_async_fifo.FIFO_INST/XPM_FIFO_ASYNC_INST/gnuram_async_fifo.xpm_fifo_base_inst/gen_cdc_pntr.wr_pntr_cdc_dc_inst'
Sourcing Tcl File [C:/Xilinx/Vivado/2020.1/data/ip/xpm/xpm_cdc/tcl/xpm_cdc_gray.tcl] for cell 'design_1_i/v_axi4s_vid_out_0/inst/COUPLER_INST/generate_async_fifo.FIFO_INST/XPM_FIFO_ASYNC_INST/gnuram_async_fifo.xpm_fifo_base_inst/gen_cdc_pntr.rd_pntr_cdc_dc_inst'
INFO: [Vivado 12-3272] Current instance is the top level cell 'design_1_i/v_axi4s_vid_out_0/inst/COUPLER_INST/generate_async_fifo.FIFO_INST/XPM_FIFO_ASYNC_INST/gnuram_async_fifo.xpm_fifo_base_inst/gen_cdc_pntr.rd_pntr_cdc_dc_inst' of design 'design_1' [C:/Xilinx/Vivado/2020.1/data/ip/xpm/xpm_cdc/tcl/xpm_cdc_gray.tcl:16]
WARNING: [XPM_CDC_GRAY: TCL-1000] The source and destination clocks are the same. 
     Instance: design_1_i/v_axi4s_vid_out_0/inst/COUPLER_INST/generate_async_fifo.FIFO_INST/XPM_FIFO_ASYNC_INST/gnuram_async_fifo.xpm_fifo_base_inst/gen_cdc_pntr.rd_pntr_cdc_dc_inst 
  This will add unnecessary latency to the design. Please check the design for the following: 
 1) Manually instantiated XPM_CDC modules: Xilinx recommends that you remove these modules. 
 2) Xilinx IP that contains XPM_CDC modules: Verify the connections to the IP to determine whether you can safely ignore this message.
 [C:/Xilinx/Vivado/2020.1/data/ip/xpm/xpm_cdc/tcl/xpm_cdc_gray.tcl:16]
Finished Sourcing Tcl File [C:/Xilinx/Vivado/2020.1/data/ip/xpm/xpm_cdc/tcl/xpm_cdc_gray.tcl] for cell 'design_1_i/v_axi4s_vid_out_0/inst/COUPLER_INST/generate_async_fifo.FIFO_INST/XPM_FIFO_ASYNC_INST/gnuram_async_fifo.xpm_fifo_base_inst/gen_cdc_pntr.rd_pntr_cdc_dc_inst'
Sourcing Tcl File [C:/Xilinx/Vivado/2020.1/data/ip/xpm/xpm_cdc/tcl/xpm_cdc_handshake.tcl] for cell 'design_1_i/v_proc_ss_0/U0/video_router/xbar/inst/gen_static_router.gen_synch.inst_cdc_handshake/inst_xpm_cdc_handshake'
INFO: [Vivado 12-3272] Current instance is the top level cell 'design_1_i/v_proc_ss_0/U0/video_router/xbar/inst/gen_static_router.gen_synch.inst_cdc_handshake/inst_xpm_cdc_handshake' of design 'design_1' [C:/Xilinx/Vivado/2020.1/data/ip/xpm/xpm_cdc/tcl/xpm_cdc_handshake.tcl:19]
WARNING: [XPM_CDC_HANDSHAKE: TCL-1000] The source and destination clocks are the same. 
     Instance: design_1_i/v_proc_ss_0/U0/video_router/xbar/inst/gen_static_router.gen_synch.inst_cdc_handshake/inst_xpm_cdc_handshake 
  This will add unnecessary latency to the design. Please check the design for the following: 
 1) Manually instantiated XPM_CDC modules: Xilinx recommends that you remove these modules. 
 2) Xilinx IP that contains XPM_CDC modules: Verify the connections to the IP to determine whether you can safely ignore this message.
 [C:/Xilinx/Vivado/2020.1/data/ip/xpm/xpm_cdc/tcl/xpm_cdc_handshake.tcl:19]
Finished Sourcing Tcl File [C:/Xilinx/Vivado/2020.1/data/ip/xpm/xpm_cdc/tcl/xpm_cdc_handshake.tcl] for cell 'design_1_i/v_proc_ss_0/U0/video_router/xbar/inst/gen_static_router.gen_synch.inst_cdc_handshake/inst_xpm_cdc_handshake'
Sourcing Tcl File [C:/Xilinx/Vivado/2020.1/data/ip/xpm/xpm_cdc/tcl/xpm_cdc_handshake.tcl] for cell 'design_1_i/v_proc_ss_2/U0/video_router/xbar/inst/gen_static_router.gen_synch.inst_cdc_handshake/inst_xpm_cdc_handshake'
INFO: [Vivado 12-3272] Current instance is the top level cell 'design_1_i/v_proc_ss_2/U0/video_router/xbar/inst/gen_static_router.gen_synch.inst_cdc_handshake/inst_xpm_cdc_handshake' of design 'design_1' [C:/Xilinx/Vivado/2020.1/data/ip/xpm/xpm_cdc/tcl/xpm_cdc_handshake.tcl:19]
WARNING: [XPM_CDC_HANDSHAKE: TCL-1000] The source and destination clocks are the same. 
     Instance: design_1_i/v_proc_ss_2/U0/video_router/xbar/inst/gen_static_router.gen_synch.inst_cdc_handshake/inst_xpm_cdc_handshake 
  This will add unnecessary latency to the design. Please check the design for the following: 
 1) Manually instantiated XPM_CDC modules: Xilinx recommends that you remove these modules. 
 2) Xilinx IP that contains XPM_CDC modules: Verify the connections to the IP to determine whether you can safely ignore this message.
 [C:/Xilinx/Vivado/2020.1/data/ip/xpm/xpm_cdc/tcl/xpm_cdc_handshake.tcl:19]
Finished Sourcing Tcl File [C:/Xilinx/Vivado/2020.1/data/ip/xpm/xpm_cdc/tcl/xpm_cdc_handshake.tcl] for cell 'design_1_i/v_proc_ss_2/U0/video_router/xbar/inst/gen_static_router.gen_synch.inst_cdc_handshake/inst_xpm_cdc_handshake'
Sourcing Tcl File [C:/Xilinx/Vivado/2020.1/data/ip/xpm/xpm_cdc/tcl/xpm_cdc_handshake.tcl] for cell 'design_1_i/ps7_0_axi_periph/m01_couplers/auto_cc/inst/gen_clock_conv.gen_async_lite_conv.clock_conv_lite_fwd_ar/handshake'
Finished Sourcing Tcl File [C:/Xilinx/Vivado/2020.1/data/ip/xpm/xpm_cdc/tcl/xpm_cdc_handshake.tcl] for cell 'design_1_i/ps7_0_axi_periph/m01_couplers/auto_cc/inst/gen_clock_conv.gen_async_lite_conv.clock_conv_lite_fwd_ar/handshake'
Sourcing Tcl File [C:/Xilinx/Vivado/2020.1/data/ip/xpm/xpm_cdc/tcl/xpm_cdc_handshake.tcl] for cell 'design_1_i/ps7_0_axi_periph/m01_couplers/auto_cc/inst/gen_clock_conv.gen_async_lite_conv.clock_conv_lite_fwd_w/handshake'
Finished Sourcing Tcl File [C:/Xilinx/Vivado/2020.1/data/ip/xpm/xpm_cdc/tcl/xpm_cdc_handshake.tcl] for cell 'design_1_i/ps7_0_axi_periph/m01_couplers/auto_cc/inst/gen_clock_conv.gen_async_lite_conv.clock_conv_lite_fwd_w/handshake'
Sourcing Tcl File [C:/Xilinx/Vivado/2020.1/data/ip/xpm/xpm_cdc/tcl/xpm_cdc_handshake.tcl] for cell 'design_1_i/ps7_0_axi_periph/m01_couplers/auto_cc/inst/gen_clock_conv.gen_async_lite_conv.clock_conv_lite_resp_b/handshake'
Finished Sourcing Tcl File [C:/Xilinx/Vivado/2020.1/data/ip/xpm/xpm_cdc/tcl/xpm_cdc_handshake.tcl] for cell 'design_1_i/ps7_0_axi_periph/m01_couplers/auto_cc/inst/gen_clock_conv.gen_async_lite_conv.clock_conv_lite_resp_b/handshake'
Sourcing Tcl File [C:/Xilinx/Vivado/2020.1/data/ip/xpm/xpm_cdc/tcl/xpm_cdc_handshake.tcl] for cell 'design_1_i/ps7_0_axi_periph/m01_couplers/auto_cc/inst/gen_clock_conv.gen_async_lite_conv.clock_conv_lite_resp_r/handshake'
Finished Sourcing Tcl File [C:/Xilinx/Vivado/2020.1/data/ip/xpm/xpm_cdc/tcl/xpm_cdc_handshake.tcl] for cell 'design_1_i/ps7_0_axi_periph/m01_couplers/auto_cc/inst/gen_clock_conv.gen_async_lite_conv.clock_conv_lite_resp_r/handshake'
Sourcing Tcl File [C:/Xilinx/Vivado/2020.1/data/ip/xpm/xpm_cdc/tcl/xpm_cdc_handshake.tcl] for cell 'design_1_i/ps7_0_axi_periph/m01_couplers/auto_cc/inst/gen_clock_conv.gen_async_lite_conv.clock_conv_lite_fwd_aw/handshake'
Finished Sourcing Tcl File [C:/Xilinx/Vivado/2020.1/data/ip/xpm/xpm_cdc/tcl/xpm_cdc_handshake.tcl] for cell 'design_1_i/ps7_0_axi_periph/m01_couplers/auto_cc/inst/gen_clock_conv.gen_async_lite_conv.clock_conv_lite_fwd_aw/handshake'
Sourcing Tcl File [C:/Xilinx/Vivado/2020.1/data/ip/xpm/xpm_cdc/tcl/xpm_cdc_handshake.tcl] for cell 'design_1_i/ps7_0_axi_periph/m07_couplers/auto_cc/inst/gen_clock_conv.gen_async_lite_conv.clock_conv_lite_fwd_ar/handshake'
Finished Sourcing Tcl File [C:/Xilinx/Vivado/2020.1/data/ip/xpm/xpm_cdc/tcl/xpm_cdc_handshake.tcl] for cell 'design_1_i/ps7_0_axi_periph/m07_couplers/auto_cc/inst/gen_clock_conv.gen_async_lite_conv.clock_conv_lite_fwd_ar/handshake'
Sourcing Tcl File [C:/Xilinx/Vivado/2020.1/data/ip/xpm/xpm_cdc/tcl/xpm_cdc_handshake.tcl] for cell 'design_1_i/ps7_0_axi_periph/m07_couplers/auto_cc/inst/gen_clock_conv.gen_async_lite_conv.clock_conv_lite_fwd_w/handshake'
Finished Sourcing Tcl File [C:/Xilinx/Vivado/2020.1/data/ip/xpm/xpm_cdc/tcl/xpm_cdc_handshake.tcl] for cell 'design_1_i/ps7_0_axi_periph/m07_couplers/auto_cc/inst/gen_clock_conv.gen_async_lite_conv.clock_conv_lite_fwd_w/handshake'
Sourcing Tcl File [C:/Xilinx/Vivado/2020.1/data/ip/xpm/xpm_cdc/tcl/xpm_cdc_handshake.tcl] for cell 'design_1_i/ps7_0_axi_periph/m07_couplers/auto_cc/inst/gen_clock_conv.gen_async_lite_conv.clock_conv_lite_resp_b/handshake'
Finished Sourcing Tcl File [C:/Xilinx/Vivado/2020.1/data/ip/xpm/xpm_cdc/tcl/xpm_cdc_handshake.tcl] for cell 'design_1_i/ps7_0_axi_periph/m07_couplers/auto_cc/inst/gen_clock_conv.gen_async_lite_conv.clock_conv_lite_resp_b/handshake'
Sourcing Tcl File [C:/Xilinx/Vivado/2020.1/data/ip/xpm/xpm_cdc/tcl/xpm_cdc_handshake.tcl] for cell 'design_1_i/ps7_0_axi_periph/m07_couplers/auto_cc/inst/gen_clock_conv.gen_async_lite_conv.clock_conv_lite_resp_r/handshake'
Finished Sourcing Tcl File [C:/Xilinx/Vivado/2020.1/data/ip/xpm/xpm_cdc/tcl/xpm_cdc_handshake.tcl] for cell 'design_1_i/ps7_0_axi_periph/m07_couplers/auto_cc/inst/gen_clock_conv.gen_async_lite_conv.clock_conv_lite_resp_r/handshake'
Sourcing Tcl File [C:/Xilinx/Vivado/2020.1/data/ip/xpm/xpm_cdc/tcl/xpm_cdc_handshake.tcl] for cell 'design_1_i/ps7_0_axi_periph/m07_couplers/auto_cc/inst/gen_clock_conv.gen_async_lite_conv.clock_conv_lite_fwd_aw/handshake'
Finished Sourcing Tcl File [C:/Xilinx/Vivado/2020.1/data/ip/xpm/xpm_cdc/tcl/xpm_cdc_handshake.tcl] for cell 'design_1_i/ps7_0_axi_periph/m07_couplers/auto_cc/inst/gen_clock_conv.gen_async_lite_conv.clock_conv_lite_fwd_aw/handshake'
Sourcing Tcl File [C:/Xilinx/Vivado/2020.1/data/ip/xpm/xpm_cdc/tcl/xpm_cdc_handshake.tcl] for cell 'design_1_i/ps7_0_axi_periph/m08_couplers/auto_cc/inst/gen_clock_conv.gen_async_lite_conv.clock_conv_lite_fwd_ar/handshake'
Finished Sourcing Tcl File [C:/Xilinx/Vivado/2020.1/data/ip/xpm/xpm_cdc/tcl/xpm_cdc_handshake.tcl] for cell 'design_1_i/ps7_0_axi_periph/m08_couplers/auto_cc/inst/gen_clock_conv.gen_async_lite_conv.clock_conv_lite_fwd_ar/handshake'
Sourcing Tcl File [C:/Xilinx/Vivado/2020.1/data/ip/xpm/xpm_cdc/tcl/xpm_cdc_handshake.tcl] for cell 'design_1_i/ps7_0_axi_periph/m08_couplers/auto_cc/inst/gen_clock_conv.gen_async_lite_conv.clock_conv_lite_fwd_w/handshake'
Finished Sourcing Tcl File [C:/Xilinx/Vivado/2020.1/data/ip/xpm/xpm_cdc/tcl/xpm_cdc_handshake.tcl] for cell 'design_1_i/ps7_0_axi_periph/m08_couplers/auto_cc/inst/gen_clock_conv.gen_async_lite_conv.clock_conv_lite_fwd_w/handshake'
Sourcing Tcl File [C:/Xilinx/Vivado/2020.1/data/ip/xpm/xpm_cdc/tcl/xpm_cdc_handshake.tcl] for cell 'design_1_i/ps7_0_axi_periph/m08_couplers/auto_cc/inst/gen_clock_conv.gen_async_lite_conv.clock_conv_lite_resp_b/handshake'
Finished Sourcing Tcl File [C:/Xilinx/Vivado/2020.1/data/ip/xpm/xpm_cdc/tcl/xpm_cdc_handshake.tcl] for cell 'design_1_i/ps7_0_axi_periph/m08_couplers/auto_cc/inst/gen_clock_conv.gen_async_lite_conv.clock_conv_lite_resp_b/handshake'
Sourcing Tcl File [C:/Xilinx/Vivado/2020.1/data/ip/xpm/xpm_cdc/tcl/xpm_cdc_handshake.tcl] for cell 'design_1_i/ps7_0_axi_periph/m08_couplers/auto_cc/inst/gen_clock_conv.gen_async_lite_conv.clock_conv_lite_resp_r/handshake'
Finished Sourcing Tcl File [C:/Xilinx/Vivado/2020.1/data/ip/xpm/xpm_cdc/tcl/xpm_cdc_handshake.tcl] for cell 'design_1_i/ps7_0_axi_periph/m08_couplers/auto_cc/inst/gen_clock_conv.gen_async_lite_conv.clock_conv_lite_resp_r/handshake'
Sourcing Tcl File [C:/Xilinx/Vivado/2020.1/data/ip/xpm/xpm_cdc/tcl/xpm_cdc_handshake.tcl] for cell 'design_1_i/ps7_0_axi_periph/m08_couplers/auto_cc/inst/gen_clock_conv.gen_async_lite_conv.clock_conv_lite_fwd_aw/handshake'
Finished Sourcing Tcl File [C:/Xilinx/Vivado/2020.1/data/ip/xpm/xpm_cdc/tcl/xpm_cdc_handshake.tcl] for cell 'design_1_i/ps7_0_axi_periph/m08_couplers/auto_cc/inst/gen_clock_conv.gen_async_lite_conv.clock_conv_lite_fwd_aw/handshake'
Sourcing Tcl File [C:/Xilinx/Vivado/2020.1/data/ip/xpm/xpm_cdc/tcl/xpm_cdc_handshake.tcl] for cell 'design_1_i/ps7_0_axi_periph/m11_couplers/auto_cc/inst/gen_clock_conv.gen_async_lite_conv.clock_conv_lite_fwd_ar/handshake'
Finished Sourcing Tcl File [C:/Xilinx/Vivado/2020.1/data/ip/xpm/xpm_cdc/tcl/xpm_cdc_handshake.tcl] for cell 'design_1_i/ps7_0_axi_periph/m11_couplers/auto_cc/inst/gen_clock_conv.gen_async_lite_conv.clock_conv_lite_fwd_ar/handshake'
Sourcing Tcl File [C:/Xilinx/Vivado/2020.1/data/ip/xpm/xpm_cdc/tcl/xpm_cdc_handshake.tcl] for cell 'design_1_i/ps7_0_axi_periph/m11_couplers/auto_cc/inst/gen_clock_conv.gen_async_lite_conv.clock_conv_lite_fwd_w/handshake'
Finished Sourcing Tcl File [C:/Xilinx/Vivado/2020.1/data/ip/xpm/xpm_cdc/tcl/xpm_cdc_handshake.tcl] for cell 'design_1_i/ps7_0_axi_periph/m11_couplers/auto_cc/inst/gen_clock_conv.gen_async_lite_conv.clock_conv_lite_fwd_w/handshake'
Sourcing Tcl File [C:/Xilinx/Vivado/2020.1/data/ip/xpm/xpm_cdc/tcl/xpm_cdc_handshake.tcl] for cell 'design_1_i/ps7_0_axi_periph/m11_couplers/auto_cc/inst/gen_clock_conv.gen_async_lite_conv.clock_conv_lite_resp_b/handshake'
Finished Sourcing Tcl File [C:/Xilinx/Vivado/2020.1/data/ip/xpm/xpm_cdc/tcl/xpm_cdc_handshake.tcl] for cell 'design_1_i/ps7_0_axi_periph/m11_couplers/auto_cc/inst/gen_clock_conv.gen_async_lite_conv.clock_conv_lite_resp_b/handshake'
Sourcing Tcl File [C:/Xilinx/Vivado/2020.1/data/ip/xpm/xpm_cdc/tcl/xpm_cdc_handshake.tcl] for cell 'design_1_i/ps7_0_axi_periph/m11_couplers/auto_cc/inst/gen_clock_conv.gen_async_lite_conv.clock_conv_lite_resp_r/handshake'
Finished Sourcing Tcl File [C:/Xilinx/Vivado/2020.1/data/ip/xpm/xpm_cdc/tcl/xpm_cdc_handshake.tcl] for cell 'design_1_i/ps7_0_axi_periph/m11_couplers/auto_cc/inst/gen_clock_conv.gen_async_lite_conv.clock_conv_lite_resp_r/handshake'
Sourcing Tcl File [C:/Xilinx/Vivado/2020.1/data/ip/xpm/xpm_cdc/tcl/xpm_cdc_handshake.tcl] for cell 'design_1_i/ps7_0_axi_periph/m11_couplers/auto_cc/inst/gen_clock_conv.gen_async_lite_conv.clock_conv_lite_fwd_aw/handshake'
Finished Sourcing Tcl File [C:/Xilinx/Vivado/2020.1/data/ip/xpm/xpm_cdc/tcl/xpm_cdc_handshake.tcl] for cell 'design_1_i/ps7_0_axi_periph/m11_couplers/auto_cc/inst/gen_clock_conv.gen_async_lite_conv.clock_conv_lite_fwd_aw/handshake'
Sourcing Tcl File [C:/Xilinx/Vivado/2020.1/data/ip/xpm/xpm_cdc/tcl/xpm_cdc_single.tcl] for cell 'design_1_i/v_proc_ss_0/U0/video_router/xbar/inst/gen_static_router.gen_synch.inst_cdc_handshake/inst_xpm_cdc_handshake/xpm_cdc_single_dest2src_inst'
INFO: [Vivado 12-3272] Current instance is the top level cell 'design_1_i/v_proc_ss_0/U0/video_router/xbar/inst/gen_static_router.gen_synch.inst_cdc_handshake/inst_xpm_cdc_handshake/xpm_cdc_single_dest2src_inst' of design 'design_1' [C:/Xilinx/Vivado/2020.1/data/ip/xpm/xpm_cdc/tcl/xpm_cdc_single.tcl:5]
WARNING: [XPM_CDC_SINGLE: TCL-1000] The source and destination clocks are the same. 
     Instance: design_1_i/v_proc_ss_0/U0/video_router/xbar/inst/gen_static_router.gen_synch.inst_cdc_handshake/inst_xpm_cdc_handshake/xpm_cdc_single_dest2src_inst 
  This will add unnecessary latency to the design. Please check the design for the following: 
 1) Manually instantiated XPM_CDC modules: Xilinx recommends that you remove these modules. 
 2) Xilinx IP that contains XPM_CDC modules: Verify the connections to the IP to determine whether you can safely ignore this message.
 [C:/Xilinx/Vivado/2020.1/data/ip/xpm/xpm_cdc/tcl/xpm_cdc_single.tcl:5]
Finished Sourcing Tcl File [C:/Xilinx/Vivado/2020.1/data/ip/xpm/xpm_cdc/tcl/xpm_cdc_single.tcl] for cell 'design_1_i/v_proc_ss_0/U0/video_router/xbar/inst/gen_static_router.gen_synch.inst_cdc_handshake/inst_xpm_cdc_handshake/xpm_cdc_single_dest2src_inst'
Sourcing Tcl File [C:/Xilinx/Vivado/2020.1/data/ip/xpm/xpm_cdc/tcl/xpm_cdc_single.tcl] for cell 'design_1_i/v_proc_ss_0/U0/video_router/xbar/inst/gen_static_router.gen_synch.inst_rst_synch/inst_xpm_cdc_single'
Finished Sourcing Tcl File [C:/Xilinx/Vivado/2020.1/data/ip/xpm/xpm_cdc/tcl/xpm_cdc_single.tcl] for cell 'design_1_i/v_proc_ss_0/U0/video_router/xbar/inst/gen_static_router.gen_synch.inst_rst_synch/inst_xpm_cdc_single'
Sourcing Tcl File [C:/Xilinx/Vivado/2020.1/data/ip/xpm/xpm_cdc/tcl/xpm_cdc_single.tcl] for cell 'design_1_i/v_proc_ss_0/U0/video_router/xbar/inst/gen_static_router.gen_synch.inst_cdc_handshake/inst_xpm_cdc_handshake/xpm_cdc_single_src2dest_inst'
INFO: [Vivado 12-3272] Current instance is the top level cell 'design_1_i/v_proc_ss_0/U0/video_router/xbar/inst/gen_static_router.gen_synch.inst_cdc_handshake/inst_xpm_cdc_handshake/xpm_cdc_single_src2dest_inst' of design 'design_1' [C:/Xilinx/Vivado/2020.1/data/ip/xpm/xpm_cdc/tcl/xpm_cdc_single.tcl:5]
WARNING: [XPM_CDC_SINGLE: TCL-1000] The source and destination clocks are the same. 
     Instance: design_1_i/v_proc_ss_0/U0/video_router/xbar/inst/gen_static_router.gen_synch.inst_cdc_handshake/inst_xpm_cdc_handshake/xpm_cdc_single_src2dest_inst 
  This will add unnecessary latency to the design. Please check the design for the following: 
 1) Manually instantiated XPM_CDC modules: Xilinx recommends that you remove these modules. 
 2) Xilinx IP that contains XPM_CDC modules: Verify the connections to the IP to determine whether you can safely ignore this message.
 [C:/Xilinx/Vivado/2020.1/data/ip/xpm/xpm_cdc/tcl/xpm_cdc_single.tcl:5]
Finished Sourcing Tcl File [C:/Xilinx/Vivado/2020.1/data/ip/xpm/xpm_cdc/tcl/xpm_cdc_single.tcl] for cell 'design_1_i/v_proc_ss_0/U0/video_router/xbar/inst/gen_static_router.gen_synch.inst_cdc_handshake/inst_xpm_cdc_handshake/xpm_cdc_single_src2dest_inst'
Sourcing Tcl File [C:/Xilinx/Vivado/2020.1/data/ip/xpm/xpm_cdc/tcl/xpm_cdc_single.tcl] for cell 'design_1_i/v_proc_ss_2/U0/video_router/xbar/inst/gen_static_router.gen_synch.inst_cdc_handshake/inst_xpm_cdc_handshake/xpm_cdc_single_dest2src_inst'
INFO: [Vivado 12-3272] Current instance is the top level cell 'design_1_i/v_proc_ss_2/U0/video_router/xbar/inst/gen_static_router.gen_synch.inst_cdc_handshake/inst_xpm_cdc_handshake/xpm_cdc_single_dest2src_inst' of design 'design_1' [C:/Xilinx/Vivado/2020.1/data/ip/xpm/xpm_cdc/tcl/xpm_cdc_single.tcl:5]
WARNING: [XPM_CDC_SINGLE: TCL-1000] The source and destination clocks are the same. 
     Instance: design_1_i/v_proc_ss_2/U0/video_router/xbar/inst/gen_static_router.gen_synch.inst_cdc_handshake/inst_xpm_cdc_handshake/xpm_cdc_single_dest2src_inst 
  This will add unnecessary latency to the design. Please check the design for the following: 
 1) Manually instantiated XPM_CDC modules: Xilinx recommends that you remove these modules. 
 2) Xilinx IP that contains XPM_CDC modules: Verify the connections to the IP to determine whether you can safely ignore this message.
 [C:/Xilinx/Vivado/2020.1/data/ip/xpm/xpm_cdc/tcl/xpm_cdc_single.tcl:5]
Finished Sourcing Tcl File [C:/Xilinx/Vivado/2020.1/data/ip/xpm/xpm_cdc/tcl/xpm_cdc_single.tcl] for cell 'design_1_i/v_proc_ss_2/U0/video_router/xbar/inst/gen_static_router.gen_synch.inst_cdc_handshake/inst_xpm_cdc_handshake/xpm_cdc_single_dest2src_inst'
Sourcing Tcl File [C:/Xilinx/Vivado/2020.1/data/ip/xpm/xpm_cdc/tcl/xpm_cdc_single.tcl] for cell 'design_1_i/v_proc_ss_2/U0/video_router/xbar/inst/gen_static_router.gen_synch.inst_rst_synch/inst_xpm_cdc_single'
Finished Sourcing Tcl File [C:/Xilinx/Vivado/2020.1/data/ip/xpm/xpm_cdc/tcl/xpm_cdc_single.tcl] for cell 'design_1_i/v_proc_ss_2/U0/video_router/xbar/inst/gen_static_router.gen_synch.inst_rst_synch/inst_xpm_cdc_single'
Sourcing Tcl File [C:/Xilinx/Vivado/2020.1/data/ip/xpm/xpm_cdc/tcl/xpm_cdc_single.tcl] for cell 'design_1_i/v_proc_ss_2/U0/video_router/xbar/inst/gen_static_router.gen_synch.inst_cdc_handshake/inst_xpm_cdc_handshake/xpm_cdc_single_src2dest_inst'
INFO: [Vivado 12-3272] Current instance is the top level cell 'design_1_i/v_proc_ss_2/U0/video_router/xbar/inst/gen_static_router.gen_synch.inst_cdc_handshake/inst_xpm_cdc_handshake/xpm_cdc_single_src2dest_inst' of design 'design_1' [C:/Xilinx/Vivado/2020.1/data/ip/xpm/xpm_cdc/tcl/xpm_cdc_single.tcl:5]
WARNING: [XPM_CDC_SINGLE: TCL-1000] The source and destination clocks are the same. 
     Instance: design_1_i/v_proc_ss_2/U0/video_router/xbar/inst/gen_static_router.gen_synch.inst_cdc_handshake/inst_xpm_cdc_handshake/xpm_cdc_single_src2dest_inst 
  This will add unnecessary latency to the design. Please check the design for the following: 
 1) Manually instantiated XPM_CDC modules: Xilinx recommends that you remove these modules. 
 2) Xilinx IP that contains XPM_CDC modules: Verify the connections to the IP to determine whether you can safely ignore this message.
 [C:/Xilinx/Vivado/2020.1/data/ip/xpm/xpm_cdc/tcl/xpm_cdc_single.tcl:5]
Finished Sourcing Tcl File [C:/Xilinx/Vivado/2020.1/data/ip/xpm/xpm_cdc/tcl/xpm_cdc_single.tcl] for cell 'design_1_i/v_proc_ss_2/U0/video_router/xbar/inst/gen_static_router.gen_synch.inst_cdc_handshake/inst_xpm_cdc_handshake/xpm_cdc_single_src2dest_inst'
Sourcing Tcl File [C:/Xilinx/Vivado/2020.1/data/ip/xpm/xpm_cdc/tcl/xpm_cdc_single.tcl] for cell 'design_1_i/ps7_0_axi_periph/m01_couplers/auto_cc/inst/gen_clock_conv.gen_async_lite_conv.clock_conv_lite_resp_r/handshake/xpm_cdc_single_dest2src_inst'
Finished Sourcing Tcl File [C:/Xilinx/Vivado/2020.1/data/ip/xpm/xpm_cdc/tcl/xpm_cdc_single.tcl] for cell 'design_1_i/ps7_0_axi_periph/m01_couplers/auto_cc/inst/gen_clock_conv.gen_async_lite_conv.clock_conv_lite_resp_r/handshake/xpm_cdc_single_dest2src_inst'
Sourcing Tcl File [C:/Xilinx/Vivado/2020.1/data/ip/xpm/xpm_cdc/tcl/xpm_cdc_single.tcl] for cell 'design_1_i/ps7_0_axi_periph/m01_couplers/auto_cc/inst/gen_clock_conv.gen_async_lite_conv.clock_conv_lite_fwd_aw/handshake/xpm_cdc_single_src2dest_inst'
Finished Sourcing Tcl File [C:/Xilinx/Vivado/2020.1/data/ip/xpm/xpm_cdc/tcl/xpm_cdc_single.tcl] for cell 'design_1_i/ps7_0_axi_periph/m01_couplers/auto_cc/inst/gen_clock_conv.gen_async_lite_conv.clock_conv_lite_fwd_aw/handshake/xpm_cdc_single_src2dest_inst'
Sourcing Tcl File [C:/Xilinx/Vivado/2020.1/data/ip/xpm/xpm_cdc/tcl/xpm_cdc_single.tcl] for cell 'design_1_i/ps7_0_axi_periph/m01_couplers/auto_cc/inst/gen_clock_conv.gen_async_lite_conv.clock_conv_lite_fwd_aw/handshake/xpm_cdc_single_dest2src_inst'
Finished Sourcing Tcl File [C:/Xilinx/Vivado/2020.1/data/ip/xpm/xpm_cdc/tcl/xpm_cdc_single.tcl] for cell 'design_1_i/ps7_0_axi_periph/m01_couplers/auto_cc/inst/gen_clock_conv.gen_async_lite_conv.clock_conv_lite_fwd_aw/handshake/xpm_cdc_single_dest2src_inst'
Sourcing Tcl File [C:/Xilinx/Vivado/2020.1/data/ip/xpm/xpm_cdc/tcl/xpm_cdc_single.tcl] for cell 'design_1_i/ps7_0_axi_periph/m01_couplers/auto_cc/inst/gen_clock_conv.gen_async_lite_conv.clock_conv_lite_fwd_ar/handshake/xpm_cdc_single_src2dest_inst'
Finished Sourcing Tcl File [C:/Xilinx/Vivado/2020.1/data/ip/xpm/xpm_cdc/tcl/xpm_cdc_single.tcl] for cell 'design_1_i/ps7_0_axi_periph/m01_couplers/auto_cc/inst/gen_clock_conv.gen_async_lite_conv.clock_conv_lite_fwd_ar/handshake/xpm_cdc_single_src2dest_inst'
Sourcing Tcl File [C:/Xilinx/Vivado/2020.1/data/ip/xpm/xpm_cdc/tcl/xpm_cdc_single.tcl] for cell 'design_1_i/ps7_0_axi_periph/m01_couplers/auto_cc/inst/gen_clock_conv.gen_async_lite_conv.clock_conv_lite_fwd_ar/handshake/xpm_cdc_single_dest2src_inst'
Finished Sourcing Tcl File [C:/Xilinx/Vivado/2020.1/data/ip/xpm/xpm_cdc/tcl/xpm_cdc_single.tcl] for cell 'design_1_i/ps7_0_axi_periph/m01_couplers/auto_cc/inst/gen_clock_conv.gen_async_lite_conv.clock_conv_lite_fwd_ar/handshake/xpm_cdc_single_dest2src_inst'
Sourcing Tcl File [C:/Xilinx/Vivado/2020.1/data/ip/xpm/xpm_cdc/tcl/xpm_cdc_single.tcl] for cell 'design_1_i/ps7_0_axi_periph/m01_couplers/auto_cc/inst/gen_clock_conv.gen_async_lite_conv.clock_conv_lite_fwd_w/handshake/xpm_cdc_single_src2dest_inst'
Finished Sourcing Tcl File [C:/Xilinx/Vivado/2020.1/data/ip/xpm/xpm_cdc/tcl/xpm_cdc_single.tcl] for cell 'design_1_i/ps7_0_axi_periph/m01_couplers/auto_cc/inst/gen_clock_conv.gen_async_lite_conv.clock_conv_lite_fwd_w/handshake/xpm_cdc_single_src2dest_inst'
Sourcing Tcl File [C:/Xilinx/Vivado/2020.1/data/ip/xpm/xpm_cdc/tcl/xpm_cdc_single.tcl] for cell 'design_1_i/ps7_0_axi_periph/m01_couplers/auto_cc/inst/gen_clock_conv.gen_async_lite_conv.clock_conv_lite_fwd_w/handshake/xpm_cdc_single_dest2src_inst'
Finished Sourcing Tcl File [C:/Xilinx/Vivado/2020.1/data/ip/xpm/xpm_cdc/tcl/xpm_cdc_single.tcl] for cell 'design_1_i/ps7_0_axi_periph/m01_couplers/auto_cc/inst/gen_clock_conv.gen_async_lite_conv.clock_conv_lite_fwd_w/handshake/xpm_cdc_single_dest2src_inst'
Sourcing Tcl File [C:/Xilinx/Vivado/2020.1/data/ip/xpm/xpm_cdc/tcl/xpm_cdc_single.tcl] for cell 'design_1_i/ps7_0_axi_periph/m01_couplers/auto_cc/inst/gen_clock_conv.gen_async_lite_conv.clock_conv_lite_resp_b/handshake/xpm_cdc_single_src2dest_inst'
Finished Sourcing Tcl File [C:/Xilinx/Vivado/2020.1/data/ip/xpm/xpm_cdc/tcl/xpm_cdc_single.tcl] for cell 'design_1_i/ps7_0_axi_periph/m01_couplers/auto_cc/inst/gen_clock_conv.gen_async_lite_conv.clock_conv_lite_resp_b/handshake/xpm_cdc_single_src2dest_inst'
Sourcing Tcl File [C:/Xilinx/Vivado/2020.1/data/ip/xpm/xpm_cdc/tcl/xpm_cdc_single.tcl] for cell 'design_1_i/ps7_0_axi_periph/m01_couplers/auto_cc/inst/gen_clock_conv.gen_async_lite_conv.clock_conv_lite_resp_b/handshake/xpm_cdc_single_dest2src_inst'
Finished Sourcing Tcl File [C:/Xilinx/Vivado/2020.1/data/ip/xpm/xpm_cdc/tcl/xpm_cdc_single.tcl] for cell 'design_1_i/ps7_0_axi_periph/m01_couplers/auto_cc/inst/gen_clock_conv.gen_async_lite_conv.clock_conv_lite_resp_b/handshake/xpm_cdc_single_dest2src_inst'
Sourcing Tcl File [C:/Xilinx/Vivado/2020.1/data/ip/xpm/xpm_cdc/tcl/xpm_cdc_single.tcl] for cell 'design_1_i/ps7_0_axi_periph/m01_couplers/auto_cc/inst/gen_clock_conv.gen_async_lite_conv.clock_conv_lite_resp_r/handshake/xpm_cdc_single_src2dest_inst'
Finished Sourcing Tcl File [C:/Xilinx/Vivado/2020.1/data/ip/xpm/xpm_cdc/tcl/xpm_cdc_single.tcl] for cell 'design_1_i/ps7_0_axi_periph/m01_couplers/auto_cc/inst/gen_clock_conv.gen_async_lite_conv.clock_conv_lite_resp_r/handshake/xpm_cdc_single_src2dest_inst'
Sourcing Tcl File [C:/Xilinx/Vivado/2020.1/data/ip/xpm/xpm_cdc/tcl/xpm_cdc_single.tcl] for cell 'design_1_i/ps7_0_axi_periph/m07_couplers/auto_cc/inst/gen_clock_conv.gen_async_lite_conv.clock_conv_lite_resp_r/handshake/xpm_cdc_single_dest2src_inst'
Finished Sourcing Tcl File [C:/Xilinx/Vivado/2020.1/data/ip/xpm/xpm_cdc/tcl/xpm_cdc_single.tcl] for cell 'design_1_i/ps7_0_axi_periph/m07_couplers/auto_cc/inst/gen_clock_conv.gen_async_lite_conv.clock_conv_lite_resp_r/handshake/xpm_cdc_single_dest2src_inst'
Sourcing Tcl File [C:/Xilinx/Vivado/2020.1/data/ip/xpm/xpm_cdc/tcl/xpm_cdc_single.tcl] for cell 'design_1_i/ps7_0_axi_periph/m07_couplers/auto_cc/inst/gen_clock_conv.gen_async_lite_conv.clock_conv_lite_fwd_aw/handshake/xpm_cdc_single_src2dest_inst'
Finished Sourcing Tcl File [C:/Xilinx/Vivado/2020.1/data/ip/xpm/xpm_cdc/tcl/xpm_cdc_single.tcl] for cell 'design_1_i/ps7_0_axi_periph/m07_couplers/auto_cc/inst/gen_clock_conv.gen_async_lite_conv.clock_conv_lite_fwd_aw/handshake/xpm_cdc_single_src2dest_inst'
Sourcing Tcl File [C:/Xilinx/Vivado/2020.1/data/ip/xpm/xpm_cdc/tcl/xpm_cdc_single.tcl] for cell 'design_1_i/ps7_0_axi_periph/m07_couplers/auto_cc/inst/gen_clock_conv.gen_async_lite_conv.clock_conv_lite_fwd_aw/handshake/xpm_cdc_single_dest2src_inst'
Finished Sourcing Tcl File [C:/Xilinx/Vivado/2020.1/data/ip/xpm/xpm_cdc/tcl/xpm_cdc_single.tcl] for cell 'design_1_i/ps7_0_axi_periph/m07_couplers/auto_cc/inst/gen_clock_conv.gen_async_lite_conv.clock_conv_lite_fwd_aw/handshake/xpm_cdc_single_dest2src_inst'
Sourcing Tcl File [C:/Xilinx/Vivado/2020.1/data/ip/xpm/xpm_cdc/tcl/xpm_cdc_single.tcl] for cell 'design_1_i/ps7_0_axi_periph/m07_couplers/auto_cc/inst/gen_clock_conv.gen_async_lite_conv.clock_conv_lite_fwd_ar/handshake/xpm_cdc_single_src2dest_inst'
Finished Sourcing Tcl File [C:/Xilinx/Vivado/2020.1/data/ip/xpm/xpm_cdc/tcl/xpm_cdc_single.tcl] for cell 'design_1_i/ps7_0_axi_periph/m07_couplers/auto_cc/inst/gen_clock_conv.gen_async_lite_conv.clock_conv_lite_fwd_ar/handshake/xpm_cdc_single_src2dest_inst'
Sourcing Tcl File [C:/Xilinx/Vivado/2020.1/data/ip/xpm/xpm_cdc/tcl/xpm_cdc_single.tcl] for cell 'design_1_i/ps7_0_axi_periph/m07_couplers/auto_cc/inst/gen_clock_conv.gen_async_lite_conv.clock_conv_lite_fwd_ar/handshake/xpm_cdc_single_dest2src_inst'
Finished Sourcing Tcl File [C:/Xilinx/Vivado/2020.1/data/ip/xpm/xpm_cdc/tcl/xpm_cdc_single.tcl] for cell 'design_1_i/ps7_0_axi_periph/m07_couplers/auto_cc/inst/gen_clock_conv.gen_async_lite_conv.clock_conv_lite_fwd_ar/handshake/xpm_cdc_single_dest2src_inst'
Sourcing Tcl File [C:/Xilinx/Vivado/2020.1/data/ip/xpm/xpm_cdc/tcl/xpm_cdc_single.tcl] for cell 'design_1_i/ps7_0_axi_periph/m07_couplers/auto_cc/inst/gen_clock_conv.gen_async_lite_conv.clock_conv_lite_fwd_w/handshake/xpm_cdc_single_src2dest_inst'
Finished Sourcing Tcl File [C:/Xilinx/Vivado/2020.1/data/ip/xpm/xpm_cdc/tcl/xpm_cdc_single.tcl] for cell 'design_1_i/ps7_0_axi_periph/m07_couplers/auto_cc/inst/gen_clock_conv.gen_async_lite_conv.clock_conv_lite_fwd_w/handshake/xpm_cdc_single_src2dest_inst'
Sourcing Tcl File [C:/Xilinx/Vivado/2020.1/data/ip/xpm/xpm_cdc/tcl/xpm_cdc_single.tcl] for cell 'design_1_i/ps7_0_axi_periph/m07_couplers/auto_cc/inst/gen_clock_conv.gen_async_lite_conv.clock_conv_lite_fwd_w/handshake/xpm_cdc_single_dest2src_inst'
Finished Sourcing Tcl File [C:/Xilinx/Vivado/2020.1/data/ip/xpm/xpm_cdc/tcl/xpm_cdc_single.tcl] for cell 'design_1_i/ps7_0_axi_periph/m07_couplers/auto_cc/inst/gen_clock_conv.gen_async_lite_conv.clock_conv_lite_fwd_w/handshake/xpm_cdc_single_dest2src_inst'
Sourcing Tcl File [C:/Xilinx/Vivado/2020.1/data/ip/xpm/xpm_cdc/tcl/xpm_cdc_single.tcl] for cell 'design_1_i/ps7_0_axi_periph/m07_couplers/auto_cc/inst/gen_clock_conv.gen_async_lite_conv.clock_conv_lite_resp_b/handshake/xpm_cdc_single_src2dest_inst'
Finished Sourcing Tcl File [C:/Xilinx/Vivado/2020.1/data/ip/xpm/xpm_cdc/tcl/xpm_cdc_single.tcl] for cell 'design_1_i/ps7_0_axi_periph/m07_couplers/auto_cc/inst/gen_clock_conv.gen_async_lite_conv.clock_conv_lite_resp_b/handshake/xpm_cdc_single_src2dest_inst'
Sourcing Tcl File [C:/Xilinx/Vivado/2020.1/data/ip/xpm/xpm_cdc/tcl/xpm_cdc_single.tcl] for cell 'design_1_i/ps7_0_axi_periph/m07_couplers/auto_cc/inst/gen_clock_conv.gen_async_lite_conv.clock_conv_lite_resp_b/handshake/xpm_cdc_single_dest2src_inst'
Finished Sourcing Tcl File [C:/Xilinx/Vivado/2020.1/data/ip/xpm/xpm_cdc/tcl/xpm_cdc_single.tcl] for cell 'design_1_i/ps7_0_axi_periph/m07_couplers/auto_cc/inst/gen_clock_conv.gen_async_lite_conv.clock_conv_lite_resp_b/handshake/xpm_cdc_single_dest2src_inst'
Sourcing Tcl File [C:/Xilinx/Vivado/2020.1/data/ip/xpm/xpm_cdc/tcl/xpm_cdc_single.tcl] for cell 'design_1_i/ps7_0_axi_periph/m07_couplers/auto_cc/inst/gen_clock_conv.gen_async_lite_conv.clock_conv_lite_resp_r/handshake/xpm_cdc_single_src2dest_inst'
Finished Sourcing Tcl File [C:/Xilinx/Vivado/2020.1/data/ip/xpm/xpm_cdc/tcl/xpm_cdc_single.tcl] for cell 'design_1_i/ps7_0_axi_periph/m07_couplers/auto_cc/inst/gen_clock_conv.gen_async_lite_conv.clock_conv_lite_resp_r/handshake/xpm_cdc_single_src2dest_inst'
Sourcing Tcl File [C:/Xilinx/Vivado/2020.1/data/ip/xpm/xpm_cdc/tcl/xpm_cdc_single.tcl] for cell 'design_1_i/ps7_0_axi_periph/m08_couplers/auto_cc/inst/gen_clock_conv.gen_async_lite_conv.clock_conv_lite_resp_r/handshake/xpm_cdc_single_dest2src_inst'
Finished Sourcing Tcl File [C:/Xilinx/Vivado/2020.1/data/ip/xpm/xpm_cdc/tcl/xpm_cdc_single.tcl] for cell 'design_1_i/ps7_0_axi_periph/m08_couplers/auto_cc/inst/gen_clock_conv.gen_async_lite_conv.clock_conv_lite_resp_r/handshake/xpm_cdc_single_dest2src_inst'
Sourcing Tcl File [C:/Xilinx/Vivado/2020.1/data/ip/xpm/xpm_cdc/tcl/xpm_cdc_single.tcl] for cell 'design_1_i/ps7_0_axi_periph/m08_couplers/auto_cc/inst/gen_clock_conv.gen_async_lite_conv.clock_conv_lite_fwd_aw/handshake/xpm_cdc_single_src2dest_inst'
Finished Sourcing Tcl File [C:/Xilinx/Vivado/2020.1/data/ip/xpm/xpm_cdc/tcl/xpm_cdc_single.tcl] for cell 'design_1_i/ps7_0_axi_periph/m08_couplers/auto_cc/inst/gen_clock_conv.gen_async_lite_conv.clock_conv_lite_fwd_aw/handshake/xpm_cdc_single_src2dest_inst'
Sourcing Tcl File [C:/Xilinx/Vivado/2020.1/data/ip/xpm/xpm_cdc/tcl/xpm_cdc_single.tcl] for cell 'design_1_i/ps7_0_axi_periph/m08_couplers/auto_cc/inst/gen_clock_conv.gen_async_lite_conv.clock_conv_lite_fwd_aw/handshake/xpm_cdc_single_dest2src_inst'
Finished Sourcing Tcl File [C:/Xilinx/Vivado/2020.1/data/ip/xpm/xpm_cdc/tcl/xpm_cdc_single.tcl] for cell 'design_1_i/ps7_0_axi_periph/m08_couplers/auto_cc/inst/gen_clock_conv.gen_async_lite_conv.clock_conv_lite_fwd_aw/handshake/xpm_cdc_single_dest2src_inst'
Sourcing Tcl File [C:/Xilinx/Vivado/2020.1/data/ip/xpm/xpm_cdc/tcl/xpm_cdc_single.tcl] for cell 'design_1_i/ps7_0_axi_periph/m08_couplers/auto_cc/inst/gen_clock_conv.gen_async_lite_conv.clock_conv_lite_fwd_ar/handshake/xpm_cdc_single_src2dest_inst'
Finished Sourcing Tcl File [C:/Xilinx/Vivado/2020.1/data/ip/xpm/xpm_cdc/tcl/xpm_cdc_single.tcl] for cell 'design_1_i/ps7_0_axi_periph/m08_couplers/auto_cc/inst/gen_clock_conv.gen_async_lite_conv.clock_conv_lite_fwd_ar/handshake/xpm_cdc_single_src2dest_inst'
Sourcing Tcl File [C:/Xilinx/Vivado/2020.1/data/ip/xpm/xpm_cdc/tcl/xpm_cdc_single.tcl] for cell 'design_1_i/ps7_0_axi_periph/m08_couplers/auto_cc/inst/gen_clock_conv.gen_async_lite_conv.clock_conv_lite_fwd_ar/handshake/xpm_cdc_single_dest2src_inst'
Finished Sourcing Tcl File [C:/Xilinx/Vivado/2020.1/data/ip/xpm/xpm_cdc/tcl/xpm_cdc_single.tcl] for cell 'design_1_i/ps7_0_axi_periph/m08_couplers/auto_cc/inst/gen_clock_conv.gen_async_lite_conv.clock_conv_lite_fwd_ar/handshake/xpm_cdc_single_dest2src_inst'
Sourcing Tcl File [C:/Xilinx/Vivado/2020.1/data/ip/xpm/xpm_cdc/tcl/xpm_cdc_single.tcl] for cell 'design_1_i/ps7_0_axi_periph/m08_couplers/auto_cc/inst/gen_clock_conv.gen_async_lite_conv.clock_conv_lite_fwd_w/handshake/xpm_cdc_single_src2dest_inst'
Finished Sourcing Tcl File [C:/Xilinx/Vivado/2020.1/data/ip/xpm/xpm_cdc/tcl/xpm_cdc_single.tcl] for cell 'design_1_i/ps7_0_axi_periph/m08_couplers/auto_cc/inst/gen_clock_conv.gen_async_lite_conv.clock_conv_lite_fwd_w/handshake/xpm_cdc_single_src2dest_inst'
Sourcing Tcl File [C:/Xilinx/Vivado/2020.1/data/ip/xpm/xpm_cdc/tcl/xpm_cdc_single.tcl] for cell 'design_1_i/ps7_0_axi_periph/m08_couplers/auto_cc/inst/gen_clock_conv.gen_async_lite_conv.clock_conv_lite_fwd_w/handshake/xpm_cdc_single_dest2src_inst'
Finished Sourcing Tcl File [C:/Xilinx/Vivado/2020.1/data/ip/xpm/xpm_cdc/tcl/xpm_cdc_single.tcl] for cell 'design_1_i/ps7_0_axi_periph/m08_couplers/auto_cc/inst/gen_clock_conv.gen_async_lite_conv.clock_conv_lite_fwd_w/handshake/xpm_cdc_single_dest2src_inst'
Sourcing Tcl File [C:/Xilinx/Vivado/2020.1/data/ip/xpm/xpm_cdc/tcl/xpm_cdc_single.tcl] for cell 'design_1_i/ps7_0_axi_periph/m08_couplers/auto_cc/inst/gen_clock_conv.gen_async_lite_conv.clock_conv_lite_resp_b/handshake/xpm_cdc_single_src2dest_inst'
Finished Sourcing Tcl File [C:/Xilinx/Vivado/2020.1/data/ip/xpm/xpm_cdc/tcl/xpm_cdc_single.tcl] for cell 'design_1_i/ps7_0_axi_periph/m08_couplers/auto_cc/inst/gen_clock_conv.gen_async_lite_conv.clock_conv_lite_resp_b/handshake/xpm_cdc_single_src2dest_inst'
Sourcing Tcl File [C:/Xilinx/Vivado/2020.1/data/ip/xpm/xpm_cdc/tcl/xpm_cdc_single.tcl] for cell 'design_1_i/ps7_0_axi_periph/m08_couplers/auto_cc/inst/gen_clock_conv.gen_async_lite_conv.clock_conv_lite_resp_b/handshake/xpm_cdc_single_dest2src_inst'
Finished Sourcing Tcl File [C:/Xilinx/Vivado/2020.1/data/ip/xpm/xpm_cdc/tcl/xpm_cdc_single.tcl] for cell 'design_1_i/ps7_0_axi_periph/m08_couplers/auto_cc/inst/gen_clock_conv.gen_async_lite_conv.clock_conv_lite_resp_b/handshake/xpm_cdc_single_dest2src_inst'
Sourcing Tcl File [C:/Xilinx/Vivado/2020.1/data/ip/xpm/xpm_cdc/tcl/xpm_cdc_single.tcl] for cell 'design_1_i/ps7_0_axi_periph/m08_couplers/auto_cc/inst/gen_clock_conv.gen_async_lite_conv.clock_conv_lite_resp_r/handshake/xpm_cdc_single_src2dest_inst'
Finished Sourcing Tcl File [C:/Xilinx/Vivado/2020.1/data/ip/xpm/xpm_cdc/tcl/xpm_cdc_single.tcl] for cell 'design_1_i/ps7_0_axi_periph/m08_couplers/auto_cc/inst/gen_clock_conv.gen_async_lite_conv.clock_conv_lite_resp_r/handshake/xpm_cdc_single_src2dest_inst'
Sourcing Tcl File [C:/Xilinx/Vivado/2020.1/data/ip/xpm/xpm_cdc/tcl/xpm_cdc_single.tcl] for cell 'design_1_i/ps7_0_axi_periph/m11_couplers/auto_cc/inst/gen_clock_conv.gen_async_lite_conv.clock_conv_lite_resp_r/handshake/xpm_cdc_single_dest2src_inst'
Finished Sourcing Tcl File [C:/Xilinx/Vivado/2020.1/data/ip/xpm/xpm_cdc/tcl/xpm_cdc_single.tcl] for cell 'design_1_i/ps7_0_axi_periph/m11_couplers/auto_cc/inst/gen_clock_conv.gen_async_lite_conv.clock_conv_lite_resp_r/handshake/xpm_cdc_single_dest2src_inst'
Sourcing Tcl File [C:/Xilinx/Vivado/2020.1/data/ip/xpm/xpm_cdc/tcl/xpm_cdc_single.tcl] for cell 'design_1_i/ps7_0_axi_periph/m11_couplers/auto_cc/inst/gen_clock_conv.gen_async_lite_conv.clock_conv_lite_fwd_aw/handshake/xpm_cdc_single_src2dest_inst'
Finished Sourcing Tcl File [C:/Xilinx/Vivado/2020.1/data/ip/xpm/xpm_cdc/tcl/xpm_cdc_single.tcl] for cell 'design_1_i/ps7_0_axi_periph/m11_couplers/auto_cc/inst/gen_clock_conv.gen_async_lite_conv.clock_conv_lite_fwd_aw/handshake/xpm_cdc_single_src2dest_inst'
Sourcing Tcl File [C:/Xilinx/Vivado/2020.1/data/ip/xpm/xpm_cdc/tcl/xpm_cdc_single.tcl] for cell 'design_1_i/ps7_0_axi_periph/m11_couplers/auto_cc/inst/gen_clock_conv.gen_async_lite_conv.clock_conv_lite_fwd_aw/handshake/xpm_cdc_single_dest2src_inst'
Finished Sourcing Tcl File [C:/Xilinx/Vivado/2020.1/data/ip/xpm/xpm_cdc/tcl/xpm_cdc_single.tcl] for cell 'design_1_i/ps7_0_axi_periph/m11_couplers/auto_cc/inst/gen_clock_conv.gen_async_lite_conv.clock_conv_lite_fwd_aw/handshake/xpm_cdc_single_dest2src_inst'
Sourcing Tcl File [C:/Xilinx/Vivado/2020.1/data/ip/xpm/xpm_cdc/tcl/xpm_cdc_single.tcl] for cell 'design_1_i/ps7_0_axi_periph/m11_couplers/auto_cc/inst/gen_clock_conv.gen_async_lite_conv.clock_conv_lite_fwd_ar/handshake/xpm_cdc_single_src2dest_inst'
Finished Sourcing Tcl File [C:/Xilinx/Vivado/2020.1/data/ip/xpm/xpm_cdc/tcl/xpm_cdc_single.tcl] for cell 'design_1_i/ps7_0_axi_periph/m11_couplers/auto_cc/inst/gen_clock_conv.gen_async_lite_conv.clock_conv_lite_fwd_ar/handshake/xpm_cdc_single_src2dest_inst'
Sourcing Tcl File [C:/Xilinx/Vivado/2020.1/data/ip/xpm/xpm_cdc/tcl/xpm_cdc_single.tcl] for cell 'design_1_i/ps7_0_axi_periph/m11_couplers/auto_cc/inst/gen_clock_conv.gen_async_lite_conv.clock_conv_lite_fwd_ar/handshake/xpm_cdc_single_dest2src_inst'
Finished Sourcing Tcl File [C:/Xilinx/Vivado/2020.1/data/ip/xpm/xpm_cdc/tcl/xpm_cdc_single.tcl] for cell 'design_1_i/ps7_0_axi_periph/m11_couplers/auto_cc/inst/gen_clock_conv.gen_async_lite_conv.clock_conv_lite_fwd_ar/handshake/xpm_cdc_single_dest2src_inst'
Sourcing Tcl File [C:/Xilinx/Vivado/2020.1/data/ip/xpm/xpm_cdc/tcl/xpm_cdc_single.tcl] for cell 'design_1_i/ps7_0_axi_periph/m11_couplers/auto_cc/inst/gen_clock_conv.gen_async_lite_conv.clock_conv_lite_fwd_w/handshake/xpm_cdc_single_src2dest_inst'
Finished Sourcing Tcl File [C:/Xilinx/Vivado/2020.1/data/ip/xpm/xpm_cdc/tcl/xpm_cdc_single.tcl] for cell 'design_1_i/ps7_0_axi_periph/m11_couplers/auto_cc/inst/gen_clock_conv.gen_async_lite_conv.clock_conv_lite_fwd_w/handshake/xpm_cdc_single_src2dest_inst'
Sourcing Tcl File [C:/Xilinx/Vivado/2020.1/data/ip/xpm/xpm_cdc/tcl/xpm_cdc_single.tcl] for cell 'design_1_i/ps7_0_axi_periph/m11_couplers/auto_cc/inst/gen_clock_conv.gen_async_lite_conv.clock_conv_lite_fwd_w/handshake/xpm_cdc_single_dest2src_inst'
Finished Sourcing Tcl File [C:/Xilinx/Vivado/2020.1/data/ip/xpm/xpm_cdc/tcl/xpm_cdc_single.tcl] for cell 'design_1_i/ps7_0_axi_periph/m11_couplers/auto_cc/inst/gen_clock_conv.gen_async_lite_conv.clock_conv_lite_fwd_w/handshake/xpm_cdc_single_dest2src_inst'
Sourcing Tcl File [C:/Xilinx/Vivado/2020.1/data/ip/xpm/xpm_cdc/tcl/xpm_cdc_single.tcl] for cell 'design_1_i/ps7_0_axi_periph/m11_couplers/auto_cc/inst/gen_clock_conv.gen_async_lite_conv.clock_conv_lite_resp_b/handshake/xpm_cdc_single_src2dest_inst'
Finished Sourcing Tcl File [C:/Xilinx/Vivado/2020.1/data/ip/xpm/xpm_cdc/tcl/xpm_cdc_single.tcl] for cell 'design_1_i/ps7_0_axi_periph/m11_couplers/auto_cc/inst/gen_clock_conv.gen_async_lite_conv.clock_conv_lite_resp_b/handshake/xpm_cdc_single_src2dest_inst'
Sourcing Tcl File [C:/Xilinx/Vivado/2020.1/data/ip/xpm/xpm_cdc/tcl/xpm_cdc_single.tcl] for cell 'design_1_i/ps7_0_axi_periph/m11_couplers/auto_cc/inst/gen_clock_conv.gen_async_lite_conv.clock_conv_lite_resp_b/handshake/xpm_cdc_single_dest2src_inst'
Finished Sourcing Tcl File [C:/Xilinx/Vivado/2020.1/data/ip/xpm/xpm_cdc/tcl/xpm_cdc_single.tcl] for cell 'design_1_i/ps7_0_axi_periph/m11_couplers/auto_cc/inst/gen_clock_conv.gen_async_lite_conv.clock_conv_lite_resp_b/handshake/xpm_cdc_single_dest2src_inst'
Sourcing Tcl File [C:/Xilinx/Vivado/2020.1/data/ip/xpm/xpm_cdc/tcl/xpm_cdc_single.tcl] for cell 'design_1_i/ps7_0_axi_periph/m11_couplers/auto_cc/inst/gen_clock_conv.gen_async_lite_conv.clock_conv_lite_resp_r/handshake/xpm_cdc_single_src2dest_inst'
Finished Sourcing Tcl File [C:/Xilinx/Vivado/2020.1/data/ip/xpm/xpm_cdc/tcl/xpm_cdc_single.tcl] for cell 'design_1_i/ps7_0_axi_periph/m11_couplers/auto_cc/inst/gen_clock_conv.gen_async_lite_conv.clock_conv_lite_resp_r/handshake/xpm_cdc_single_src2dest_inst'
Sourcing Tcl File [C:/Xilinx/Vivado/2020.1/data/ip/xpm/xpm_cdc/tcl/xpm_cdc_single.tcl] for cell 'design_1_i/v_axi4s_vid_out_0/inst/CDC_SINGLE_LOCKED_INST/xpm_cdc_single_inst'
Finished Sourcing Tcl File [C:/Xilinx/Vivado/2020.1/data/ip/xpm/xpm_cdc/tcl/xpm_cdc_single.tcl] for cell 'design_1_i/v_axi4s_vid_out_0/inst/CDC_SINGLE_LOCKED_INST/xpm_cdc_single_inst'
Sourcing Tcl File [C:/Xilinx/Vivado/2020.1/data/ip/xpm/xpm_cdc/tcl/xpm_cdc_single.tcl] for cell 'design_1_i/v_axi4s_vid_out_0/inst/CDC_SINGLE_REMAP_UNDERFLOW_INST/xpm_cdc_single_inst'
Finished Sourcing Tcl File [C:/Xilinx/Vivado/2020.1/data/ip/xpm/xpm_cdc/tcl/xpm_cdc_single.tcl] for cell 'design_1_i/v_axi4s_vid_out_0/inst/CDC_SINGLE_REMAP_UNDERFLOW_INST/xpm_cdc_single_inst'
Sourcing Tcl File [C:/Xilinx/Vivado/2020.1/data/ip/xpm/xpm_cdc/tcl/xpm_cdc_single.tcl] for cell 'design_1_i/v_vid_in_axi4s_0/inst/CDC_SINGLE_REMAP_OVERFLOW_INST/xpm_cdc_single_inst'
Finished Sourcing Tcl File [C:/Xilinx/Vivado/2020.1/data/ip/xpm/xpm_cdc/tcl/xpm_cdc_single.tcl] for cell 'design_1_i/v_vid_in_axi4s_0/inst/CDC_SINGLE_REMAP_OVERFLOW_INST/xpm_cdc_single_inst'
Sourcing Tcl File [C:/Xilinx/Vivado/2020.1/data/ip/xpm/xpm_cdc/tcl/xpm_cdc_single.tcl] for cell 'design_1_i/v_vid_in_axi4s_0/inst/CDC_SINGLE_RESET_PULSE_INST/xpm_cdc_single_inst'
Finished Sourcing Tcl File [C:/Xilinx/Vivado/2020.1/data/ip/xpm/xpm_cdc/tcl/xpm_cdc_single.tcl] for cell 'design_1_i/v_vid_in_axi4s_0/inst/CDC_SINGLE_RESET_PULSE_INST/xpm_cdc_single_inst'
Sourcing Tcl File [C:/Xilinx/Vivado/2020.1/data/ip/xpm/xpm_cdc/tcl/xpm_cdc_sync_rst.tcl] for cell 'design_1_i/onsemi_vita_cam_0/U0/onsemi_vita_cam_v3_1_S00_AXI_inst/onsemi_vita_cam_core_inst/DEMUX_GEN.demux_fifo_l/afifo_64i_16o_l/gnuram_async_fifo.xpm_fifo_base_inst/xpm_fifo_rst_inst/gen_rst_ic.rrst_wr_inst'
Finished Sourcing Tcl File [C:/Xilinx/Vivado/2020.1/data/ip/xpm/xpm_cdc/tcl/xpm_cdc_sync_rst.tcl] for cell 'design_1_i/onsemi_vita_cam_0/U0/onsemi_vita_cam_v3_1_S00_AXI_inst/onsemi_vita_cam_core_inst/DEMUX_GEN.demux_fifo_l/afifo_64i_16o_l/gnuram_async_fifo.xpm_fifo_base_inst/xpm_fifo_rst_inst/gen_rst_ic.rrst_wr_inst'
Sourcing Tcl File [C:/Xilinx/Vivado/2020.1/data/ip/xpm/xpm_cdc/tcl/xpm_cdc_sync_rst.tcl] for cell 'design_1_i/onsemi_vita_cam_0/U0/onsemi_vita_cam_v3_1_S00_AXI_inst/onsemi_vita_cam_core_inst/framestart2_regen_l/pulse_regen_l/gnuram_async_fifo.xpm_fifo_base_inst/xpm_fifo_rst_inst/gen_rst_ic.wrst_rd_inst'
Finished Sourcing Tcl File [C:/Xilinx/Vivado/2020.1/data/ip/xpm/xpm_cdc/tcl/xpm_cdc_sync_rst.tcl] for cell 'design_1_i/onsemi_vita_cam_0/U0/onsemi_vita_cam_v3_1_S00_AXI_inst/onsemi_vita_cam_core_inst/framestart2_regen_l/pulse_regen_l/gnuram_async_fifo.xpm_fifo_base_inst/xpm_fifo_rst_inst/gen_rst_ic.wrst_rd_inst'
Sourcing Tcl File [C:/Xilinx/Vivado/2020.1/data/ip/xpm/xpm_cdc/tcl/xpm_cdc_sync_rst.tcl] for cell 'design_1_i/onsemi_vita_cam_0/U0/onsemi_vita_cam_v3_1_S00_AXI_inst/onsemi_vita_cam_core_inst/framestart2_regen_l/pulse_regen_l/gnuram_async_fifo.xpm_fifo_base_inst/xpm_fifo_rst_inst/gen_rst_ic.rrst_wr_inst'
Finished Sourcing Tcl File [C:/Xilinx/Vivado/2020.1/data/ip/xpm/xpm_cdc/tcl/xpm_cdc_sync_rst.tcl] for cell 'design_1_i/onsemi_vita_cam_0/U0/onsemi_vita_cam_v3_1_S00_AXI_inst/onsemi_vita_cam_core_inst/framestart2_regen_l/pulse_regen_l/gnuram_async_fifo.xpm_fifo_base_inst/xpm_fifo_rst_inst/gen_rst_ic.rrst_wr_inst'
Sourcing Tcl File [C:/Xilinx/Vivado/2020.1/data/ip/xpm/xpm_cdc/tcl/xpm_cdc_sync_rst.tcl] for cell 'design_1_i/onsemi_vita_cam_0/U0/onsemi_vita_cam_v3_1_S00_AXI_inst/onsemi_vita_cam_core_inst/DEMUX_GEN.demux_fifo_l/afifo_64i_16o_l/gnuram_async_fifo.xpm_fifo_base_inst/xpm_fifo_rst_inst/gen_rst_ic.wrst_rd_inst'
Finished Sourcing Tcl File [C:/Xilinx/Vivado/2020.1/data/ip/xpm/xpm_cdc/tcl/xpm_cdc_sync_rst.tcl] for cell 'design_1_i/onsemi_vita_cam_0/U0/onsemi_vita_cam_v3_1_S00_AXI_inst/onsemi_vita_cam_core_inst/DEMUX_GEN.demux_fifo_l/afifo_64i_16o_l/gnuram_async_fifo.xpm_fifo_base_inst/xpm_fifo_rst_inst/gen_rst_ic.wrst_rd_inst'
Sourcing Tcl File [C:/Xilinx/Vivado/2020.1/data/ip/xpm/xpm_cdc/tcl/xpm_cdc_sync_rst.tcl] for cell 'design_1_i/onsemi_vita_spi_0/U0/onsemi_vita_spi_v3_1_S00_AXI_inst/onsemi_vita_spicore_inst/vita_spi_rxfifo_l/afifo_64i_16o_l/gnuram_async_fifo.xpm_fifo_base_inst/xpm_fifo_rst_inst/gen_rst_ic.rrst_wr_inst'
Finished Sourcing Tcl File [C:/Xilinx/Vivado/2020.1/data/ip/xpm/xpm_cdc/tcl/xpm_cdc_sync_rst.tcl] for cell 'design_1_i/onsemi_vita_spi_0/U0/onsemi_vita_spi_v3_1_S00_AXI_inst/onsemi_vita_spicore_inst/vita_spi_rxfifo_l/afifo_64i_16o_l/gnuram_async_fifo.xpm_fifo_base_inst/xpm_fifo_rst_inst/gen_rst_ic.rrst_wr_inst'
Sourcing Tcl File [C:/Xilinx/Vivado/2020.1/data/ip/xpm/xpm_cdc/tcl/xpm_cdc_sync_rst.tcl] for cell 'design_1_i/onsemi_vita_spi_0/U0/onsemi_vita_spi_v3_1_S00_AXI_inst/onsemi_vita_spicore_inst/vita_spi_txfifo_l/afifo_64i_16o_l/gnuram_async_fifo.xpm_fifo_base_inst/xpm_fifo_rst_inst/gen_rst_ic.wrst_rd_inst'
Finished Sourcing Tcl File [C:/Xilinx/Vivado/2020.1/data/ip/xpm/xpm_cdc/tcl/xpm_cdc_sync_rst.tcl] for cell 'design_1_i/onsemi_vita_spi_0/U0/onsemi_vita_spi_v3_1_S00_AXI_inst/onsemi_vita_spicore_inst/vita_spi_txfifo_l/afifo_64i_16o_l/gnuram_async_fifo.xpm_fifo_base_inst/xpm_fifo_rst_inst/gen_rst_ic.wrst_rd_inst'
Sourcing Tcl File [C:/Xilinx/Vivado/2020.1/data/ip/xpm/xpm_cdc/tcl/xpm_cdc_sync_rst.tcl] for cell 'design_1_i/onsemi_vita_spi_0/U0/onsemi_vita_spi_v3_1_S00_AXI_inst/onsemi_vita_spicore_inst/vita_spi_txfifo_l/afifo_64i_16o_l/gnuram_async_fifo.xpm_fifo_base_inst/xpm_fifo_rst_inst/gen_rst_ic.rrst_wr_inst'
Finished Sourcing Tcl File [C:/Xilinx/Vivado/2020.1/data/ip/xpm/xpm_cdc/tcl/xpm_cdc_sync_rst.tcl] for cell 'design_1_i/onsemi_vita_spi_0/U0/onsemi_vita_spi_v3_1_S00_AXI_inst/onsemi_vita_spicore_inst/vita_spi_txfifo_l/afifo_64i_16o_l/gnuram_async_fifo.xpm_fifo_base_inst/xpm_fifo_rst_inst/gen_rst_ic.rrst_wr_inst'
Sourcing Tcl File [C:/Xilinx/Vivado/2020.1/data/ip/xpm/xpm_cdc/tcl/xpm_cdc_sync_rst.tcl] for cell 'design_1_i/onsemi_vita_spi_0/U0/onsemi_vita_spi_v3_1_S00_AXI_inst/onsemi_vita_spicore_inst/vita_spi_rxfifo_l/afifo_64i_16o_l/gnuram_async_fifo.xpm_fifo_base_inst/xpm_fifo_rst_inst/gen_rst_ic.wrst_rd_inst'
Finished Sourcing Tcl File [C:/Xilinx/Vivado/2020.1/data/ip/xpm/xpm_cdc/tcl/xpm_cdc_sync_rst.tcl] for cell 'design_1_i/onsemi_vita_spi_0/U0/onsemi_vita_spi_v3_1_S00_AXI_inst/onsemi_vita_spicore_inst/vita_spi_rxfifo_l/afifo_64i_16o_l/gnuram_async_fifo.xpm_fifo_base_inst/xpm_fifo_rst_inst/gen_rst_ic.wrst_rd_inst'
Sourcing Tcl File [C:/Xilinx/Vivado/2020.1/data/ip/xpm/xpm_cdc/tcl/xpm_cdc_sync_rst.tcl] for cell 'design_1_i/v_axi4s_vid_out_0/inst/COUPLER_INST/generate_async_fifo.FIFO_INST/XPM_FIFO_ASYNC_INST/gnuram_async_fifo.xpm_fifo_base_inst/xpm_fifo_rst_inst/gen_rst_ic.rrst_wr_inst'
Finished Sourcing Tcl File [C:/Xilinx/Vivado/2020.1/data/ip/xpm/xpm_cdc/tcl/xpm_cdc_sync_rst.tcl] for cell 'design_1_i/v_axi4s_vid_out_0/inst/COUPLER_INST/generate_async_fifo.FIFO_INST/XPM_FIFO_ASYNC_INST/gnuram_async_fifo.xpm_fifo_base_inst/xpm_fifo_rst_inst/gen_rst_ic.rrst_wr_inst'
Sourcing Tcl File [C:/Xilinx/Vivado/2020.1/data/ip/xpm/xpm_cdc/tcl/xpm_cdc_sync_rst.tcl] for cell 'design_1_i/v_axi4s_vid_out_0/inst/COUPLER_INST/generate_async_fifo.FIFO_INST/XPM_FIFO_ASYNC_INST/gnuram_async_fifo.xpm_fifo_base_inst/xpm_fifo_rst_inst/gen_rst_ic.wrst_rd_inst'
Finished Sourcing Tcl File [C:/Xilinx/Vivado/2020.1/data/ip/xpm/xpm_cdc/tcl/xpm_cdc_sync_rst.tcl] for cell 'design_1_i/v_axi4s_vid_out_0/inst/COUPLER_INST/generate_async_fifo.FIFO_INST/XPM_FIFO_ASYNC_INST/gnuram_async_fifo.xpm_fifo_base_inst/xpm_fifo_rst_inst/gen_rst_ic.wrst_rd_inst'
Sourcing Tcl File [C:/Xilinx/Vivado/2020.1/data/ip/xpm/xpm_fifo/tcl/xpm_fifo_rst.tcl] for cell 'design_1_i/onsemi_vita_cam_0/U0/onsemi_vita_cam_v3_1_S00_AXI_inst/onsemi_vita_cam_core_inst/framestart2_regen_l/pulse_regen_l'
Finished Sourcing Tcl File [C:/Xilinx/Vivado/2020.1/data/ip/xpm/xpm_fifo/tcl/xpm_fifo_rst.tcl] for cell 'design_1_i/onsemi_vita_cam_0/U0/onsemi_vita_cam_v3_1_S00_AXI_inst/onsemi_vita_cam_core_inst/framestart2_regen_l/pulse_regen_l'
Sourcing Tcl File [C:/Xilinx/Vivado/2020.1/data/ip/xpm/xpm_fifo/tcl/xpm_fifo_rst.tcl] for cell 'design_1_i/onsemi_vita_cam_0/U0/onsemi_vita_cam_v3_1_S00_AXI_inst/onsemi_vita_cam_core_inst/DEMUX_GEN.demux_fifo_l/afifo_64i_16o_l'
Finished Sourcing Tcl File [C:/Xilinx/Vivado/2020.1/data/ip/xpm/xpm_fifo/tcl/xpm_fifo_rst.tcl] for cell 'design_1_i/onsemi_vita_cam_0/U0/onsemi_vita_cam_v3_1_S00_AXI_inst/onsemi_vita_cam_core_inst/DEMUX_GEN.demux_fifo_l/afifo_64i_16o_l'
Sourcing Tcl File [C:/Xilinx/Vivado/2020.1/data/ip/xpm/xpm_fifo/tcl/xpm_fifo_rst.tcl] for cell 'design_1_i/onsemi_vita_spi_0/U0/onsemi_vita_spi_v3_1_S00_AXI_inst/onsemi_vita_spicore_inst/vita_spi_rxfifo_l/afifo_64i_16o_l'
Finished Sourcing Tcl File [C:/Xilinx/Vivado/2020.1/data/ip/xpm/xpm_fifo/tcl/xpm_fifo_rst.tcl] for cell 'design_1_i/onsemi_vita_spi_0/U0/onsemi_vita_spi_v3_1_S00_AXI_inst/onsemi_vita_spicore_inst/vita_spi_rxfifo_l/afifo_64i_16o_l'
Sourcing Tcl File [C:/Xilinx/Vivado/2020.1/data/ip/xpm/xpm_fifo/tcl/xpm_fifo_rst.tcl] for cell 'design_1_i/onsemi_vita_spi_0/U0/onsemi_vita_spi_v3_1_S00_AXI_inst/onsemi_vita_spicore_inst/vita_spi_txfifo_l/afifo_64i_16o_l'
Finished Sourcing Tcl File [C:/Xilinx/Vivado/2020.1/data/ip/xpm/xpm_fifo/tcl/xpm_fifo_rst.tcl] for cell 'design_1_i/onsemi_vita_spi_0/U0/onsemi_vita_spi_v3_1_S00_AXI_inst/onsemi_vita_spicore_inst/vita_spi_txfifo_l/afifo_64i_16o_l'
Sourcing Tcl File [C:/Xilinx/Vivado/2020.1/data/ip/xpm/xpm_fifo/tcl/xpm_fifo_rst.tcl] for cell 'design_1_i/v_axi4s_vid_out_0/inst/COUPLER_INST/generate_async_fifo.FIFO_INST/XPM_FIFO_ASYNC_INST'
Finished Sourcing Tcl File [C:/Xilinx/Vivado/2020.1/data/ip/xpm/xpm_fifo/tcl/xpm_fifo_rst.tcl] for cell 'design_1_i/v_axi4s_vid_out_0/inst/COUPLER_INST/generate_async_fifo.FIFO_INST/XPM_FIFO_ASYNC_INST'
Sourcing Tcl File [C:/Xilinx/Vivado/2020.1/data/ip/xpm/xpm_fifo/tcl/xpm_fifo_rst.tcl] for cell 'design_1_i/axi_vdma_0/U0/I_PRMRY_DATAMOVER/GEN_MM2S_FULL.I_MM2S_FULL_WRAPPER/GEN_INCLUDE_MM2S_SF.I_RD_SF/I_DATA_FIFO/BLK_MEM.I_SYNC_FIFOGEN_FIFO/xpm_fifo_instance.xpm_fifo_sync_inst'
Finished Sourcing Tcl File [C:/Xilinx/Vivado/2020.1/data/ip/xpm/xpm_fifo/tcl/xpm_fifo_rst.tcl] for cell 'design_1_i/axi_vdma_0/U0/I_PRMRY_DATAMOVER/GEN_MM2S_FULL.I_MM2S_FULL_WRAPPER/GEN_INCLUDE_MM2S_SF.I_RD_SF/I_DATA_FIFO/BLK_MEM.I_SYNC_FIFOGEN_FIFO/xpm_fifo_instance.xpm_fifo_sync_inst'
Sourcing Tcl File [C:/Xilinx/Vivado/2020.1/data/ip/xpm/xpm_fifo/tcl/xpm_fifo_rst.tcl] for cell 'design_1_i/axi_vdma_0/U0/I_PRMRY_DATAMOVER/GEN_S2MM_FULL.I_S2MM_FULL_WRAPPER/GEN_ENABLE_INDET_BTT_SF.I_INDET_BTT/I_XD_FIFO/NON_BLK_MEM.I_SYNC_FIFOGEN_FIFO/xpm_fifo_instance.xpm_fifo_sync_inst'
Finished Sourcing Tcl File [C:/Xilinx/Vivado/2020.1/data/ip/xpm/xpm_fifo/tcl/xpm_fifo_rst.tcl] for cell 'design_1_i/axi_vdma_0/U0/I_PRMRY_DATAMOVER/GEN_S2MM_FULL.I_S2MM_FULL_WRAPPER/GEN_ENABLE_INDET_BTT_SF.I_INDET_BTT/I_XD_FIFO/NON_BLK_MEM.I_SYNC_FIFOGEN_FIFO/xpm_fifo_instance.xpm_fifo_sync_inst'
Sourcing Tcl File [C:/Xilinx/Vivado/2020.1/data/ip/xpm/xpm_fifo/tcl/xpm_fifo_rst.tcl] for cell 'design_1_i/axi_vdma_0/U0/I_PRMRY_DATAMOVER/GEN_S2MM_FULL.I_S2MM_FULL_WRAPPER/GEN_ENABLE_INDET_BTT_SF.I_INDET_BTT/I_DATA_FIFO/BLK_MEM.I_SYNC_FIFOGEN_FIFO/xpm_fifo_instance.xpm_fifo_sync_inst'
Finished Sourcing Tcl File [C:/Xilinx/Vivado/2020.1/data/ip/xpm/xpm_fifo/tcl/xpm_fifo_rst.tcl] for cell 'design_1_i/axi_vdma_0/U0/I_PRMRY_DATAMOVER/GEN_S2MM_FULL.I_S2MM_FULL_WRAPPER/GEN_ENABLE_INDET_BTT_SF.I_INDET_BTT/I_DATA_FIFO/BLK_MEM.I_SYNC_FIFOGEN_FIFO/xpm_fifo_instance.xpm_fifo_sync_inst'
Sourcing Tcl File [C:/Xilinx/Vivado/2020.1/data/ip/xpm/xpm_fifo/tcl/xpm_fifo_rst.tcl] for cell 'design_1_i/v_vid_in_axi4s_0/inst/COUPLER_INST/generate_sync_fifo.FIFO_INST/XPM_FIFO_SYNC_INST'
Finished Sourcing Tcl File [C:/Xilinx/Vivado/2020.1/data/ip/xpm/xpm_fifo/tcl/xpm_fifo_rst.tcl] for cell 'design_1_i/v_vid_in_axi4s_0/inst/COUPLER_INST/generate_sync_fifo.FIFO_INST/XPM_FIFO_SYNC_INST'
Sourcing Tcl File [C:/Xilinx/Vivado/2020.1/data/ip/xpm/xpm_memory/tcl/xpm_memory_xdc.tcl] for cell 'design_1_i/axi_smc/inst/m00_nodes/m00_ar_node/inst/inst_mi_handler/gen_normal_area.gen_node_prog_full.inst_node_prog_full/gen_xpm_memory_fifo.inst_fifo/gen_mem_rep[0].inst_xpm_memory'
Finished Sourcing Tcl File [C:/Xilinx/Vivado/2020.1/data/ip/xpm/xpm_memory/tcl/xpm_memory_xdc.tcl] for cell 'design_1_i/axi_smc/inst/m00_nodes/m00_ar_node/inst/inst_mi_handler/gen_normal_area.gen_node_prog_full.inst_node_prog_full/gen_xpm_memory_fifo.inst_fifo/gen_mem_rep[0].inst_xpm_memory'
Sourcing Tcl File [C:/Xilinx/Vivado/2020.1/data/ip/xpm/xpm_memory/tcl/xpm_memory_xdc.tcl] for cell 'design_1_i/axi_smc/inst/s01_nodes/s01_b_node/inst/inst_mi_handler/gen_normal_area.gen_node_prog_full.inst_node_prog_full/gen_xpm_memory_fifo.inst_fifo/gen_mem_rep[0].inst_xpm_memory'
Finished Sourcing Tcl File [C:/Xilinx/Vivado/2020.1/data/ip/xpm/xpm_memory/tcl/xpm_memory_xdc.tcl] for cell 'design_1_i/axi_smc/inst/s01_nodes/s01_b_node/inst/inst_mi_handler/gen_normal_area.gen_node_prog_full.inst_node_prog_full/gen_xpm_memory_fifo.inst_fifo/gen_mem_rep[0].inst_xpm_memory'
Sourcing Tcl File [C:/Xilinx/Vivado/2020.1/data/ip/xpm/xpm_memory/tcl/xpm_memory_xdc.tcl] for cell 'design_1_i/axi_smc/inst/s00_nodes/s00_r_node/inst/inst_mi_handler/gen_normal_area.gen_node_prog_full.inst_node_prog_full/gen_xpm_memory_fifo.inst_fifo/gen_mem_rep[0].inst_xpm_memory'
Finished Sourcing Tcl File [C:/Xilinx/Vivado/2020.1/data/ip/xpm/xpm_memory/tcl/xpm_memory_xdc.tcl] for cell 'design_1_i/axi_smc/inst/s00_nodes/s00_r_node/inst/inst_mi_handler/gen_normal_area.gen_node_prog_full.inst_node_prog_full/gen_xpm_memory_fifo.inst_fifo/gen_mem_rep[0].inst_xpm_memory'
Sourcing Tcl File [C:/Xilinx/Vivado/2020.1/data/ip/xpm/xpm_memory/tcl/xpm_memory_xdc.tcl] for cell 'design_1_i/axi_smc/inst/m00_nodes/m00_w_node/inst/inst_mi_handler/gen_normal_area.gen_node_prog_full.inst_node_prog_full/gen_xpm_memory_fifo.inst_fifo/gen_mem_rep[0].inst_xpm_memory'
Finished Sourcing Tcl File [C:/Xilinx/Vivado/2020.1/data/ip/xpm/xpm_memory/tcl/xpm_memory_xdc.tcl] for cell 'design_1_i/axi_smc/inst/m00_nodes/m00_w_node/inst/inst_mi_handler/gen_normal_area.gen_node_prog_full.inst_node_prog_full/gen_xpm_memory_fifo.inst_fifo/gen_mem_rep[0].inst_xpm_memory'
Sourcing Tcl File [C:/Xilinx/Vivado/2020.1/data/ip/xpm/xpm_memory/tcl/xpm_memory_xdc.tcl] for cell 'design_1_i/axi_smc/inst/m00_nodes/m00_aw_node/inst/inst_mi_handler/gen_normal_area.gen_node_prog_full.inst_node_prog_full/gen_xpm_memory_fifo.inst_fifo/gen_mem_rep[0].inst_xpm_memory'
Finished Sourcing Tcl File [C:/Xilinx/Vivado/2020.1/data/ip/xpm/xpm_memory/tcl/xpm_memory_xdc.tcl] for cell 'design_1_i/axi_smc/inst/m00_nodes/m00_aw_node/inst/inst_mi_handler/gen_normal_area.gen_node_prog_full.inst_node_prog_full/gen_xpm_memory_fifo.inst_fifo/gen_mem_rep[0].inst_xpm_memory'
Sourcing Tcl File [C:/Xilinx/Vivado/2020.1/data/ip/xpm/xpm_memory/tcl/xpm_memory_xdc.tcl] for cell 'design_1_i/axi_smc/inst/m00_nodes/m00_ar_node/inst/inst_mi_handler/gen_normal_area.inst_fifo_node_payld/gen_xpm_memory_fifo.inst_fifo/gen_mem_rep[0].inst_xpm_memory'
Finished Sourcing Tcl File [C:/Xilinx/Vivado/2020.1/data/ip/xpm/xpm_memory/tcl/xpm_memory_xdc.tcl] for cell 'design_1_i/axi_smc/inst/m00_nodes/m00_ar_node/inst/inst_mi_handler/gen_normal_area.inst_fifo_node_payld/gen_xpm_memory_fifo.inst_fifo/gen_mem_rep[0].inst_xpm_memory'
Sourcing Tcl File [C:/Xilinx/Vivado/2020.1/data/ip/xpm/xpm_memory/tcl/xpm_memory_xdc.tcl] for cell 'design_1_i/axi_smc/inst/m00_nodes/m00_aw_node/inst/inst_mi_handler/gen_normal_area.inst_fifo_node_payld/gen_xpm_memory_fifo.inst_fifo/gen_mem_rep[0].inst_xpm_memory'
Finished Sourcing Tcl File [C:/Xilinx/Vivado/2020.1/data/ip/xpm/xpm_memory/tcl/xpm_memory_xdc.tcl] for cell 'design_1_i/axi_smc/inst/m00_nodes/m00_aw_node/inst/inst_mi_handler/gen_normal_area.inst_fifo_node_payld/gen_xpm_memory_fifo.inst_fifo/gen_mem_rep[0].inst_xpm_memory'
Sourcing Tcl File [C:/Xilinx/Vivado/2020.1/data/ip/xpm/xpm_memory/tcl/xpm_memory_xdc.tcl] for cell 'design_1_i/axi_smc/inst/m00_nodes/m00_b_node/inst/inst_mi_handler/gen_normal_area.gen_fifo_req.inst_fifo_req/gen_xpm_memory_fifo.inst_fifo/gen_mem_rep[0].inst_xpm_memory'
Finished Sourcing Tcl File [C:/Xilinx/Vivado/2020.1/data/ip/xpm/xpm_memory/tcl/xpm_memory_xdc.tcl] for cell 'design_1_i/axi_smc/inst/m00_nodes/m00_b_node/inst/inst_mi_handler/gen_normal_area.gen_fifo_req.inst_fifo_req/gen_xpm_memory_fifo.inst_fifo/gen_mem_rep[0].inst_xpm_memory'
Sourcing Tcl File [C:/Xilinx/Vivado/2020.1/data/ip/xpm/xpm_memory/tcl/xpm_memory_xdc.tcl] for cell 'design_1_i/axi_smc/inst/s01_nodes/s01_w_node/inst/inst_mi_handler/gen_normal_area.inst_fifo_node_payld/gen_xpm_memory_fifo.inst_fifo/gen_mem_rep[0].inst_xpm_memory'
Finished Sourcing Tcl File [C:/Xilinx/Vivado/2020.1/data/ip/xpm/xpm_memory/tcl/xpm_memory_xdc.tcl] for cell 'design_1_i/axi_smc/inst/s01_nodes/s01_w_node/inst/inst_mi_handler/gen_normal_area.inst_fifo_node_payld/gen_xpm_memory_fifo.inst_fifo/gen_mem_rep[0].inst_xpm_memory'
Sourcing Tcl File [C:/Xilinx/Vivado/2020.1/data/ip/xpm/xpm_memory/tcl/xpm_memory_xdc.tcl] for cell 'design_1_i/axi_smc/inst/m00_nodes/m00_r_node/inst/inst_mi_handler/gen_normal_area.gen_fifo_req.inst_fifo_req/gen_xpm_memory_fifo.inst_fifo/gen_mem_rep[0].inst_xpm_memory'
Finished Sourcing Tcl File [C:/Xilinx/Vivado/2020.1/data/ip/xpm/xpm_memory/tcl/xpm_memory_xdc.tcl] for cell 'design_1_i/axi_smc/inst/m00_nodes/m00_r_node/inst/inst_mi_handler/gen_normal_area.gen_fifo_req.inst_fifo_req/gen_xpm_memory_fifo.inst_fifo/gen_mem_rep[0].inst_xpm_memory'
Sourcing Tcl File [C:/Xilinx/Vivado/2020.1/data/ip/xpm/xpm_memory/tcl/xpm_memory_xdc.tcl] for cell 'design_1_i/axi_smc/inst/m00_nodes/m00_b_node/inst/inst_mi_handler/gen_normal_area.inst_fifo_node_payld/gen_xpm_memory_fifo.inst_fifo/gen_mem_rep[0].inst_xpm_memory'
Finished Sourcing Tcl File [C:/Xilinx/Vivado/2020.1/data/ip/xpm/xpm_memory/tcl/xpm_memory_xdc.tcl] for cell 'design_1_i/axi_smc/inst/m00_nodes/m00_b_node/inst/inst_mi_handler/gen_normal_area.inst_fifo_node_payld/gen_xpm_memory_fifo.inst_fifo/gen_mem_rep[0].inst_xpm_memory'
Sourcing Tcl File [C:/Xilinx/Vivado/2020.1/data/ip/xpm/xpm_memory/tcl/xpm_memory_xdc.tcl] for cell 'design_1_i/axi_smc/inst/m00_nodes/m00_r_node/inst/inst_mi_handler/gen_normal_area.inst_fifo_node_payld/gen_xpm_memory_fifo.inst_fifo/gen_mem_rep[0].inst_xpm_memory'
Finished Sourcing Tcl File [C:/Xilinx/Vivado/2020.1/data/ip/xpm/xpm_memory/tcl/xpm_memory_xdc.tcl] for cell 'design_1_i/axi_smc/inst/m00_nodes/m00_r_node/inst/inst_mi_handler/gen_normal_area.inst_fifo_node_payld/gen_xpm_memory_fifo.inst_fifo/gen_mem_rep[0].inst_xpm_memory'
Sourcing Tcl File [C:/Xilinx/Vivado/2020.1/data/ip/xpm/xpm_memory/tcl/xpm_memory_xdc.tcl] for cell 'design_1_i/axi_smc/inst/m00_nodes/m00_w_node/inst/inst_si_handler/gen_si_handler.gen_request_fifos.gen_req_fifo[0].inst_req_fifo/gen_xpm_memory_fifo.inst_fifo/gen_mem_rep[0].inst_xpm_memory'
Finished Sourcing Tcl File [C:/Xilinx/Vivado/2020.1/data/ip/xpm/xpm_memory/tcl/xpm_memory_xdc.tcl] for cell 'design_1_i/axi_smc/inst/m00_nodes/m00_w_node/inst/inst_si_handler/gen_si_handler.gen_request_fifos.gen_req_fifo[0].inst_req_fifo/gen_xpm_memory_fifo.inst_fifo/gen_mem_rep[0].inst_xpm_memory'
Sourcing Tcl File [C:/Xilinx/Vivado/2020.1/data/ip/xpm/xpm_memory/tcl/xpm_memory_xdc.tcl] for cell 'design_1_i/axi_smc/inst/m00_nodes/m00_w_node/inst/inst_si_handler/gen_si_handler.gen_request_fifos.gen_req_fifo[1].inst_req_fifo/gen_xpm_memory_fifo.inst_fifo/gen_mem_rep[0].inst_xpm_memory'
Finished Sourcing Tcl File [C:/Xilinx/Vivado/2020.1/data/ip/xpm/xpm_memory/tcl/xpm_memory_xdc.tcl] for cell 'design_1_i/axi_smc/inst/m00_nodes/m00_w_node/inst/inst_si_handler/gen_si_handler.gen_request_fifos.gen_req_fifo[1].inst_req_fifo/gen_xpm_memory_fifo.inst_fifo/gen_mem_rep[0].inst_xpm_memory'
Sourcing Tcl File [C:/Xilinx/Vivado/2020.1/data/ip/xpm/xpm_memory/tcl/xpm_memory_xdc.tcl] for cell 'design_1_i/axi_smc/inst/m00_nodes/m00_w_node/inst/inst_mi_handler/gen_normal_area.inst_fifo_node_payld/gen_xpm_memory_fifo.inst_fifo/gen_mem_rep[0].inst_xpm_memory'
Finished Sourcing Tcl File [C:/Xilinx/Vivado/2020.1/data/ip/xpm/xpm_memory/tcl/xpm_memory_xdc.tcl] for cell 'design_1_i/axi_smc/inst/m00_nodes/m00_w_node/inst/inst_mi_handler/gen_normal_area.inst_fifo_node_payld/gen_xpm_memory_fifo.inst_fifo/gen_mem_rep[0].inst_xpm_memory'
Sourcing Tcl File [C:/Xilinx/Vivado/2020.1/data/ip/xpm/xpm_memory/tcl/xpm_memory_xdc.tcl] for cell 'design_1_i/axi_smc/inst/s00_nodes/s00_ar_node/inst/inst_mi_handler/gen_normal_area.gen_fifo_req.inst_fifo_req/gen_xpm_memory_fifo.inst_fifo/gen_mem_rep[0].inst_xpm_memory'
Finished Sourcing Tcl File [C:/Xilinx/Vivado/2020.1/data/ip/xpm/xpm_memory/tcl/xpm_memory_xdc.tcl] for cell 'design_1_i/axi_smc/inst/s00_nodes/s00_ar_node/inst/inst_mi_handler/gen_normal_area.gen_fifo_req.inst_fifo_req/gen_xpm_memory_fifo.inst_fifo/gen_mem_rep[0].inst_xpm_memory'
Sourcing Tcl File [C:/Xilinx/Vivado/2020.1/data/ip/xpm/xpm_memory/tcl/xpm_memory_xdc.tcl] for cell 'design_1_i/axi_smc/inst/s01_nodes/s01_w_node/inst/inst_mi_handler/gen_normal_area.gen_fifo_req.inst_fifo_req/gen_xpm_memory_fifo.inst_fifo/gen_mem_rep[0].inst_xpm_memory'
Finished Sourcing Tcl File [C:/Xilinx/Vivado/2020.1/data/ip/xpm/xpm_memory/tcl/xpm_memory_xdc.tcl] for cell 'design_1_i/axi_smc/inst/s01_nodes/s01_w_node/inst/inst_mi_handler/gen_normal_area.gen_fifo_req.inst_fifo_req/gen_xpm_memory_fifo.inst_fifo/gen_mem_rep[0].inst_xpm_memory'
Sourcing Tcl File [C:/Xilinx/Vivado/2020.1/data/ip/xpm/xpm_memory/tcl/xpm_memory_xdc.tcl] for cell 'design_1_i/axi_smc/inst/s01_nodes/s01_aw_node/inst/inst_mi_handler/gen_normal_area.gen_fifo_req.inst_fifo_req/gen_xpm_memory_fifo.inst_fifo/gen_mem_rep[0].inst_xpm_memory'
Finished Sourcing Tcl File [C:/Xilinx/Vivado/2020.1/data/ip/xpm/xpm_memory/tcl/xpm_memory_xdc.tcl] for cell 'design_1_i/axi_smc/inst/s01_nodes/s01_aw_node/inst/inst_mi_handler/gen_normal_area.gen_fifo_req.inst_fifo_req/gen_xpm_memory_fifo.inst_fifo/gen_mem_rep[0].inst_xpm_memory'
Sourcing Tcl File [C:/Xilinx/Vivado/2020.1/data/ip/xpm/xpm_memory/tcl/xpm_memory_xdc.tcl] for cell 'design_1_i/axi_smc/inst/s00_nodes/s00_ar_node/inst/inst_mi_handler/gen_normal_area.inst_fifo_node_payld/gen_xpm_memory_fifo.inst_fifo/gen_mem_rep[0].inst_xpm_memory'
Finished Sourcing Tcl File [C:/Xilinx/Vivado/2020.1/data/ip/xpm/xpm_memory/tcl/xpm_memory_xdc.tcl] for cell 'design_1_i/axi_smc/inst/s00_nodes/s00_ar_node/inst/inst_mi_handler/gen_normal_area.inst_fifo_node_payld/gen_xpm_memory_fifo.inst_fifo/gen_mem_rep[0].inst_xpm_memory'
Sourcing Tcl File [C:/Xilinx/Vivado/2020.1/data/ip/xpm/xpm_memory/tcl/xpm_memory_xdc.tcl] for cell 'design_1_i/axi_smc/inst/s01_nodes/s01_aw_node/inst/inst_mi_handler/gen_normal_area.inst_fifo_node_payld/gen_xpm_memory_fifo.inst_fifo/gen_mem_rep[0].inst_xpm_memory'
Finished Sourcing Tcl File [C:/Xilinx/Vivado/2020.1/data/ip/xpm/xpm_memory/tcl/xpm_memory_xdc.tcl] for cell 'design_1_i/axi_smc/inst/s01_nodes/s01_aw_node/inst/inst_mi_handler/gen_normal_area.inst_fifo_node_payld/gen_xpm_memory_fifo.inst_fifo/gen_mem_rep[0].inst_xpm_memory'
Sourcing Tcl File [C:/Xilinx/Vivado/2020.1/data/ip/xpm/xpm_memory/tcl/xpm_memory_xdc.tcl] for cell 'design_1_i/axi_smc/inst/s00_nodes/s00_r_node/inst/inst_mi_handler/gen_normal_area.inst_fifo_node_payld/gen_xpm_memory_fifo.inst_fifo/gen_mem_rep[0].inst_xpm_memory'
Finished Sourcing Tcl File [C:/Xilinx/Vivado/2020.1/data/ip/xpm/xpm_memory/tcl/xpm_memory_xdc.tcl] for cell 'design_1_i/axi_smc/inst/s00_nodes/s00_r_node/inst/inst_mi_handler/gen_normal_area.inst_fifo_node_payld/gen_xpm_memory_fifo.inst_fifo/gen_mem_rep[0].inst_xpm_memory'
Sourcing Tcl File [C:/Xilinx/Vivado/2020.1/data/ip/xpm/xpm_memory/tcl/xpm_memory_xdc.tcl] for cell 'design_1_i/axi_smc/inst/s01_nodes/s01_b_node/inst/inst_mi_handler/gen_normal_area.inst_fifo_node_payld/gen_xpm_memory_fifo.inst_fifo/gen_mem_rep[0].inst_xpm_memory'
Finished Sourcing Tcl File [C:/Xilinx/Vivado/2020.1/data/ip/xpm/xpm_memory/tcl/xpm_memory_xdc.tcl] for cell 'design_1_i/axi_smc/inst/s01_nodes/s01_b_node/inst/inst_mi_handler/gen_normal_area.inst_fifo_node_payld/gen_xpm_memory_fifo.inst_fifo/gen_mem_rep[0].inst_xpm_memory'
INFO: [Opt 31-138] Pushed 0 inverter(s) to 0 load pin(s).
Netlist sorting complete. Time (s): cpu = 00:00:00 ; elapsed = 00:00:00.024 . Memory (MB): peak = 1972.273 ; gain = 0.000
INFO: [Project 1-111] Unisim Transformation Summary:
  A total of 594 instances were transformed.
  IOBUF => IOBUF (IBUF, OBUFT): 4 instances
  RAM16X1D => RAM32X1D (RAMD32(x2)): 3 instances
  RAM32M => RAM32M (RAMD32(x6), RAMS32(x2)): 198 instances
  RAM32X1D => RAM32X1D (RAMD32(x2)): 5 instances
  RAM64X1S => RAM64X1S (RAMS64E): 384 instances

112 Infos, 63 Warnings, 1 Critical Warnings and 0 Errors encountered.
link_design completed successfully
link_design: Time (s): cpu = 00:00:17 ; elapsed = 00:00:37 . Memory (MB): peak = 1972.273 ; gain = 958.949
Command: opt_design
Attempting to get a license for feature 'Implementation' and/or device 'xc7z020'
INFO: [Common 17-349] Got license for feature 'Implementation' and/or device 'xc7z020'
Running DRC as a precondition to command opt_design

Starting DRC Task
INFO: [DRC 23-27] Running DRC with 2 threads
INFO: [Project 1-461] DRC finished with 0 Errors
INFO: [Project 1-462] Please refer to the DRC report (report_drc) for more information.

Time (s): cpu = 00:00:01 ; elapsed = 00:00:01 . Memory (MB): peak = 1972.273 ; gain = 0.000

Starting Cache Timing Information Task
INFO: [Timing 38-35] Done setting XDC timing constraints.
Ending Cache Timing Information Task | Checksum: 15db9d234

Time (s): cpu = 00:00:01 ; elapsed = 00:00:02 . Memory (MB): peak = 1972.273 ; gain = 0.000

Starting Logic Optimization Task

Phase 1 Retarget
INFO: [Opt 31-138] Pushed 29 inverter(s) to 132 load pin(s).
INFO: [Opt 31-49] Retargeted 0 cell(s).
Phase 1 Retarget | Checksum: 8ab34468

Time (s): cpu = 00:00:01 ; elapsed = 00:00:03 . Memory (MB): peak = 2155.547 ; gain = 3.934
INFO: [Opt 31-389] Phase Retarget created 744 cells and removed 930 cells
INFO: [Opt 31-1021] In phase Retarget, 361 netlist objects are constrained preventing optimization. Please run opt_design with -debug_log to get more detail. 

Phase 2 Constant propagation
INFO: [Opt 31-138] Pushed 1 inverter(s) to 1 load pin(s).
Phase 2 Constant propagation | Checksum: f26ee359

Time (s): cpu = 00:00:02 ; elapsed = 00:00:04 . Memory (MB): peak = 2155.547 ; gain = 3.934
INFO: [Opt 31-389] Phase Constant propagation created 1851 cells and removed 4267 cells
INFO: [Opt 31-1021] In phase Constant propagation, 773 netlist objects are constrained preventing optimization. Please run opt_design with -debug_log to get more detail. 

Phase 3 Sweep
Phase 3 Sweep | Checksum: 1cf9c0824

Time (s): cpu = 00:00:05 ; elapsed = 00:00:09 . Memory (MB): peak = 2155.547 ; gain = 3.934
INFO: [Opt 31-389] Phase Sweep created 0 cells and removed 7021 cells
INFO: [Opt 31-1021] In phase Sweep, 524 netlist objects are constrained preventing optimization. Please run opt_design with -debug_log to get more detail. 

Phase 4 BUFG optimization
Phase 4 BUFG optimization | Checksum: 1cf9c0824

Time (s): cpu = 00:00:06 ; elapsed = 00:00:10 . Memory (MB): peak = 2155.547 ; gain = 3.934
INFO: [Opt 31-662] Phase BUFG optimization created 0 cells of which 0 are BUFGs and removed 0 cells.

Phase 5 Shift Register Optimization
INFO: [Opt 31-1064] SRL Remap converted 0 SRLs to 0 registers and converted 0 registers of register chains to 0 SRLs
Phase 5 Shift Register Optimization | Checksum: 1cf9c0824

Time (s): cpu = 00:00:07 ; elapsed = 00:00:11 . Memory (MB): peak = 2155.547 ; gain = 3.934
INFO: [Opt 31-389] Phase Shift Register Optimization created 0 cells and removed 0 cells

Phase 6 Post Processing Netlist
Phase 6 Post Processing Netlist | Checksum: 19a0e8e26

Time (s): cpu = 00:00:07 ; elapsed = 00:00:11 . Memory (MB): peak = 2155.547 ; gain = 3.934
INFO: [Opt 31-389] Phase Post Processing Netlist created 0 cells and removed 1 cells
INFO: [Opt 31-1021] In phase Post Processing Netlist, 340 netlist objects are constrained preventing optimization. Please run opt_design with -debug_log to get more detail. 
Opt_design Change Summary
=========================


-------------------------------------------------------------------------------------------------------------------------
|  Phase                        |  #Cells created  |  #Cells Removed  |  #Constrained objects preventing optimizations  |
-------------------------------------------------------------------------------------------------------------------------
|  Retarget                     |             744  |             930  |                                            361  |
|  Constant propagation         |            1851  |            4267  |                                            773  |
|  Sweep                        |               0  |            7021  |                                            524  |
|  BUFG optimization            |               0  |               0  |                                              0  |
|  Shift Register Optimization  |               0  |               0  |                                              0  |
|  Post Processing Netlist      |               0  |               1  |                                            340  |
-------------------------------------------------------------------------------------------------------------------------



Starting Connectivity Check Task

Time (s): cpu = 00:00:00 ; elapsed = 00:00:00.099 . Memory (MB): peak = 2155.547 ; gain = 0.000
Ending Logic Optimization Task | Checksum: 1453ea16f

Time (s): cpu = 00:00:08 ; elapsed = 00:00:13 . Memory (MB): peak = 2155.547 ; gain = 3.934

Starting Power Optimization Task
INFO: [Pwropt 34-132] Skipping clock gating for clocks with a period < 2.00 ns.
INFO: [Timing 38-35] Done setting XDC timing constraints.
INFO: [Pwropt 34-9] Applying IDT optimizations ...
INFO: [Pwropt 34-10] Applying ODC optimizations ...
Running Vector-less Activity Propagation...

Finished Running Vector-less Activity Propagation


Starting PowerOpt Patch Enables Task
INFO: [Pwropt 34-162] WRITE_MODE attribute of 0 BRAM(s) out of a total of 77 has been updated to save power. Run report_power_opt to get a complete listing of the BRAMs updated.
INFO: [Pwropt 34-201] Structural ODC has moved 2 WE to EN ports
Number of BRAM Ports augmented: 66 newly gated: 2 Total Ports: 154
Number of Flops added for Enable Generation: 4

Ending PowerOpt Patch Enables Task | Checksum: 2078deee3

Time (s): cpu = 00:00:00 ; elapsed = 00:00:00.353 . Memory (MB): peak = 2711.895 ; gain = 0.000
Ending Power Optimization Task | Checksum: 2078deee3

Time (s): cpu = 00:00:07 ; elapsed = 00:00:10 . Memory (MB): peak = 2711.895 ; gain = 556.348

Starting Final Cleanup Task

Starting Logic Optimization Task
INFO: [Timing 38-35] Done setting XDC timing constraints.
Ending Logic Optimization Task | Checksum: 1abacfc16

Time (s): cpu = 00:00:03 ; elapsed = 00:00:05 . Memory (MB): peak = 2711.895 ; gain = 0.000
Ending Final Cleanup Task | Checksum: 1abacfc16

Time (s): cpu = 00:00:04 ; elapsed = 00:00:06 . Memory (MB): peak = 2711.895 ; gain = 0.000

Starting Netlist Obfuscation Task
Netlist sorting complete. Time (s): cpu = 00:00:00 ; elapsed = 00:00:00.020 . Memory (MB): peak = 2711.895 ; gain = 0.000
Ending Netlist Obfuscation Task | Checksum: 1abacfc16

Time (s): cpu = 00:00:00 ; elapsed = 00:00:00.021 . Memory (MB): peak = 2711.895 ; gain = 0.000
INFO: [Common 17-83] Releasing license: Implementation
139 Infos, 63 Warnings, 1 Critical Warnings and 0 Errors encountered.
opt_design completed successfully
opt_design: Time (s): cpu = 00:00:22 ; elapsed = 00:00:33 . Memory (MB): peak = 2711.895 ; gain = 739.621
INFO: [Timing 38-35] Done setting XDC timing constraints.
INFO: [Timing 38-480] Writing timing data to binary archive.
Writing placer database...
Writing XDEF routing.
Writing XDEF routing logical nets.
Writing XDEF routing special nets.
Write XDEF Complete: Time (s): cpu = 00:00:00 ; elapsed = 00:00:00.039 . Memory (MB): peak = 2711.895 ; gain = 0.000
INFO: [Common 17-1381] The checkpoint 'C:/Users/jaxie963/Temp/cpre488-mp2/project_1/project_1.runs/impl_1/design_1_wrapper_opt.dcp' has been generated.
write_checkpoint: Time (s): cpu = 00:00:09 ; elapsed = 00:00:10 . Memory (MB): peak = 2711.895 ; gain = 0.000
INFO: [runtcl-4] Executing : report_drc -file design_1_wrapper_drc_opted.rpt -pb design_1_wrapper_drc_opted.pb -rpx design_1_wrapper_drc_opted.rpx
Command: report_drc -file design_1_wrapper_drc_opted.rpt -pb design_1_wrapper_drc_opted.pb -rpx design_1_wrapper_drc_opted.rpx
INFO: [IP_Flow 19-1839] IP Catalog is up to date.
INFO: [DRC 23-27] Running DRC with 2 threads
INFO: [Coretcl 2-168] The results of DRC are in file C:/Users/jaxie963/Temp/cpre488-mp2/project_1/project_1.runs/impl_1/design_1_wrapper_drc_opted.rpt.
report_drc completed successfully
Command: place_design
Attempting to get a license for feature 'Implementation' and/or device 'xc7z020'
INFO: [Common 17-349] Got license for feature 'Implementation' and/or device 'xc7z020'
INFO: [DRC 23-27] Running DRC with 2 threads
INFO: [Vivado_Tcl 4-198] DRC finished with 0 Errors
INFO: [Vivado_Tcl 4-199] Please refer to the DRC report (report_drc) for more information.
Running DRC as a precondition to command place_design
INFO: [DRC 23-27] Running DRC with 2 threads
WARNING: [DRC REQP-1839] RAMB36 async control check: The RAMB36E1 design_1_i/onsemi_vita_cam_0/U0/onsemi_vita_cam_v3_1_S00_AXI_inst/onsemi_vita_cam_core_inst/DEMUX_GEN.demux_fifo_l/afifo_64i_16o_l/gnuram_async_fifo.xpm_fifo_base_inst/gen_sdpram.xpm_memory_base_inst/gen_wr_a.gen_word_wide.mem_reg_1 has an input control pin design_1_i/onsemi_vita_cam_0/U0/onsemi_vita_cam_v3_1_S00_AXI_inst/onsemi_vita_cam_core_inst/DEMUX_GEN.demux_fifo_l/afifo_64i_16o_l/gnuram_async_fifo.xpm_fifo_base_inst/gen_sdpram.xpm_memory_base_inst/gen_wr_a.gen_word_wide.mem_reg_1/ENARDEN (net: design_1_i/onsemi_vita_cam_0/U0/onsemi_vita_cam_v3_1_S00_AXI_inst/onsemi_vita_cam_core_inst/DEMUX_GEN.demux_fifo_l/afifo_64i_16o_l/gnuram_async_fifo.xpm_fifo_base_inst/gen_sdpram.xpm_memory_base_inst/ena) which is driven by a register (design_1_i/onsemi_vita_cam_0/U0/onsemi_vita_cam_v3_1_S00_AXI_inst/onsemi_vita_cam_core_inst/vita_remapper/VIDEO_SYNC_OUT_reg[0]) that has an active asychronous set or reset. This may cause corruption of the memory contents and/or read values when the set/reset is asserted and is not analyzed by the default static timing analysis. It is suggested to eliminate the use of a set/reset to registers driving this RAMB pin or else use a synchronous reset in which the assertion of the reset is timed by default.
WARNING: [DRC REQP-1839] RAMB36 async control check: The RAMB36E1 design_1_i/onsemi_vita_cam_0/U0/onsemi_vita_cam_v3_1_S00_AXI_inst/onsemi_vita_cam_core_inst/DEMUX_GEN.demux_fifo_l/afifo_64i_16o_l/gnuram_async_fifo.xpm_fifo_base_inst/gen_sdpram.xpm_memory_base_inst/gen_wr_a.gen_word_wide.mem_reg_1 has an input control pin design_1_i/onsemi_vita_cam_0/U0/onsemi_vita_cam_v3_1_S00_AXI_inst/onsemi_vita_cam_core_inst/DEMUX_GEN.demux_fifo_l/afifo_64i_16o_l/gnuram_async_fifo.xpm_fifo_base_inst/gen_sdpram.xpm_memory_base_inst/gen_wr_a.gen_word_wide.mem_reg_1/ENBWREN (net: design_1_i/onsemi_vita_cam_0/U0/onsemi_vita_cam_v3_1_S00_AXI_inst/onsemi_vita_cam_core_inst/DEMUX_GEN.demux_fifo_l/afifo_64i_16o_l/gnuram_async_fifo.xpm_fifo_base_inst/gen_sdpram.xpm_memory_base_inst/enb) which is driven by a register (design_1_i/onsemi_vita_cam_0/U0/onsemi_vita_cam_v3_1_S00_AXI_inst/onsemi_vita_cam_core_inst/syncgen_l/De_s_reg) that has an active asychronous set or reset. This may cause corruption of the memory contents and/or read values when the set/reset is asserted and is not analyzed by the default static timing analysis. It is suggested to eliminate the use of a set/reset to registers driving this RAMB pin or else use a synchronous reset in which the assertion of the reset is timed by default.
WARNING: [DRC REQP-1839] RAMB36 async control check: The RAMB36E1 design_1_i/onsemi_vita_cam_0/U0/onsemi_vita_cam_v3_1_S00_AXI_inst/onsemi_vita_cam_core_inst/DEMUX_GEN.demux_fifo_l/afifo_64i_16o_l/gnuram_async_fifo.xpm_fifo_base_inst/gen_sdpram.xpm_memory_base_inst/gen_wr_a.gen_word_wide.mem_reg_1 has an input control pin design_1_i/onsemi_vita_cam_0/U0/onsemi_vita_cam_v3_1_S00_AXI_inst/onsemi_vita_cam_core_inst/DEMUX_GEN.demux_fifo_l/afifo_64i_16o_l/gnuram_async_fifo.xpm_fifo_base_inst/gen_sdpram.xpm_memory_base_inst/gen_wr_a.gen_word_wide.mem_reg_1/WEA[0] (net: design_1_i/onsemi_vita_cam_0/U0/onsemi_vita_cam_v3_1_S00_AXI_inst/onsemi_vita_cam_core_inst/DEMUX_GEN.demux_fifo_l/afifo_64i_16o_l/gnuram_async_fifo.xpm_fifo_base_inst/gen_sdpram.xpm_memory_base_inst/ena) which is driven by a register (design_1_i/onsemi_vita_cam_0/U0/onsemi_vita_cam_v3_1_S00_AXI_inst/onsemi_vita_cam_core_inst/vita_remapper/VIDEO_SYNC_OUT_reg[0]) that has an active asychronous set or reset. This may cause corruption of the memory contents and/or read values when the set/reset is asserted and is not analyzed by the default static timing analysis. It is suggested to eliminate the use of a set/reset to registers driving this RAMB pin or else use a synchronous reset in which the assertion of the reset is timed by default.
WARNING: [DRC REQP-1839] RAMB36 async control check: The RAMB36E1 design_1_i/onsemi_vita_cam_0/U0/onsemi_vita_cam_v3_1_S00_AXI_inst/onsemi_vita_cam_core_inst/DEMUX_GEN.demux_fifo_l/afifo_64i_16o_l/gnuram_async_fifo.xpm_fifo_base_inst/gen_sdpram.xpm_memory_base_inst/gen_wr_a.gen_word_wide.mem_reg_2 has an input control pin design_1_i/onsemi_vita_cam_0/U0/onsemi_vita_cam_v3_1_S00_AXI_inst/onsemi_vita_cam_core_inst/DEMUX_GEN.demux_fifo_l/afifo_64i_16o_l/gnuram_async_fifo.xpm_fifo_base_inst/gen_sdpram.xpm_memory_base_inst/gen_wr_a.gen_word_wide.mem_reg_2/ENARDEN (net: design_1_i/onsemi_vita_cam_0/U0/onsemi_vita_cam_v3_1_S00_AXI_inst/onsemi_vita_cam_core_inst/DEMUX_GEN.demux_fifo_l/afifo_64i_16o_l/gnuram_async_fifo.xpm_fifo_base_inst/gen_sdpram.xpm_memory_base_inst/ena) which is driven by a register (design_1_i/onsemi_vita_cam_0/U0/onsemi_vita_cam_v3_1_S00_AXI_inst/onsemi_vita_cam_core_inst/vita_remapper/VIDEO_SYNC_OUT_reg[0]) that has an active asychronous set or reset. This may cause corruption of the memory contents and/or read values when the set/reset is asserted and is not analyzed by the default static timing analysis. It is suggested to eliminate the use of a set/reset to registers driving this RAMB pin or else use a synchronous reset in which the assertion of the reset is timed by default.
WARNING: [DRC REQP-1839] RAMB36 async control check: The RAMB36E1 design_1_i/onsemi_vita_cam_0/U0/onsemi_vita_cam_v3_1_S00_AXI_inst/onsemi_vita_cam_core_inst/DEMUX_GEN.demux_fifo_l/afifo_64i_16o_l/gnuram_async_fifo.xpm_fifo_base_inst/gen_sdpram.xpm_memory_base_inst/gen_wr_a.gen_word_wide.mem_reg_2 has an input control pin design_1_i/onsemi_vita_cam_0/U0/onsemi_vita_cam_v3_1_S00_AXI_inst/onsemi_vita_cam_core_inst/DEMUX_GEN.demux_fifo_l/afifo_64i_16o_l/gnuram_async_fifo.xpm_fifo_base_inst/gen_sdpram.xpm_memory_base_inst/gen_wr_a.gen_word_wide.mem_reg_2/ENBWREN (net: design_1_i/onsemi_vita_cam_0/U0/onsemi_vita_cam_v3_1_S00_AXI_inst/onsemi_vita_cam_core_inst/DEMUX_GEN.demux_fifo_l/afifo_64i_16o_l/gnuram_async_fifo.xpm_fifo_base_inst/gen_sdpram.xpm_memory_base_inst/enb) which is driven by a register (design_1_i/onsemi_vita_cam_0/U0/onsemi_vita_cam_v3_1_S00_AXI_inst/onsemi_vita_cam_core_inst/syncgen_l/De_s_reg) that has an active asychronous set or reset. This may cause corruption of the memory contents and/or read values when the set/reset is asserted and is not analyzed by the default static timing analysis. It is suggested to eliminate the use of a set/reset to registers driving this RAMB pin or else use a synchronous reset in which the assertion of the reset is timed by default.
WARNING: [DRC REQP-1839] RAMB36 async control check: The RAMB36E1 design_1_i/onsemi_vita_cam_0/U0/onsemi_vita_cam_v3_1_S00_AXI_inst/onsemi_vita_cam_core_inst/DEMUX_GEN.demux_fifo_l/afifo_64i_16o_l/gnuram_async_fifo.xpm_fifo_base_inst/gen_sdpram.xpm_memory_base_inst/gen_wr_a.gen_word_wide.mem_reg_2 has an input control pin design_1_i/onsemi_vita_cam_0/U0/onsemi_vita_cam_v3_1_S00_AXI_inst/onsemi_vita_cam_core_inst/DEMUX_GEN.demux_fifo_l/afifo_64i_16o_l/gnuram_async_fifo.xpm_fifo_base_inst/gen_sdpram.xpm_memory_base_inst/gen_wr_a.gen_word_wide.mem_reg_2/WEA[0] (net: design_1_i/onsemi_vita_cam_0/U0/onsemi_vita_cam_v3_1_S00_AXI_inst/onsemi_vita_cam_core_inst/DEMUX_GEN.demux_fifo_l/afifo_64i_16o_l/gnuram_async_fifo.xpm_fifo_base_inst/gen_sdpram.xpm_memory_base_inst/ena) which is driven by a register (design_1_i/onsemi_vita_cam_0/U0/onsemi_vita_cam_v3_1_S00_AXI_inst/onsemi_vita_cam_core_inst/vita_remapper/VIDEO_SYNC_OUT_reg[0]) that has an active asychronous set or reset. This may cause corruption of the memory contents and/or read values when the set/reset is asserted and is not analyzed by the default static timing analysis. It is suggested to eliminate the use of a set/reset to registers driving this RAMB pin or else use a synchronous reset in which the assertion of the reset is timed by default.
WARNING: [DRC REQP-1839] RAMB36 async control check: The RAMB36E1 design_1_i/onsemi_vita_cam_0/U0/onsemi_vita_cam_v3_1_S00_AXI_inst/onsemi_vita_cam_core_inst/DEMUX_GEN.demux_fifo_l/afifo_64i_16o_l/gnuram_async_fifo.xpm_fifo_base_inst/gen_sdpram.xpm_memory_base_inst/gen_wr_a.gen_word_wide.mem_reg_3 has an input control pin design_1_i/onsemi_vita_cam_0/U0/onsemi_vita_cam_v3_1_S00_AXI_inst/onsemi_vita_cam_core_inst/DEMUX_GEN.demux_fifo_l/afifo_64i_16o_l/gnuram_async_fifo.xpm_fifo_base_inst/gen_sdpram.xpm_memory_base_inst/gen_wr_a.gen_word_wide.mem_reg_3/ENARDEN (net: design_1_i/onsemi_vita_cam_0/U0/onsemi_vita_cam_v3_1_S00_AXI_inst/onsemi_vita_cam_core_inst/DEMUX_GEN.demux_fifo_l/afifo_64i_16o_l/gnuram_async_fifo.xpm_fifo_base_inst/gen_sdpram.xpm_memory_base_inst/ena) which is driven by a register (design_1_i/onsemi_vita_cam_0/U0/onsemi_vita_cam_v3_1_S00_AXI_inst/onsemi_vita_cam_core_inst/vita_remapper/VIDEO_SYNC_OUT_reg[0]) that has an active asychronous set or reset. This may cause corruption of the memory contents and/or read values when the set/reset is asserted and is not analyzed by the default static timing analysis. It is suggested to eliminate the use of a set/reset to registers driving this RAMB pin or else use a synchronous reset in which the assertion of the reset is timed by default.
WARNING: [DRC REQP-1839] RAMB36 async control check: The RAMB36E1 design_1_i/onsemi_vita_cam_0/U0/onsemi_vita_cam_v3_1_S00_AXI_inst/onsemi_vita_cam_core_inst/DEMUX_GEN.demux_fifo_l/afifo_64i_16o_l/gnuram_async_fifo.xpm_fifo_base_inst/gen_sdpram.xpm_memory_base_inst/gen_wr_a.gen_word_wide.mem_reg_3 has an input control pin design_1_i/onsemi_vita_cam_0/U0/onsemi_vita_cam_v3_1_S00_AXI_inst/onsemi_vita_cam_core_inst/DEMUX_GEN.demux_fifo_l/afifo_64i_16o_l/gnuram_async_fifo.xpm_fifo_base_inst/gen_sdpram.xpm_memory_base_inst/gen_wr_a.gen_word_wide.mem_reg_3/ENBWREN (net: design_1_i/onsemi_vita_cam_0/U0/onsemi_vita_cam_v3_1_S00_AXI_inst/onsemi_vita_cam_core_inst/DEMUX_GEN.demux_fifo_l/afifo_64i_16o_l/gnuram_async_fifo.xpm_fifo_base_inst/gen_sdpram.xpm_memory_base_inst/enb) which is driven by a register (design_1_i/onsemi_vita_cam_0/U0/onsemi_vita_cam_v3_1_S00_AXI_inst/onsemi_vita_cam_core_inst/syncgen_l/De_s_reg) that has an active asychronous set or reset. This may cause corruption of the memory contents and/or read values when the set/reset is asserted and is not analyzed by the default static timing analysis. It is suggested to eliminate the use of a set/reset to registers driving this RAMB pin or else use a synchronous reset in which the assertion of the reset is timed by default.
WARNING: [DRC REQP-1839] RAMB36 async control check: The RAMB36E1 design_1_i/onsemi_vita_cam_0/U0/onsemi_vita_cam_v3_1_S00_AXI_inst/onsemi_vita_cam_core_inst/DEMUX_GEN.demux_fifo_l/afifo_64i_16o_l/gnuram_async_fifo.xpm_fifo_base_inst/gen_sdpram.xpm_memory_base_inst/gen_wr_a.gen_word_wide.mem_reg_3 has an input control pin design_1_i/onsemi_vita_cam_0/U0/onsemi_vita_cam_v3_1_S00_AXI_inst/onsemi_vita_cam_core_inst/DEMUX_GEN.demux_fifo_l/afifo_64i_16o_l/gnuram_async_fifo.xpm_fifo_base_inst/gen_sdpram.xpm_memory_base_inst/gen_wr_a.gen_word_wide.mem_reg_3/WEA[0] (net: design_1_i/onsemi_vita_cam_0/U0/onsemi_vita_cam_v3_1_S00_AXI_inst/onsemi_vita_cam_core_inst/DEMUX_GEN.demux_fifo_l/afifo_64i_16o_l/gnuram_async_fifo.xpm_fifo_base_inst/gen_sdpram.xpm_memory_base_inst/ena) which is driven by a register (design_1_i/onsemi_vita_cam_0/U0/onsemi_vita_cam_v3_1_S00_AXI_inst/onsemi_vita_cam_core_inst/vita_remapper/VIDEO_SYNC_OUT_reg[0]) that has an active asychronous set or reset. This may cause corruption of the memory contents and/or read values when the set/reset is asserted and is not analyzed by the default static timing analysis. It is suggested to eliminate the use of a set/reset to registers driving this RAMB pin or else use a synchronous reset in which the assertion of the reset is timed by default.
WARNING: [DRC REQP-1839] RAMB36 async control check: The RAMB36E1 design_1_i/onsemi_vita_cam_0/U0/onsemi_vita_cam_v3_1_S00_AXI_inst/onsemi_vita_cam_core_inst/DEMUX_GEN.demux_fifo_l/afifo_64i_16o_l/gnuram_async_fifo.xpm_fifo_base_inst/gen_sdpram.xpm_memory_base_inst/gen_wr_a.gen_word_wide.mem_reg_4 has an input control pin design_1_i/onsemi_vita_cam_0/U0/onsemi_vita_cam_v3_1_S00_AXI_inst/onsemi_vita_cam_core_inst/DEMUX_GEN.demux_fifo_l/afifo_64i_16o_l/gnuram_async_fifo.xpm_fifo_base_inst/gen_sdpram.xpm_memory_base_inst/gen_wr_a.gen_word_wide.mem_reg_4/ENARDEN (net: design_1_i/onsemi_vita_cam_0/U0/onsemi_vita_cam_v3_1_S00_AXI_inst/onsemi_vita_cam_core_inst/DEMUX_GEN.demux_fifo_l/afifo_64i_16o_l/gnuram_async_fifo.xpm_fifo_base_inst/gen_sdpram.xpm_memory_base_inst/ena) which is driven by a register (design_1_i/onsemi_vita_cam_0/U0/onsemi_vita_cam_v3_1_S00_AXI_inst/onsemi_vita_cam_core_inst/vita_remapper/VIDEO_SYNC_OUT_reg[0]) that has an active asychronous set or reset. This may cause corruption of the memory contents and/or read values when the set/reset is asserted and is not analyzed by the default static timing analysis. It is suggested to eliminate the use of a set/reset to registers driving this RAMB pin or else use a synchronous reset in which the assertion of the reset is timed by default.
WARNING: [DRC REQP-1839] RAMB36 async control check: The RAMB36E1 design_1_i/onsemi_vita_cam_0/U0/onsemi_vita_cam_v3_1_S00_AXI_inst/onsemi_vita_cam_core_inst/DEMUX_GEN.demux_fifo_l/afifo_64i_16o_l/gnuram_async_fifo.xpm_fifo_base_inst/gen_sdpram.xpm_memory_base_inst/gen_wr_a.gen_word_wide.mem_reg_4 has an input control pin design_1_i/onsemi_vita_cam_0/U0/onsemi_vita_cam_v3_1_S00_AXI_inst/onsemi_vita_cam_core_inst/DEMUX_GEN.demux_fifo_l/afifo_64i_16o_l/gnuram_async_fifo.xpm_fifo_base_inst/gen_sdpram.xpm_memory_base_inst/gen_wr_a.gen_word_wide.mem_reg_4/ENBWREN (net: design_1_i/onsemi_vita_cam_0/U0/onsemi_vita_cam_v3_1_S00_AXI_inst/onsemi_vita_cam_core_inst/DEMUX_GEN.demux_fifo_l/afifo_64i_16o_l/gnuram_async_fifo.xpm_fifo_base_inst/gen_sdpram.xpm_memory_base_inst/enb) which is driven by a register (design_1_i/onsemi_vita_cam_0/U0/onsemi_vita_cam_v3_1_S00_AXI_inst/onsemi_vita_cam_core_inst/syncgen_l/De_s_reg) that has an active asychronous set or reset. This may cause corruption of the memory contents and/or read values when the set/reset is asserted and is not analyzed by the default static timing analysis. It is suggested to eliminate the use of a set/reset to registers driving this RAMB pin or else use a synchronous reset in which the assertion of the reset is timed by default.
WARNING: [DRC REQP-1839] RAMB36 async control check: The RAMB36E1 design_1_i/onsemi_vita_cam_0/U0/onsemi_vita_cam_v3_1_S00_AXI_inst/onsemi_vita_cam_core_inst/DEMUX_GEN.demux_fifo_l/afifo_64i_16o_l/gnuram_async_fifo.xpm_fifo_base_inst/gen_sdpram.xpm_memory_base_inst/gen_wr_a.gen_word_wide.mem_reg_4 has an input control pin design_1_i/onsemi_vita_cam_0/U0/onsemi_vita_cam_v3_1_S00_AXI_inst/onsemi_vita_cam_core_inst/DEMUX_GEN.demux_fifo_l/afifo_64i_16o_l/gnuram_async_fifo.xpm_fifo_base_inst/gen_sdpram.xpm_memory_base_inst/gen_wr_a.gen_word_wide.mem_reg_4/WEA[0] (net: design_1_i/onsemi_vita_cam_0/U0/onsemi_vita_cam_v3_1_S00_AXI_inst/onsemi_vita_cam_core_inst/DEMUX_GEN.demux_fifo_l/afifo_64i_16o_l/gnuram_async_fifo.xpm_fifo_base_inst/gen_sdpram.xpm_memory_base_inst/ena) which is driven by a register (design_1_i/onsemi_vita_cam_0/U0/onsemi_vita_cam_v3_1_S00_AXI_inst/onsemi_vita_cam_core_inst/vita_remapper/VIDEO_SYNC_OUT_reg[0]) that has an active asychronous set or reset. This may cause corruption of the memory contents and/or read values when the set/reset is asserted and is not analyzed by the default static timing analysis. It is suggested to eliminate the use of a set/reset to registers driving this RAMB pin or else use a synchronous reset in which the assertion of the reset is timed by default.
INFO: [Vivado_Tcl 4-198] DRC finished with 0 Errors, 12 Warnings
INFO: [Vivado_Tcl 4-199] Please refer to the DRC report (report_drc) for more information.

Starting Placer Task
INFO: [Place 30-611] Multithreading enabled for place_design using a maximum of 2 CPUs

Phase 1 Placer Initialization

Phase 1.1 Placer Initialization Netlist Sorting
Netlist sorting complete. Time (s): cpu = 00:00:00 ; elapsed = 00:00:00.022 . Memory (MB): peak = 2711.895 ; gain = 0.000
Phase 1.1 Placer Initialization Netlist Sorting | Checksum: 14790392b

Time (s): cpu = 00:00:00 ; elapsed = 00:00:00.035 . Memory (MB): peak = 2711.895 ; gain = 0.000
Netlist sorting complete. Time (s): cpu = 00:00:00 ; elapsed = 00:00:00.018 . Memory (MB): peak = 2711.895 ; gain = 0.000

Phase 1.2 IO Placement/ Clock Placement/ Build Placer Device
Phase 1.2 IO Placement/ Clock Placement/ Build Placer Device | Checksum: cc8d6664

Time (s): cpu = 00:00:03 ; elapsed = 00:00:04 . Memory (MB): peak = 2711.895 ; gain = 0.000

Phase 1.3 Build Placer Netlist Model
Phase 1.3 Build Placer Netlist Model | Checksum: 1f638b064

Time (s): cpu = 00:00:07 ; elapsed = 00:00:11 . Memory (MB): peak = 2711.895 ; gain = 0.000

Phase 1.4 Constrain Clocks/Macros
Phase 1.4 Constrain Clocks/Macros | Checksum: 1f638b064

Time (s): cpu = 00:00:07 ; elapsed = 00:00:11 . Memory (MB): peak = 2711.895 ; gain = 0.000
Phase 1 Placer Initialization | Checksum: 1f638b064

Time (s): cpu = 00:00:07 ; elapsed = 00:00:11 . Memory (MB): peak = 2711.895 ; gain = 0.000

Phase 2 Global Placement

Phase 2.1 Floorplanning
Phase 2.1 Floorplanning | Checksum: 1adca7208

Time (s): cpu = 00:00:08 ; elapsed = 00:00:12 . Memory (MB): peak = 2711.895 ; gain = 0.000

Phase 2.2 Global Placement Core

Phase 2.2.1 Physical Synthesis In Placer
INFO: [Physopt 32-1035] Found 82 LUTNM shape to break, 3083 LUT instances to create LUTNM shape
INFO: [Physopt 32-1044] Break lutnm for timing: one critical 47, two critical 35, total 82, new lutff created 4
INFO: [Physopt 32-775] End 1 Pass. Optimized 1366 nets or cells. Created 82 new cells, deleted 1284 existing cells and moved 0 existing cell
INFO: [Physopt 32-65] No nets found for high-fanout optimization.
INFO: [Physopt 32-232] Optimized 0 net. Created 0 new instance.
INFO: [Physopt 32-775] End 1 Pass. Optimized 0 net or cell. Created 0 new cell, deleted 0 existing cell and moved 0 existing cell
INFO: [Physopt 32-64] No nets found for fanout-optimization.
INFO: [Physopt 32-232] Optimized 0 net. Created 0 new instance.
INFO: [Physopt 32-775] End 1 Pass. Optimized 0 net or cell. Created 0 new cell, deleted 0 existing cell and moved 0 existing cell
INFO: [Physopt 32-117] Net design_1_i/v_proc_ss_0/U0/hsc/inst/hscale_core_polyphas_U0/grp_hscale_polyphase_fu_658/add_ln827_10_reg_14700 could not be optimized because driver design_1_i/v_proc_ss_0/U0/hsc/inst/hscale_core_polyphas_U0/grp_hscale_polyphase_fu_658/add_ln827_4_reg_1465_reg_i_2 could not be replicated
INFO: [Physopt 32-117] Net design_1_i/v_proc_ss_0/U0/hsc/inst/hscale_core_polyphas_U0/grp_hscale_polyphase_fu_658/grp_hscale_polyphase_fu_658_FiltCoeff_4_ce0 could not be optimized because driver design_1_i/v_proc_ss_0/U0/hsc/inst/hscale_core_polyphas_U0/grp_hscale_polyphase_fu_658/add_ln827_2_reg_1420_reg_i_2 could not be replicated
INFO: [Physopt 32-117] Net design_1_i/v_proc_ss_0/U0/hsc/inst/hscale_core_polyphas_U0/grp_hscale_polyphase_fu_658/grp_hscale_polyphase_fu_658_FiltCoeff_5_ce0 could not be optimized because driver design_1_i/v_proc_ss_0/U0/hsc/inst/hscale_core_polyphas_U0/grp_hscale_polyphase_fu_658/add_ln827_3_reg_1445_reg_i_2 could not be replicated
INFO: [Physopt 32-117] Net design_1_i/v_proc_ss_0/U0/hsc/inst/hscale_core_polyphas_U0/grp_hscale_polyphase_fu_658/FiltCoeff_3_0_ce0 could not be optimized because driver design_1_i/v_proc_ss_0/U0/hsc/inst/hscale_core_polyphas_U0/grp_hscale_polyphase_fu_658/add_ln827_3_reg_1445_reg_i_1 could not be replicated
INFO: [Physopt 32-117] Net design_1_i/v_proc_ss_0/U0/hsc/inst/hscale_core_polyphas_U0/grp_hscale_polyphase_fu_658/grp_hscale_polyphase_fu_658_FiltCoeff_2_ce0 could not be optimized because driver design_1_i/v_proc_ss_0/U0/hsc/inst/hscale_core_polyphas_U0/grp_hscale_polyphase_fu_658/add_ln827_reg_1370_reg_i_2 could not be replicated
INFO: [Physopt 32-117] Net design_1_i/v_proc_ss_0/U0/hsc/inst/hscale_core_polyphas_U0/grp_hscale_polyphase_fu_658/grp_hscale_polyphase_fu_658_FiltCoeff_3_ce0 could not be optimized because driver design_1_i/v_proc_ss_0/U0/hsc/inst/hscale_core_polyphas_U0/grp_hscale_polyphase_fu_658/add_ln827_1_reg_1395_reg_i_2 could not be replicated
INFO: [Physopt 32-117] Net design_1_i/v_proc_ss_0/U0/hsc/inst/hscale_core_polyphas_U0/grp_hscale_polyphase_fu_658/FiltCoeff_2_0_ce0 could not be optimized because driver design_1_i/v_proc_ss_0/U0/hsc/inst/hscale_core_polyphas_U0/grp_hscale_polyphase_fu_658/add_ln827_2_reg_1420_reg_i_1 could not be replicated
INFO: [Physopt 32-117] Net design_1_i/v_proc_ss_0/U0/hsc/inst/hscale_core_polyphas_U0/grp_hscale_polyphase_fu_658/FiltCoeff_4_0_ce0 could not be optimized because driver design_1_i/v_proc_ss_0/U0/hsc/inst/hscale_core_polyphas_U0/grp_hscale_polyphase_fu_658/add_ln827_4_reg_1465_reg_i_1 could not be replicated
INFO: [Physopt 32-117] Net design_1_i/v_proc_ss_0/U0/hsc/inst/hscale_core_polyphas_U0/grp_hscale_polyphase_fu_658/v_hscaler_mac_mulmb6_U42/bd_d86b_hsc_0_v_hscaler_mac_mulmb6_DSP48_10_U/FiltCoeff_5_0_ce0 could not be optimized because driver design_1_i/v_proc_ss_0/U0/hsc/inst/hscale_core_polyphas_U0/grp_hscale_polyphase_fu_658/v_hscaler_mac_mulmb6_U42/bd_d86b_hsc_0_v_hscaler_mac_mulmb6_DSP48_10_U/p_i_1 could not be replicated
INFO: [Physopt 32-117] Net design_1_i/v_proc_ss_0/U0/hsc/inst/hscale_core_polyphas_U0/grp_hscale_polyphase_fu_658/FiltCoeff_0_0_ce0 could not be optimized because driver design_1_i/v_proc_ss_0/U0/hsc/inst/hscale_core_polyphas_U0/grp_hscale_polyphase_fu_658/add_ln827_reg_1370_reg_i_1 could not be replicated
INFO: [Physopt 32-117] Net design_1_i/v_proc_ss_0/U0/hsc/inst/hscale_core_polyphas_U0/grp_hscale_polyphase_fu_658/FiltCoeff_1_0_ce0 could not be optimized because driver design_1_i/v_proc_ss_0/U0/hsc/inst/hscale_core_polyphas_U0/grp_hscale_polyphase_fu_658/add_ln827_1_reg_1395_reg_i_1 could not be replicated
INFO: [Physopt 32-117] Net design_1_i/v_proc_ss_2/U0/hsc/inst/hscale_core_polyphas_U0/grp_hscale_polyphase_fu_658/grp_hscale_polyphase_fu_658_FiltCoeff_2_ce0 could not be optimized because driver design_1_i/v_proc_ss_2/U0/hsc/inst/hscale_core_polyphas_U0/grp_hscale_polyphase_fu_658/add_ln827_reg_1370_reg_i_2 could not be replicated
INFO: [Physopt 32-117] Net design_1_i/v_proc_ss_2/U0/hsc/inst/hscale_core_polyphas_U0/grp_hscale_polyphase_fu_658/grp_hscale_polyphase_fu_658_FiltCoeff_3_ce0 could not be optimized because driver design_1_i/v_proc_ss_2/U0/hsc/inst/hscale_core_polyphas_U0/grp_hscale_polyphase_fu_658/add_ln827_1_reg_1395_reg_i_2 could not be replicated
INFO: [Physopt 32-117] Net design_1_i/v_proc_ss_2/U0/hsc/inst/hscale_core_polyphas_U0/grp_hscale_polyphase_fu_658/FiltCoeff_0_0_ce0 could not be optimized because driver design_1_i/v_proc_ss_2/U0/hsc/inst/hscale_core_polyphas_U0/grp_hscale_polyphase_fu_658/add_ln827_reg_1370_reg_i_1 could not be replicated
INFO: [Physopt 32-117] Net design_1_i/v_proc_ss_2/U0/hsc/inst/hscale_core_polyphas_U0/grp_hscale_polyphase_fu_658/FiltCoeff_1_0_ce0 could not be optimized because driver design_1_i/v_proc_ss_2/U0/hsc/inst/hscale_core_polyphas_U0/grp_hscale_polyphase_fu_658/add_ln827_1_reg_1395_reg_i_1 could not be replicated
INFO: [Physopt 32-117] Net design_1_i/v_proc_ss_2/U0/hsc/inst/hscale_core_polyphas_U0/grp_hscale_polyphase_fu_658/FiltCoeff_2_0_ce0 could not be optimized because driver design_1_i/v_proc_ss_2/U0/hsc/inst/hscale_core_polyphas_U0/grp_hscale_polyphase_fu_658/add_ln827_2_reg_1420_reg_i_1 could not be replicated
INFO: [Physopt 32-117] Net design_1_i/v_proc_ss_2/U0/hsc/inst/hscale_core_polyphas_U0/grp_hscale_polyphase_fu_658/FiltCoeff_3_0_ce0 could not be optimized because driver design_1_i/v_proc_ss_2/U0/hsc/inst/hscale_core_polyphas_U0/grp_hscale_polyphase_fu_658/add_ln827_3_reg_1445_reg_i_1 could not be replicated
INFO: [Physopt 32-117] Net design_1_i/v_proc_ss_2/U0/hsc/inst/hscale_core_polyphas_U0/grp_hscale_polyphase_fu_658/add_ln827_10_reg_14700 could not be optimized because driver design_1_i/v_proc_ss_2/U0/hsc/inst/hscale_core_polyphas_U0/grp_hscale_polyphase_fu_658/add_ln827_4_reg_1465_reg_i_2 could not be replicated
INFO: [Physopt 32-117] Net design_1_i/v_proc_ss_2/U0/hsc/inst/hscale_core_polyphas_U0/grp_hscale_polyphase_fu_658/FiltCoeff_4_0_ce0 could not be optimized because driver design_1_i/v_proc_ss_2/U0/hsc/inst/hscale_core_polyphas_U0/grp_hscale_polyphase_fu_658/add_ln827_4_reg_1465_reg_i_1 could not be replicated
INFO: [Physopt 32-117] Net design_1_i/v_proc_ss_2/U0/hsc/inst/hscale_core_polyphas_U0/grp_hscale_polyphase_fu_658/v_hscaler_mac_mulmb6_U42/bd_d86b_hsc_0_v_hscaler_mac_mulmb6_DSP48_10_U/FiltCoeff_5_0_ce0 could not be optimized because driver design_1_i/v_proc_ss_2/U0/hsc/inst/hscale_core_polyphas_U0/grp_hscale_polyphase_fu_658/v_hscaler_mac_mulmb6_U42/bd_d86b_hsc_0_v_hscaler_mac_mulmb6_DSP48_10_U/p_i_1 could not be replicated
INFO: [Physopt 32-117] Net design_1_i/v_proc_ss_2/U0/hsc/inst/hscale_core_polyphas_U0/grp_hscale_polyphase_fu_658/grp_hscale_polyphase_fu_658_FiltCoeff_4_ce0 could not be optimized because driver design_1_i/v_proc_ss_2/U0/hsc/inst/hscale_core_polyphas_U0/grp_hscale_polyphase_fu_658/add_ln827_2_reg_1420_reg_i_2 could not be replicated
INFO: [Physopt 32-117] Net design_1_i/v_proc_ss_2/U0/hsc/inst/hscale_core_polyphas_U0/grp_hscale_polyphase_fu_658/grp_hscale_polyphase_fu_658_FiltCoeff_5_ce0 could not be optimized because driver design_1_i/v_proc_ss_2/U0/hsc/inst/hscale_core_polyphas_U0/grp_hscale_polyphase_fu_658/add_ln827_3_reg_1445_reg_i_2 could not be replicated
INFO: [Physopt 32-117] Net design_1_i/v_proc_ss_0/U0/vsc/inst/vscale_core_polyphas_U0/LineBuf_val_0_V_U/bd_18aa_vsc_0_vscale_core_polyphbi_ram_U/ram_reg_0_i_3__4_n_1 could not be optimized because driver design_1_i/v_proc_ss_0/U0/vsc/inst/vscale_core_polyphas_U0/LineBuf_val_0_V_U/bd_18aa_vsc_0_vscale_core_polyphbi_ram_U/ram_reg_0_i_3__4 could not be replicated
INFO: [Physopt 32-68] No nets found for critical-cell optimization.
INFO: [Physopt 32-232] Optimized 0 net. Created 0 new instance.
INFO: [Physopt 32-775] End 1 Pass. Optimized 0 net or cell. Created 0 new cell, deleted 0 existing cell and moved 0 existing cell
INFO: [Physopt 32-456] No candidate cells for DSP register optimization found in the design.
INFO: [Physopt 32-775] End 2 Pass. Optimized 0 net or cell. Created 0 new cell, deleted 0 existing cell and moved 0 existing cell
INFO: [Physopt 32-1123] No candidate cells found for Shift Register to Pipeline optimization
INFO: [Physopt 32-775] End 1 Pass. Optimized 0 net or cell. Created 0 new cell, deleted 0 existing cell and moved 0 existing cell
INFO: [Physopt 32-677] No candidate cells for Shift Register optimization found in the design
INFO: [Physopt 32-775] End 1 Pass. Optimized 0 net or cell. Created 0 new cell, deleted 0 existing cell and moved 0 existing cell
INFO: [Physopt 32-526] No candidate cells for BRAM register optimization found in the design
INFO: [Physopt 32-775] End 1 Pass. Optimized 0 net or cell. Created 0 new cell, deleted 0 existing cell and moved 0 existing cell
INFO: [Physopt 32-846] No candidate cells for URAM register optimization found in the design
INFO: [Physopt 32-775] End 2 Pass. Optimized 0 net or cell. Created 0 new cell, deleted 0 existing cell and moved 0 existing cell
INFO: [Physopt 32-949] No candidate nets found for HD net replication
INFO: [Physopt 32-775] End 1 Pass. Optimized 0 net or cell. Created 0 new cell, deleted 0 existing cell and moved 0 existing cell
Netlist sorting complete. Time (s): cpu = 00:00:00 ; elapsed = 00:00:00.021 . Memory (MB): peak = 2711.895 ; gain = 0.000

Summary of Physical Synthesis Optimizations
============================================


-----------------------------------------------------------------------------------------------------------------------------------------------------------
|  Optimization                                     |  Added Cells  |  Removed Cells  |  Optimized Cells/Nets  |  Dont Touch  |  Iterations  |  Elapsed   |
-----------------------------------------------------------------------------------------------------------------------------------------------------------
|  LUT Combining                                    |           82  |           1284  |                  1366  |           0  |           1  |  00:00:01  |
|  Very High Fanout                                 |            0  |              0  |                     0  |           0  |           1  |  00:00:00  |
|  Fanout                                           |            0  |              0  |                     0  |           0  |           1  |  00:00:00  |
|  Critical Cell                                    |            0  |              0  |                     0  |           0  |           1  |  00:00:00  |
|  DSP Register                                     |            0  |              0  |                     0  |           0  |           1  |  00:00:00  |
|  Shift Register to Pipeline                       |            0  |              0  |                     0  |           0  |           1  |  00:00:00  |
|  Shift Register                                   |            0  |              0  |                     0  |           0  |           1  |  00:00:00  |
|  BRAM Register                                    |            0  |              0  |                     0  |           0  |           1  |  00:00:00  |
|  URAM Register                                    |            0  |              0  |                     0  |           0  |           1  |  00:00:00  |
|  Dynamic/Static Region Interface Net Replication  |            0  |              0  |                     0  |           0  |           1  |  00:00:00  |
|  Total                                            |           82  |           1284  |                  1366  |           0  |          10  |  00:00:02  |
-----------------------------------------------------------------------------------------------------------------------------------------------------------


Phase 2.2.1 Physical Synthesis In Placer | Checksum: 23ba0598b

Time (s): cpu = 00:00:29 ; elapsed = 00:00:36 . Memory (MB): peak = 2711.895 ; gain = 0.000
Phase 2.2 Global Placement Core | Checksum: 109ee9364

Time (s): cpu = 00:00:30 ; elapsed = 00:00:37 . Memory (MB): peak = 2711.895 ; gain = 0.000
Phase 2 Global Placement | Checksum: 109ee9364

Time (s): cpu = 00:00:30 ; elapsed = 00:00:38 . Memory (MB): peak = 2711.895 ; gain = 0.000

Phase 3 Detail Placement

Phase 3.1 Commit Multi Column Macros
Phase 3.1 Commit Multi Column Macros | Checksum: 11357cb00

Time (s): cpu = 00:00:31 ; elapsed = 00:00:39 . Memory (MB): peak = 2711.895 ; gain = 0.000

Phase 3.2 Commit Most Macros & LUTRAMs
Phase 3.2 Commit Most Macros & LUTRAMs | Checksum: 17c8f3972

Time (s): cpu = 00:00:33 ; elapsed = 00:00:42 . Memory (MB): peak = 2711.895 ; gain = 0.000

Phase 3.3 Area Swap Optimization
Phase 3.3 Area Swap Optimization | Checksum: 2098cb993

Time (s): cpu = 00:00:33 ; elapsed = 00:00:43 . Memory (MB): peak = 2711.895 ; gain = 0.000

Phase 3.4 Pipeline Register Optimization
Phase 3.4 Pipeline Register Optimization | Checksum: 228646e48

Time (s): cpu = 00:00:33 ; elapsed = 00:00:43 . Memory (MB): peak = 2711.895 ; gain = 0.000

Phase 3.5 Fast Optimization
Phase 3.5 Fast Optimization | Checksum: 222e981de

Time (s): cpu = 00:00:35 ; elapsed = 00:00:47 . Memory (MB): peak = 2711.895 ; gain = 0.000

Phase 3.6 Small Shape Detail Placement
Phase 3.6 Small Shape Detail Placement | Checksum: 1b160fb78

Time (s): cpu = 00:00:39 ; elapsed = 00:00:59 . Memory (MB): peak = 2711.895 ; gain = 0.000

Phase 3.7 Re-assign LUT pins
Phase 3.7 Re-assign LUT pins | Checksum: 1c348e88f

Time (s): cpu = 00:00:39 ; elapsed = 00:01:01 . Memory (MB): peak = 2711.895 ; gain = 0.000

Phase 3.8 Pipeline Register Optimization
Phase 3.8 Pipeline Register Optimization | Checksum: 1fd4c5af4

Time (s): cpu = 00:00:40 ; elapsed = 00:01:02 . Memory (MB): peak = 2711.895 ; gain = 0.000

Phase 3.9 Fast Optimization
Phase 3.9 Fast Optimization | Checksum: 1209c547b

Time (s): cpu = 00:00:43 ; elapsed = 00:01:08 . Memory (MB): peak = 2711.895 ; gain = 0.000
Phase 3 Detail Placement | Checksum: 1209c547b

Time (s): cpu = 00:00:43 ; elapsed = 00:01:09 . Memory (MB): peak = 2711.895 ; gain = 0.000

Phase 4 Post Placement Optimization and Clean-Up

Phase 4.1 Post Commit Optimization
INFO: [Timing 38-35] Done setting XDC timing constraints.

Phase 4.1.1 Post Placement Optimization
Post Placement Optimization Initialization | Checksum: 199f05785

Phase 4.1.1.1 BUFG Insertion

Starting Physical Synthesis Task

Phase 1 Physical Synthesis Initialization
INFO: [Physopt 32-721] Multithreading enabled for phys_opt_design using a maximum of 2 CPUs
INFO: [Physopt 32-619] Estimated Timing Summary | WNS=-10.892 | TNS=-17939.288 |
Phase 1 Physical Synthesis Initialization | Checksum: 1d0977c27

Time (s): cpu = 00:00:01 ; elapsed = 00:00:02 . Memory (MB): peak = 2711.895 ; gain = 0.000
INFO: [Place 46-33] Processed net design_1_i/onsemi_vita_cam_0/U0/onsemi_vita_cam_v3_1_S00_AXI_inst/axi_awready_i_1_n_0, BUFG insertion was skipped due to placement/routing conflicts.
INFO: [Place 46-33] Processed net design_1_i/v_tc_0/U0/U_VIDEO_CTRL/GEN_HAS_IRQ.irq_i_1_n_0, BUFG insertion was skipped due to placement/routing conflicts.
INFO: [Place 46-56] BUFG insertion identified 2 candidate nets. Inserted BUFG: 0, Replicated BUFG Driver: 0, Skipped due to Placement/Routing Conflicts: 2, Skipped due to Timing Degradation: 0, Skipped due to Illegal Netlist: 0.
Ending Physical Synthesis Task | Checksum: 16591b9e7

Time (s): cpu = 00:00:01 ; elapsed = 00:00:02 . Memory (MB): peak = 2711.895 ; gain = 0.000
Phase 4.1.1.1 BUFG Insertion | Checksum: 199f05785

Time (s): cpu = 00:00:49 ; elapsed = 00:01:19 . Memory (MB): peak = 2711.895 ; gain = 0.000
INFO: [Place 30-746] Post Placement Timing Summary WNS=-10.655. For the most accurate timing information please run report_timing.
Phase 4.1.1 Post Placement Optimization | Checksum: 2110b6893

Time (s): cpu = 00:01:06 ; elapsed = 00:01:53 . Memory (MB): peak = 2711.895 ; gain = 0.000
Phase 4.1 Post Commit Optimization | Checksum: 2110b6893

Time (s): cpu = 00:01:06 ; elapsed = 00:01:53 . Memory (MB): peak = 2711.895 ; gain = 0.000

Phase 4.2 Post Placement Cleanup
Phase 4.2 Post Placement Cleanup | Checksum: 2110b6893

Time (s): cpu = 00:01:06 ; elapsed = 00:01:53 . Memory (MB): peak = 2711.895 ; gain = 0.000

Phase 4.3 Placer Reporting
Phase 4.3 Placer Reporting | Checksum: 2110b6893

Time (s): cpu = 00:01:06 ; elapsed = 00:01:54 . Memory (MB): peak = 2711.895 ; gain = 0.000

Phase 4.4 Final Placement Cleanup
Netlist sorting complete. Time (s): cpu = 00:00:00 ; elapsed = 00:00:00.027 . Memory (MB): peak = 2711.895 ; gain = 0.000
Phase 4.4 Final Placement Cleanup | Checksum: 16b497e8b

Time (s): cpu = 00:01:06 ; elapsed = 00:01:54 . Memory (MB): peak = 2711.895 ; gain = 0.000
Phase 4 Post Placement Optimization and Clean-Up | Checksum: 16b497e8b

Time (s): cpu = 00:01:06 ; elapsed = 00:01:54 . Memory (MB): peak = 2711.895 ; gain = 0.000
Ending Placer Task | Checksum: 102ab163b

Time (s): cpu = 00:01:06 ; elapsed = 00:01:54 . Memory (MB): peak = 2711.895 ; gain = 0.000
INFO: [Common 17-83] Releasing license: Implementation
209 Infos, 75 Warnings, 1 Critical Warnings and 0 Errors encountered.
place_design completed successfully
place_design: Time (s): cpu = 00:01:09 ; elapsed = 00:01:56 . Memory (MB): peak = 2711.895 ; gain = 0.000
INFO: [Timing 38-480] Writing timing data to binary archive.
Writing placer database...
Writing XDEF routing.
Writing XDEF routing logical nets.
Writing XDEF routing special nets.
Write XDEF Complete: Time (s): cpu = 00:00:03 ; elapsed = 00:00:02 . Memory (MB): peak = 2711.895 ; gain = 0.000
INFO: [Common 17-1381] The checkpoint 'C:/Users/jaxie963/Temp/cpre488-mp2/project_1/project_1.runs/impl_1/design_1_wrapper_placed.dcp' has been generated.
write_checkpoint: Time (s): cpu = 00:00:06 ; elapsed = 00:00:09 . Memory (MB): peak = 2711.895 ; gain = 0.000
INFO: [runtcl-4] Executing : report_io -file design_1_wrapper_io_placed.rpt
report_io: Time (s): cpu = 00:00:00 ; elapsed = 00:00:00.048 . Memory (MB): peak = 2711.895 ; gain = 0.000
INFO: [runtcl-4] Executing : report_utilization -file design_1_wrapper_utilization_placed.rpt -pb design_1_wrapper_utilization_placed.pb
INFO: [runtcl-4] Executing : report_control_sets -verbose -file design_1_wrapper_control_sets_placed.rpt
report_control_sets: Time (s): cpu = 00:00:00 ; elapsed = 00:00:00.123 . Memory (MB): peak = 2711.895 ; gain = 0.000
Command: route_design
Attempting to get a license for feature 'Implementation' and/or device 'xc7z020'
INFO: [Common 17-349] Got license for feature 'Implementation' and/or device 'xc7z020'
Running DRC as a precondition to command route_design
INFO: [DRC 23-27] Running DRC with 2 threads
INFO: [Vivado_Tcl 4-198] DRC finished with 0 Errors
INFO: [Vivado_Tcl 4-199] Please refer to the DRC report (report_drc) for more information.


Starting Routing Task
INFO: [Route 35-254] Multithreading enabled for route_design using a maximum of 2 CPUs
Checksum: PlaceDB: d46da790 ConstDB: 0 ShapeSum: 2e3d6eab RouteDB: 0

Phase 1 Build RT Design
Phase 1 Build RT Design | Checksum: 91a52772

Time (s): cpu = 00:00:10 ; elapsed = 00:00:26 . Memory (MB): peak = 2711.895 ; gain = 0.000
Post Restoration Checksum: NetGraph: 3ae04141 NumContArr: 56c4e631 Constraints: 0 Timing: 0

Phase 2 Router Initialization

Phase 2.1 Create Timer
Phase 2.1 Create Timer | Checksum: 91a52772

Time (s): cpu = 00:00:10 ; elapsed = 00:00:26 . Memory (MB): peak = 2711.895 ; gain = 0.000

Phase 2.2 Fix Topology Constraints
Phase 2.2 Fix Topology Constraints | Checksum: 91a52772

Time (s): cpu = 00:00:10 ; elapsed = 00:00:26 . Memory (MB): peak = 2711.895 ; gain = 0.000

Phase 2.3 Pre Route Cleanup
Phase 2.3 Pre Route Cleanup | Checksum: 91a52772

Time (s): cpu = 00:00:10 ; elapsed = 00:00:26 . Memory (MB): peak = 2711.895 ; gain = 0.000
 Number of Nodes with overlaps = 0

Phase 2.4 Update Timing
Phase 2.4 Update Timing | Checksum: 138ca8acb

Time (s): cpu = 00:00:16 ; elapsed = 00:00:36 . Memory (MB): peak = 2736.902 ; gain = 25.008
INFO: [Route 35-416] Intermediate Timing Summary | WNS=-10.524| TNS=-17446.573| WHS=-1.861 | THS=-1858.735|


Phase 2.5 Update Timing for Bus Skew

Phase 2.5.1 Update Timing
Phase 2.5.1 Update Timing | Checksum: f17dc646

Time (s): cpu = 00:00:20 ; elapsed = 00:00:44 . Memory (MB): peak = 2983.160 ; gain = 271.266
INFO: [Route 35-416] Intermediate Timing Summary | WNS=-10.524| TNS=-17445.152| WHS=N/A    | THS=N/A    |

Phase 2.5 Update Timing for Bus Skew | Checksum: 89806682

Time (s): cpu = 00:00:20 ; elapsed = 00:00:44 . Memory (MB): peak = 2983.160 ; gain = 271.266
Phase 2 Router Initialization | Checksum: bdf1eeeb

Time (s): cpu = 00:00:20 ; elapsed = 00:00:44 . Memory (MB): peak = 2983.160 ; gain = 271.266

Router Utilization Summary
  Global Vertical Routing Utilization    = 0 %
  Global Horizontal Routing Utilization  = 0 %
  Routable Net Status*
  *Does not include unroutable nets such as driverless and loadless.
  Run report_route_status for detailed report.
  Number of Failed Nets               = 55252
    (Failed Nets is the sum of unrouted and partially routed nets)
  Number of Unrouted Nets             = 55251
  Number of Partially Routed Nets     = 1
  Number of Node Overlaps             = 0


Phase 3 Initial Routing
Phase 3 Initial Routing | Checksum: 21b111ef8

Time (s): cpu = 00:00:33 ; elapsed = 00:01:00 . Memory (MB): peak = 3037.840 ; gain = 325.945
INFO: [Route 35-580] Design has 621 pins with tight setup and hold constraints.

The top 5 pins with tight setup and hold constraints:

+--------------------------+--------------------------+----------------------------------------------------------------------------------------------------------+
|       Launch Clock       |      Capture Clock       |                                                 Pin                                                      |
+--------------------------+--------------------------+----------------------------------------------------------------------------------------------------------+
|               vita_clk_1 |               clk_fpga_0 |                   design_1_i/onsemi_vita_cam_0/U0/onsemi_vita_cam_v3_1_S00_AXI_inst/slv_reg15_r1_reg[9]/D|
|               vita_clk_1 |               clk_fpga_0 |                  design_1_i/onsemi_vita_cam_0/U0/onsemi_vita_cam_v3_1_S00_AXI_inst/slv_reg16_r1_reg[22]/D|
|               vita_clk_1 |               clk_fpga_0 |                  design_1_i/onsemi_vita_cam_0/U0/onsemi_vita_cam_v3_1_S00_AXI_inst/slv_reg17_r1_reg[13]/D|
|               vita_clk_1 |               clk_fpga_0 |                  design_1_i/onsemi_vita_cam_0/U0/onsemi_vita_cam_v3_1_S00_AXI_inst/slv_reg17_r1_reg[15]/D|
|               vita_clk_1 |               clk_fpga_0 |                  design_1_i/onsemi_vita_cam_0/U0/onsemi_vita_cam_v3_1_S00_AXI_inst/slv_reg15_r1_reg[22]/D|
+--------------------------+--------------------------+----------------------------------------------------------------------------------------------------------+

File with complete list of pins: tight_setup_hold_pins.txt


Phase 4 Rip-up And Reroute

Phase 4.1 Global Iteration 0
 Number of Nodes with overlaps = 5230
 Number of Nodes with overlaps = 255
 Number of Nodes with overlaps = 5
 Number of Nodes with overlaps = 0
INFO: [Route 35-416] Intermediate Timing Summary | WNS=-10.609| TNS=-23030.747| WHS=N/A    | THS=N/A    |

Phase 4.1 Global Iteration 0 | Checksum: 93003244

Time (s): cpu = 00:01:11 ; elapsed = 00:01:55 . Memory (MB): peak = 3088.109 ; gain = 376.215

Phase 4.2 Global Iteration 1
 Number of Nodes with overlaps = 154
 Number of Nodes with overlaps = 32
 Number of Nodes with overlaps = 3
 Number of Nodes with overlaps = 1
 Number of Nodes with overlaps = 0
INFO: [Route 35-416] Intermediate Timing Summary | WNS=-10.789| TNS=-23012.095| WHS=N/A    | THS=N/A    |

Phase 4.2 Global Iteration 1 | Checksum: 13a0a9341

Time (s): cpu = 00:01:12 ; elapsed = 00:01:58 . Memory (MB): peak = 3088.109 ; gain = 376.215
Phase 4 Rip-up And Reroute | Checksum: 13a0a9341

Time (s): cpu = 00:01:12 ; elapsed = 00:01:58 . Memory (MB): peak = 3088.109 ; gain = 376.215

Phase 5 Delay and Skew Optimization

Phase 5.1 Delay CleanUp

Phase 5.1.1 Update Timing
Phase 5.1.1 Update Timing | Checksum: 145024ff8

Time (s): cpu = 00:01:14 ; elapsed = 00:02:01 . Memory (MB): peak = 3088.109 ; gain = 376.215
INFO: [Route 35-416] Intermediate Timing Summary | WNS=-10.609| TNS=-22524.153| WHS=N/A    | THS=N/A    |

 Number of Nodes with overlaps = 0
Phase 5.1 Delay CleanUp | Checksum: 1dc8216e6

Time (s): cpu = 00:01:15 ; elapsed = 00:02:02 . Memory (MB): peak = 3088.109 ; gain = 376.215

Phase 5.2 Clock Skew Optimization
Phase 5.2 Clock Skew Optimization | Checksum: 1dc8216e6

Time (s): cpu = 00:01:15 ; elapsed = 00:02:02 . Memory (MB): peak = 3088.109 ; gain = 376.215
Phase 5 Delay and Skew Optimization | Checksum: 1dc8216e6

Time (s): cpu = 00:01:15 ; elapsed = 00:02:03 . Memory (MB): peak = 3088.109 ; gain = 376.215

Phase 6 Post Hold Fix

Phase 6.1 Hold Fix Iter

Phase 6.1.1 Update Timing
Phase 6.1.1 Update Timing | Checksum: 1bc901f9a

Time (s): cpu = 00:01:16 ; elapsed = 00:02:05 . Memory (MB): peak = 3088.109 ; gain = 376.215
INFO: [Route 35-416] Intermediate Timing Summary | WNS=-10.609| TNS=-21001.815| WHS=-1.519 | THS=-29.685|

Phase 6.1 Hold Fix Iter | Checksum: 94a8cd01

Time (s): cpu = 00:01:16 ; elapsed = 00:02:06 . Memory (MB): peak = 3088.109 ; gain = 376.215
WARNING: [Route 35-468] The router encountered 415 pins that are both setup-critical and hold-critical and tried to fix hold violations at the expense of setup slack. Such pins are:
	design_1_i/onsemi_vita_cam_0/U0/onsemi_vita_cam_v3_1_S00_AXI_inst/onsemi_vita_cam_core_inst/vita_iserdes_v5.vita_iserdes/generate_datagen.datagen[0].db/im/nomuxgen.IODELAY_CE_reg[0]/CLR
	design_1_i/onsemi_vita_cam_0/U0/onsemi_vita_cam_v3_1_S00_AXI_inst/onsemi_vita_cam_core_inst/vita_iserdes_v5.vita_iserdes/generate_datagen.datagen[0].db/im/nomuxgen.IODELAY_INC_reg[0]/CLR
	design_1_i/onsemi_vita_cam_0/U0/onsemi_vita_cam_v3_1_S00_AXI_inst/onsemi_vita_cam_core_inst/vita_iserdes_v5.vita_iserdes/generate_datagen.datagen[0].db/im/nomuxgen.SYNC_DATA_reg[0]/CLR
	design_1_i/onsemi_vita_cam_0/U0/onsemi_vita_cam_v3_1_S00_AXI_inst/onsemi_vita_cam_core_inst/vita_iserdes_v5.vita_iserdes/generate_datagen.datagen[0].db/im/nomuxgen.SYNC_DATA_reg[1]/CLR
	design_1_i/onsemi_vita_cam_0/U0/onsemi_vita_cam_v3_1_S00_AXI_inst/onsemi_vita_cam_core_inst/vita_iserdes_v5.vita_iserdes/generate_datagen.datagen[0].db/ss/Ack_int_reg/CLR
	design_1_i/onsemi_vita_cam_0/U0/onsemi_vita_cam_v3_1_S00_AXI_inst/onsemi_vita_cam_core_inst/vita_iserdes_v5.vita_iserdes/generate_datagen.datagen[0].db/ss/FIFO_WREN_r_reg/CLR
	design_1_i/onsemi_vita_cam_0/U0/onsemi_vita_cam_v3_1_S00_AXI_inst/onsemi_vita_cam_core_inst/vita_iserdes_v5.vita_iserdes/generate_datagen.datagen[0].db/ss/FSM_sequential_syncstate_reg[0]/CLR
	design_1_i/onsemi_vita_cam_0/U0/onsemi_vita_cam_v3_1_S00_AXI_inst/onsemi_vita_cam_core_inst/vita_iserdes_v5.vita_iserdes/generate_datagen.datagen[0].db/ss/IODELAY_CE_reg/CLR
	design_1_i/onsemi_vita_cam_0/U0/onsemi_vita_cam_v3_1_S00_AXI_inst/onsemi_vita_cam_core_inst/vita_iserdes_v5.vita_iserdes/generate_datagen.datagen[0].db/ss/ReqPipe_reg[0]/CLR
	design_1_i/onsemi_vita_cam_0/U0/onsemi_vita_cam_v3_1_S00_AXI_inst/onsemi_vita_cam_core_inst/vita_iserdes_v5.vita_iserdes/generate_datagen.datagen[1].db/im/nomuxgen.IODELAY_CE_reg[0]/CLR
	.. and 405 more pins.

Phase 6 Post Hold Fix | Checksum: 169b7c9c2

Time (s): cpu = 00:01:16 ; elapsed = 00:02:06 . Memory (MB): peak = 3088.109 ; gain = 376.215

Phase 7 Route finalize

Router Utilization Summary
  Global Vertical Routing Utilization    = 12.6802 %
  Global Horizontal Routing Utilization  = 15.6942 %
  Routable Net Status*
  *Does not include unroutable nets such as driverless and loadless.
  Run report_route_status for detailed report.
  Number of Failed Nets               = 0
    (Failed Nets is the sum of unrouted and partially routed nets)
  Number of Unrouted Nets             = 0
  Number of Partially Routed Nets     = 0
  Number of Node Overlaps             = 0

Congestion Report
North Dir 1x1 Area, Max Cong = 71.1712%, No Congested Regions.
South Dir 1x1 Area, Max Cong = 73.8739%, No Congested Regions.
East Dir 1x1 Area, Max Cong = 82.3529%, No Congested Regions.
West Dir 1x1 Area, Max Cong = 80.8824%, No Congested Regions.

------------------------------
Reporting congestion hotspots
------------------------------
Direction: North
----------------
Congested clusters found at Level 0
Effective congestion level: 0 Aspect Ratio: 1 Sparse Ratio: 0
Direction: South
----------------
Congested clusters found at Level 0
Effective congestion level: 0 Aspect Ratio: 1 Sparse Ratio: 0
Direction: East
----------------
Congested clusters found at Level 0
Effective congestion level: 0 Aspect Ratio: 1 Sparse Ratio: 0
Direction: West
----------------
Congested clusters found at Level 0
Effective congestion level: 0 Aspect Ratio: 1 Sparse Ratio: 0

Phase 7 Route finalize | Checksum: c367e521

Time (s): cpu = 00:01:17 ; elapsed = 00:02:06 . Memory (MB): peak = 3088.109 ; gain = 376.215

Phase 8 Verifying routed nets

 Verification completed successfully
Phase 8 Verifying routed nets | Checksum: c367e521

Time (s): cpu = 00:01:17 ; elapsed = 00:02:06 . Memory (MB): peak = 3088.109 ; gain = 376.215

Phase 9 Depositing Routes
Phase 9 Depositing Routes | Checksum: ec2dd119

Time (s): cpu = 00:01:19 ; elapsed = 00:02:09 . Memory (MB): peak = 3088.109 ; gain = 376.215

Phase 10 Post Router Timing

Phase 10.1 Update Timing
Phase 10.1 Update Timing | Checksum: c1109064

Time (s): cpu = 00:01:21 ; elapsed = 00:02:12 . Memory (MB): peak = 3088.109 ; gain = 376.215
INFO: [Route 35-57] Estimated Timing Summary | WNS=-10.609| TNS=-21001.786| WHS=0.050  | THS=0.000  |

WARNING: [Route 35-328] Router estimated timing not met.
Resolution: For a complete and accurate timing signoff, report_timing_summary must be run after route_design. Alternatively, route_design can be run with the -timing_summary option to enable a complete timing signoff at the end of route_design.
Phase 10 Post Router Timing | Checksum: c1109064

Time (s): cpu = 00:01:21 ; elapsed = 00:02:12 . Memory (MB): peak = 3088.109 ; gain = 376.215
INFO: [Route 35-16] Router Completed Successfully

Time (s): cpu = 00:01:21 ; elapsed = 00:02:12 . Memory (MB): peak = 3088.109 ; gain = 376.215

Routing Is Done.
INFO: [Common 17-83] Releasing license: Implementation
229 Infos, 77 Warnings, 1 Critical Warnings and 0 Errors encountered.
route_design completed successfully
route_design: Time (s): cpu = 00:01:24 ; elapsed = 00:02:14 . Memory (MB): peak = 3088.109 ; gain = 376.215
INFO: [Timing 38-480] Writing timing data to binary archive.
Writing placer database...
Writing XDEF routing.
Writing XDEF routing logical nets.
Writing XDEF routing special nets.
Write XDEF Complete: Time (s): cpu = 00:00:06 ; elapsed = 00:00:03 . Memory (MB): peak = 3088.109 ; gain = 0.000
INFO: [Common 17-1381] The checkpoint 'C:/Users/jaxie963/Temp/cpre488-mp2/project_1/project_1.runs/impl_1/design_1_wrapper_routed.dcp' has been generated.
write_checkpoint: Time (s): cpu = 00:00:10 ; elapsed = 00:00:10 . Memory (MB): peak = 3088.109 ; gain = 0.000
INFO: [runtcl-4] Executing : report_drc -file design_1_wrapper_drc_routed.rpt -pb design_1_wrapper_drc_routed.pb -rpx design_1_wrapper_drc_routed.rpx
Command: report_drc -file design_1_wrapper_drc_routed.rpt -pb design_1_wrapper_drc_routed.pb -rpx design_1_wrapper_drc_routed.rpx
INFO: [IP_Flow 19-1839] IP Catalog is up to date.
INFO: [DRC 23-27] Running DRC with 2 threads
INFO: [Coretcl 2-168] The results of DRC are in file C:/Users/jaxie963/Temp/cpre488-mp2/project_1/project_1.runs/impl_1/design_1_wrapper_drc_routed.rpt.
report_drc completed successfully
report_drc: Time (s): cpu = 00:00:04 ; elapsed = 00:00:05 . Memory (MB): peak = 3088.109 ; gain = 0.000
INFO: [runtcl-4] Executing : report_methodology -file design_1_wrapper_methodology_drc_routed.rpt -pb design_1_wrapper_methodology_drc_routed.pb -rpx design_1_wrapper_methodology_drc_routed.rpx
Command: report_methodology -file design_1_wrapper_methodology_drc_routed.rpt -pb design_1_wrapper_methodology_drc_routed.pb -rpx design_1_wrapper_methodology_drc_routed.rpx
INFO: [Timing 38-35] Done setting XDC timing constraints.
INFO: [DRC 23-133] Running Methodology with 2 threads
INFO: [Coretcl 2-1520] The results of Report Methodology are in file C:/Users/jaxie963/Temp/cpre488-mp2/project_1/project_1.runs/impl_1/design_1_wrapper_methodology_drc_routed.rpt.
report_methodology completed successfully
report_methodology: Time (s): cpu = 00:00:10 ; elapsed = 00:00:14 . Memory (MB): peak = 3250.738 ; gain = 162.629
INFO: [runtcl-4] Executing : report_power -file design_1_wrapper_power_routed.rpt -pb design_1_wrapper_power_summary_routed.pb -rpx design_1_wrapper_power_routed.rpx
Command: report_power -file design_1_wrapper_power_routed.rpt -pb design_1_wrapper_power_summary_routed.pb -rpx design_1_wrapper_power_routed.rpx
INFO: [Timing 38-35] Done setting XDC timing constraints.
Running Vector-less Activity Propagation...

Finished Running Vector-less Activity Propagation
WARNING: [Power 33-332] Found switching activity that implies high-fanout reset nets being asserted for excessive periods of time which may result in inaccurate power analysis.
Resolution: To review and fix problems, please run Power Constraints Advisor in the GUI from Tools > Power Constraints Advisor or run report_power with the -advisory option to generate a text report.
241 Infos, 78 Warnings, 1 Critical Warnings and 0 Errors encountered.
report_power completed successfully
report_power: Time (s): cpu = 00:00:11 ; elapsed = 00:00:14 . Memory (MB): peak = 3250.738 ; gain = 0.000
INFO: [runtcl-4] Executing : report_route_status -file design_1_wrapper_route_status.rpt -pb design_1_wrapper_route_status.pb
INFO: [runtcl-4] Executing : report_timing_summary -max_paths 10 -file design_1_wrapper_timing_summary_routed.rpt -pb design_1_wrapper_timing_summary_routed.pb -rpx design_1_wrapper_timing_summary_routed.rpx -warn_on_violation 
INFO: [Timing 38-91] UpdateTimingParams: Speed grade: -1, Delay Type: min_max.
INFO: [Timing 38-191] Multithreading enabled for timing update using a maximum of 2 CPUs
CRITICAL WARNING: [Timing 38-282] The design failed to meet the timing requirements. Please see the timing summary report for details on the timing violations.
WARNING: [Timing 38-436] There are set_bus_skew constraint(s) in this design. Please run report_bus_skew to ensure that bus skew requirements are met.
INFO: [runtcl-4] Executing : report_incremental_reuse -file design_1_wrapper_incremental_reuse_routed.rpt
INFO: [Vivado_Tcl 4-1062] Incremental flow is disabled. No incremental reuse Info to report.
INFO: [runtcl-4] Executing : report_clock_utilization -file design_1_wrapper_clock_utilization_routed.rpt
INFO: [runtcl-4] Executing : report_bus_skew -warn_on_violation -file design_1_wrapper_bus_skew_routed.rpt -pb design_1_wrapper_bus_skew_routed.pb -rpx design_1_wrapper_bus_skew_routed.rpx
INFO: [Timing 38-91] UpdateTimingParams: Speed grade: -1, Delay Type: min_max.
INFO: [Timing 38-191] Multithreading enabled for timing update using a maximum of 2 CPUs
INFO: [Memdata 28-208] The XPM instance: <design_1_i/v_vid_in_axi4s_0/inst/COUPLER_INST/generate_sync_fifo.FIFO_INST/XPM_FIFO_SYNC_INST/xpm_fifo_base_inst/gen_sdpram.xpm_memory_base_inst> is part of IP: <design_1_i/v_vid_in_axi4s_0>. This XPM instance will be excluded from the .mmi because updatemem is prohibited from making changes to an XPM that is part of an IP.
INFO: [Memdata 28-208] The XPM instance: <design_1_i/v_axi4s_vid_out_0/inst/COUPLER_INST/generate_async_fifo.FIFO_INST/XPM_FIFO_ASYNC_INST/gnuram_async_fifo.xpm_fifo_base_inst/gen_sdpram.xpm_memory_base_inst> is part of IP: <design_1_i/v_axi4s_vid_out_0>. This XPM instance will be excluded from the .mmi because updatemem is prohibited from making changes to an XPM that is part of an IP.
INFO: [Memdata 28-167] Found XPM memory block design_1_i/onsemi_vita_spi_0/U0/onsemi_vita_spi_v3_1_S00_AXI_inst/onsemi_vita_spicore_inst/vita_spi_txfifo_l/afifo_64i_16o_l/gnuram_async_fifo.xpm_fifo_base_inst/gen_sdpram.xpm_memory_base_inst with a P_MEMORY_PRIMITIVE property set to auto. A value of block is required. You will not be able to use the updatemem program to update the bitstream with new data for the design_1_i/onsemi_vita_spi_0/U0/onsemi_vita_spi_v3_1_S00_AXI_inst/onsemi_vita_spicore_inst/vita_spi_txfifo_l/afifo_64i_16o_l/gnuram_async_fifo.xpm_fifo_base_inst/gen_sdpram.xpm_memory_base_inst block.
INFO: [Memdata 28-167] Found XPM memory block design_1_i/onsemi_vita_spi_0/U0/onsemi_vita_spi_v3_1_S00_AXI_inst/onsemi_vita_spicore_inst/vita_spi_rxfifo_l/afifo_64i_16o_l/gnuram_async_fifo.xpm_fifo_base_inst/gen_sdpram.xpm_memory_base_inst with a P_MEMORY_PRIMITIVE property set to auto. A value of block is required. You will not be able to use the updatemem program to update the bitstream with new data for the design_1_i/onsemi_vita_spi_0/U0/onsemi_vita_spi_v3_1_S00_AXI_inst/onsemi_vita_spicore_inst/vita_spi_rxfifo_l/afifo_64i_16o_l/gnuram_async_fifo.xpm_fifo_base_inst/gen_sdpram.xpm_memory_base_inst block.
INFO: [Memdata 28-208] The XPM instance: <design_1_i/onsemi_vita_cam_0/U0/onsemi_vita_cam_v3_1_S00_AXI_inst/onsemi_vita_cam_core_inst/DEMUX_GEN.demux_fifo_l/afifo_64i_16o_l/gnuram_async_fifo.xpm_fifo_base_inst/gen_sdpram.xpm_memory_base_inst> is part of IP: <design_1_i/onsemi_vita_cam_0>. This XPM instance will be excluded from the .mmi because updatemem is prohibited from making changes to an XPM that is part of an IP.
INFO: [Memdata 28-167] Found XPM memory block design_1_i/axi_vdma_0/U0/I_PRMRY_DATAMOVER/GEN_S2MM_FULL.I_S2MM_FULL_WRAPPER/GEN_ENABLE_INDET_BTT_SF.I_INDET_BTT/I_XD_FIFO/NON_BLK_MEM.I_SYNC_FIFOGEN_FIFO/xpm_fifo_instance.xpm_fifo_sync_inst/xpm_fifo_base_inst/gen_sdpram.xpm_memory_base_inst with a P_MEMORY_PRIMITIVE property set to auto. A value of block is required. You will not be able to use the updatemem program to update the bitstream with new data for the design_1_i/axi_vdma_0/U0/I_PRMRY_DATAMOVER/GEN_S2MM_FULL.I_S2MM_FULL_WRAPPER/GEN_ENABLE_INDET_BTT_SF.I_INDET_BTT/I_XD_FIFO/NON_BLK_MEM.I_SYNC_FIFOGEN_FIFO/xpm_fifo_instance.xpm_fifo_sync_inst/xpm_fifo_base_inst/gen_sdpram.xpm_memory_base_inst block.
INFO: [Memdata 28-208] The XPM instance: <design_1_i/axi_vdma_0/U0/I_PRMRY_DATAMOVER/GEN_S2MM_FULL.I_S2MM_FULL_WRAPPER/GEN_ENABLE_INDET_BTT_SF.I_INDET_BTT/I_DATA_FIFO/BLK_MEM.I_SYNC_FIFOGEN_FIFO/xpm_fifo_instance.xpm_fifo_sync_inst/xpm_fifo_base_inst/gen_sdpram.xpm_memory_base_inst> is part of IP: <design_1_i/axi_vdma_0>. This XPM instance will be excluded from the .mmi because updatemem is prohibited from making changes to an XPM that is part of an IP.
INFO: [Memdata 28-208] The XPM instance: <design_1_i/axi_vdma_0/U0/I_PRMRY_DATAMOVER/GEN_MM2S_FULL.I_MM2S_FULL_WRAPPER/GEN_INCLUDE_MM2S_SF.I_RD_SF/I_DATA_FIFO/BLK_MEM.I_SYNC_FIFOGEN_FIFO/xpm_fifo_instance.xpm_fifo_sync_inst/xpm_fifo_base_inst/gen_sdpram.xpm_memory_base_inst> is part of IP: <design_1_i/axi_vdma_0>. This XPM instance will be excluded from the .mmi because updatemem is prohibited from making changes to an XPM that is part of an IP.
INFO: [Memdata 28-167] Found XPM memory block design_1_i/axi_smc/inst/s01_nodes/s01_w_node/inst/inst_mi_handler/gen_normal_area.inst_fifo_node_payld/gen_xpm_memory_fifo.inst_fifo/gen_mem_rep[0].inst_xpm_memory/xpm_memory_base_inst with a P_MEMORY_PRIMITIVE property set to distributed. A value of block is required. You will not be able to use the updatemem program to update the bitstream with new data for the design_1_i/axi_smc/inst/s01_nodes/s01_w_node/inst/inst_mi_handler/gen_normal_area.inst_fifo_node_payld/gen_xpm_memory_fifo.inst_fifo/gen_mem_rep[0].inst_xpm_memory/xpm_memory_base_inst block.
INFO: [Memdata 28-167] Found XPM memory block design_1_i/axi_smc/inst/s01_nodes/s01_w_node/inst/inst_mi_handler/gen_normal_area.gen_fifo_req.inst_fifo_req/gen_xpm_memory_fifo.inst_fifo/gen_mem_rep[0].inst_xpm_memory/xpm_memory_base_inst with a P_MEMORY_PRIMITIVE property set to distributed. A value of block is required. You will not be able to use the updatemem program to update the bitstream with new data for the design_1_i/axi_smc/inst/s01_nodes/s01_w_node/inst/inst_mi_handler/gen_normal_area.gen_fifo_req.inst_fifo_req/gen_xpm_memory_fifo.inst_fifo/gen_mem_rep[0].inst_xpm_memory/xpm_memory_base_inst block.
INFO: [Memdata 28-167] Found XPM memory block design_1_i/axi_smc/inst/s01_nodes/s01_b_node/inst/inst_mi_handler/gen_normal_area.inst_fifo_node_payld/gen_xpm_memory_fifo.inst_fifo/gen_mem_rep[0].inst_xpm_memory/xpm_memory_base_inst with a P_MEMORY_PRIMITIVE property set to distributed. A value of block is required. You will not be able to use the updatemem program to update the bitstream with new data for the design_1_i/axi_smc/inst/s01_nodes/s01_b_node/inst/inst_mi_handler/gen_normal_area.inst_fifo_node_payld/gen_xpm_memory_fifo.inst_fifo/gen_mem_rep[0].inst_xpm_memory/xpm_memory_base_inst block.
INFO: [Memdata 28-167] Found XPM memory block design_1_i/axi_smc/inst/s01_nodes/s01_aw_node/inst/inst_mi_handler/gen_normal_area.inst_fifo_node_payld/gen_xpm_memory_fifo.inst_fifo/gen_mem_rep[0].inst_xpm_memory/xpm_memory_base_inst with a P_MEMORY_PRIMITIVE property set to distributed. A value of block is required. You will not be able to use the updatemem program to update the bitstream with new data for the design_1_i/axi_smc/inst/s01_nodes/s01_aw_node/inst/inst_mi_handler/gen_normal_area.inst_fifo_node_payld/gen_xpm_memory_fifo.inst_fifo/gen_mem_rep[0].inst_xpm_memory/xpm_memory_base_inst block.
INFO: [Memdata 28-167] Found XPM memory block design_1_i/axi_smc/inst/s00_nodes/s00_r_node/inst/inst_mi_handler/gen_normal_area.inst_fifo_node_payld/gen_xpm_memory_fifo.inst_fifo/gen_mem_rep[0].inst_xpm_memory/xpm_memory_base_inst with a P_MEMORY_PRIMITIVE property set to distributed. A value of block is required. You will not be able to use the updatemem program to update the bitstream with new data for the design_1_i/axi_smc/inst/s00_nodes/s00_r_node/inst/inst_mi_handler/gen_normal_area.inst_fifo_node_payld/gen_xpm_memory_fifo.inst_fifo/gen_mem_rep[0].inst_xpm_memory/xpm_memory_base_inst block.
INFO: [Memdata 28-167] Found XPM memory block design_1_i/axi_smc/inst/s00_nodes/s00_ar_node/inst/inst_mi_handler/gen_normal_area.inst_fifo_node_payld/gen_xpm_memory_fifo.inst_fifo/gen_mem_rep[0].inst_xpm_memory/xpm_memory_base_inst with a P_MEMORY_PRIMITIVE property set to distributed. A value of block is required. You will not be able to use the updatemem program to update the bitstream with new data for the design_1_i/axi_smc/inst/s00_nodes/s00_ar_node/inst/inst_mi_handler/gen_normal_area.inst_fifo_node_payld/gen_xpm_memory_fifo.inst_fifo/gen_mem_rep[0].inst_xpm_memory/xpm_memory_base_inst block.
INFO: [Memdata 28-167] Found XPM memory block design_1_i/axi_smc/inst/m00_nodes/m00_w_node/inst/inst_si_handler/gen_si_handler.gen_request_fifos.gen_req_fifo[1].inst_req_fifo/gen_xpm_memory_fifo.inst_fifo/gen_mem_rep[0].inst_xpm_memory/xpm_memory_base_inst with a P_MEMORY_PRIMITIVE property set to distributed. A value of block is required. You will not be able to use the updatemem program to update the bitstream with new data for the design_1_i/axi_smc/inst/m00_nodes/m00_w_node/inst/inst_si_handler/gen_si_handler.gen_request_fifos.gen_req_fifo[1].inst_req_fifo/gen_xpm_memory_fifo.inst_fifo/gen_mem_rep[0].inst_xpm_memory/xpm_memory_base_inst block.
INFO: [Memdata 28-167] Found XPM memory block design_1_i/axi_smc/inst/m00_nodes/m00_w_node/inst/inst_mi_handler/gen_normal_area.inst_fifo_node_payld/gen_xpm_memory_fifo.inst_fifo/gen_mem_rep[0].inst_xpm_memory/xpm_memory_base_inst with a P_MEMORY_PRIMITIVE property set to distributed. A value of block is required. You will not be able to use the updatemem program to update the bitstream with new data for the design_1_i/axi_smc/inst/m00_nodes/m00_w_node/inst/inst_mi_handler/gen_normal_area.inst_fifo_node_payld/gen_xpm_memory_fifo.inst_fifo/gen_mem_rep[0].inst_xpm_memory/xpm_memory_base_inst block.
INFO: [Memdata 28-167] Found XPM memory block design_1_i/axi_smc/inst/m00_nodes/m00_r_node/inst/inst_mi_handler/gen_normal_area.inst_fifo_node_payld/gen_xpm_memory_fifo.inst_fifo/gen_mem_rep[0].inst_xpm_memory/xpm_memory_base_inst with a P_MEMORY_PRIMITIVE property set to distributed. A value of block is required. You will not be able to use the updatemem program to update the bitstream with new data for the design_1_i/axi_smc/inst/m00_nodes/m00_r_node/inst/inst_mi_handler/gen_normal_area.inst_fifo_node_payld/gen_xpm_memory_fifo.inst_fifo/gen_mem_rep[0].inst_xpm_memory/xpm_memory_base_inst block.
INFO: [Memdata 28-167] Found XPM memory block design_1_i/axi_smc/inst/m00_nodes/m00_r_node/inst/inst_mi_handler/gen_normal_area.gen_fifo_req.inst_fifo_req/gen_xpm_memory_fifo.inst_fifo/gen_mem_rep[0].inst_xpm_memory/xpm_memory_base_inst with a P_MEMORY_PRIMITIVE property set to distributed. A value of block is required. You will not be able to use the updatemem program to update the bitstream with new data for the design_1_i/axi_smc/inst/m00_nodes/m00_r_node/inst/inst_mi_handler/gen_normal_area.gen_fifo_req.inst_fifo_req/gen_xpm_memory_fifo.inst_fifo/gen_mem_rep[0].inst_xpm_memory/xpm_memory_base_inst block.
INFO: [Memdata 28-167] Found XPM memory block design_1_i/axi_smc/inst/m00_nodes/m00_b_node/inst/inst_mi_handler/gen_normal_area.inst_fifo_node_payld/gen_xpm_memory_fifo.inst_fifo/gen_mem_rep[0].inst_xpm_memory/xpm_memory_base_inst with a P_MEMORY_PRIMITIVE property set to distributed. A value of block is required. You will not be able to use the updatemem program to update the bitstream with new data for the design_1_i/axi_smc/inst/m00_nodes/m00_b_node/inst/inst_mi_handler/gen_normal_area.inst_fifo_node_payld/gen_xpm_memory_fifo.inst_fifo/gen_mem_rep[0].inst_xpm_memory/xpm_memory_base_inst block.
INFO: [Memdata 28-167] Found XPM memory block design_1_i/axi_smc/inst/m00_nodes/m00_b_node/inst/inst_mi_handler/gen_normal_area.gen_fifo_req.inst_fifo_req/gen_xpm_memory_fifo.inst_fifo/gen_mem_rep[0].inst_xpm_memory/xpm_memory_base_inst with a P_MEMORY_PRIMITIVE property set to distributed. A value of block is required. You will not be able to use the updatemem program to update the bitstream with new data for the design_1_i/axi_smc/inst/m00_nodes/m00_b_node/inst/inst_mi_handler/gen_normal_area.gen_fifo_req.inst_fifo_req/gen_xpm_memory_fifo.inst_fifo/gen_mem_rep[0].inst_xpm_memory/xpm_memory_base_inst block.
INFO: [Memdata 28-167] Found XPM memory block design_1_i/axi_smc/inst/m00_nodes/m00_aw_node/inst/inst_mi_handler/gen_normal_area.inst_fifo_node_payld/gen_xpm_memory_fifo.inst_fifo/gen_mem_rep[0].inst_xpm_memory/xpm_memory_base_inst with a P_MEMORY_PRIMITIVE property set to distributed. A value of block is required. You will not be able to use the updatemem program to update the bitstream with new data for the design_1_i/axi_smc/inst/m00_nodes/m00_aw_node/inst/inst_mi_handler/gen_normal_area.inst_fifo_node_payld/gen_xpm_memory_fifo.inst_fifo/gen_mem_rep[0].inst_xpm_memory/xpm_memory_base_inst block.
INFO: [Memdata 28-167] Found XPM memory block design_1_i/axi_smc/inst/m00_nodes/m00_ar_node/inst/inst_mi_handler/gen_normal_area.inst_fifo_node_payld/gen_xpm_memory_fifo.inst_fifo/gen_mem_rep[0].inst_xpm_memory/xpm_memory_base_inst with a P_MEMORY_PRIMITIVE property set to distributed. A value of block is required. You will not be able to use the updatemem program to update the bitstream with new data for the design_1_i/axi_smc/inst/m00_nodes/m00_ar_node/inst/inst_mi_handler/gen_normal_area.inst_fifo_node_payld/gen_xpm_memory_fifo.inst_fifo/gen_mem_rep[0].inst_xpm_memory/xpm_memory_base_inst block.
Command: write_bitstream -force design_1_wrapper.bit
Attempting to get a license for feature 'Implementation' and/or device 'xc7z020'
INFO: [Common 17-349] Got license for feature 'Implementation' and/or device 'xc7z020'
Running DRC as a precondition to command write_bitstream
INFO: [IP_Flow 19-1839] IP Catalog is up to date.
INFO: [DRC 23-27] Running DRC with 2 threads
WARNING: [DRC DPIP-1] Input pipelining: DSP design_1_i/v_demosaic_0/inst/Debayer_U0/DebayerG_U0/mul_ln568_1_reg_2723_reg input design_1_i/v_demosaic_0/inst/Debayer_U0/DebayerG_U0/mul_ln568_1_reg_2723_reg/A[29:0] is not pipelined. Pipelining DSP48 input will improve performance.
WARNING: [DRC DPIP-1] Input pipelining: DSP design_1_i/v_demosaic_0/inst/Debayer_U0/DebayerG_U0/v_demosaic_mac_muibs_U19/design_1_v_demosaic_0_0_v_demosaic_mac_muibs_DSP48_2_U/p input design_1_i/v_demosaic_0/inst/Debayer_U0/DebayerG_U0/v_demosaic_mac_muibs_U19/design_1_v_demosaic_0_0_v_demosaic_mac_muibs_DSP48_2_U/p/C[47:0] is not pipelined. Pipelining DSP48 input will improve performance.
WARNING: [DRC DPIP-1] Input pipelining: DSP design_1_i/v_proc_ss_0/U0/csc/inst/v_csc_core_U0/add_ln362_1_reg_849_reg input design_1_i/v_proc_ss_0/U0/csc/inst/v_csc_core_U0/add_ln362_1_reg_849_reg/C[47:0] is not pipelined. Pipelining DSP48 input will improve performance.
WARNING: [DRC DPIP-1] Input pipelining: DSP design_1_i/v_proc_ss_0/U0/csc/inst/v_csc_core_U0/add_ln362_reg_843_reg input design_1_i/v_proc_ss_0/U0/csc/inst/v_csc_core_U0/add_ln362_reg_843_reg/C[47:0] is not pipelined. Pipelining DSP48 input will improve performance.
WARNING: [DRC DPIP-1] Input pipelining: DSP design_1_i/v_proc_ss_0/U0/csc/inst/v_csc_core_U0/add_ln363_1_reg_861_reg input design_1_i/v_proc_ss_0/U0/csc/inst/v_csc_core_U0/add_ln363_1_reg_861_reg/C[47:0] is not pipelined. Pipelining DSP48 input will improve performance.
WARNING: [DRC DPIP-1] Input pipelining: DSP design_1_i/v_proc_ss_0/U0/csc/inst/v_csc_core_U0/add_ln363_reg_855_reg input design_1_i/v_proc_ss_0/U0/csc/inst/v_csc_core_U0/add_ln363_reg_855_reg/C[47:0] is not pipelined. Pipelining DSP48 input will improve performance.
WARNING: [DRC DPIP-1] Input pipelining: DSP design_1_i/v_proc_ss_0/U0/csc/inst/v_csc_core_U0/add_ln364_1_reg_873_reg input design_1_i/v_proc_ss_0/U0/csc/inst/v_csc_core_U0/add_ln364_1_reg_873_reg/C[47:0] is not pipelined. Pipelining DSP48 input will improve performance.
WARNING: [DRC DPIP-1] Input pipelining: DSP design_1_i/v_proc_ss_0/U0/csc/inst/v_csc_core_U0/add_ln364_reg_867_reg input design_1_i/v_proc_ss_0/U0/csc/inst/v_csc_core_U0/add_ln364_reg_867_reg/C[47:0] is not pipelined. Pipelining DSP48 input will improve performance.
WARNING: [DRC DPIP-1] Input pipelining: DSP design_1_i/v_proc_ss_0/U0/hsc/inst/hscale_core_polyphas_U0/grp_hscale_polyphase_fu_658/add_ln827_10_reg_1470_reg input design_1_i/v_proc_ss_0/U0/hsc/inst/hscale_core_polyphas_U0/grp_hscale_polyphase_fu_658/add_ln827_10_reg_1470_reg/C[47:0] is not pipelined. Pipelining DSP48 input will improve performance.
WARNING: [DRC DPIP-1] Input pipelining: DSP design_1_i/v_proc_ss_0/U0/hsc/inst/hscale_core_polyphas_U0/grp_hscale_polyphase_fu_658/add_ln827_13_reg_1405_reg input design_1_i/v_proc_ss_0/U0/hsc/inst/hscale_core_polyphas_U0/grp_hscale_polyphase_fu_658/add_ln827_13_reg_1405_reg/C[47:0] is not pipelined. Pipelining DSP48 input will improve performance.
WARNING: [DRC DPIP-1] Input pipelining: DSP design_1_i/v_proc_ss_0/U0/hsc/inst/hscale_core_polyphas_U0/grp_hscale_polyphase_fu_658/add_ln827_14_reg_1430_reg input design_1_i/v_proc_ss_0/U0/hsc/inst/hscale_core_polyphas_U0/grp_hscale_polyphase_fu_658/add_ln827_14_reg_1430_reg/C[47:0] is not pipelined. Pipelining DSP48 input will improve performance.
WARNING: [DRC DPIP-1] Input pipelining: DSP design_1_i/v_proc_ss_0/U0/hsc/inst/hscale_core_polyphas_U0/grp_hscale_polyphase_fu_658/add_ln827_16_reg_1475_reg input design_1_i/v_proc_ss_0/U0/hsc/inst/hscale_core_polyphas_U0/grp_hscale_polyphase_fu_658/add_ln827_16_reg_1475_reg/C[47:0] is not pipelined. Pipelining DSP48 input will improve performance.
WARNING: [DRC DPIP-1] Input pipelining: DSP design_1_i/v_proc_ss_0/U0/hsc/inst/hscale_core_polyphas_U0/grp_hscale_polyphase_fu_658/add_ln827_1_reg_1395_reg input design_1_i/v_proc_ss_0/U0/hsc/inst/hscale_core_polyphas_U0/grp_hscale_polyphase_fu_658/add_ln827_1_reg_1395_reg/C[47:0] is not pipelined. Pipelining DSP48 input will improve performance.
WARNING: [DRC DPIP-1] Input pipelining: DSP design_1_i/v_proc_ss_0/U0/hsc/inst/hscale_core_polyphas_U0/grp_hscale_polyphase_fu_658/add_ln827_2_reg_1420_reg input design_1_i/v_proc_ss_0/U0/hsc/inst/hscale_core_polyphas_U0/grp_hscale_polyphase_fu_658/add_ln827_2_reg_1420_reg/C[47:0] is not pipelined. Pipelining DSP48 input will improve performance.
WARNING: [DRC DPIP-1] Input pipelining: DSP design_1_i/v_proc_ss_0/U0/hsc/inst/hscale_core_polyphas_U0/grp_hscale_polyphase_fu_658/add_ln827_4_reg_1465_reg input design_1_i/v_proc_ss_0/U0/hsc/inst/hscale_core_polyphas_U0/grp_hscale_polyphase_fu_658/add_ln827_4_reg_1465_reg/C[47:0] is not pipelined. Pipelining DSP48 input will improve performance.
WARNING: [DRC DPIP-1] Input pipelining: DSP design_1_i/v_proc_ss_0/U0/hsc/inst/hscale_core_polyphas_U0/grp_hscale_polyphase_fu_658/add_ln827_7_reg_1400_reg input design_1_i/v_proc_ss_0/U0/hsc/inst/hscale_core_polyphas_U0/grp_hscale_polyphase_fu_658/add_ln827_7_reg_1400_reg/C[47:0] is not pipelined. Pipelining DSP48 input will improve performance.
WARNING: [DRC DPIP-1] Input pipelining: DSP design_1_i/v_proc_ss_0/U0/hsc/inst/hscale_core_polyphas_U0/grp_hscale_polyphase_fu_658/add_ln827_8_reg_1425_reg input design_1_i/v_proc_ss_0/U0/hsc/inst/hscale_core_polyphas_U0/grp_hscale_polyphase_fu_658/add_ln827_8_reg_1425_reg/C[47:0] is not pipelined. Pipelining DSP48 input will improve performance.
WARNING: [DRC DPIP-1] Input pipelining: DSP design_1_i/v_proc_ss_0/U0/vsc/inst/vscale_core_polyphas_U0/add_ln367_10_reg_2615_reg input design_1_i/v_proc_ss_0/U0/vsc/inst/vscale_core_polyphas_U0/add_ln367_10_reg_2615_reg/C[47:0] is not pipelined. Pipelining DSP48 input will improve performance.
WARNING: [DRC DPIP-1] Input pipelining: DSP design_1_i/v_proc_ss_0/U0/vsc/inst/vscale_core_polyphas_U0/add_ln367_13_reg_2560_reg input design_1_i/v_proc_ss_0/U0/vsc/inst/vscale_core_polyphas_U0/add_ln367_13_reg_2560_reg/C[47:0] is not pipelined. Pipelining DSP48 input will improve performance.
WARNING: [DRC DPIP-1] Input pipelining: DSP design_1_i/v_proc_ss_0/U0/vsc/inst/vscale_core_polyphas_U0/add_ln367_14_reg_2580_reg input design_1_i/v_proc_ss_0/U0/vsc/inst/vscale_core_polyphas_U0/add_ln367_14_reg_2580_reg/C[47:0] is not pipelined. Pipelining DSP48 input will improve performance.
WARNING: [DRC DPIP-1] Input pipelining: DSP design_1_i/v_proc_ss_0/U0/vsc/inst/vscale_core_polyphas_U0/add_ln367_16_reg_2620_reg input design_1_i/v_proc_ss_0/U0/vsc/inst/vscale_core_polyphas_U0/add_ln367_16_reg_2620_reg/C[47:0] is not pipelined. Pipelining DSP48 input will improve performance.
WARNING: [DRC DPIP-1] Input pipelining: DSP design_1_i/v_proc_ss_0/U0/vsc/inst/vscale_core_polyphas_U0/add_ln367_1_reg_2545_reg input design_1_i/v_proc_ss_0/U0/vsc/inst/vscale_core_polyphas_U0/add_ln367_1_reg_2545_reg/C[47:0] is not pipelined. Pipelining DSP48 input will improve performance.
WARNING: [DRC DPIP-1] Input pipelining: DSP design_1_i/v_proc_ss_0/U0/vsc/inst/vscale_core_polyphas_U0/add_ln367_2_reg_2565_reg input design_1_i/v_proc_ss_0/U0/vsc/inst/vscale_core_polyphas_U0/add_ln367_2_reg_2565_reg/C[47:0] is not pipelined. Pipelining DSP48 input will improve performance.
WARNING: [DRC DPIP-1] Input pipelining: DSP design_1_i/v_proc_ss_0/U0/vsc/inst/vscale_core_polyphas_U0/add_ln367_4_reg_2605_reg input design_1_i/v_proc_ss_0/U0/vsc/inst/vscale_core_polyphas_U0/add_ln367_4_reg_2605_reg/C[47:0] is not pipelined. Pipelining DSP48 input will improve performance.
WARNING: [DRC DPIP-1] Input pipelining: DSP design_1_i/v_proc_ss_0/U0/vsc/inst/vscale_core_polyphas_U0/add_ln367_7_reg_2555_reg input design_1_i/v_proc_ss_0/U0/vsc/inst/vscale_core_polyphas_U0/add_ln367_7_reg_2555_reg/C[47:0] is not pipelined. Pipelining DSP48 input will improve performance.
WARNING: [DRC DPIP-1] Input pipelining: DSP design_1_i/v_proc_ss_0/U0/vsc/inst/vscale_core_polyphas_U0/add_ln367_8_reg_2575_reg input design_1_i/v_proc_ss_0/U0/vsc/inst/vscale_core_polyphas_U0/add_ln367_8_reg_2575_reg/C[47:0] is not pipelined. Pipelining DSP48 input will improve performance.
WARNING: [DRC DPIP-1] Input pipelining: DSP design_1_i/v_proc_ss_2/U0/csc/inst/v_csc_core_U0/add_ln362_1_reg_849_reg input design_1_i/v_proc_ss_2/U0/csc/inst/v_csc_core_U0/add_ln362_1_reg_849_reg/C[47:0] is not pipelined. Pipelining DSP48 input will improve performance.
WARNING: [DRC DPIP-1] Input pipelining: DSP design_1_i/v_proc_ss_2/U0/csc/inst/v_csc_core_U0/add_ln362_reg_843_reg input design_1_i/v_proc_ss_2/U0/csc/inst/v_csc_core_U0/add_ln362_reg_843_reg/C[47:0] is not pipelined. Pipelining DSP48 input will improve performance.
WARNING: [DRC DPIP-1] Input pipelining: DSP design_1_i/v_proc_ss_2/U0/csc/inst/v_csc_core_U0/add_ln363_1_reg_861_reg input design_1_i/v_proc_ss_2/U0/csc/inst/v_csc_core_U0/add_ln363_1_reg_861_reg/C[47:0] is not pipelined. Pipelining DSP48 input will improve performance.
WARNING: [DRC DPIP-1] Input pipelining: DSP design_1_i/v_proc_ss_2/U0/csc/inst/v_csc_core_U0/add_ln363_reg_855_reg input design_1_i/v_proc_ss_2/U0/csc/inst/v_csc_core_U0/add_ln363_reg_855_reg/C[47:0] is not pipelined. Pipelining DSP48 input will improve performance.
WARNING: [DRC DPIP-1] Input pipelining: DSP design_1_i/v_proc_ss_2/U0/csc/inst/v_csc_core_U0/add_ln364_1_reg_873_reg input design_1_i/v_proc_ss_2/U0/csc/inst/v_csc_core_U0/add_ln364_1_reg_873_reg/C[47:0] is not pipelined. Pipelining DSP48 input will improve performance.
WARNING: [DRC DPIP-1] Input pipelining: DSP design_1_i/v_proc_ss_2/U0/csc/inst/v_csc_core_U0/add_ln364_reg_867_reg input design_1_i/v_proc_ss_2/U0/csc/inst/v_csc_core_U0/add_ln364_reg_867_reg/C[47:0] is not pipelined. Pipelining DSP48 input will improve performance.
WARNING: [DRC DPIP-1] Input pipelining: DSP design_1_i/v_proc_ss_2/U0/hsc/inst/hscale_core_polyphas_U0/grp_hscale_polyphase_fu_658/add_ln827_10_reg_1470_reg input design_1_i/v_proc_ss_2/U0/hsc/inst/hscale_core_polyphas_U0/grp_hscale_polyphase_fu_658/add_ln827_10_reg_1470_reg/C[47:0] is not pipelined. Pipelining DSP48 input will improve performance.
WARNING: [DRC DPIP-1] Input pipelining: DSP design_1_i/v_proc_ss_2/U0/hsc/inst/hscale_core_polyphas_U0/grp_hscale_polyphase_fu_658/add_ln827_13_reg_1405_reg input design_1_i/v_proc_ss_2/U0/hsc/inst/hscale_core_polyphas_U0/grp_hscale_polyphase_fu_658/add_ln827_13_reg_1405_reg/C[47:0] is not pipelined. Pipelining DSP48 input will improve performance.
WARNING: [DRC DPIP-1] Input pipelining: DSP design_1_i/v_proc_ss_2/U0/hsc/inst/hscale_core_polyphas_U0/grp_hscale_polyphase_fu_658/add_ln827_14_reg_1430_reg input design_1_i/v_proc_ss_2/U0/hsc/inst/hscale_core_polyphas_U0/grp_hscale_polyphase_fu_658/add_ln827_14_reg_1430_reg/C[47:0] is not pipelined. Pipelining DSP48 input will improve performance.
WARNING: [DRC DPIP-1] Input pipelining: DSP design_1_i/v_proc_ss_2/U0/hsc/inst/hscale_core_polyphas_U0/grp_hscale_polyphase_fu_658/add_ln827_16_reg_1475_reg input design_1_i/v_proc_ss_2/U0/hsc/inst/hscale_core_polyphas_U0/grp_hscale_polyphase_fu_658/add_ln827_16_reg_1475_reg/C[47:0] is not pipelined. Pipelining DSP48 input will improve performance.
WARNING: [DRC DPIP-1] Input pipelining: DSP design_1_i/v_proc_ss_2/U0/hsc/inst/hscale_core_polyphas_U0/grp_hscale_polyphase_fu_658/add_ln827_1_reg_1395_reg input design_1_i/v_proc_ss_2/U0/hsc/inst/hscale_core_polyphas_U0/grp_hscale_polyphase_fu_658/add_ln827_1_reg_1395_reg/C[47:0] is not pipelined. Pipelining DSP48 input will improve performance.
WARNING: [DRC DPIP-1] Input pipelining: DSP design_1_i/v_proc_ss_2/U0/hsc/inst/hscale_core_polyphas_U0/grp_hscale_polyphase_fu_658/add_ln827_2_reg_1420_reg input design_1_i/v_proc_ss_2/U0/hsc/inst/hscale_core_polyphas_U0/grp_hscale_polyphase_fu_658/add_ln827_2_reg_1420_reg/C[47:0] is not pipelined. Pipelining DSP48 input will improve performance.
WARNING: [DRC DPIP-1] Input pipelining: DSP design_1_i/v_proc_ss_2/U0/hsc/inst/hscale_core_polyphas_U0/grp_hscale_polyphase_fu_658/add_ln827_4_reg_1465_reg input design_1_i/v_proc_ss_2/U0/hsc/inst/hscale_core_polyphas_U0/grp_hscale_polyphase_fu_658/add_ln827_4_reg_1465_reg/C[47:0] is not pipelined. Pipelining DSP48 input will improve performance.
WARNING: [DRC DPIP-1] Input pipelining: DSP design_1_i/v_proc_ss_2/U0/hsc/inst/hscale_core_polyphas_U0/grp_hscale_polyphase_fu_658/add_ln827_7_reg_1400_reg input design_1_i/v_proc_ss_2/U0/hsc/inst/hscale_core_polyphas_U0/grp_hscale_polyphase_fu_658/add_ln827_7_reg_1400_reg/C[47:0] is not pipelined. Pipelining DSP48 input will improve performance.
WARNING: [DRC DPIP-1] Input pipelining: DSP design_1_i/v_proc_ss_2/U0/hsc/inst/hscale_core_polyphas_U0/grp_hscale_polyphase_fu_658/add_ln827_8_reg_1425_reg input design_1_i/v_proc_ss_2/U0/hsc/inst/hscale_core_polyphas_U0/grp_hscale_polyphase_fu_658/add_ln827_8_reg_1425_reg/C[47:0] is not pipelined. Pipelining DSP48 input will improve performance.
WARNING: [DRC DPIP-1] Input pipelining: DSP design_1_i/v_proc_ss_2/U0/vsc/inst/vscale_core_polyphas_U0/add_ln367_10_reg_2615_reg input design_1_i/v_proc_ss_2/U0/vsc/inst/vscale_core_polyphas_U0/add_ln367_10_reg_2615_reg/C[47:0] is not pipelined. Pipelining DSP48 input will improve performance.
WARNING: [DRC DPIP-1] Input pipelining: DSP design_1_i/v_proc_ss_2/U0/vsc/inst/vscale_core_polyphas_U0/add_ln367_13_reg_2560_reg input design_1_i/v_proc_ss_2/U0/vsc/inst/vscale_core_polyphas_U0/add_ln367_13_reg_2560_reg/C[47:0] is not pipelined. Pipelining DSP48 input will improve performance.
WARNING: [DRC DPIP-1] Input pipelining: DSP design_1_i/v_proc_ss_2/U0/vsc/inst/vscale_core_polyphas_U0/add_ln367_14_reg_2580_reg input design_1_i/v_proc_ss_2/U0/vsc/inst/vscale_core_polyphas_U0/add_ln367_14_reg_2580_reg/C[47:0] is not pipelined. Pipelining DSP48 input will improve performance.
WARNING: [DRC DPIP-1] Input pipelining: DSP design_1_i/v_proc_ss_2/U0/vsc/inst/vscale_core_polyphas_U0/add_ln367_16_reg_2620_reg input design_1_i/v_proc_ss_2/U0/vsc/inst/vscale_core_polyphas_U0/add_ln367_16_reg_2620_reg/C[47:0] is not pipelined. Pipelining DSP48 input will improve performance.
WARNING: [DRC DPIP-1] Input pipelining: DSP design_1_i/v_proc_ss_2/U0/vsc/inst/vscale_core_polyphas_U0/add_ln367_1_reg_2545_reg input design_1_i/v_proc_ss_2/U0/vsc/inst/vscale_core_polyphas_U0/add_ln367_1_reg_2545_reg/C[47:0] is not pipelined. Pipelining DSP48 input will improve performance.
WARNING: [DRC DPIP-1] Input pipelining: DSP design_1_i/v_proc_ss_2/U0/vsc/inst/vscale_core_polyphas_U0/add_ln367_2_reg_2565_reg input design_1_i/v_proc_ss_2/U0/vsc/inst/vscale_core_polyphas_U0/add_ln367_2_reg_2565_reg/C[47:0] is not pipelined. Pipelining DSP48 input will improve performance.
WARNING: [DRC DPIP-1] Input pipelining: DSP design_1_i/v_proc_ss_2/U0/vsc/inst/vscale_core_polyphas_U0/add_ln367_4_reg_2605_reg input design_1_i/v_proc_ss_2/U0/vsc/inst/vscale_core_polyphas_U0/add_ln367_4_reg_2605_reg/C[47:0] is not pipelined. Pipelining DSP48 input will improve performance.
WARNING: [DRC DPIP-1] Input pipelining: DSP design_1_i/v_proc_ss_2/U0/vsc/inst/vscale_core_polyphas_U0/add_ln367_7_reg_2555_reg input design_1_i/v_proc_ss_2/U0/vsc/inst/vscale_core_polyphas_U0/add_ln367_7_reg_2555_reg/C[47:0] is not pipelined. Pipelining DSP48 input will improve performance.
WARNING: [DRC DPIP-1] Input pipelining: DSP design_1_i/v_proc_ss_2/U0/vsc/inst/vscale_core_polyphas_U0/add_ln367_8_reg_2575_reg input design_1_i/v_proc_ss_2/U0/vsc/inst/vscale_core_polyphas_U0/add_ln367_8_reg_2575_reg/C[47:0] is not pipelined. Pipelining DSP48 input will improve performance.
WARNING: [DRC DPOP-1] PREG Output pipelining: DSP design_1_i/v_demosaic_0/inst/Debayer_U0/DebayerG_U0/v_demosaic_mac_muibs_U19/design_1_v_demosaic_0_0_v_demosaic_mac_muibs_DSP48_2_U/p output design_1_i/v_demosaic_0/inst/Debayer_U0/DebayerG_U0/v_demosaic_mac_muibs_U19/design_1_v_demosaic_0_0_v_demosaic_mac_muibs_DSP48_2_U/p/P[47:0] is not pipelined (PREG=0). Pipelining the DSP48 output will improve performance and often saves power so it is suggested whenever possible to fully pipeline this function.  If this DSP48 function was inferred, it is suggested to describe an additional register stage after this function.  If the DSP48 was instantiated in the design, it is suggested to set the PREG attribute to 1.
WARNING: [DRC DPOP-1] PREG Output pipelining: DSP design_1_i/v_proc_ss_0/U0/hsc/inst/hscale_core_polyphas_U0/grp_hscale_polyphase_fu_658/v_hscaler_mac_mulmb6_U40/bd_d86b_hsc_0_v_hscaler_mac_mulmb6_DSP48_10_U/p output design_1_i/v_proc_ss_0/U0/hsc/inst/hscale_core_polyphas_U0/grp_hscale_polyphase_fu_658/v_hscaler_mac_mulmb6_U40/bd_d86b_hsc_0_v_hscaler_mac_mulmb6_DSP48_10_U/p/P[47:0] is not pipelined (PREG=0). Pipelining the DSP48 output will improve performance and often saves power so it is suggested whenever possible to fully pipeline this function.  If this DSP48 function was inferred, it is suggested to describe an additional register stage after this function.  If the DSP48 was instantiated in the design, it is suggested to set the PREG attribute to 1.
WARNING: [DRC DPOP-1] PREG Output pipelining: DSP design_1_i/v_proc_ss_0/U0/hsc/inst/hscale_core_polyphas_U0/grp_hscale_polyphase_fu_658/v_hscaler_mac_mulmb6_U41/bd_d86b_hsc_0_v_hscaler_mac_mulmb6_DSP48_10_U/p output design_1_i/v_proc_ss_0/U0/hsc/inst/hscale_core_polyphas_U0/grp_hscale_polyphase_fu_658/v_hscaler_mac_mulmb6_U41/bd_d86b_hsc_0_v_hscaler_mac_mulmb6_DSP48_10_U/p/P[47:0] is not pipelined (PREG=0). Pipelining the DSP48 output will improve performance and often saves power so it is suggested whenever possible to fully pipeline this function.  If this DSP48 function was inferred, it is suggested to describe an additional register stage after this function.  If the DSP48 was instantiated in the design, it is suggested to set the PREG attribute to 1.
WARNING: [DRC DPOP-1] PREG Output pipelining: DSP design_1_i/v_proc_ss_0/U0/hsc/inst/hscale_core_polyphas_U0/grp_hscale_polyphase_fu_658/v_hscaler_mac_mulmb6_U42/bd_d86b_hsc_0_v_hscaler_mac_mulmb6_DSP48_10_U/p output design_1_i/v_proc_ss_0/U0/hsc/inst/hscale_core_polyphas_U0/grp_hscale_polyphase_fu_658/v_hscaler_mac_mulmb6_U42/bd_d86b_hsc_0_v_hscaler_mac_mulmb6_DSP48_10_U/p/P[47:0] is not pipelined (PREG=0). Pipelining the DSP48 output will improve performance and often saves power so it is suggested whenever possible to fully pipeline this function.  If this DSP48 function was inferred, it is suggested to describe an additional register stage after this function.  If the DSP48 was instantiated in the design, it is suggested to set the PREG attribute to 1.
WARNING: [DRC DPOP-1] PREG Output pipelining: DSP design_1_i/v_proc_ss_0/U0/vsc/inst/vscale_core_polyphas_U0/v_vscaler_mac_muludo_U37/bd_18aa_vsc_0_v_vscaler_mac_muludo_DSP48_5_U/p output design_1_i/v_proc_ss_0/U0/vsc/inst/vscale_core_polyphas_U0/v_vscaler_mac_muludo_U37/bd_18aa_vsc_0_v_vscaler_mac_muludo_DSP48_5_U/p/P[47:0] is not pipelined (PREG=0). Pipelining the DSP48 output will improve performance and often saves power so it is suggested whenever possible to fully pipeline this function.  If this DSP48 function was inferred, it is suggested to describe an additional register stage after this function.  If the DSP48 was instantiated in the design, it is suggested to set the PREG attribute to 1.
WARNING: [DRC DPOP-1] PREG Output pipelining: DSP design_1_i/v_proc_ss_0/U0/vsc/inst/vscale_core_polyphas_U0/v_vscaler_mac_muludo_U38/bd_18aa_vsc_0_v_vscaler_mac_muludo_DSP48_5_U/p output design_1_i/v_proc_ss_0/U0/vsc/inst/vscale_core_polyphas_U0/v_vscaler_mac_muludo_U38/bd_18aa_vsc_0_v_vscaler_mac_muludo_DSP48_5_U/p/P[47:0] is not pipelined (PREG=0). Pipelining the DSP48 output will improve performance and often saves power so it is suggested whenever possible to fully pipeline this function.  If this DSP48 function was inferred, it is suggested to describe an additional register stage after this function.  If the DSP48 was instantiated in the design, it is suggested to set the PREG attribute to 1.
WARNING: [DRC DPOP-1] PREG Output pipelining: DSP design_1_i/v_proc_ss_0/U0/vsc/inst/vscale_core_polyphas_U0/v_vscaler_mac_muludo_U39/bd_18aa_vsc_0_v_vscaler_mac_muludo_DSP48_5_U/p output design_1_i/v_proc_ss_0/U0/vsc/inst/vscale_core_polyphas_U0/v_vscaler_mac_muludo_U39/bd_18aa_vsc_0_v_vscaler_mac_muludo_DSP48_5_U/p/P[47:0] is not pipelined (PREG=0). Pipelining the DSP48 output will improve performance and often saves power so it is suggested whenever possible to fully pipeline this function.  If this DSP48 function was inferred, it is suggested to describe an additional register stage after this function.  If the DSP48 was instantiated in the design, it is suggested to set the PREG attribute to 1.
WARNING: [DRC DPOP-1] PREG Output pipelining: DSP design_1_i/v_proc_ss_2/U0/hsc/inst/hscale_core_polyphas_U0/grp_hscale_polyphase_fu_658/v_hscaler_mac_mulmb6_U40/bd_d86b_hsc_0_v_hscaler_mac_mulmb6_DSP48_10_U/p output design_1_i/v_proc_ss_2/U0/hsc/inst/hscale_core_polyphas_U0/grp_hscale_polyphase_fu_658/v_hscaler_mac_mulmb6_U40/bd_d86b_hsc_0_v_hscaler_mac_mulmb6_DSP48_10_U/p/P[47:0] is not pipelined (PREG=0). Pipelining the DSP48 output will improve performance and often saves power so it is suggested whenever possible to fully pipeline this function.  If this DSP48 function was inferred, it is suggested to describe an additional register stage after this function.  If the DSP48 was instantiated in the design, it is suggested to set the PREG attribute to 1.
WARNING: [DRC DPOP-1] PREG Output pipelining: DSP design_1_i/v_proc_ss_2/U0/hsc/inst/hscale_core_polyphas_U0/grp_hscale_polyphase_fu_658/v_hscaler_mac_mulmb6_U41/bd_d86b_hsc_0_v_hscaler_mac_mulmb6_DSP48_10_U/p output design_1_i/v_proc_ss_2/U0/hsc/inst/hscale_core_polyphas_U0/grp_hscale_polyphase_fu_658/v_hscaler_mac_mulmb6_U41/bd_d86b_hsc_0_v_hscaler_mac_mulmb6_DSP48_10_U/p/P[47:0] is not pipelined (PREG=0). Pipelining the DSP48 output will improve performance and often saves power so it is suggested whenever possible to fully pipeline this function.  If this DSP48 function was inferred, it is suggested to describe an additional register stage after this function.  If the DSP48 was instantiated in the design, it is suggested to set the PREG attribute to 1.
WARNING: [DRC DPOP-1] PREG Output pipelining: DSP design_1_i/v_proc_ss_2/U0/hsc/inst/hscale_core_polyphas_U0/grp_hscale_polyphase_fu_658/v_hscaler_mac_mulmb6_U42/bd_d86b_hsc_0_v_hscaler_mac_mulmb6_DSP48_10_U/p output design_1_i/v_proc_ss_2/U0/hsc/inst/hscale_core_polyphas_U0/grp_hscale_polyphase_fu_658/v_hscaler_mac_mulmb6_U42/bd_d86b_hsc_0_v_hscaler_mac_mulmb6_DSP48_10_U/p/P[47:0] is not pipelined (PREG=0). Pipelining the DSP48 output will improve performance and often saves power so it is suggested whenever possible to fully pipeline this function.  If this DSP48 function was inferred, it is suggested to describe an additional register stage after this function.  If the DSP48 was instantiated in the design, it is suggested to set the PREG attribute to 1.
WARNING: [DRC DPOP-1] PREG Output pipelining: DSP design_1_i/v_proc_ss_2/U0/vsc/inst/vscale_core_polyphas_U0/v_vscaler_mac_muludo_U37/bd_18aa_vsc_0_v_vscaler_mac_muludo_DSP48_5_U/p output design_1_i/v_proc_ss_2/U0/vsc/inst/vscale_core_polyphas_U0/v_vscaler_mac_muludo_U37/bd_18aa_vsc_0_v_vscaler_mac_muludo_DSP48_5_U/p/P[47:0] is not pipelined (PREG=0). Pipelining the DSP48 output will improve performance and often saves power so it is suggested whenever possible to fully pipeline this function.  If this DSP48 function was inferred, it is suggested to describe an additional register stage after this function.  If the DSP48 was instantiated in the design, it is suggested to set the PREG attribute to 1.
WARNING: [DRC DPOP-1] PREG Output pipelining: DSP design_1_i/v_proc_ss_2/U0/vsc/inst/vscale_core_polyphas_U0/v_vscaler_mac_muludo_U38/bd_18aa_vsc_0_v_vscaler_mac_muludo_DSP48_5_U/p output design_1_i/v_proc_ss_2/U0/vsc/inst/vscale_core_polyphas_U0/v_vscaler_mac_muludo_U38/bd_18aa_vsc_0_v_vscaler_mac_muludo_DSP48_5_U/p/P[47:0] is not pipelined (PREG=0). Pipelining the DSP48 output will improve performance and often saves power so it is suggested whenever possible to fully pipeline this function.  If this DSP48 function was inferred, it is suggested to describe an additional register stage after this function.  If the DSP48 was instantiated in the design, it is suggested to set the PREG attribute to 1.
WARNING: [DRC DPOP-1] PREG Output pipelining: DSP design_1_i/v_proc_ss_2/U0/vsc/inst/vscale_core_polyphas_U0/v_vscaler_mac_muludo_U39/bd_18aa_vsc_0_v_vscaler_mac_muludo_DSP48_5_U/p output design_1_i/v_proc_ss_2/U0/vsc/inst/vscale_core_polyphas_U0/v_vscaler_mac_muludo_U39/bd_18aa_vsc_0_v_vscaler_mac_muludo_DSP48_5_U/p/P[47:0] is not pipelined (PREG=0). Pipelining the DSP48 output will improve performance and often saves power so it is suggested whenever possible to fully pipeline this function.  If this DSP48 function was inferred, it is suggested to describe an additional register stage after this function.  If the DSP48 was instantiated in the design, it is suggested to set the PREG attribute to 1.
WARNING: [DRC DPOP-2] MREG Output pipelining: DSP design_1_i/v_demosaic_0/inst/Debayer_U0/DebayerG_U0/mul_ln567_1_reg_2713_reg multiplier stage design_1_i/v_demosaic_0/inst/Debayer_U0/DebayerG_U0/mul_ln567_1_reg_2713_reg/P[47:0] is not pipelined (MREG=0). Pipelining the multiplier function will improve performance and will save significant power so it is suggested whenever possible to fully pipeline this function.  If this multiplier was inferred, it is suggested to describe an additional register stage after this function.  If there is no registered adder/accumulator following the multiply function, two pipeline stages are suggested to allow both the MREG and PREG registers to be used.  If the DSP48 was instantiated in the design, it is suggested to set both the MREG and PREG attributes to 1 when performing multiply functions.
WARNING: [DRC DPOP-2] MREG Output pipelining: DSP design_1_i/v_demosaic_0/inst/Debayer_U0/DebayerG_U0/mul_ln567_reg_2708_reg multiplier stage design_1_i/v_demosaic_0/inst/Debayer_U0/DebayerG_U0/mul_ln567_reg_2708_reg/P[47:0] is not pipelined (MREG=0). Pipelining the multiplier function will improve performance and will save significant power so it is suggested whenever possible to fully pipeline this function.  If this multiplier was inferred, it is suggested to describe an additional register stage after this function.  If there is no registered adder/accumulator following the multiply function, two pipeline stages are suggested to allow both the MREG and PREG registers to be used.  If the DSP48 was instantiated in the design, it is suggested to set both the MREG and PREG attributes to 1 when performing multiply functions.
WARNING: [DRC DPOP-2] MREG Output pipelining: DSP design_1_i/v_demosaic_0/inst/Debayer_U0/DebayerG_U0/mul_ln568_1_reg_2723_reg multiplier stage design_1_i/v_demosaic_0/inst/Debayer_U0/DebayerG_U0/mul_ln568_1_reg_2723_reg/P[47:0] is not pipelined (MREG=0). Pipelining the multiplier function will improve performance and will save significant power so it is suggested whenever possible to fully pipeline this function.  If this multiplier was inferred, it is suggested to describe an additional register stage after this function.  If there is no registered adder/accumulator following the multiply function, two pipeline stages are suggested to allow both the MREG and PREG registers to be used.  If the DSP48 was instantiated in the design, it is suggested to set both the MREG and PREG attributes to 1 when performing multiply functions.
WARNING: [DRC DPOP-2] MREG Output pipelining: DSP design_1_i/v_demosaic_0/inst/Debayer_U0/DebayerG_U0/v_demosaic_mac_muibs_U19/design_1_v_demosaic_0_0_v_demosaic_mac_muibs_DSP48_2_U/p multiplier stage design_1_i/v_demosaic_0/inst/Debayer_U0/DebayerG_U0/v_demosaic_mac_muibs_U19/design_1_v_demosaic_0_0_v_demosaic_mac_muibs_DSP48_2_U/p/P[47:0] is not pipelined (MREG=0). Pipelining the multiplier function will improve performance and will save significant power so it is suggested whenever possible to fully pipeline this function.  If this multiplier was inferred, it is suggested to describe an additional register stage after this function.  If there is no registered adder/accumulator following the multiply function, two pipeline stages are suggested to allow both the MREG and PREG registers to be used.  If the DSP48 was instantiated in the design, it is suggested to set both the MREG and PREG attributes to 1 when performing multiply functions.
WARNING: [DRC DPOP-2] MREG Output pipelining: DSP design_1_i/v_proc_ss_0/U0/csc/inst/v_csc_core_U0/add_ln362_1_reg_849_reg multiplier stage design_1_i/v_proc_ss_0/U0/csc/inst/v_csc_core_U0/add_ln362_1_reg_849_reg/P[47:0] is not pipelined (MREG=0). Pipelining the multiplier function will improve performance and will save significant power so it is suggested whenever possible to fully pipeline this function.  If this multiplier was inferred, it is suggested to describe an additional register stage after this function.  If there is no registered adder/accumulator following the multiply function, two pipeline stages are suggested to allow both the MREG and PREG registers to be used.  If the DSP48 was instantiated in the design, it is suggested to set both the MREG and PREG attributes to 1 when performing multiply functions.
WARNING: [DRC DPOP-2] MREG Output pipelining: DSP design_1_i/v_proc_ss_0/U0/csc/inst/v_csc_core_U0/add_ln362_reg_843_reg multiplier stage design_1_i/v_proc_ss_0/U0/csc/inst/v_csc_core_U0/add_ln362_reg_843_reg/P[47:0] is not pipelined (MREG=0). Pipelining the multiplier function will improve performance and will save significant power so it is suggested whenever possible to fully pipeline this function.  If this multiplier was inferred, it is suggested to describe an additional register stage after this function.  If there is no registered adder/accumulator following the multiply function, two pipeline stages are suggested to allow both the MREG and PREG registers to be used.  If the DSP48 was instantiated in the design, it is suggested to set both the MREG and PREG attributes to 1 when performing multiply functions.
WARNING: [DRC DPOP-2] MREG Output pipelining: DSP design_1_i/v_proc_ss_0/U0/csc/inst/v_csc_core_U0/add_ln363_1_reg_861_reg multiplier stage design_1_i/v_proc_ss_0/U0/csc/inst/v_csc_core_U0/add_ln363_1_reg_861_reg/P[47:0] is not pipelined (MREG=0). Pipelining the multiplier function will improve performance and will save significant power so it is suggested whenever possible to fully pipeline this function.  If this multiplier was inferred, it is suggested to describe an additional register stage after this function.  If there is no registered adder/accumulator following the multiply function, two pipeline stages are suggested to allow both the MREG and PREG registers to be used.  If the DSP48 was instantiated in the design, it is suggested to set both the MREG and PREG attributes to 1 when performing multiply functions.
WARNING: [DRC DPOP-2] MREG Output pipelining: DSP design_1_i/v_proc_ss_0/U0/csc/inst/v_csc_core_U0/add_ln363_reg_855_reg multiplier stage design_1_i/v_proc_ss_0/U0/csc/inst/v_csc_core_U0/add_ln363_reg_855_reg/P[47:0] is not pipelined (MREG=0). Pipelining the multiplier function will improve performance and will save significant power so it is suggested whenever possible to fully pipeline this function.  If this multiplier was inferred, it is suggested to describe an additional register stage after this function.  If there is no registered adder/accumulator following the multiply function, two pipeline stages are suggested to allow both the MREG and PREG registers to be used.  If the DSP48 was instantiated in the design, it is suggested to set both the MREG and PREG attributes to 1 when performing multiply functions.
WARNING: [DRC DPOP-2] MREG Output pipelining: DSP design_1_i/v_proc_ss_0/U0/csc/inst/v_csc_core_U0/add_ln364_1_reg_873_reg multiplier stage design_1_i/v_proc_ss_0/U0/csc/inst/v_csc_core_U0/add_ln364_1_reg_873_reg/P[47:0] is not pipelined (MREG=0). Pipelining the multiplier function will improve performance and will save significant power so it is suggested whenever possible to fully pipeline this function.  If this multiplier was inferred, it is suggested to describe an additional register stage after this function.  If there is no registered adder/accumulator following the multiply function, two pipeline stages are suggested to allow both the MREG and PREG registers to be used.  If the DSP48 was instantiated in the design, it is suggested to set both the MREG and PREG attributes to 1 when performing multiply functions.
WARNING: [DRC DPOP-2] MREG Output pipelining: DSP design_1_i/v_proc_ss_0/U0/csc/inst/v_csc_core_U0/add_ln364_reg_867_reg multiplier stage design_1_i/v_proc_ss_0/U0/csc/inst/v_csc_core_U0/add_ln364_reg_867_reg/P[47:0] is not pipelined (MREG=0). Pipelining the multiplier function will improve performance and will save significant power so it is suggested whenever possible to fully pipeline this function.  If this multiplier was inferred, it is suggested to describe an additional register stage after this function.  If there is no registered adder/accumulator following the multiply function, two pipeline stages are suggested to allow both the MREG and PREG registers to be used.  If the DSP48 was instantiated in the design, it is suggested to set both the MREG and PREG attributes to 1 when performing multiply functions.
WARNING: [DRC DPOP-2] MREG Output pipelining: DSP design_1_i/v_proc_ss_0/U0/csc/inst/v_csc_core_U0/mul_ln362_2_reg_828_reg multiplier stage design_1_i/v_proc_ss_0/U0/csc/inst/v_csc_core_U0/mul_ln362_2_reg_828_reg/P[47:0] is not pipelined (MREG=0). Pipelining the multiplier function will improve performance and will save significant power so it is suggested whenever possible to fully pipeline this function.  If this multiplier was inferred, it is suggested to describe an additional register stage after this function.  If there is no registered adder/accumulator following the multiply function, two pipeline stages are suggested to allow both the MREG and PREG registers to be used.  If the DSP48 was instantiated in the design, it is suggested to set both the MREG and PREG attributes to 1 when performing multiply functions.
WARNING: [DRC DPOP-2] MREG Output pipelining: DSP design_1_i/v_proc_ss_0/U0/csc/inst/v_csc_core_U0/mul_ln363_2_reg_833_reg multiplier stage design_1_i/v_proc_ss_0/U0/csc/inst/v_csc_core_U0/mul_ln363_2_reg_833_reg/P[47:0] is not pipelined (MREG=0). Pipelining the multiplier function will improve performance and will save significant power so it is suggested whenever possible to fully pipeline this function.  If this multiplier was inferred, it is suggested to describe an additional register stage after this function.  If there is no registered adder/accumulator following the multiply function, two pipeline stages are suggested to allow both the MREG and PREG registers to be used.  If the DSP48 was instantiated in the design, it is suggested to set both the MREG and PREG attributes to 1 when performing multiply functions.
WARNING: [DRC DPOP-2] MREG Output pipelining: DSP design_1_i/v_proc_ss_0/U0/csc/inst/v_csc_core_U0/mul_ln364_2_reg_838_reg multiplier stage design_1_i/v_proc_ss_0/U0/csc/inst/v_csc_core_U0/mul_ln364_2_reg_838_reg/P[47:0] is not pipelined (MREG=0). Pipelining the multiplier function will improve performance and will save significant power so it is suggested whenever possible to fully pipeline this function.  If this multiplier was inferred, it is suggested to describe an additional register stage after this function.  If there is no registered adder/accumulator following the multiply function, two pipeline stages are suggested to allow both the MREG and PREG registers to be used.  If the DSP48 was instantiated in the design, it is suggested to set both the MREG and PREG attributes to 1 when performing multiply functions.
WARNING: [DRC DPOP-2] MREG Output pipelining: DSP design_1_i/v_proc_ss_0/U0/hsc/inst/hscale_core_polyphas_U0/grp_hscale_polyphase_fu_658/add_ln827_12_reg_1380_reg multiplier stage design_1_i/v_proc_ss_0/U0/hsc/inst/hscale_core_polyphas_U0/grp_hscale_polyphase_fu_658/add_ln827_12_reg_1380_reg/P[47:0] is not pipelined (MREG=0). Pipelining the multiplier function will improve performance and will save significant power so it is suggested whenever possible to fully pipeline this function.  If this multiplier was inferred, it is suggested to describe an additional register stage after this function.  If there is no registered adder/accumulator following the multiply function, two pipeline stages are suggested to allow both the MREG and PREG registers to be used.  If the DSP48 was instantiated in the design, it is suggested to set both the MREG and PREG attributes to 1 when performing multiply functions.
WARNING: [DRC DPOP-2] MREG Output pipelining: DSP design_1_i/v_proc_ss_0/U0/hsc/inst/hscale_core_polyphas_U0/grp_hscale_polyphase_fu_658/add_ln827_13_reg_1405_reg multiplier stage design_1_i/v_proc_ss_0/U0/hsc/inst/hscale_core_polyphas_U0/grp_hscale_polyphase_fu_658/add_ln827_13_reg_1405_reg/P[47:0] is not pipelined (MREG=0). Pipelining the multiplier function will improve performance and will save significant power so it is suggested whenever possible to fully pipeline this function.  If this multiplier was inferred, it is suggested to describe an additional register stage after this function.  If there is no registered adder/accumulator following the multiply function, two pipeline stages are suggested to allow both the MREG and PREG registers to be used.  If the DSP48 was instantiated in the design, it is suggested to set both the MREG and PREG attributes to 1 when performing multiply functions.
WARNING: [DRC DPOP-2] MREG Output pipelining: DSP design_1_i/v_proc_ss_0/U0/hsc/inst/hscale_core_polyphas_U0/grp_hscale_polyphase_fu_658/add_ln827_15_reg_1455_reg multiplier stage design_1_i/v_proc_ss_0/U0/hsc/inst/hscale_core_polyphas_U0/grp_hscale_polyphase_fu_658/add_ln827_15_reg_1455_reg/P[47:0] is not pipelined (MREG=0). Pipelining the multiplier function will improve performance and will save significant power so it is suggested whenever possible to fully pipeline this function.  If this multiplier was inferred, it is suggested to describe an additional register stage after this function.  If there is no registered adder/accumulator following the multiply function, two pipeline stages are suggested to allow both the MREG and PREG registers to be used.  If the DSP48 was instantiated in the design, it is suggested to set both the MREG and PREG attributes to 1 when performing multiply functions.
WARNING: [DRC DPOP-2] MREG Output pipelining: DSP design_1_i/v_proc_ss_0/U0/hsc/inst/hscale_core_polyphas_U0/grp_hscale_polyphase_fu_658/add_ln827_1_reg_1395_reg multiplier stage design_1_i/v_proc_ss_0/U0/hsc/inst/hscale_core_polyphas_U0/grp_hscale_polyphase_fu_658/add_ln827_1_reg_1395_reg/P[47:0] is not pipelined (MREG=0). Pipelining the multiplier function will improve performance and will save significant power so it is suggested whenever possible to fully pipeline this function.  If this multiplier was inferred, it is suggested to describe an additional register stage after this function.  If there is no registered adder/accumulator following the multiply function, two pipeline stages are suggested to allow both the MREG and PREG registers to be used.  If the DSP48 was instantiated in the design, it is suggested to set both the MREG and PREG attributes to 1 when performing multiply functions.
WARNING: [DRC DPOP-2] MREG Output pipelining: DSP design_1_i/v_proc_ss_0/U0/hsc/inst/hscale_core_polyphas_U0/grp_hscale_polyphase_fu_658/add_ln827_3_reg_1445_reg multiplier stage design_1_i/v_proc_ss_0/U0/hsc/inst/hscale_core_polyphas_U0/grp_hscale_polyphase_fu_658/add_ln827_3_reg_1445_reg/P[47:0] is not pipelined (MREG=0). Pipelining the multiplier function will improve performance and will save significant power so it is suggested whenever possible to fully pipeline this function.  If this multiplier was inferred, it is suggested to describe an additional register stage after this function.  If there is no registered adder/accumulator following the multiply function, two pipeline stages are suggested to allow both the MREG and PREG registers to be used.  If the DSP48 was instantiated in the design, it is suggested to set both the MREG and PREG attributes to 1 when performing multiply functions.
WARNING: [DRC DPOP-2] MREG Output pipelining: DSP design_1_i/v_proc_ss_0/U0/hsc/inst/hscale_core_polyphas_U0/grp_hscale_polyphase_fu_658/add_ln827_6_reg_1375_reg multiplier stage design_1_i/v_proc_ss_0/U0/hsc/inst/hscale_core_polyphas_U0/grp_hscale_polyphase_fu_658/add_ln827_6_reg_1375_reg/P[47:0] is not pipelined (MREG=0). Pipelining the multiplier function will improve performance and will save significant power so it is suggested whenever possible to fully pipeline this function.  If this multiplier was inferred, it is suggested to describe an additional register stage after this function.  If there is no registered adder/accumulator following the multiply function, two pipeline stages are suggested to allow both the MREG and PREG registers to be used.  If the DSP48 was instantiated in the design, it is suggested to set both the MREG and PREG attributes to 1 when performing multiply functions.
WARNING: [DRC DPOP-2] MREG Output pipelining: DSP design_1_i/v_proc_ss_0/U0/hsc/inst/hscale_core_polyphas_U0/grp_hscale_polyphase_fu_658/add_ln827_7_reg_1400_reg multiplier stage design_1_i/v_proc_ss_0/U0/hsc/inst/hscale_core_polyphas_U0/grp_hscale_polyphase_fu_658/add_ln827_7_reg_1400_reg/P[47:0] is not pipelined (MREG=0). Pipelining the multiplier function will improve performance and will save significant power so it is suggested whenever possible to fully pipeline this function.  If this multiplier was inferred, it is suggested to describe an additional register stage after this function.  If there is no registered adder/accumulator following the multiply function, two pipeline stages are suggested to allow both the MREG and PREG registers to be used.  If the DSP48 was instantiated in the design, it is suggested to set both the MREG and PREG attributes to 1 when performing multiply functions.
WARNING: [DRC DPOP-2] MREG Output pipelining: DSP design_1_i/v_proc_ss_0/U0/hsc/inst/hscale_core_polyphas_U0/grp_hscale_polyphase_fu_658/add_ln827_9_reg_1450_reg multiplier stage design_1_i/v_proc_ss_0/U0/hsc/inst/hscale_core_polyphas_U0/grp_hscale_polyphase_fu_658/add_ln827_9_reg_1450_reg/P[47:0] is not pipelined (MREG=0). Pipelining the multiplier function will improve performance and will save significant power so it is suggested whenever possible to fully pipeline this function.  If this multiplier was inferred, it is suggested to describe an additional register stage after this function.  If there is no registered adder/accumulator following the multiply function, two pipeline stages are suggested to allow both the MREG and PREG registers to be used.  If the DSP48 was instantiated in the design, it is suggested to set both the MREG and PREG attributes to 1 when performing multiply functions.
WARNING: [DRC DPOP-2] MREG Output pipelining: DSP design_1_i/v_proc_ss_0/U0/hsc/inst/hscale_core_polyphas_U0/grp_hscale_polyphase_fu_658/add_ln827_reg_1370_reg multiplier stage design_1_i/v_proc_ss_0/U0/hsc/inst/hscale_core_polyphas_U0/grp_hscale_polyphase_fu_658/add_ln827_reg_1370_reg/P[47:0] is not pipelined (MREG=0). Pipelining the multiplier function will improve performance and will save significant power so it is suggested whenever possible to fully pipeline this function.  If this multiplier was inferred, it is suggested to describe an additional register stage after this function.  If there is no registered adder/accumulator following the multiply function, two pipeline stages are suggested to allow both the MREG and PREG registers to be used.  If the DSP48 was instantiated in the design, it is suggested to set both the MREG and PREG attributes to 1 when performing multiply functions.
WARNING: [DRC DPOP-2] MREG Output pipelining: DSP design_1_i/v_proc_ss_0/U0/hsc/inst/hscale_core_polyphas_U0/grp_hscale_polyphase_fu_658/v_hscaler_mac_mulmb6_U40/bd_d86b_hsc_0_v_hscaler_mac_mulmb6_DSP48_10_U/p multiplier stage design_1_i/v_proc_ss_0/U0/hsc/inst/hscale_core_polyphas_U0/grp_hscale_polyphase_fu_658/v_hscaler_mac_mulmb6_U40/bd_d86b_hsc_0_v_hscaler_mac_mulmb6_DSP48_10_U/p/P[47:0] is not pipelined (MREG=0). Pipelining the multiplier function will improve performance and will save significant power so it is suggested whenever possible to fully pipeline this function.  If this multiplier was inferred, it is suggested to describe an additional register stage after this function.  If there is no registered adder/accumulator following the multiply function, two pipeline stages are suggested to allow both the MREG and PREG registers to be used.  If the DSP48 was instantiated in the design, it is suggested to set both the MREG and PREG attributes to 1 when performing multiply functions.
WARNING: [DRC DPOP-2] MREG Output pipelining: DSP design_1_i/v_proc_ss_0/U0/hsc/inst/hscale_core_polyphas_U0/grp_hscale_polyphase_fu_658/v_hscaler_mac_mulmb6_U41/bd_d86b_hsc_0_v_hscaler_mac_mulmb6_DSP48_10_U/p multiplier stage design_1_i/v_proc_ss_0/U0/hsc/inst/hscale_core_polyphas_U0/grp_hscale_polyphase_fu_658/v_hscaler_mac_mulmb6_U41/bd_d86b_hsc_0_v_hscaler_mac_mulmb6_DSP48_10_U/p/P[47:0] is not pipelined (MREG=0). Pipelining the multiplier function will improve performance and will save significant power so it is suggested whenever possible to fully pipeline this function.  If this multiplier was inferred, it is suggested to describe an additional register stage after this function.  If there is no registered adder/accumulator following the multiply function, two pipeline stages are suggested to allow both the MREG and PREG registers to be used.  If the DSP48 was instantiated in the design, it is suggested to set both the MREG and PREG attributes to 1 when performing multiply functions.
WARNING: [DRC DPOP-2] MREG Output pipelining: DSP design_1_i/v_proc_ss_0/U0/hsc/inst/hscale_core_polyphas_U0/grp_hscale_polyphase_fu_658/v_hscaler_mac_mulmb6_U42/bd_d86b_hsc_0_v_hscaler_mac_mulmb6_DSP48_10_U/p multiplier stage design_1_i/v_proc_ss_0/U0/hsc/inst/hscale_core_polyphas_U0/grp_hscale_polyphase_fu_658/v_hscaler_mac_mulmb6_U42/bd_d86b_hsc_0_v_hscaler_mac_mulmb6_DSP48_10_U/p/P[47:0] is not pipelined (MREG=0). Pipelining the multiplier function will improve performance and will save significant power so it is suggested whenever possible to fully pipeline this function.  If this multiplier was inferred, it is suggested to describe an additional register stage after this function.  If there is no registered adder/accumulator following the multiply function, two pipeline stages are suggested to allow both the MREG and PREG registers to be used.  If the DSP48 was instantiated in the design, it is suggested to set both the MREG and PREG attributes to 1 when performing multiply functions.
WARNING: [DRC DPOP-2] MREG Output pipelining: DSP design_1_i/v_proc_ss_0/U0/vsc/inst/vscale_core_polyphas_U0/add_ln367_12_reg_2540_reg multiplier stage design_1_i/v_proc_ss_0/U0/vsc/inst/vscale_core_polyphas_U0/add_ln367_12_reg_2540_reg/P[47:0] is not pipelined (MREG=0). Pipelining the multiplier function will improve performance and will save significant power so it is suggested whenever possible to fully pipeline this function.  If this multiplier was inferred, it is suggested to describe an additional register stage after this function.  If there is no registered adder/accumulator following the multiply function, two pipeline stages are suggested to allow both the MREG and PREG registers to be used.  If the DSP48 was instantiated in the design, it is suggested to set both the MREG and PREG attributes to 1 when performing multiply functions.
WARNING: [DRC DPOP-2] MREG Output pipelining: DSP design_1_i/v_proc_ss_0/U0/vsc/inst/vscale_core_polyphas_U0/add_ln367_13_reg_2560_reg multiplier stage design_1_i/v_proc_ss_0/U0/vsc/inst/vscale_core_polyphas_U0/add_ln367_13_reg_2560_reg/P[47:0] is not pipelined (MREG=0). Pipelining the multiplier function will improve performance and will save significant power so it is suggested whenever possible to fully pipeline this function.  If this multiplier was inferred, it is suggested to describe an additional register stage after this function.  If there is no registered adder/accumulator following the multiply function, two pipeline stages are suggested to allow both the MREG and PREG registers to be used.  If the DSP48 was instantiated in the design, it is suggested to set both the MREG and PREG attributes to 1 when performing multiply functions.
WARNING: [DRC DPOP-2] MREG Output pipelining: DSP design_1_i/v_proc_ss_0/U0/vsc/inst/vscale_core_polyphas_U0/add_ln367_15_reg_2600_reg multiplier stage design_1_i/v_proc_ss_0/U0/vsc/inst/vscale_core_polyphas_U0/add_ln367_15_reg_2600_reg/P[47:0] is not pipelined (MREG=0). Pipelining the multiplier function will improve performance and will save significant power so it is suggested whenever possible to fully pipeline this function.  If this multiplier was inferred, it is suggested to describe an additional register stage after this function.  If there is no registered adder/accumulator following the multiply function, two pipeline stages are suggested to allow both the MREG and PREG registers to be used.  If the DSP48 was instantiated in the design, it is suggested to set both the MREG and PREG attributes to 1 when performing multiply functions.
WARNING: [DRC DPOP-2] MREG Output pipelining: DSP design_1_i/v_proc_ss_0/U0/vsc/inst/vscale_core_polyphas_U0/add_ln367_1_reg_2545_reg multiplier stage design_1_i/v_proc_ss_0/U0/vsc/inst/vscale_core_polyphas_U0/add_ln367_1_reg_2545_reg/P[47:0] is not pipelined (MREG=0). Pipelining the multiplier function will improve performance and will save significant power so it is suggested whenever possible to fully pipeline this function.  If this multiplier was inferred, it is suggested to describe an additional register stage after this function.  If there is no registered adder/accumulator following the multiply function, two pipeline stages are suggested to allow both the MREG and PREG registers to be used.  If the DSP48 was instantiated in the design, it is suggested to set both the MREG and PREG attributes to 1 when performing multiply functions.
WARNING: [DRC DPOP-2] MREG Output pipelining: DSP design_1_i/v_proc_ss_0/U0/vsc/inst/vscale_core_polyphas_U0/add_ln367_3_reg_2585_reg multiplier stage design_1_i/v_proc_ss_0/U0/vsc/inst/vscale_core_polyphas_U0/add_ln367_3_reg_2585_reg/P[47:0] is not pipelined (MREG=0). Pipelining the multiplier function will improve performance and will save significant power so it is suggested whenever possible to fully pipeline this function.  If this multiplier was inferred, it is suggested to describe an additional register stage after this function.  If there is no registered adder/accumulator following the multiply function, two pipeline stages are suggested to allow both the MREG and PREG registers to be used.  If the DSP48 was instantiated in the design, it is suggested to set both the MREG and PREG attributes to 1 when performing multiply functions.
WARNING: [DRC DPOP-2] MREG Output pipelining: DSP design_1_i/v_proc_ss_0/U0/vsc/inst/vscale_core_polyphas_U0/add_ln367_6_reg_2535_reg multiplier stage design_1_i/v_proc_ss_0/U0/vsc/inst/vscale_core_polyphas_U0/add_ln367_6_reg_2535_reg/P[47:0] is not pipelined (MREG=0). Pipelining the multiplier function will improve performance and will save significant power so it is suggested whenever possible to fully pipeline this function.  If this multiplier was inferred, it is suggested to describe an additional register stage after this function.  If there is no registered adder/accumulator following the multiply function, two pipeline stages are suggested to allow both the MREG and PREG registers to be used.  If the DSP48 was instantiated in the design, it is suggested to set both the MREG and PREG attributes to 1 when performing multiply functions.
WARNING: [DRC DPOP-2] MREG Output pipelining: DSP design_1_i/v_proc_ss_0/U0/vsc/inst/vscale_core_polyphas_U0/add_ln367_7_reg_2555_reg multiplier stage design_1_i/v_proc_ss_0/U0/vsc/inst/vscale_core_polyphas_U0/add_ln367_7_reg_2555_reg/P[47:0] is not pipelined (MREG=0). Pipelining the multiplier function will improve performance and will save significant power so it is suggested whenever possible to fully pipeline this function.  If this multiplier was inferred, it is suggested to describe an additional register stage after this function.  If there is no registered adder/accumulator following the multiply function, two pipeline stages are suggested to allow both the MREG and PREG registers to be used.  If the DSP48 was instantiated in the design, it is suggested to set both the MREG and PREG attributes to 1 when performing multiply functions.
WARNING: [DRC DPOP-2] MREG Output pipelining: DSP design_1_i/v_proc_ss_0/U0/vsc/inst/vscale_core_polyphas_U0/add_ln367_9_reg_2595_reg multiplier stage design_1_i/v_proc_ss_0/U0/vsc/inst/vscale_core_polyphas_U0/add_ln367_9_reg_2595_reg/P[47:0] is not pipelined (MREG=0). Pipelining the multiplier function will improve performance and will save significant power so it is suggested whenever possible to fully pipeline this function.  If this multiplier was inferred, it is suggested to describe an additional register stage after this function.  If there is no registered adder/accumulator following the multiply function, two pipeline stages are suggested to allow both the MREG and PREG registers to be used.  If the DSP48 was instantiated in the design, it is suggested to set both the MREG and PREG attributes to 1 when performing multiply functions.
WARNING: [DRC DPOP-2] MREG Output pipelining: DSP design_1_i/v_proc_ss_0/U0/vsc/inst/vscale_core_polyphas_U0/add_ln367_reg_2525_reg multiplier stage design_1_i/v_proc_ss_0/U0/vsc/inst/vscale_core_polyphas_U0/add_ln367_reg_2525_reg/P[47:0] is not pipelined (MREG=0). Pipelining the multiplier function will improve performance and will save significant power so it is suggested whenever possible to fully pipeline this function.  If this multiplier was inferred, it is suggested to describe an additional register stage after this function.  If there is no registered adder/accumulator following the multiply function, two pipeline stages are suggested to allow both the MREG and PREG registers to be used.  If the DSP48 was instantiated in the design, it is suggested to set both the MREG and PREG attributes to 1 when performing multiply functions.
WARNING: [DRC DPOP-2] MREG Output pipelining: DSP design_1_i/v_proc_ss_0/U0/vsc/inst/vscale_core_polyphas_U0/v_vscaler_mac_muludo_U37/bd_18aa_vsc_0_v_vscaler_mac_muludo_DSP48_5_U/p multiplier stage design_1_i/v_proc_ss_0/U0/vsc/inst/vscale_core_polyphas_U0/v_vscaler_mac_muludo_U37/bd_18aa_vsc_0_v_vscaler_mac_muludo_DSP48_5_U/p/P[47:0] is not pipelined (MREG=0). Pipelining the multiplier function will improve performance and will save significant power so it is suggested whenever possible to fully pipeline this function.  If this multiplier was inferred, it is suggested to describe an additional register stage after this function.  If there is no registered adder/accumulator following the multiply function, two pipeline stages are suggested to allow both the MREG and PREG registers to be used.  If the DSP48 was instantiated in the design, it is suggested to set both the MREG and PREG attributes to 1 when performing multiply functions.
WARNING: [DRC DPOP-2] MREG Output pipelining: DSP design_1_i/v_proc_ss_0/U0/vsc/inst/vscale_core_polyphas_U0/v_vscaler_mac_muludo_U38/bd_18aa_vsc_0_v_vscaler_mac_muludo_DSP48_5_U/p multiplier stage design_1_i/v_proc_ss_0/U0/vsc/inst/vscale_core_polyphas_U0/v_vscaler_mac_muludo_U38/bd_18aa_vsc_0_v_vscaler_mac_muludo_DSP48_5_U/p/P[47:0] is not pipelined (MREG=0). Pipelining the multiplier function will improve performance and will save significant power so it is suggested whenever possible to fully pipeline this function.  If this multiplier was inferred, it is suggested to describe an additional register stage after this function.  If there is no registered adder/accumulator following the multiply function, two pipeline stages are suggested to allow both the MREG and PREG registers to be used.  If the DSP48 was instantiated in the design, it is suggested to set both the MREG and PREG attributes to 1 when performing multiply functions.
WARNING: [DRC DPOP-2] MREG Output pipelining: DSP design_1_i/v_proc_ss_0/U0/vsc/inst/vscale_core_polyphas_U0/v_vscaler_mac_muludo_U39/bd_18aa_vsc_0_v_vscaler_mac_muludo_DSP48_5_U/p multiplier stage design_1_i/v_proc_ss_0/U0/vsc/inst/vscale_core_polyphas_U0/v_vscaler_mac_muludo_U39/bd_18aa_vsc_0_v_vscaler_mac_muludo_DSP48_5_U/p/P[47:0] is not pipelined (MREG=0). Pipelining the multiplier function will improve performance and will save significant power so it is suggested whenever possible to fully pipeline this function.  If this multiplier was inferred, it is suggested to describe an additional register stage after this function.  If there is no registered adder/accumulator following the multiply function, two pipeline stages are suggested to allow both the MREG and PREG registers to be used.  If the DSP48 was instantiated in the design, it is suggested to set both the MREG and PREG attributes to 1 when performing multiply functions.
WARNING: [DRC DPOP-2] MREG Output pipelining: DSP design_1_i/v_proc_ss_2/U0/csc/inst/v_csc_core_U0/add_ln362_1_reg_849_reg multiplier stage design_1_i/v_proc_ss_2/U0/csc/inst/v_csc_core_U0/add_ln362_1_reg_849_reg/P[47:0] is not pipelined (MREG=0). Pipelining the multiplier function will improve performance and will save significant power so it is suggested whenever possible to fully pipeline this function.  If this multiplier was inferred, it is suggested to describe an additional register stage after this function.  If there is no registered adder/accumulator following the multiply function, two pipeline stages are suggested to allow both the MREG and PREG registers to be used.  If the DSP48 was instantiated in the design, it is suggested to set both the MREG and PREG attributes to 1 when performing multiply functions.
WARNING: [DRC DPOP-2] MREG Output pipelining: DSP design_1_i/v_proc_ss_2/U0/csc/inst/v_csc_core_U0/add_ln362_reg_843_reg multiplier stage design_1_i/v_proc_ss_2/U0/csc/inst/v_csc_core_U0/add_ln362_reg_843_reg/P[47:0] is not pipelined (MREG=0). Pipelining the multiplier function will improve performance and will save significant power so it is suggested whenever possible to fully pipeline this function.  If this multiplier was inferred, it is suggested to describe an additional register stage after this function.  If there is no registered adder/accumulator following the multiply function, two pipeline stages are suggested to allow both the MREG and PREG registers to be used.  If the DSP48 was instantiated in the design, it is suggested to set both the MREG and PREG attributes to 1 when performing multiply functions.
WARNING: [DRC DPOP-2] MREG Output pipelining: DSP design_1_i/v_proc_ss_2/U0/csc/inst/v_csc_core_U0/add_ln363_1_reg_861_reg multiplier stage design_1_i/v_proc_ss_2/U0/csc/inst/v_csc_core_U0/add_ln363_1_reg_861_reg/P[47:0] is not pipelined (MREG=0). Pipelining the multiplier function will improve performance and will save significant power so it is suggested whenever possible to fully pipeline this function.  If this multiplier was inferred, it is suggested to describe an additional register stage after this function.  If there is no registered adder/accumulator following the multiply function, two pipeline stages are suggested to allow both the MREG and PREG registers to be used.  If the DSP48 was instantiated in the design, it is suggested to set both the MREG and PREG attributes to 1 when performing multiply functions.
WARNING: [DRC DPOP-2] MREG Output pipelining: DSP design_1_i/v_proc_ss_2/U0/csc/inst/v_csc_core_U0/add_ln363_reg_855_reg multiplier stage design_1_i/v_proc_ss_2/U0/csc/inst/v_csc_core_U0/add_ln363_reg_855_reg/P[47:0] is not pipelined (MREG=0). Pipelining the multiplier function will improve performance and will save significant power so it is suggested whenever possible to fully pipeline this function.  If this multiplier was inferred, it is suggested to describe an additional register stage after this function.  If there is no registered adder/accumulator following the multiply function, two pipeline stages are suggested to allow both the MREG and PREG registers to be used.  If the DSP48 was instantiated in the design, it is suggested to set both the MREG and PREG attributes to 1 when performing multiply functions.
WARNING: [DRC DPOP-2] MREG Output pipelining: DSP design_1_i/v_proc_ss_2/U0/csc/inst/v_csc_core_U0/add_ln364_1_reg_873_reg multiplier stage design_1_i/v_proc_ss_2/U0/csc/inst/v_csc_core_U0/add_ln364_1_reg_873_reg/P[47:0] is not pipelined (MREG=0). Pipelining the multiplier function will improve performance and will save significant power so it is suggested whenever possible to fully pipeline this function.  If this multiplier was inferred, it is suggested to describe an additional register stage after this function.  If there is no registered adder/accumulator following the multiply function, two pipeline stages are suggested to allow both the MREG and PREG registers to be used.  If the DSP48 was instantiated in the design, it is suggested to set both the MREG and PREG attributes to 1 when performing multiply functions.
WARNING: [DRC DPOP-2] MREG Output pipelining: DSP design_1_i/v_proc_ss_2/U0/csc/inst/v_csc_core_U0/add_ln364_reg_867_reg multiplier stage design_1_i/v_proc_ss_2/U0/csc/inst/v_csc_core_U0/add_ln364_reg_867_reg/P[47:0] is not pipelined (MREG=0). Pipelining the multiplier function will improve performance and will save significant power so it is suggested whenever possible to fully pipeline this function.  If this multiplier was inferred, it is suggested to describe an additional register stage after this function.  If there is no registered adder/accumulator following the multiply function, two pipeline stages are suggested to allow both the MREG and PREG registers to be used.  If the DSP48 was instantiated in the design, it is suggested to set both the MREG and PREG attributes to 1 when performing multiply functions.
WARNING: [DRC DPOP-2] MREG Output pipelining: DSP design_1_i/v_proc_ss_2/U0/csc/inst/v_csc_core_U0/mul_ln362_2_reg_828_reg multiplier stage design_1_i/v_proc_ss_2/U0/csc/inst/v_csc_core_U0/mul_ln362_2_reg_828_reg/P[47:0] is not pipelined (MREG=0). Pipelining the multiplier function will improve performance and will save significant power so it is suggested whenever possible to fully pipeline this function.  If this multiplier was inferred, it is suggested to describe an additional register stage after this function.  If there is no registered adder/accumulator following the multiply function, two pipeline stages are suggested to allow both the MREG and PREG registers to be used.  If the DSP48 was instantiated in the design, it is suggested to set both the MREG and PREG attributes to 1 when performing multiply functions.
WARNING: [DRC DPOP-2] MREG Output pipelining: DSP design_1_i/v_proc_ss_2/U0/csc/inst/v_csc_core_U0/mul_ln363_2_reg_833_reg multiplier stage design_1_i/v_proc_ss_2/U0/csc/inst/v_csc_core_U0/mul_ln363_2_reg_833_reg/P[47:0] is not pipelined (MREG=0). Pipelining the multiplier function will improve performance and will save significant power so it is suggested whenever possible to fully pipeline this function.  If this multiplier was inferred, it is suggested to describe an additional register stage after this function.  If there is no registered adder/accumulator following the multiply function, two pipeline stages are suggested to allow both the MREG and PREG registers to be used.  If the DSP48 was instantiated in the design, it is suggested to set both the MREG and PREG attributes to 1 when performing multiply functions.
WARNING: [DRC DPOP-2] MREG Output pipelining: DSP design_1_i/v_proc_ss_2/U0/csc/inst/v_csc_core_U0/mul_ln364_2_reg_838_reg multiplier stage design_1_i/v_proc_ss_2/U0/csc/inst/v_csc_core_U0/mul_ln364_2_reg_838_reg/P[47:0] is not pipelined (MREG=0). Pipelining the multiplier function will improve performance and will save significant power so it is suggested whenever possible to fully pipeline this function.  If this multiplier was inferred, it is suggested to describe an additional register stage after this function.  If there is no registered adder/accumulator following the multiply function, two pipeline stages are suggested to allow both the MREG and PREG registers to be used.  If the DSP48 was instantiated in the design, it is suggested to set both the MREG and PREG attributes to 1 when performing multiply functions.
WARNING: [DRC DPOP-2] MREG Output pipelining: DSP design_1_i/v_proc_ss_2/U0/hsc/inst/hscale_core_polyphas_U0/grp_hscale_polyphase_fu_658/add_ln827_12_reg_1380_reg multiplier stage design_1_i/v_proc_ss_2/U0/hsc/inst/hscale_core_polyphas_U0/grp_hscale_polyphase_fu_658/add_ln827_12_reg_1380_reg/P[47:0] is not pipelined (MREG=0). Pipelining the multiplier function will improve performance and will save significant power so it is suggested whenever possible to fully pipeline this function.  If this multiplier was inferred, it is suggested to describe an additional register stage after this function.  If there is no registered adder/accumulator following the multiply function, two pipeline stages are suggested to allow both the MREG and PREG registers to be used.  If the DSP48 was instantiated in the design, it is suggested to set both the MREG and PREG attributes to 1 when performing multiply functions.
WARNING: [DRC DPOP-2] MREG Output pipelining: DSP design_1_i/v_proc_ss_2/U0/hsc/inst/hscale_core_polyphas_U0/grp_hscale_polyphase_fu_658/add_ln827_13_reg_1405_reg multiplier stage design_1_i/v_proc_ss_2/U0/hsc/inst/hscale_core_polyphas_U0/grp_hscale_polyphase_fu_658/add_ln827_13_reg_1405_reg/P[47:0] is not pipelined (MREG=0). Pipelining the multiplier function will improve performance and will save significant power so it is suggested whenever possible to fully pipeline this function.  If this multiplier was inferred, it is suggested to describe an additional register stage after this function.  If there is no registered adder/accumulator following the multiply function, two pipeline stages are suggested to allow both the MREG and PREG registers to be used.  If the DSP48 was instantiated in the design, it is suggested to set both the MREG and PREG attributes to 1 when performing multiply functions.
WARNING: [DRC DPOP-2] MREG Output pipelining: DSP design_1_i/v_proc_ss_2/U0/hsc/inst/hscale_core_polyphas_U0/grp_hscale_polyphase_fu_658/add_ln827_15_reg_1455_reg multiplier stage design_1_i/v_proc_ss_2/U0/hsc/inst/hscale_core_polyphas_U0/grp_hscale_polyphase_fu_658/add_ln827_15_reg_1455_reg/P[47:0] is not pipelined (MREG=0). Pipelining the multiplier function will improve performance and will save significant power so it is suggested whenever possible to fully pipeline this function.  If this multiplier was inferred, it is suggested to describe an additional register stage after this function.  If there is no registered adder/accumulator following the multiply function, two pipeline stages are suggested to allow both the MREG and PREG registers to be used.  If the DSP48 was instantiated in the design, it is suggested to set both the MREG and PREG attributes to 1 when performing multiply functions.
WARNING: [DRC DPOP-2] MREG Output pipelining: DSP design_1_i/v_proc_ss_2/U0/hsc/inst/hscale_core_polyphas_U0/grp_hscale_polyphase_fu_658/add_ln827_1_reg_1395_reg multiplier stage design_1_i/v_proc_ss_2/U0/hsc/inst/hscale_core_polyphas_U0/grp_hscale_polyphase_fu_658/add_ln827_1_reg_1395_reg/P[47:0] is not pipelined (MREG=0). Pipelining the multiplier function will improve performance and will save significant power so it is suggested whenever possible to fully pipeline this function.  If this multiplier was inferred, it is suggested to describe an additional register stage after this function.  If there is no registered adder/accumulator following the multiply function, two pipeline stages are suggested to allow both the MREG and PREG registers to be used.  If the DSP48 was instantiated in the design, it is suggested to set both the MREG and PREG attributes to 1 when performing multiply functions.
WARNING: [DRC DPOP-2] MREG Output pipelining: DSP design_1_i/v_proc_ss_2/U0/hsc/inst/hscale_core_polyphas_U0/grp_hscale_polyphase_fu_658/add_ln827_3_reg_1445_reg multiplier stage design_1_i/v_proc_ss_2/U0/hsc/inst/hscale_core_polyphas_U0/grp_hscale_polyphase_fu_658/add_ln827_3_reg_1445_reg/P[47:0] is not pipelined (MREG=0). Pipelining the multiplier function will improve performance and will save significant power so it is suggested whenever possible to fully pipeline this function.  If this multiplier was inferred, it is suggested to describe an additional register stage after this function.  If there is no registered adder/accumulator following the multiply function, two pipeline stages are suggested to allow both the MREG and PREG registers to be used.  If the DSP48 was instantiated in the design, it is suggested to set both the MREG and PREG attributes to 1 when performing multiply functions.
WARNING: [DRC DPOP-2] MREG Output pipelining: DSP design_1_i/v_proc_ss_2/U0/hsc/inst/hscale_core_polyphas_U0/grp_hscale_polyphase_fu_658/add_ln827_6_reg_1375_reg multiplier stage design_1_i/v_proc_ss_2/U0/hsc/inst/hscale_core_polyphas_U0/grp_hscale_polyphase_fu_658/add_ln827_6_reg_1375_reg/P[47:0] is not pipelined (MREG=0). Pipelining the multiplier function will improve performance and will save significant power so it is suggested whenever possible to fully pipeline this function.  If this multiplier was inferred, it is suggested to describe an additional register stage after this function.  If there is no registered adder/accumulator following the multiply function, two pipeline stages are suggested to allow both the MREG and PREG registers to be used.  If the DSP48 was instantiated in the design, it is suggested to set both the MREG and PREG attributes to 1 when performing multiply functions.
WARNING: [DRC DPOP-2] MREG Output pipelining: DSP design_1_i/v_proc_ss_2/U0/hsc/inst/hscale_core_polyphas_U0/grp_hscale_polyphase_fu_658/add_ln827_7_reg_1400_reg multiplier stage design_1_i/v_proc_ss_2/U0/hsc/inst/hscale_core_polyphas_U0/grp_hscale_polyphase_fu_658/add_ln827_7_reg_1400_reg/P[47:0] is not pipelined (MREG=0). Pipelining the multiplier function will improve performance and will save significant power so it is suggested whenever possible to fully pipeline this function.  If this multiplier was inferred, it is suggested to describe an additional register stage after this function.  If there is no registered adder/accumulator following the multiply function, two pipeline stages are suggested to allow both the MREG and PREG registers to be used.  If the DSP48 was instantiated in the design, it is suggested to set both the MREG and PREG attributes to 1 when performing multiply functions.
WARNING: [DRC DPOP-2] MREG Output pipelining: DSP design_1_i/v_proc_ss_2/U0/hsc/inst/hscale_core_polyphas_U0/grp_hscale_polyphase_fu_658/add_ln827_9_reg_1450_reg multiplier stage design_1_i/v_proc_ss_2/U0/hsc/inst/hscale_core_polyphas_U0/grp_hscale_polyphase_fu_658/add_ln827_9_reg_1450_reg/P[47:0] is not pipelined (MREG=0). Pipelining the multiplier function will improve performance and will save significant power so it is suggested whenever possible to fully pipeline this function.  If this multiplier was inferred, it is suggested to describe an additional register stage after this function.  If there is no registered adder/accumulator following the multiply function, two pipeline stages are suggested to allow both the MREG and PREG registers to be used.  If the DSP48 was instantiated in the design, it is suggested to set both the MREG and PREG attributes to 1 when performing multiply functions.
WARNING: [DRC DPOP-2] MREG Output pipelining: DSP design_1_i/v_proc_ss_2/U0/hsc/inst/hscale_core_polyphas_U0/grp_hscale_polyphase_fu_658/add_ln827_reg_1370_reg multiplier stage design_1_i/v_proc_ss_2/U0/hsc/inst/hscale_core_polyphas_U0/grp_hscale_polyphase_fu_658/add_ln827_reg_1370_reg/P[47:0] is not pipelined (MREG=0). Pipelining the multiplier function will improve performance and will save significant power so it is suggested whenever possible to fully pipeline this function.  If this multiplier was inferred, it is suggested to describe an additional register stage after this function.  If there is no registered adder/accumulator following the multiply function, two pipeline stages are suggested to allow both the MREG and PREG registers to be used.  If the DSP48 was instantiated in the design, it is suggested to set both the MREG and PREG attributes to 1 when performing multiply functions.
WARNING: [DRC DPOP-2] MREG Output pipelining: DSP design_1_i/v_proc_ss_2/U0/hsc/inst/hscale_core_polyphas_U0/grp_hscale_polyphase_fu_658/v_hscaler_mac_mulmb6_U40/bd_d86b_hsc_0_v_hscaler_mac_mulmb6_DSP48_10_U/p multiplier stage design_1_i/v_proc_ss_2/U0/hsc/inst/hscale_core_polyphas_U0/grp_hscale_polyphase_fu_658/v_hscaler_mac_mulmb6_U40/bd_d86b_hsc_0_v_hscaler_mac_mulmb6_DSP48_10_U/p/P[47:0] is not pipelined (MREG=0). Pipelining the multiplier function will improve performance and will save significant power so it is suggested whenever possible to fully pipeline this function.  If this multiplier was inferred, it is suggested to describe an additional register stage after this function.  If there is no registered adder/accumulator following the multiply function, two pipeline stages are suggested to allow both the MREG and PREG registers to be used.  If the DSP48 was instantiated in the design, it is suggested to set both the MREG and PREG attributes to 1 when performing multiply functions.
WARNING: [DRC DPOP-2] MREG Output pipelining: DSP design_1_i/v_proc_ss_2/U0/hsc/inst/hscale_core_polyphas_U0/grp_hscale_polyphase_fu_658/v_hscaler_mac_mulmb6_U41/bd_d86b_hsc_0_v_hscaler_mac_mulmb6_DSP48_10_U/p multiplier stage design_1_i/v_proc_ss_2/U0/hsc/inst/hscale_core_polyphas_U0/grp_hscale_polyphase_fu_658/v_hscaler_mac_mulmb6_U41/bd_d86b_hsc_0_v_hscaler_mac_mulmb6_DSP48_10_U/p/P[47:0] is not pipelined (MREG=0). Pipelining the multiplier function will improve performance and will save significant power so it is suggested whenever possible to fully pipeline this function.  If this multiplier was inferred, it is suggested to describe an additional register stage after this function.  If there is no registered adder/accumulator following the multiply function, two pipeline stages are suggested to allow both the MREG and PREG registers to be used.  If the DSP48 was instantiated in the design, it is suggested to set both the MREG and PREG attributes to 1 when performing multiply functions.
WARNING: [DRC DPOP-2] MREG Output pipelining: DSP design_1_i/v_proc_ss_2/U0/hsc/inst/hscale_core_polyphas_U0/grp_hscale_polyphase_fu_658/v_hscaler_mac_mulmb6_U42/bd_d86b_hsc_0_v_hscaler_mac_mulmb6_DSP48_10_U/p multiplier stage design_1_i/v_proc_ss_2/U0/hsc/inst/hscale_core_polyphas_U0/grp_hscale_polyphase_fu_658/v_hscaler_mac_mulmb6_U42/bd_d86b_hsc_0_v_hscaler_mac_mulmb6_DSP48_10_U/p/P[47:0] is not pipelined (MREG=0). Pipelining the multiplier function will improve performance and will save significant power so it is suggested whenever possible to fully pipeline this function.  If this multiplier was inferred, it is suggested to describe an additional register stage after this function.  If there is no registered adder/accumulator following the multiply function, two pipeline stages are suggested to allow both the MREG and PREG registers to be used.  If the DSP48 was instantiated in the design, it is suggested to set both the MREG and PREG attributes to 1 when performing multiply functions.
WARNING: [DRC DPOP-2] MREG Output pipelining: DSP design_1_i/v_proc_ss_2/U0/vsc/inst/vscale_core_polyphas_U0/add_ln367_12_reg_2540_reg multiplier stage design_1_i/v_proc_ss_2/U0/vsc/inst/vscale_core_polyphas_U0/add_ln367_12_reg_2540_reg/P[47:0] is not pipelined (MREG=0). Pipelining the multiplier function will improve performance and will save significant power so it is suggested whenever possible to fully pipeline this function.  If this multiplier was inferred, it is suggested to describe an additional register stage after this function.  If there is no registered adder/accumulator following the multiply function, two pipeline stages are suggested to allow both the MREG and PREG registers to be used.  If the DSP48 was instantiated in the design, it is suggested to set both the MREG and PREG attributes to 1 when performing multiply functions.
WARNING: [DRC DPOP-2] MREG Output pipelining: DSP design_1_i/v_proc_ss_2/U0/vsc/inst/vscale_core_polyphas_U0/add_ln367_13_reg_2560_reg multiplier stage design_1_i/v_proc_ss_2/U0/vsc/inst/vscale_core_polyphas_U0/add_ln367_13_reg_2560_reg/P[47:0] is not pipelined (MREG=0). Pipelining the multiplier function will improve performance and will save significant power so it is suggested whenever possible to fully pipeline this function.  If this multiplier was inferred, it is suggested to describe an additional register stage after this function.  If there is no registered adder/accumulator following the multiply function, two pipeline stages are suggested to allow both the MREG and PREG registers to be used.  If the DSP48 was instantiated in the design, it is suggested to set both the MREG and PREG attributes to 1 when performing multiply functions.
WARNING: [DRC DPOP-2] MREG Output pipelining: DSP design_1_i/v_proc_ss_2/U0/vsc/inst/vscale_core_polyphas_U0/add_ln367_15_reg_2600_reg multiplier stage design_1_i/v_proc_ss_2/U0/vsc/inst/vscale_core_polyphas_U0/add_ln367_15_reg_2600_reg/P[47:0] is not pipelined (MREG=0). Pipelining the multiplier function will improve performance and will save significant power so it is suggested whenever possible to fully pipeline this function.  If this multiplier was inferred, it is suggested to describe an additional register stage after this function.  If there is no registered adder/accumulator following the multiply function, two pipeline stages are suggested to allow both the MREG and PREG registers to be used.  If the DSP48 was instantiated in the design, it is suggested to set both the MREG and PREG attributes to 1 when performing multiply functions.
WARNING: [DRC DPOP-2] MREG Output pipelining: DSP design_1_i/v_proc_ss_2/U0/vsc/inst/vscale_core_polyphas_U0/add_ln367_1_reg_2545_reg multiplier stage design_1_i/v_proc_ss_2/U0/vsc/inst/vscale_core_polyphas_U0/add_ln367_1_reg_2545_reg/P[47:0] is not pipelined (MREG=0). Pipelining the multiplier function will improve performance and will save significant power so it is suggested whenever possible to fully pipeline this function.  If this multiplier was inferred, it is suggested to describe an additional register stage after this function.  If there is no registered adder/accumulator following the multiply function, two pipeline stages are suggested to allow both the MREG and PREG registers to be used.  If the DSP48 was instantiated in the design, it is suggested to set both the MREG and PREG attributes to 1 when performing multiply functions.
WARNING: [DRC DPOP-2] MREG Output pipelining: DSP design_1_i/v_proc_ss_2/U0/vsc/inst/vscale_core_polyphas_U0/add_ln367_3_reg_2585_reg multiplier stage design_1_i/v_proc_ss_2/U0/vsc/inst/vscale_core_polyphas_U0/add_ln367_3_reg_2585_reg/P[47:0] is not pipelined (MREG=0). Pipelining the multiplier function will improve performance and will save significant power so it is suggested whenever possible to fully pipeline this function.  If this multiplier was inferred, it is suggested to describe an additional register stage after this function.  If there is no registered adder/accumulator following the multiply function, two pipeline stages are suggested to allow both the MREG and PREG registers to be used.  If the DSP48 was instantiated in the design, it is suggested to set both the MREG and PREG attributes to 1 when performing multiply functions.
WARNING: [DRC DPOP-2] MREG Output pipelining: DSP design_1_i/v_proc_ss_2/U0/vsc/inst/vscale_core_polyphas_U0/add_ln367_6_reg_2535_reg multiplier stage design_1_i/v_proc_ss_2/U0/vsc/inst/vscale_core_polyphas_U0/add_ln367_6_reg_2535_reg/P[47:0] is not pipelined (MREG=0). Pipelining the multiplier function will improve performance and will save significant power so it is suggested whenever possible to fully pipeline this function.  If this multiplier was inferred, it is suggested to describe an additional register stage after this function.  If there is no registered adder/accumulator following the multiply function, two pipeline stages are suggested to allow both the MREG and PREG registers to be used.  If the DSP48 was instantiated in the design, it is suggested to set both the MREG and PREG attributes to 1 when performing multiply functions.
WARNING: [DRC DPOP-2] MREG Output pipelining: DSP design_1_i/v_proc_ss_2/U0/vsc/inst/vscale_core_polyphas_U0/add_ln367_7_reg_2555_reg multiplier stage design_1_i/v_proc_ss_2/U0/vsc/inst/vscale_core_polyphas_U0/add_ln367_7_reg_2555_reg/P[47:0] is not pipelined (MREG=0). Pipelining the multiplier function will improve performance and will save significant power so it is suggested whenever possible to fully pipeline this function.  If this multiplier was inferred, it is suggested to describe an additional register stage after this function.  If there is no registered adder/accumulator following the multiply function, two pipeline stages are suggested to allow both the MREG and PREG registers to be used.  If the DSP48 was instantiated in the design, it is suggested to set both the MREG and PREG attributes to 1 when performing multiply functions.
WARNING: [DRC DPOP-2] MREG Output pipelining: DSP design_1_i/v_proc_ss_2/U0/vsc/inst/vscale_core_polyphas_U0/add_ln367_9_reg_2595_reg multiplier stage design_1_i/v_proc_ss_2/U0/vsc/inst/vscale_core_polyphas_U0/add_ln367_9_reg_2595_reg/P[47:0] is not pipelined (MREG=0). Pipelining the multiplier function will improve performance and will save significant power so it is suggested whenever possible to fully pipeline this function.  If this multiplier was inferred, it is suggested to describe an additional register stage after this function.  If there is no registered adder/accumulator following the multiply function, two pipeline stages are suggested to allow both the MREG and PREG registers to be used.  If the DSP48 was instantiated in the design, it is suggested to set both the MREG and PREG attributes to 1 when performing multiply functions.
WARNING: [DRC DPOP-2] MREG Output pipelining: DSP design_1_i/v_proc_ss_2/U0/vsc/inst/vscale_core_polyphas_U0/add_ln367_reg_2525_reg multiplier stage design_1_i/v_proc_ss_2/U0/vsc/inst/vscale_core_polyphas_U0/add_ln367_reg_2525_reg/P[47:0] is not pipelined (MREG=0). Pipelining the multiplier function will improve performance and will save significant power so it is suggested whenever possible to fully pipeline this function.  If this multiplier was inferred, it is suggested to describe an additional register stage after this function.  If there is no registered adder/accumulator following the multiply function, two pipeline stages are suggested to allow both the MREG and PREG registers to be used.  If the DSP48 was instantiated in the design, it is suggested to set both the MREG and PREG attributes to 1 when performing multiply functions.
WARNING: [DRC DPOP-2] MREG Output pipelining: DSP design_1_i/v_proc_ss_2/U0/vsc/inst/vscale_core_polyphas_U0/v_vscaler_mac_muludo_U37/bd_18aa_vsc_0_v_vscaler_mac_muludo_DSP48_5_U/p multiplier stage design_1_i/v_proc_ss_2/U0/vsc/inst/vscale_core_polyphas_U0/v_vscaler_mac_muludo_U37/bd_18aa_vsc_0_v_vscaler_mac_muludo_DSP48_5_U/p/P[47:0] is not pipelined (MREG=0). Pipelining the multiplier function will improve performance and will save significant power so it is suggested whenever possible to fully pipeline this function.  If this multiplier was inferred, it is suggested to describe an additional register stage after this function.  If there is no registered adder/accumulator following the multiply function, two pipeline stages are suggested to allow both the MREG and PREG registers to be used.  If the DSP48 was instantiated in the design, it is suggested to set both the MREG and PREG attributes to 1 when performing multiply functions.
WARNING: [DRC DPOP-2] MREG Output pipelining: DSP design_1_i/v_proc_ss_2/U0/vsc/inst/vscale_core_polyphas_U0/v_vscaler_mac_muludo_U38/bd_18aa_vsc_0_v_vscaler_mac_muludo_DSP48_5_U/p multiplier stage design_1_i/v_proc_ss_2/U0/vsc/inst/vscale_core_polyphas_U0/v_vscaler_mac_muludo_U38/bd_18aa_vsc_0_v_vscaler_mac_muludo_DSP48_5_U/p/P[47:0] is not pipelined (MREG=0). Pipelining the multiplier function will improve performance and will save significant power so it is suggested whenever possible to fully pipeline this function.  If this multiplier was inferred, it is suggested to describe an additional register stage after this function.  If there is no registered adder/accumulator following the multiply function, two pipeline stages are suggested to allow both the MREG and PREG registers to be used.  If the DSP48 was instantiated in the design, it is suggested to set both the MREG and PREG attributes to 1 when performing multiply functions.
WARNING: [DRC DPOP-2] MREG Output pipelining: DSP design_1_i/v_proc_ss_2/U0/vsc/inst/vscale_core_polyphas_U0/v_vscaler_mac_muludo_U39/bd_18aa_vsc_0_v_vscaler_mac_muludo_DSP48_5_U/p multiplier stage design_1_i/v_proc_ss_2/U0/vsc/inst/vscale_core_polyphas_U0/v_vscaler_mac_muludo_U39/bd_18aa_vsc_0_v_vscaler_mac_muludo_DSP48_5_U/p/P[47:0] is not pipelined (MREG=0). Pipelining the multiplier function will improve performance and will save significant power so it is suggested whenever possible to fully pipeline this function.  If this multiplier was inferred, it is suggested to describe an additional register stage after this function.  If there is no registered adder/accumulator following the multiply function, two pipeline stages are suggested to allow both the MREG and PREG registers to be used.  If the DSP48 was instantiated in the design, it is suggested to set both the MREG and PREG attributes to 1 when performing multiply functions.
WARNING: [DRC REQP-1839] RAMB36 async control check: The RAMB36E1 design_1_i/onsemi_vita_cam_0/U0/onsemi_vita_cam_v3_1_S00_AXI_inst/onsemi_vita_cam_core_inst/DEMUX_GEN.demux_fifo_l/afifo_64i_16o_l/gnuram_async_fifo.xpm_fifo_base_inst/gen_sdpram.xpm_memory_base_inst/gen_wr_a.gen_word_wide.mem_reg_1 has an input control pin design_1_i/onsemi_vita_cam_0/U0/onsemi_vita_cam_v3_1_S00_AXI_inst/onsemi_vita_cam_core_inst/DEMUX_GEN.demux_fifo_l/afifo_64i_16o_l/gnuram_async_fifo.xpm_fifo_base_inst/gen_sdpram.xpm_memory_base_inst/gen_wr_a.gen_word_wide.mem_reg_1/ENARDEN (net: design_1_i/onsemi_vita_cam_0/U0/onsemi_vita_cam_v3_1_S00_AXI_inst/onsemi_vita_cam_core_inst/DEMUX_GEN.demux_fifo_l/afifo_64i_16o_l/gnuram_async_fifo.xpm_fifo_base_inst/gen_sdpram.xpm_memory_base_inst/ena) which is driven by a register (design_1_i/onsemi_vita_cam_0/U0/onsemi_vita_cam_v3_1_S00_AXI_inst/onsemi_vita_cam_core_inst/vita_remapper/VIDEO_SYNC_OUT_reg[0]) that has an active asychronous set or reset. This may cause corruption of the memory contents and/or read values when the set/reset is asserted and is not analyzed by the default static timing analysis. It is suggested to eliminate the use of a set/reset to registers driving this RAMB pin or else use a synchronous reset in which the assertion of the reset is timed by default.
WARNING: [DRC REQP-1839] RAMB36 async control check: The RAMB36E1 design_1_i/onsemi_vita_cam_0/U0/onsemi_vita_cam_v3_1_S00_AXI_inst/onsemi_vita_cam_core_inst/DEMUX_GEN.demux_fifo_l/afifo_64i_16o_l/gnuram_async_fifo.xpm_fifo_base_inst/gen_sdpram.xpm_memory_base_inst/gen_wr_a.gen_word_wide.mem_reg_1 has an input control pin design_1_i/onsemi_vita_cam_0/U0/onsemi_vita_cam_v3_1_S00_AXI_inst/onsemi_vita_cam_core_inst/DEMUX_GEN.demux_fifo_l/afifo_64i_16o_l/gnuram_async_fifo.xpm_fifo_base_inst/gen_sdpram.xpm_memory_base_inst/gen_wr_a.gen_word_wide.mem_reg_1/ENBWREN (net: design_1_i/onsemi_vita_cam_0/U0/onsemi_vita_cam_v3_1_S00_AXI_inst/onsemi_vita_cam_core_inst/DEMUX_GEN.demux_fifo_l/afifo_64i_16o_l/gnuram_async_fifo.xpm_fifo_base_inst/gen_sdpram.xpm_memory_base_inst/enb) which is driven by a register (design_1_i/onsemi_vita_cam_0/U0/onsemi_vita_cam_v3_1_S00_AXI_inst/onsemi_vita_cam_core_inst/syncgen_l/De_s_reg) that has an active asychronous set or reset. This may cause corruption of the memory contents and/or read values when the set/reset is asserted and is not analyzed by the default static timing analysis. It is suggested to eliminate the use of a set/reset to registers driving this RAMB pin or else use a synchronous reset in which the assertion of the reset is timed by default.
WARNING: [DRC REQP-1839] RAMB36 async control check: The RAMB36E1 design_1_i/onsemi_vita_cam_0/U0/onsemi_vita_cam_v3_1_S00_AXI_inst/onsemi_vita_cam_core_inst/DEMUX_GEN.demux_fifo_l/afifo_64i_16o_l/gnuram_async_fifo.xpm_fifo_base_inst/gen_sdpram.xpm_memory_base_inst/gen_wr_a.gen_word_wide.mem_reg_1 has an input control pin design_1_i/onsemi_vita_cam_0/U0/onsemi_vita_cam_v3_1_S00_AXI_inst/onsemi_vita_cam_core_inst/DEMUX_GEN.demux_fifo_l/afifo_64i_16o_l/gnuram_async_fifo.xpm_fifo_base_inst/gen_sdpram.xpm_memory_base_inst/gen_wr_a.gen_word_wide.mem_reg_1/WEA[0] (net: design_1_i/onsemi_vita_cam_0/U0/onsemi_vita_cam_v3_1_S00_AXI_inst/onsemi_vita_cam_core_inst/DEMUX_GEN.demux_fifo_l/afifo_64i_16o_l/gnuram_async_fifo.xpm_fifo_base_inst/gen_sdpram.xpm_memory_base_inst/ena) which is driven by a register (design_1_i/onsemi_vita_cam_0/U0/onsemi_vita_cam_v3_1_S00_AXI_inst/onsemi_vita_cam_core_inst/vita_remapper/VIDEO_SYNC_OUT_reg[0]) that has an active asychronous set or reset. This may cause corruption of the memory contents and/or read values when the set/reset is asserted and is not analyzed by the default static timing analysis. It is suggested to eliminate the use of a set/reset to registers driving this RAMB pin or else use a synchronous reset in which the assertion of the reset is timed by default.
WARNING: [DRC REQP-1839] RAMB36 async control check: The RAMB36E1 design_1_i/onsemi_vita_cam_0/U0/onsemi_vita_cam_v3_1_S00_AXI_inst/onsemi_vita_cam_core_inst/DEMUX_GEN.demux_fifo_l/afifo_64i_16o_l/gnuram_async_fifo.xpm_fifo_base_inst/gen_sdpram.xpm_memory_base_inst/gen_wr_a.gen_word_wide.mem_reg_2 has an input control pin design_1_i/onsemi_vita_cam_0/U0/onsemi_vita_cam_v3_1_S00_AXI_inst/onsemi_vita_cam_core_inst/DEMUX_GEN.demux_fifo_l/afifo_64i_16o_l/gnuram_async_fifo.xpm_fifo_base_inst/gen_sdpram.xpm_memory_base_inst/gen_wr_a.gen_word_wide.mem_reg_2/ENARDEN (net: design_1_i/onsemi_vita_cam_0/U0/onsemi_vita_cam_v3_1_S00_AXI_inst/onsemi_vita_cam_core_inst/DEMUX_GEN.demux_fifo_l/afifo_64i_16o_l/gnuram_async_fifo.xpm_fifo_base_inst/gen_sdpram.xpm_memory_base_inst/ena) which is driven by a register (design_1_i/onsemi_vita_cam_0/U0/onsemi_vita_cam_v3_1_S00_AXI_inst/onsemi_vita_cam_core_inst/vita_remapper/VIDEO_SYNC_OUT_reg[0]) that has an active asychronous set or reset. This may cause corruption of the memory contents and/or read values when the set/reset is asserted and is not analyzed by the default static timing analysis. It is suggested to eliminate the use of a set/reset to registers driving this RAMB pin or else use a synchronous reset in which the assertion of the reset is timed by default.
WARNING: [DRC REQP-1839] RAMB36 async control check: The RAMB36E1 design_1_i/onsemi_vita_cam_0/U0/onsemi_vita_cam_v3_1_S00_AXI_inst/onsemi_vita_cam_core_inst/DEMUX_GEN.demux_fifo_l/afifo_64i_16o_l/gnuram_async_fifo.xpm_fifo_base_inst/gen_sdpram.xpm_memory_base_inst/gen_wr_a.gen_word_wide.mem_reg_2 has an input control pin design_1_i/onsemi_vita_cam_0/U0/onsemi_vita_cam_v3_1_S00_AXI_inst/onsemi_vita_cam_core_inst/DEMUX_GEN.demux_fifo_l/afifo_64i_16o_l/gnuram_async_fifo.xpm_fifo_base_inst/gen_sdpram.xpm_memory_base_inst/gen_wr_a.gen_word_wide.mem_reg_2/ENBWREN (net: design_1_i/onsemi_vita_cam_0/U0/onsemi_vita_cam_v3_1_S00_AXI_inst/onsemi_vita_cam_core_inst/DEMUX_GEN.demux_fifo_l/afifo_64i_16o_l/gnuram_async_fifo.xpm_fifo_base_inst/gen_sdpram.xpm_memory_base_inst/enb) which is driven by a register (design_1_i/onsemi_vita_cam_0/U0/onsemi_vita_cam_v3_1_S00_AXI_inst/onsemi_vita_cam_core_inst/syncgen_l/De_s_reg) that has an active asychronous set or reset. This may cause corruption of the memory contents and/or read values when the set/reset is asserted and is not analyzed by the default static timing analysis. It is suggested to eliminate the use of a set/reset to registers driving this RAMB pin or else use a synchronous reset in which the assertion of the reset is timed by default.
WARNING: [DRC REQP-1839] RAMB36 async control check: The RAMB36E1 design_1_i/onsemi_vita_cam_0/U0/onsemi_vita_cam_v3_1_S00_AXI_inst/onsemi_vita_cam_core_inst/DEMUX_GEN.demux_fifo_l/afifo_64i_16o_l/gnuram_async_fifo.xpm_fifo_base_inst/gen_sdpram.xpm_memory_base_inst/gen_wr_a.gen_word_wide.mem_reg_2 has an input control pin design_1_i/onsemi_vita_cam_0/U0/onsemi_vita_cam_v3_1_S00_AXI_inst/onsemi_vita_cam_core_inst/DEMUX_GEN.demux_fifo_l/afifo_64i_16o_l/gnuram_async_fifo.xpm_fifo_base_inst/gen_sdpram.xpm_memory_base_inst/gen_wr_a.gen_word_wide.mem_reg_2/WEA[0] (net: design_1_i/onsemi_vita_cam_0/U0/onsemi_vita_cam_v3_1_S00_AXI_inst/onsemi_vita_cam_core_inst/DEMUX_GEN.demux_fifo_l/afifo_64i_16o_l/gnuram_async_fifo.xpm_fifo_base_inst/gen_sdpram.xpm_memory_base_inst/ena) which is driven by a register (design_1_i/onsemi_vita_cam_0/U0/onsemi_vita_cam_v3_1_S00_AXI_inst/onsemi_vita_cam_core_inst/vita_remapper/VIDEO_SYNC_OUT_reg[0]) that has an active asychronous set or reset. This may cause corruption of the memory contents and/or read values when the set/reset is asserted and is not analyzed by the default static timing analysis. It is suggested to eliminate the use of a set/reset to registers driving this RAMB pin or else use a synchronous reset in which the assertion of the reset is timed by default.
WARNING: [DRC REQP-1839] RAMB36 async control check: The RAMB36E1 design_1_i/onsemi_vita_cam_0/U0/onsemi_vita_cam_v3_1_S00_AXI_inst/onsemi_vita_cam_core_inst/DEMUX_GEN.demux_fifo_l/afifo_64i_16o_l/gnuram_async_fifo.xpm_fifo_base_inst/gen_sdpram.xpm_memory_base_inst/gen_wr_a.gen_word_wide.mem_reg_3 has an input control pin design_1_i/onsemi_vita_cam_0/U0/onsemi_vita_cam_v3_1_S00_AXI_inst/onsemi_vita_cam_core_inst/DEMUX_GEN.demux_fifo_l/afifo_64i_16o_l/gnuram_async_fifo.xpm_fifo_base_inst/gen_sdpram.xpm_memory_base_inst/gen_wr_a.gen_word_wide.mem_reg_3/ENARDEN (net: design_1_i/onsemi_vita_cam_0/U0/onsemi_vita_cam_v3_1_S00_AXI_inst/onsemi_vita_cam_core_inst/DEMUX_GEN.demux_fifo_l/afifo_64i_16o_l/gnuram_async_fifo.xpm_fifo_base_inst/gen_sdpram.xpm_memory_base_inst/ena) which is driven by a register (design_1_i/onsemi_vita_cam_0/U0/onsemi_vita_cam_v3_1_S00_AXI_inst/onsemi_vita_cam_core_inst/vita_remapper/VIDEO_SYNC_OUT_reg[0]) that has an active asychronous set or reset. This may cause corruption of the memory contents and/or read values when the set/reset is asserted and is not analyzed by the default static timing analysis. It is suggested to eliminate the use of a set/reset to registers driving this RAMB pin or else use a synchronous reset in which the assertion of the reset is timed by default.
WARNING: [DRC REQP-1839] RAMB36 async control check: The RAMB36E1 design_1_i/onsemi_vita_cam_0/U0/onsemi_vita_cam_v3_1_S00_AXI_inst/onsemi_vita_cam_core_inst/DEMUX_GEN.demux_fifo_l/afifo_64i_16o_l/gnuram_async_fifo.xpm_fifo_base_inst/gen_sdpram.xpm_memory_base_inst/gen_wr_a.gen_word_wide.mem_reg_3 has an input control pin design_1_i/onsemi_vita_cam_0/U0/onsemi_vita_cam_v3_1_S00_AXI_inst/onsemi_vita_cam_core_inst/DEMUX_GEN.demux_fifo_l/afifo_64i_16o_l/gnuram_async_fifo.xpm_fifo_base_inst/gen_sdpram.xpm_memory_base_inst/gen_wr_a.gen_word_wide.mem_reg_3/ENBWREN (net: design_1_i/onsemi_vita_cam_0/U0/onsemi_vita_cam_v3_1_S00_AXI_inst/onsemi_vita_cam_core_inst/DEMUX_GEN.demux_fifo_l/afifo_64i_16o_l/gnuram_async_fifo.xpm_fifo_base_inst/gen_sdpram.xpm_memory_base_inst/enb) which is driven by a register (design_1_i/onsemi_vita_cam_0/U0/onsemi_vita_cam_v3_1_S00_AXI_inst/onsemi_vita_cam_core_inst/syncgen_l/De_s_reg) that has an active asychronous set or reset. This may cause corruption of the memory contents and/or read values when the set/reset is asserted and is not analyzed by the default static timing analysis. It is suggested to eliminate the use of a set/reset to registers driving this RAMB pin or else use a synchronous reset in which the assertion of the reset is timed by default.
WARNING: [DRC REQP-1839] RAMB36 async control check: The RAMB36E1 design_1_i/onsemi_vita_cam_0/U0/onsemi_vita_cam_v3_1_S00_AXI_inst/onsemi_vita_cam_core_inst/DEMUX_GEN.demux_fifo_l/afifo_64i_16o_l/gnuram_async_fifo.xpm_fifo_base_inst/gen_sdpram.xpm_memory_base_inst/gen_wr_a.gen_word_wide.mem_reg_3 has an input control pin design_1_i/onsemi_vita_cam_0/U0/onsemi_vita_cam_v3_1_S00_AXI_inst/onsemi_vita_cam_core_inst/DEMUX_GEN.demux_fifo_l/afifo_64i_16o_l/gnuram_async_fifo.xpm_fifo_base_inst/gen_sdpram.xpm_memory_base_inst/gen_wr_a.gen_word_wide.mem_reg_3/WEA[0] (net: design_1_i/onsemi_vita_cam_0/U0/onsemi_vita_cam_v3_1_S00_AXI_inst/onsemi_vita_cam_core_inst/DEMUX_GEN.demux_fifo_l/afifo_64i_16o_l/gnuram_async_fifo.xpm_fifo_base_inst/gen_sdpram.xpm_memory_base_inst/ena) which is driven by a register (design_1_i/onsemi_vita_cam_0/U0/onsemi_vita_cam_v3_1_S00_AXI_inst/onsemi_vita_cam_core_inst/vita_remapper/VIDEO_SYNC_OUT_reg[0]) that has an active asychronous set or reset. This may cause corruption of the memory contents and/or read values when the set/reset is asserted and is not analyzed by the default static timing analysis. It is suggested to eliminate the use of a set/reset to registers driving this RAMB pin or else use a synchronous reset in which the assertion of the reset is timed by default.
WARNING: [DRC REQP-1839] RAMB36 async control check: The RAMB36E1 design_1_i/onsemi_vita_cam_0/U0/onsemi_vita_cam_v3_1_S00_AXI_inst/onsemi_vita_cam_core_inst/DEMUX_GEN.demux_fifo_l/afifo_64i_16o_l/gnuram_async_fifo.xpm_fifo_base_inst/gen_sdpram.xpm_memory_base_inst/gen_wr_a.gen_word_wide.mem_reg_4 has an input control pin design_1_i/onsemi_vita_cam_0/U0/onsemi_vita_cam_v3_1_S00_AXI_inst/onsemi_vita_cam_core_inst/DEMUX_GEN.demux_fifo_l/afifo_64i_16o_l/gnuram_async_fifo.xpm_fifo_base_inst/gen_sdpram.xpm_memory_base_inst/gen_wr_a.gen_word_wide.mem_reg_4/ENARDEN (net: design_1_i/onsemi_vita_cam_0/U0/onsemi_vita_cam_v3_1_S00_AXI_inst/onsemi_vita_cam_core_inst/DEMUX_GEN.demux_fifo_l/afifo_64i_16o_l/gnuram_async_fifo.xpm_fifo_base_inst/gen_sdpram.xpm_memory_base_inst/ena) which is driven by a register (design_1_i/onsemi_vita_cam_0/U0/onsemi_vita_cam_v3_1_S00_AXI_inst/onsemi_vita_cam_core_inst/vita_remapper/VIDEO_SYNC_OUT_reg[0]) that has an active asychronous set or reset. This may cause corruption of the memory contents and/or read values when the set/reset is asserted and is not analyzed by the default static timing analysis. It is suggested to eliminate the use of a set/reset to registers driving this RAMB pin or else use a synchronous reset in which the assertion of the reset is timed by default.
WARNING: [DRC REQP-1839] RAMB36 async control check: The RAMB36E1 design_1_i/onsemi_vita_cam_0/U0/onsemi_vita_cam_v3_1_S00_AXI_inst/onsemi_vita_cam_core_inst/DEMUX_GEN.demux_fifo_l/afifo_64i_16o_l/gnuram_async_fifo.xpm_fifo_base_inst/gen_sdpram.xpm_memory_base_inst/gen_wr_a.gen_word_wide.mem_reg_4 has an input control pin design_1_i/onsemi_vita_cam_0/U0/onsemi_vita_cam_v3_1_S00_AXI_inst/onsemi_vita_cam_core_inst/DEMUX_GEN.demux_fifo_l/afifo_64i_16o_l/gnuram_async_fifo.xpm_fifo_base_inst/gen_sdpram.xpm_memory_base_inst/gen_wr_a.gen_word_wide.mem_reg_4/ENBWREN (net: design_1_i/onsemi_vita_cam_0/U0/onsemi_vita_cam_v3_1_S00_AXI_inst/onsemi_vita_cam_core_inst/DEMUX_GEN.demux_fifo_l/afifo_64i_16o_l/gnuram_async_fifo.xpm_fifo_base_inst/gen_sdpram.xpm_memory_base_inst/enb) which is driven by a register (design_1_i/onsemi_vita_cam_0/U0/onsemi_vita_cam_v3_1_S00_AXI_inst/onsemi_vita_cam_core_inst/syncgen_l/De_s_reg) that has an active asychronous set or reset. This may cause corruption of the memory contents and/or read values when the set/reset is asserted and is not analyzed by the default static timing analysis. It is suggested to eliminate the use of a set/reset to registers driving this RAMB pin or else use a synchronous reset in which the assertion of the reset is timed by default.
WARNING: [DRC REQP-1839] RAMB36 async control check: The RAMB36E1 design_1_i/onsemi_vita_cam_0/U0/onsemi_vita_cam_v3_1_S00_AXI_inst/onsemi_vita_cam_core_inst/DEMUX_GEN.demux_fifo_l/afifo_64i_16o_l/gnuram_async_fifo.xpm_fifo_base_inst/gen_sdpram.xpm_memory_base_inst/gen_wr_a.gen_word_wide.mem_reg_4 has an input control pin design_1_i/onsemi_vita_cam_0/U0/onsemi_vita_cam_v3_1_S00_AXI_inst/onsemi_vita_cam_core_inst/DEMUX_GEN.demux_fifo_l/afifo_64i_16o_l/gnuram_async_fifo.xpm_fifo_base_inst/gen_sdpram.xpm_memory_base_inst/gen_wr_a.gen_word_wide.mem_reg_4/WEA[0] (net: design_1_i/onsemi_vita_cam_0/U0/onsemi_vita_cam_v3_1_S00_AXI_inst/onsemi_vita_cam_core_inst/DEMUX_GEN.demux_fifo_l/afifo_64i_16o_l/gnuram_async_fifo.xpm_fifo_base_inst/gen_sdpram.xpm_memory_base_inst/ena) which is driven by a register (design_1_i/onsemi_vita_cam_0/U0/onsemi_vita_cam_v3_1_S00_AXI_inst/onsemi_vita_cam_core_inst/vita_remapper/VIDEO_SYNC_OUT_reg[0]) that has an active asychronous set or reset. This may cause corruption of the memory contents and/or read values when the set/reset is asserted and is not analyzed by the default static timing analysis. It is suggested to eliminate the use of a set/reset to registers driving this RAMB pin or else use a synchronous reset in which the assertion of the reset is timed by default.
WARNING: [DRC RTSTAT-10] No routable loads: 75 net(s) have no routable loads. The problem bus(es) and/or net(s) are design_1_i/onsemi_vita_cam_0/U0/onsemi_vita_cam_v3_1_S00_AXI_inst/onsemi_vita_cam_core_inst/vita_iserdes_v5.vita_iserdes/generate_datagen.datagen[2].db/iserdesgen[0].ic/FIFO_FULL, design_1_i/onsemi_vita_cam_0/U0/onsemi_vita_cam_v3_1_S00_AXI_inst/onsemi_vita_cam_core_inst/vita_iserdes_v5.vita_iserdes/generate_datagen.datagen[3].db/iserdesgen[0].ic/FIFO_FULL, design_1_i/onsemi_vita_cam_0/U0/onsemi_vita_cam_v3_1_S00_AXI_inst/onsemi_vita_cam_core_inst/vita_iserdes_v5.vita_iserdes/generate_datagen.datagen[4].db/iserdesgen[0].ic/FIFO_FULL, design_1_i/onsemi_vita_cam_0/U0/onsemi_vita_cam_v3_1_S00_AXI_inst/onsemi_vita_cam_core_inst/vita_iserdes_v5.vita_iserdes/generate_datagen.datagen[1].db/iserdesgen[0].ic/FIFO_FULL, design_1_i/onsemi_vita_cam_0/U0/onsemi_vita_cam_v3_1_S00_AXI_inst/onsemi_vita_cam_core_inst/vita_iserdes_v5.vita_iserdes/generate_datagen.datagen[0].db/iserdesgen[0].ic/FIFO_FULL, design_1_i/v_proc_ss_0/U0/smartconnect_0/inst/m08_nodes/m08_w_node/inst/mi_handler_m_sc_areset_pipe, design_1_i/v_proc_ss_0/U0/smartconnect_0/inst/m00_nodes/m00_ar_node/inst/mi_handler_m_sc_areset_pipe, design_1_i/v_proc_ss_0/U0/smartconnect_0/inst/m03_nodes/m03_r_node/inst/mi_handler_m_sc_areset_pipe, design_1_i/v_proc_ss_0/U0/smartconnect_0/inst/m01_nodes/m01_aw_node/inst/mi_handler_m_sc_areset_pipe, design_1_i/v_proc_ss_0/U0/smartconnect_0/inst/m01_nodes/m01_b_node/inst/mi_handler_m_sc_areset_pipe, design_1_i/v_proc_ss_0/U0/smartconnect_0/inst/m04_nodes/m04_aw_node/inst/mi_handler_m_sc_areset_pipe, design_1_i/v_proc_ss_0/U0/smartconnect_0/inst/m04_nodes/m04_b_node/inst/mi_handler_m_sc_areset_pipe, design_1_i/v_proc_ss_0/U0/smartconnect_0/inst/m08_nodes/m08_ar_node/inst/mi_handler_m_sc_areset_pipe, design_1_i/v_proc_ss_2/U0/smartconnect_0/inst/m04_nodes/m04_w_node/inst/mi_handler_m_sc_areset_pipe, design_1_i/v_proc_ss_2/U0/smartconnect_0/inst/s00_nodes/s00_w_node/inst/mi_handler_m_sc_areset_pipe... and (the first 15 of 75 listed).
INFO: [DRC REQP-181] writefirst: Synchronous clocking is detected for BRAM (design_1_i/axi_vdma_0/U0/I_PRMRY_DATAMOVER/GEN_MM2S_FULL.I_MM2S_FULL_WRAPPER/GEN_INCLUDE_MM2S_SF.I_RD_SF/I_DATA_FIFO/BLK_MEM.I_SYNC_FIFOGEN_FIFO/xpm_fifo_instance.xpm_fifo_sync_inst/xpm_fifo_base_inst/gen_sdpram.xpm_memory_base_inst/gen_wr_a.gen_word_narrow.mem_reg) in SDP mode with WRITE_FIRST write-mode. This is the preferred mode for best power characteristics, however it may exhibit address collisions if the same address appears on both read and write ports resulting in unknown or corrupted read data. It is suggested to confirm via simulation that an address collision never occurs and if so it is suggested to try and avoid this situation. If address collisions cannot be avoided, the write-mode may be set to READ_FIRST which guarantees that the read data is the prior contents of the memory at the cost of additional power in the design. See the FPGA Memory Resources User Guide for additional information.
INFO: [DRC REQP-181] writefirst: Synchronous clocking is detected for BRAM (design_1_i/axi_vdma_0/U0/I_PRMRY_DATAMOVER/GEN_S2MM_FULL.I_S2MM_FULL_WRAPPER/GEN_ENABLE_INDET_BTT_SF.I_INDET_BTT/I_DATA_FIFO/BLK_MEM.I_SYNC_FIFOGEN_FIFO/xpm_fifo_instance.xpm_fifo_sync_inst/xpm_fifo_base_inst/gen_sdpram.xpm_memory_base_inst/gen_wr_a.gen_word_narrow.mem_reg) in SDP mode with WRITE_FIRST write-mode. This is the preferred mode for best power characteristics, however it may exhibit address collisions if the same address appears on both read and write ports resulting in unknown or corrupted read data. It is suggested to confirm via simulation that an address collision never occurs and if so it is suggested to try and avoid this situation. If address collisions cannot be avoided, the write-mode may be set to READ_FIRST which guarantees that the read data is the prior contents of the memory at the cost of additional power in the design. See the FPGA Memory Resources User Guide for additional information.
INFO: [Vivado 12-3199] DRC finished with 0 Errors, 146 Warnings, 2 Advisories
INFO: [Vivado 12-3200] Please refer to the DRC report (report_drc) for more information.
INFO: [Designutils 20-2272] Running write_bitstream with 2 threads.
Loading data files...
Loading site data...
Loading route data...
Processing options...
Creating bitmap...
Creating bitstream...
Writing bitstream ./design_1_wrapper.bit...
INFO: [Vivado 12-1842] Bitgen Completed Successfully.
INFO: [Common 17-83] Releasing license: Implementation
283 Infos, 225 Warnings, 2 Critical Warnings and 0 Errors encountered.
write_bitstream completed successfully
write_bitstream: Time (s): cpu = 00:00:17 ; elapsed = 00:00:19 . Memory (MB): peak = 3478.449 ; gain = 227.711
INFO: [Common 17-206] Exiting Vivado at Mon Mar 17 18:03:40 2025...
