TRACE::2025-02-28.09:46:51::SCWPlatform::Trying to open the hw design at C:/Users/oparker/workspace/design_1_wrapper/hw/design_1_wrapper.xsa
TRACE::2025-02-28.09:46:51::SCWPlatform::DSA given C:/Users/oparker/workspace/design_1_wrapper/hw/design_1_wrapper.xsa
TRACE::2025-02-28.09:46:51::SCWPlatform::DSA absoulate path C:/Users/oparker/workspace/design_1_wrapper/hw/design_1_wrapper.xsa
TRACE::2025-02-28.09:46:51::SCWPlatform::DSA directory C:/Users/oparker/workspace/design_1_wrapper/hw
TRACE::2025-02-28.09:46:51::SCWPlatform:: Platform Path C:/Users/oparker/workspace/design_1_wrapper/hw/design_1_wrapper.xsa
TRACE::2025-02-28.09:46:51::SCWPlatform:: Unique name xilinx:zed::0.0
TRACE::2025-02-28.09:46:51::SCWPlatform::Do not have an existing db opened. 
TRACE::2025-02-28.09:46:52::SCWPlatform::Opened new HwDB with name design_1_wrapper_4
TRACE::2025-02-28.09:46:52::SCWWriter::formatted JSON is {
	"platformName":	"design_1_wrapper",
	"sprVersion":	"2.0",
	"mode":	"gui",
	"dsaType":	"Fixed",
	"platformDesc":	"design_1_wrapper",
	"platHandOff":	"C:/Users/oparker/cpre488-mp2/project_1/design_1_wrapper.xsa",
	"platIntHandOff":	"<platformDir>/hw/design_1_wrapper.xsa",
	"deviceType":	"zynq",
	"platIsPrebuiltAutogen":	"false",
	"platIsNoBootBsp":	"false",
	"hasFsblMakeHasChanges":	"false",
	"hasPmufwMakeHasChanges":	"false",
	"platPreBuiltFlag":	false,
	"platformSamplesDir":	""
}
TRACE::2025-02-28.09:46:52::SCWWriter::formatted JSON is {
	"platformName":	"design_1_wrapper",
	"sprVersion":	"2.0",
	"mode":	"gui",
	"dsaType":	"Fixed",
	"platformDesc":	"design_1_wrapper",
	"platHandOff":	"C:/Users/oparker/cpre488-mp2/project_1/design_1_wrapper.xsa",
	"platIntHandOff":	"<platformDir>/hw/design_1_wrapper.xsa",
	"deviceType":	"zynq",
	"platIsPrebuiltAutogen":	"false",
	"platIsNoBootBsp":	"false",
	"hasFsblMakeHasChanges":	"false",
	"hasPmufwMakeHasChanges":	"false",
	"platPreBuiltFlag":	false,
	"platformSamplesDir":	"",
	"platActiveSys":	"design_1_wrapper",
	"systems":	[{
			"systemName":	"design_1_wrapper",
			"systemDesc":	"design_1_wrapper",
			"sysIsBootAutoGen":	"true",
			"systemDispName":	"design_1_wrapper"
		}]
}
TRACE::2025-02-28.09:46:52::SCWPlatform::Boot application domains not present, creating them
TRACE::2025-02-28.09:46:52::SCWDomain::checking for install qemu data   : 
TRACE::2025-02-28.09:46:52::SCWDomain:: Using the QEMU Data from install at  : C:/Xilinx/Vitis/2020.1/data/emulation/platforms/zynq/qemu/
TRACE::2025-02-28.09:46:52::SCWDomain:: Using the QEMU args  from install at  : C:/Xilinx/Vitis/2020.1/data/emulation/platforms/zynq/qemu/qemu_args.txt
TRACE::2025-02-28.09:46:52::SCWPlatform::Trying to open the hw design at C:/Users/oparker/workspace/design_1_wrapper/hw/design_1_wrapper.xsa
TRACE::2025-02-28.09:46:52::SCWPlatform::DSA given C:/Users/oparker/workspace/design_1_wrapper/hw/design_1_wrapper.xsa
TRACE::2025-02-28.09:46:52::SCWPlatform::DSA absoulate path C:/Users/oparker/workspace/design_1_wrapper/hw/design_1_wrapper.xsa
TRACE::2025-02-28.09:46:52::SCWPlatform::DSA directory C:/Users/oparker/workspace/design_1_wrapper/hw
TRACE::2025-02-28.09:46:52::SCWPlatform:: Platform Path C:/Users/oparker/workspace/design_1_wrapper/hw/design_1_wrapper.xsa
TRACE::2025-02-28.09:46:52::SCWPlatform:: Unique name xilinx:zed::0.0
TRACE::2025-02-28.09:46:52::SCWPlatform::Trying to set the existing hwdb with name design_1_wrapper_4
TRACE::2025-02-28.09:46:52::SCWPlatform::Opened existing hwdb design_1_wrapper_4
TRACE::2025-02-28.09:46:52::SCWPlatform::Found the Hw Db part of the input DSA
TRACE::2025-02-28.09:46:52::SCWPlatform::Trying to open the hw design at C:/Users/oparker/workspace/design_1_wrapper/hw/design_1_wrapper.xsa
TRACE::2025-02-28.09:46:52::SCWPlatform::DSA given C:/Users/oparker/workspace/design_1_wrapper/hw/design_1_wrapper.xsa
TRACE::2025-02-28.09:46:52::SCWPlatform::DSA absoulate path C:/Users/oparker/workspace/design_1_wrapper/hw/design_1_wrapper.xsa
TRACE::2025-02-28.09:46:52::SCWPlatform::DSA directory C:/Users/oparker/workspace/design_1_wrapper/hw
TRACE::2025-02-28.09:46:52::SCWPlatform:: Platform Path C:/Users/oparker/workspace/design_1_wrapper/hw/design_1_wrapper.xsa
TRACE::2025-02-28.09:46:52::SCWPlatform:: Unique name xilinx:zed::0.0
TRACE::2025-02-28.09:46:52::SCWPlatform::Trying to set the existing hwdb with name design_1_wrapper_4
TRACE::2025-02-28.09:46:52::SCWPlatform::Opened existing hwdb design_1_wrapper_4
TRACE::2025-02-28.09:46:52::SCWPlatform::Found the Hw Db part of the input DSA
TRACE::2025-02-28.09:46:52::SCWPlatform::Trying to open the hw design at C:/Users/oparker/workspace/design_1_wrapper/hw/design_1_wrapper.xsa
TRACE::2025-02-28.09:46:52::SCWPlatform::DSA given C:/Users/oparker/workspace/design_1_wrapper/hw/design_1_wrapper.xsa
TRACE::2025-02-28.09:46:52::SCWPlatform::DSA absoulate path C:/Users/oparker/workspace/design_1_wrapper/hw/design_1_wrapper.xsa
TRACE::2025-02-28.09:46:52::SCWPlatform::DSA directory C:/Users/oparker/workspace/design_1_wrapper/hw
TRACE::2025-02-28.09:46:52::SCWPlatform:: Platform Path C:/Users/oparker/workspace/design_1_wrapper/hw/design_1_wrapper.xsa
TRACE::2025-02-28.09:46:52::SCWPlatform:: Unique name xilinx:zed::0.0
TRACE::2025-02-28.09:46:52::SCWPlatform::Trying to set the existing hwdb with name design_1_wrapper_4
TRACE::2025-02-28.09:46:52::SCWPlatform::Opened existing hwdb design_1_wrapper_4
TRACE::2025-02-28.09:46:52::SCWPlatform::Found the Hw Db part of the input DSA
TRACE::2025-02-28.09:46:52::SCWPlatform::Boot application domain added for zynq_fsbl
TRACE::2025-02-28.09:46:52::SCWPlatform::Generating the sources  .
TRACE::2025-02-28.09:46:52::SCWBDomain::Generating boot domain sources.
TRACE::2025-02-28.09:46:52::SCWBDomain:: Generating the zynq_fsbl Application.
TRACE::2025-02-28.09:46:52::SCWPlatform::Trying to open the hw design at C:/Users/oparker/workspace/design_1_wrapper/hw/design_1_wrapper.xsa
TRACE::2025-02-28.09:46:52::SCWPlatform::DSA given C:/Users/oparker/workspace/design_1_wrapper/hw/design_1_wrapper.xsa
TRACE::2025-02-28.09:46:52::SCWPlatform::DSA absoulate path C:/Users/oparker/workspace/design_1_wrapper/hw/design_1_wrapper.xsa
TRACE::2025-02-28.09:46:52::SCWPlatform::DSA directory C:/Users/oparker/workspace/design_1_wrapper/hw
TRACE::2025-02-28.09:46:52::SCWPlatform:: Platform Path C:/Users/oparker/workspace/design_1_wrapper/hw/design_1_wrapper.xsa
TRACE::2025-02-28.09:46:52::SCWPlatform:: Unique name xilinx:zed::0.0
TRACE::2025-02-28.09:46:52::SCWPlatform::Trying to set the existing hwdb with name design_1_wrapper_4
TRACE::2025-02-28.09:46:52::SCWPlatform::Opened existing hwdb design_1_wrapper_4
TRACE::2025-02-28.09:46:52::SCWPlatform::Found the Hw Db part of the input DSA
TRACE::2025-02-28.09:46:52::SCWMssOS::Checking the sw design at  C:/Users/oparker/workspace/design_1_wrapper/zynq_fsbl/zynq_fsbl_bsp/system.mss
TRACE::2025-02-28.09:46:52::SCWMssOS::DEBUG:  swdes dump  C:/Users/oparker/workspace/TPG/ps7_cortexa9_0/standalone_domain/bsp/system.mss|system_0||
C:/Users/oparker/workspace/TPG/zynq_fsbl/zynq_fsbl_bsp/system.mss|system||

TRACE::2025-02-28.09:46:52::SCWMssOS::No sw design opened at  C:/Users/oparker/workspace/design_1_wrapper/zynq_fsbl/zynq_fsbl_bsp/system.mss
TRACE::2025-02-28.09:46:52::SCWMssOS::mss does not exists at C:/Users/oparker/workspace/design_1_wrapper/zynq_fsbl/zynq_fsbl_bsp/system.mss
TRACE::2025-02-28.09:46:52::SCWMssOS::Creating sw design at  C:/Users/oparker/workspace/design_1_wrapper/zynq_fsbl/zynq_fsbl_bsp/system.mss
TRACE::2025-02-28.09:46:52::SCWMssOS::Adding the swdes entry, created swdb C:/Users/oparker/workspace/design_1_wrapper/zynq_fsbl/zynq_fsbl_bsp/system.mss with des name C:/Users/oparker/workspace/design_1_wrapper/zynq_fsbl/zynq_fsbl_bsp/system.mss
TRACE::2025-02-28.09:46:52::SCWMssOS::updating the scw layer changes to swdes at   C:/Users/oparker/workspace/design_1_wrapper/zynq_fsbl/zynq_fsbl_bsp/system.mss
TRACE::2025-02-28.09:46:52::SCWMssOS::Writing mss at C:/Users/oparker/workspace/design_1_wrapper/zynq_fsbl/zynq_fsbl_bsp/system.mss
TRACE::2025-02-28.09:46:52::SCWMssOS::Completed writing the mss file at C:/Users/oparker/workspace/design_1_wrapper/zynq_fsbl/zynq_fsbl_bsp
TRACE::2025-02-28.09:46:52::SCWMssOS::Picking up changes from newly written mss file into SCW Layer. 
TRACE::2025-02-28.09:46:52::SCWMssOS::Updated the changes from newly written mss file into SCW Layer. 
TRACE::2025-02-28.09:46:52::SCWBDomain::Completed writing the mss file at C:/Users/oparker/workspace/design_1_wrapper/zynq_fsbl/zynq_fsbl_bsp
TRACE::2025-02-28.09:46:57::SCWPlatform::Generating sources Done.
TRACE::2025-02-28.09:46:57::SCWPlatform::Trying to open the hw design at C:/Users/oparker/workspace/design_1_wrapper/hw/design_1_wrapper.xsa
TRACE::2025-02-28.09:46:57::SCWPlatform::DSA given C:/Users/oparker/workspace/design_1_wrapper/hw/design_1_wrapper.xsa
TRACE::2025-02-28.09:46:57::SCWPlatform::DSA absoulate path C:/Users/oparker/workspace/design_1_wrapper/hw/design_1_wrapper.xsa
TRACE::2025-02-28.09:46:57::SCWPlatform::DSA directory C:/Users/oparker/workspace/design_1_wrapper/hw
TRACE::2025-02-28.09:46:57::SCWPlatform:: Platform Path C:/Users/oparker/workspace/design_1_wrapper/hw/design_1_wrapper.xsa
TRACE::2025-02-28.09:46:57::SCWPlatform:: Unique name xilinx:zed::0.0
TRACE::2025-02-28.09:46:57::SCWPlatform::Trying to set the existing hwdb with name design_1_wrapper_4
TRACE::2025-02-28.09:46:57::SCWPlatform::Opened existing hwdb design_1_wrapper_4
TRACE::2025-02-28.09:46:57::SCWPlatform::Found the Hw Db part of the input DSA
TRACE::2025-02-28.09:46:57::SCWMssOS::Checking the sw design at  C:/Users/oparker/workspace/design_1_wrapper/zynq_fsbl/zynq_fsbl_bsp/system.mss
TRACE::2025-02-28.09:46:57::SCWMssOS::DEBUG:  swdes dump  C:/Users/oparker/workspace/TPG/ps7_cortexa9_0/standalone_domain/bsp/system.mss|system_0||
C:/Users/oparker/workspace/TPG/zynq_fsbl/zynq_fsbl_bsp/system.mss|system||
C:/Users/oparker/workspace/design_1_wrapper/zynq_fsbl/zynq_fsbl_bsp/system.mss|C:/Users/oparker/workspace/design_1_wrapper/zynq_fsbl/zynq_fsbl_bsp/system.mss||

KEYINFO::2025-02-28.09:46:57::SCWMssOS::Could not open the swdb for C:/Users/oparker/workspace/design_1_wrapper/zynq_fsbl/zynq_fsbl_bsp/system.mss
KEYINFO::2025-02-28.09:46:57::SCWMssOS::Could not open the sw design at  C:/Users/oparker/workspace/design_1_wrapper/zynq_fsbl/zynq_fsbl_bsp/system.mss
ERROR: [Hsi 55-1558] Software Design C:/Users/oparker/workspace/design_1_wrapper/zynq_fsbl/zynq_fsbl_bsp/system.mss is not found

TRACE::2025-02-28.09:46:57::SCWMssOS::Cleared the swdb table entry
TRACE::2025-02-28.09:46:57::SCWMssOS::No sw design opened at  C:/Users/oparker/workspace/design_1_wrapper/zynq_fsbl/zynq_fsbl_bsp/system.mss
TRACE::2025-02-28.09:46:57::SCWMssOS::mss exists loading the mss file  C:/Users/oparker/workspace/design_1_wrapper/zynq_fsbl/zynq_fsbl_bsp/system.mss
TRACE::2025-02-28.09:46:57::SCWMssOS::Opened the sw design from mss  C:/Users/oparker/workspace/design_1_wrapper/zynq_fsbl/zynq_fsbl_bsp/system.mss
TRACE::2025-02-28.09:46:57::SCWMssOS::Adding the swdes entry C:/Users/oparker/workspace/design_1_wrapper/zynq_fsbl/zynq_fsbl_bsp/system.mss with des name system_1
TRACE::2025-02-28.09:46:57::SCWMssOS::updating the scw layer about changes
TRACE::2025-02-28.09:46:57::SCWMssOS::Opened the sw design.  C:/Users/oparker/workspace/design_1_wrapper/zynq_fsbl/zynq_fsbl_bsp/system.mss
TRACE::2025-02-28.09:46:57::SCWMssOS::Saving the mss changes C:/Users/oparker/workspace/design_1_wrapper/zynq_fsbl/zynq_fsbl_bsp/system.mss
TRACE::2025-02-28.09:46:57::SCWMssOS::Found a swdesign opened with the mssfile.
TRACE::2025-02-28.09:46:57::SCWMssOS::Completed writemss as part of save.
TRACE::2025-02-28.09:46:57::SCWMssOS::Commit changes completed.
TRACE::2025-02-28.09:46:57::SCWPlatform::Trying to open the hw design at C:/Users/oparker/workspace/design_1_wrapper/hw/design_1_wrapper.xsa
TRACE::2025-02-28.09:46:57::SCWPlatform::DSA given C:/Users/oparker/workspace/design_1_wrapper/hw/design_1_wrapper.xsa
TRACE::2025-02-28.09:46:57::SCWPlatform::DSA absoulate path C:/Users/oparker/workspace/design_1_wrapper/hw/design_1_wrapper.xsa
TRACE::2025-02-28.09:46:57::SCWPlatform::DSA directory C:/Users/oparker/workspace/design_1_wrapper/hw
TRACE::2025-02-28.09:46:57::SCWPlatform:: Platform Path C:/Users/oparker/workspace/design_1_wrapper/hw/design_1_wrapper.xsa
TRACE::2025-02-28.09:46:57::SCWPlatform:: Unique name xilinx:zed::0.0
TRACE::2025-02-28.09:46:57::SCWPlatform::Trying to set the existing hwdb with name design_1_wrapper_4
TRACE::2025-02-28.09:46:57::SCWPlatform::Opened existing hwdb design_1_wrapper_4
TRACE::2025-02-28.09:46:57::SCWPlatform::Found the Hw Db part of the input DSA
TRACE::2025-02-28.09:46:57::SCWMssOS::Checking the sw design at  C:/Users/oparker/workspace/design_1_wrapper/zynq_fsbl/zynq_fsbl_bsp/system.mss
TRACE::2025-02-28.09:46:57::SCWMssOS::DEBUG:  swdes dump  C:/Users/oparker/workspace/TPG/ps7_cortexa9_0/standalone_domain/bsp/system.mss|system_0||
C:/Users/oparker/workspace/TPG/zynq_fsbl/zynq_fsbl_bsp/system.mss|system||
C:/Users/oparker/workspace/design_1_wrapper/zynq_fsbl/zynq_fsbl_bsp/system.mss|system_1||

TRACE::2025-02-28.09:46:57::SCWMssOS::Sw design exists and opened at  C:/Users/oparker/workspace/design_1_wrapper/zynq_fsbl/zynq_fsbl_bsp/system.mss
TRACE::2025-02-28.09:46:57::SCWPlatform::Trying to open the hw design at C:/Users/oparker/workspace/design_1_wrapper/hw/design_1_wrapper.xsa
TRACE::2025-02-28.09:46:57::SCWPlatform::DSA given C:/Users/oparker/workspace/design_1_wrapper/hw/design_1_wrapper.xsa
TRACE::2025-02-28.09:46:57::SCWPlatform::DSA absoulate path C:/Users/oparker/workspace/design_1_wrapper/hw/design_1_wrapper.xsa
TRACE::2025-02-28.09:46:57::SCWPlatform::DSA directory C:/Users/oparker/workspace/design_1_wrapper/hw
TRACE::2025-02-28.09:46:57::SCWPlatform:: Platform Path C:/Users/oparker/workspace/design_1_wrapper/hw/design_1_wrapper.xsa
TRACE::2025-02-28.09:46:57::SCWPlatform:: Unique name xilinx:zed::0.0
TRACE::2025-02-28.09:46:57::SCWPlatform::Trying to set the existing hwdb with name design_1_wrapper_4
TRACE::2025-02-28.09:46:57::SCWPlatform::Opened existing hwdb design_1_wrapper_4
TRACE::2025-02-28.09:46:57::SCWPlatform::Found the Hw Db part of the input DSA
TRACE::2025-02-28.09:46:57::SCWMssOS::Checking the sw design at  C:/Users/oparker/workspace/design_1_wrapper/zynq_fsbl/zynq_fsbl_bsp/system.mss
TRACE::2025-02-28.09:46:57::SCWMssOS::DEBUG:  swdes dump  C:/Users/oparker/workspace/TPG/ps7_cortexa9_0/standalone_domain/bsp/system.mss|system_0||
C:/Users/oparker/workspace/TPG/zynq_fsbl/zynq_fsbl_bsp/system.mss|system||
C:/Users/oparker/workspace/design_1_wrapper/zynq_fsbl/zynq_fsbl_bsp/system.mss|system_1||

TRACE::2025-02-28.09:46:57::SCWMssOS::Sw design exists and opened at  C:/Users/oparker/workspace/design_1_wrapper/zynq_fsbl/zynq_fsbl_bsp/system.mss
TRACE::2025-02-28.09:46:57::SCWPlatform::Trying to open the hw design at C:/Users/oparker/workspace/design_1_wrapper/hw/design_1_wrapper.xsa
TRACE::2025-02-28.09:46:57::SCWPlatform::DSA given C:/Users/oparker/workspace/design_1_wrapper/hw/design_1_wrapper.xsa
TRACE::2025-02-28.09:46:57::SCWPlatform::DSA absoulate path C:/Users/oparker/workspace/design_1_wrapper/hw/design_1_wrapper.xsa
TRACE::2025-02-28.09:46:57::SCWPlatform::DSA directory C:/Users/oparker/workspace/design_1_wrapper/hw
TRACE::2025-02-28.09:46:57::SCWPlatform:: Platform Path C:/Users/oparker/workspace/design_1_wrapper/hw/design_1_wrapper.xsa
TRACE::2025-02-28.09:46:57::SCWPlatform:: Unique name xilinx:zed::0.0
TRACE::2025-02-28.09:46:57::SCWPlatform::Trying to set the existing hwdb with name design_1_wrapper_4
TRACE::2025-02-28.09:46:57::SCWPlatform::Opened existing hwdb design_1_wrapper_4
TRACE::2025-02-28.09:46:57::SCWPlatform::Found the Hw Db part of the input DSA
TRACE::2025-02-28.09:46:57::SCWMssOS::Checking the sw design at  C:/Users/oparker/workspace/design_1_wrapper/zynq_fsbl/zynq_fsbl_bsp/system.mss
TRACE::2025-02-28.09:46:57::SCWMssOS::DEBUG:  swdes dump  C:/Users/oparker/workspace/TPG/ps7_cortexa9_0/standalone_domain/bsp/system.mss|system_0||
C:/Users/oparker/workspace/TPG/zynq_fsbl/zynq_fsbl_bsp/system.mss|system||
C:/Users/oparker/workspace/design_1_wrapper/zynq_fsbl/zynq_fsbl_bsp/system.mss|system_1||

TRACE::2025-02-28.09:46:57::SCWMssOS::Sw design exists and opened at  C:/Users/oparker/workspace/design_1_wrapper/zynq_fsbl/zynq_fsbl_bsp/system.mss
TRACE::2025-02-28.09:46:57::SCWWriter::formatted JSON is {
	"platformName":	"design_1_wrapper",
	"sprVersion":	"2.0",
	"mode":	"gui",
	"dsaType":	"Fixed",
	"platformDesc":	"design_1_wrapper",
	"platHandOff":	"C:/Users/oparker/cpre488-mp2/project_1/design_1_wrapper.xsa",
	"platIntHandOff":	"<platformDir>/hw/design_1_wrapper.xsa",
	"deviceType":	"zynq",
	"platIsPrebuiltAutogen":	"false",
	"platIsNoBootBsp":	"false",
	"platFsblTarget":	"ps7_cortexa9_0",
	"hasFsblMakeHasChanges":	"false",
	"hasPmufwMakeHasChanges":	"false",
	"fsblExtraCompilerFlags":	"-MMD -MP       -mcpu=cortex-a9 -mfpu=vfpv3 -mfloat-abi=hard ",
	"platPreBuiltFlag":	false,
	"platformSamplesDir":	"",
	"platActiveSys":	"design_1_wrapper",
	"systems":	[{
			"systemName":	"design_1_wrapper",
			"systemDesc":	"design_1_wrapper",
			"sysIsBootAutoGen":	"true",
			"systemDispName":	"design_1_wrapper",
			"sysActiveDom":	"zynq_fsbl",
			"sysDefaultDom":	"",
			"domains":	[{
					"domainName":	"zynq_fsbl",
					"domainDispName":	"zynq_fsbl",
					"domainDesc":	"FSBL Application BSP - Auto Generated.",
					"processors":	"ps7_cortexa9_0",
					"os":	"standalone",
					"sdxOs":	"standalone",
					"debugEnable":	"",
					"domRuntimes":	["cpp"],
					"swRepo":	"",
					"mssOsVer":	"7.2",
					"mssFile":	"",
					"md5Digest":	"158a679dab493f3308b1d2cbafc496b0",
					"compatibleApp":	"zynq_fsbl",
					"domType":	"bootDomain",
					"arch":	"32-bit",
					"appSettings":	{
						"appCompilerFlags":	"",
						"appLinkerFlags":	""
					},
					"addedLibs":	["xilffs:4.3", "xilrsa:1.6"],
					"libOptions":	{
						"libsContainingOptions":	[]
					},
					"prebuiltLibs":	{
						"prebuiltIncPath":	[],
						"prebuiltLibPath":	[]
					},
					"isolation":	{
					}
				}]
		}]
}
TRACE::2025-02-28.09:46:57::SCWMssOS::Saving the mss changes C:/Users/oparker/workspace/design_1_wrapper/zynq_fsbl/zynq_fsbl_bsp/system.mss
TRACE::2025-02-28.09:46:57::SCWMssOS::Found a swdesign opened with the mssfile.
TRACE::2025-02-28.09:46:57::SCWMssOS::Completed writemss as part of save.
TRACE::2025-02-28.09:46:57::SCWMssOS::Commit changes completed.
TRACE::2025-02-28.09:46:57::SCWPlatform::Trying to open the hw design at C:/Users/oparker/workspace/design_1_wrapper/hw/design_1_wrapper.xsa
TRACE::2025-02-28.09:46:57::SCWPlatform::DSA given C:/Users/oparker/workspace/design_1_wrapper/hw/design_1_wrapper.xsa
TRACE::2025-02-28.09:46:57::SCWPlatform::DSA absoulate path C:/Users/oparker/workspace/design_1_wrapper/hw/design_1_wrapper.xsa
TRACE::2025-02-28.09:46:57::SCWPlatform::DSA directory C:/Users/oparker/workspace/design_1_wrapper/hw
TRACE::2025-02-28.09:46:57::SCWPlatform:: Platform Path C:/Users/oparker/workspace/design_1_wrapper/hw/design_1_wrapper.xsa
TRACE::2025-02-28.09:46:57::SCWPlatform:: Unique name xilinx:zed::0.0
TRACE::2025-02-28.09:46:57::SCWPlatform::Trying to set the existing hwdb with name design_1_wrapper_4
TRACE::2025-02-28.09:46:57::SCWPlatform::Opened existing hwdb design_1_wrapper_4
TRACE::2025-02-28.09:46:57::SCWPlatform::Found the Hw Db part of the input DSA
TRACE::2025-02-28.09:46:57::SCWMssOS::Checking the sw design at  C:/Users/oparker/workspace/design_1_wrapper/zynq_fsbl/zynq_fsbl_bsp/system.mss
TRACE::2025-02-28.09:46:57::SCWMssOS::DEBUG:  swdes dump  C:/Users/oparker/workspace/TPG/ps7_cortexa9_0/standalone_domain/bsp/system.mss|system_0||
C:/Users/oparker/workspace/TPG/zynq_fsbl/zynq_fsbl_bsp/system.mss|system||
C:/Users/oparker/workspace/design_1_wrapper/zynq_fsbl/zynq_fsbl_bsp/system.mss|system_1||

TRACE::2025-02-28.09:46:57::SCWMssOS::Sw design exists and opened at  C:/Users/oparker/workspace/design_1_wrapper/zynq_fsbl/zynq_fsbl_bsp/system.mss
TRACE::2025-02-28.09:46:57::SCWPlatform::Trying to open the hw design at C:/Users/oparker/workspace/design_1_wrapper/hw/design_1_wrapper.xsa
TRACE::2025-02-28.09:46:57::SCWPlatform::DSA given C:/Users/oparker/workspace/design_1_wrapper/hw/design_1_wrapper.xsa
TRACE::2025-02-28.09:46:57::SCWPlatform::DSA absoulate path C:/Users/oparker/workspace/design_1_wrapper/hw/design_1_wrapper.xsa
TRACE::2025-02-28.09:46:57::SCWPlatform::DSA directory C:/Users/oparker/workspace/design_1_wrapper/hw
TRACE::2025-02-28.09:46:57::SCWPlatform:: Platform Path C:/Users/oparker/workspace/design_1_wrapper/hw/design_1_wrapper.xsa
TRACE::2025-02-28.09:46:57::SCWPlatform:: Unique name xilinx:zed::0.0
TRACE::2025-02-28.09:46:57::SCWPlatform::Trying to set the existing hwdb with name design_1_wrapper_4
TRACE::2025-02-28.09:46:57::SCWPlatform::Opened existing hwdb design_1_wrapper_4
TRACE::2025-02-28.09:46:57::SCWPlatform::Found the Hw Db part of the input DSA
TRACE::2025-02-28.09:46:57::SCWMssOS::Checking the sw design at  C:/Users/oparker/workspace/design_1_wrapper/zynq_fsbl/zynq_fsbl_bsp/system.mss
TRACE::2025-02-28.09:46:57::SCWMssOS::DEBUG:  swdes dump  C:/Users/oparker/workspace/TPG/ps7_cortexa9_0/standalone_domain/bsp/system.mss|system_0||
C:/Users/oparker/workspace/TPG/zynq_fsbl/zynq_fsbl_bsp/system.mss|system||
C:/Users/oparker/workspace/design_1_wrapper/zynq_fsbl/zynq_fsbl_bsp/system.mss|system_1||

TRACE::2025-02-28.09:46:57::SCWMssOS::Sw design exists and opened at  C:/Users/oparker/workspace/design_1_wrapper/zynq_fsbl/zynq_fsbl_bsp/system.mss
TRACE::2025-02-28.09:46:57::SCWPlatform::Trying to open the hw design at C:/Users/oparker/workspace/design_1_wrapper/hw/design_1_wrapper.xsa
TRACE::2025-02-28.09:46:57::SCWPlatform::DSA given C:/Users/oparker/workspace/design_1_wrapper/hw/design_1_wrapper.xsa
TRACE::2025-02-28.09:46:57::SCWPlatform::DSA absoulate path C:/Users/oparker/workspace/design_1_wrapper/hw/design_1_wrapper.xsa
TRACE::2025-02-28.09:46:57::SCWPlatform::DSA directory C:/Users/oparker/workspace/design_1_wrapper/hw
TRACE::2025-02-28.09:46:57::SCWPlatform:: Platform Path C:/Users/oparker/workspace/design_1_wrapper/hw/design_1_wrapper.xsa
TRACE::2025-02-28.09:46:57::SCWPlatform:: Unique name xilinx:zed::0.0
TRACE::2025-02-28.09:46:57::SCWPlatform::Trying to set the existing hwdb with name design_1_wrapper_4
TRACE::2025-02-28.09:46:57::SCWPlatform::Opened existing hwdb design_1_wrapper_4
TRACE::2025-02-28.09:46:57::SCWPlatform::Found the Hw Db part of the input DSA
TRACE::2025-02-28.09:46:57::SCWMssOS::Checking the sw design at  C:/Users/oparker/workspace/design_1_wrapper/zynq_fsbl/zynq_fsbl_bsp/system.mss
TRACE::2025-02-28.09:46:57::SCWMssOS::DEBUG:  swdes dump  C:/Users/oparker/workspace/TPG/ps7_cortexa9_0/standalone_domain/bsp/system.mss|system_0||
C:/Users/oparker/workspace/TPG/zynq_fsbl/zynq_fsbl_bsp/system.mss|system||
C:/Users/oparker/workspace/design_1_wrapper/zynq_fsbl/zynq_fsbl_bsp/system.mss|system_1||

TRACE::2025-02-28.09:46:57::SCWMssOS::Sw design exists and opened at  C:/Users/oparker/workspace/design_1_wrapper/zynq_fsbl/zynq_fsbl_bsp/system.mss
TRACE::2025-02-28.09:46:57::SCWWriter::formatted JSON is {
	"platformName":	"design_1_wrapper",
	"sprVersion":	"2.0",
	"mode":	"gui",
	"dsaType":	"Fixed",
	"platformDesc":	"design_1_wrapper",
	"platHandOff":	"C:/Users/oparker/cpre488-mp2/project_1/design_1_wrapper.xsa",
	"platIntHandOff":	"<platformDir>/hw/design_1_wrapper.xsa",
	"deviceType":	"zynq",
	"platIsPrebuiltAutogen":	"false",
	"platIsNoBootBsp":	"false",
	"platFsblTarget":	"ps7_cortexa9_0",
	"hasFsblMakeHasChanges":	"false",
	"hasPmufwMakeHasChanges":	"false",
	"fsblExtraCompilerFlags":	"-MMD -MP       -mcpu=cortex-a9 -mfpu=vfpv3 -mfloat-abi=hard ",
	"platPreBuiltFlag":	false,
	"platformSamplesDir":	"",
	"platActiveSys":	"design_1_wrapper",
	"systems":	[{
			"systemName":	"design_1_wrapper",
			"systemDesc":	"design_1_wrapper",
			"sysIsBootAutoGen":	"true",
			"systemDispName":	"design_1_wrapper",
			"sysActiveDom":	"zynq_fsbl",
			"sysDefaultDom":	"",
			"domains":	[{
					"domainName":	"zynq_fsbl",
					"domainDispName":	"zynq_fsbl",
					"domainDesc":	"FSBL Application BSP - Auto Generated.",
					"processors":	"ps7_cortexa9_0",
					"os":	"standalone",
					"sdxOs":	"standalone",
					"debugEnable":	"",
					"domRuntimes":	["cpp"],
					"swRepo":	"",
					"mssOsVer":	"7.2",
					"mssFile":	"",
					"md5Digest":	"158a679dab493f3308b1d2cbafc496b0",
					"compatibleApp":	"zynq_fsbl",
					"domType":	"bootDomain",
					"arch":	"32-bit",
					"appSettings":	{
						"appCompilerFlags":	"",
						"appLinkerFlags":	""
					},
					"addedLibs":	["xilffs:4.3", "xilrsa:1.6"],
					"libOptions":	{
						"libsContainingOptions":	[]
					},
					"prebuiltLibs":	{
						"prebuiltIncPath":	[],
						"prebuiltLibPath":	[]
					},
					"isolation":	{
					}
				}]
		}]
}
TRACE::2025-02-28.09:46:57::SCWDomain::checking for install qemu data   : 
TRACE::2025-02-28.09:46:57::SCWDomain:: Using the QEMU Data from install at  : C:/Xilinx/Vitis/2020.1/data/emulation/platforms/zynq/qemu/
TRACE::2025-02-28.09:46:57::SCWDomain:: Using the QEMU args  from install at  : C:/Xilinx/Vitis/2020.1/data/emulation/platforms/zynq/qemu/qemu_args.txt
TRACE::2025-02-28.09:46:57::SCWPlatform::Trying to open the hw design at C:/Users/oparker/workspace/design_1_wrapper/hw/design_1_wrapper.xsa
TRACE::2025-02-28.09:46:57::SCWPlatform::DSA given C:/Users/oparker/workspace/design_1_wrapper/hw/design_1_wrapper.xsa
TRACE::2025-02-28.09:46:57::SCWPlatform::DSA absoulate path C:/Users/oparker/workspace/design_1_wrapper/hw/design_1_wrapper.xsa
TRACE::2025-02-28.09:46:57::SCWPlatform::DSA directory C:/Users/oparker/workspace/design_1_wrapper/hw
TRACE::2025-02-28.09:46:57::SCWPlatform:: Platform Path C:/Users/oparker/workspace/design_1_wrapper/hw/design_1_wrapper.xsa
TRACE::2025-02-28.09:46:57::SCWPlatform:: Unique name xilinx:zed::0.0
TRACE::2025-02-28.09:46:57::SCWPlatform::Trying to set the existing hwdb with name design_1_wrapper_4
TRACE::2025-02-28.09:46:57::SCWPlatform::Opened existing hwdb design_1_wrapper_4
TRACE::2025-02-28.09:46:57::SCWPlatform::Found the Hw Db part of the input DSA
TRACE::2025-02-28.09:46:57::SCWPlatform::Trying to open the hw design at C:/Users/oparker/workspace/design_1_wrapper/hw/design_1_wrapper.xsa
TRACE::2025-02-28.09:46:57::SCWPlatform::DSA given C:/Users/oparker/workspace/design_1_wrapper/hw/design_1_wrapper.xsa
TRACE::2025-02-28.09:46:57::SCWPlatform::DSA absoulate path C:/Users/oparker/workspace/design_1_wrapper/hw/design_1_wrapper.xsa
TRACE::2025-02-28.09:46:57::SCWPlatform::DSA directory C:/Users/oparker/workspace/design_1_wrapper/hw
TRACE::2025-02-28.09:46:57::SCWPlatform:: Platform Path C:/Users/oparker/workspace/design_1_wrapper/hw/design_1_wrapper.xsa
TRACE::2025-02-28.09:46:57::SCWPlatform:: Unique name xilinx:zed::0.0
TRACE::2025-02-28.09:46:57::SCWPlatform::Trying to set the existing hwdb with name design_1_wrapper_4
TRACE::2025-02-28.09:46:57::SCWPlatform::Opened existing hwdb design_1_wrapper_4
TRACE::2025-02-28.09:46:57::SCWPlatform::Found the Hw Db part of the input DSA
TRACE::2025-02-28.09:46:57::SCWPlatform::Trying to open the hw design at C:/Users/oparker/workspace/design_1_wrapper/hw/design_1_wrapper.xsa
TRACE::2025-02-28.09:46:57::SCWPlatform::DSA given C:/Users/oparker/workspace/design_1_wrapper/hw/design_1_wrapper.xsa
TRACE::2025-02-28.09:46:57::SCWPlatform::DSA absoulate path C:/Users/oparker/workspace/design_1_wrapper/hw/design_1_wrapper.xsa
TRACE::2025-02-28.09:46:57::SCWPlatform::DSA directory C:/Users/oparker/workspace/design_1_wrapper/hw
TRACE::2025-02-28.09:46:57::SCWPlatform:: Platform Path C:/Users/oparker/workspace/design_1_wrapper/hw/design_1_wrapper.xsa
TRACE::2025-02-28.09:46:57::SCWPlatform:: Unique name xilinx:zed::0.0
TRACE::2025-02-28.09:46:57::SCWPlatform::Trying to set the existing hwdb with name design_1_wrapper_4
TRACE::2025-02-28.09:46:57::SCWPlatform::Opened existing hwdb design_1_wrapper_4
TRACE::2025-02-28.09:46:57::SCWPlatform::Found the Hw Db part of the input DSA
TRACE::2025-02-28.09:46:57::SCWMssOS::Checking the sw design at  C:/Users/oparker/workspace/design_1_wrapper/ps7_cortexa9_0/domain_ps7_cortexa9_0/bsp/system.mss
TRACE::2025-02-28.09:46:57::SCWMssOS::DEBUG:  swdes dump  C:/Users/oparker/workspace/TPG/ps7_cortexa9_0/standalone_domain/bsp/system.mss|system_0||
C:/Users/oparker/workspace/TPG/zynq_fsbl/zynq_fsbl_bsp/system.mss|system||
C:/Users/oparker/workspace/design_1_wrapper/zynq_fsbl/zynq_fsbl_bsp/system.mss|system_1||

TRACE::2025-02-28.09:46:57::SCWMssOS::No sw design opened at  C:/Users/oparker/workspace/design_1_wrapper/ps7_cortexa9_0/domain_ps7_cortexa9_0/bsp/system.mss
TRACE::2025-02-28.09:46:57::SCWMssOS::mss does not exists at C:/Users/oparker/workspace/design_1_wrapper/ps7_cortexa9_0/domain_ps7_cortexa9_0/bsp/system.mss
TRACE::2025-02-28.09:46:57::SCWMssOS::Creating sw design at  C:/Users/oparker/workspace/design_1_wrapper/ps7_cortexa9_0/domain_ps7_cortexa9_0/bsp/system.mss
TRACE::2025-02-28.09:46:57::SCWMssOS::Adding the swdes entry, created swdb C:/Users/oparker/workspace/design_1_wrapper/ps7_cortexa9_0/domain_ps7_cortexa9_0/bsp/system.mss with des name C:/Users/oparker/workspace/design_1_wrapper/ps7_cortexa9_0/domain_ps7_cortexa9_0/bsp/system.mss
TRACE::2025-02-28.09:46:57::SCWMssOS::updating the scw layer changes to swdes at   C:/Users/oparker/workspace/design_1_wrapper/ps7_cortexa9_0/domain_ps7_cortexa9_0/bsp/system.mss
TRACE::2025-02-28.09:46:57::SCWMssOS::Writing mss at C:/Users/oparker/workspace/design_1_wrapper/ps7_cortexa9_0/domain_ps7_cortexa9_0/bsp/system.mss
TRACE::2025-02-28.09:46:57::SCWMssOS::Completed writing the mss file at C:/Users/oparker/workspace/design_1_wrapper/ps7_cortexa9_0/domain_ps7_cortexa9_0/bsp
TRACE::2025-02-28.09:46:57::SCWMssOS::Picking up changes from newly written mss file into SCW Layer. 
TRACE::2025-02-28.09:46:57::SCWMssOS::Updated the changes from newly written mss file into SCW Layer. 
TRACE::2025-02-28.09:46:57::SCWMssOS::Completed writing the mss file at C:/Users/oparker/workspace/design_1_wrapper/ps7_cortexa9_0/domain_ps7_cortexa9_0/bsp
TRACE::2025-02-28.09:46:57::SCWMssOS::Forcing BSP Sources regeneration.
TRACE::2025-02-28.09:46:57::SCWMssOS::Saving the mss changes C:/Users/oparker/workspace/design_1_wrapper/zynq_fsbl/zynq_fsbl_bsp/system.mss
TRACE::2025-02-28.09:46:57::SCWMssOS::Found a swdesign opened with the mssfile.
TRACE::2025-02-28.09:46:57::SCWMssOS::Completed writemss as part of save.
TRACE::2025-02-28.09:46:57::SCWMssOS::Commit changes completed.
TRACE::2025-02-28.09:46:57::SCWMssOS::Saving the mss changes C:/Users/oparker/workspace/design_1_wrapper/ps7_cortexa9_0/domain_ps7_cortexa9_0/bsp/system.mss
TRACE::2025-02-28.09:46:57::SCWMssOS::Found a swdesign opened with the mssfile.
TRACE::2025-02-28.09:46:57::SCWMssOS::Running validate of swdbs.
KEYINFO::2025-02-28.09:46:57::SCWMssOS::Could not open the swdb for C:/Users/oparker/workspace/design_1_wrapper/ps7_cortexa9_0/domain_ps7_cortexa9_0/bsp/system.mss
KEYINFO::2025-02-28.09:46:57::SCWMssOS::Could not open the sw design at  C:/Users/oparker/workspace/design_1_wrapper/ps7_cortexa9_0/domain_ps7_cortexa9_0/bsp/system.mss
ERROR: [Hsi 55-1558] Software Design C:/Users/oparker/workspace/design_1_wrapper/ps7_cortexa9_0/domain_ps7_cortexa9_0/bsp/system.mss is not found

TRACE::2025-02-28.09:46:57::SCWMssOS::Cleared the swdb table entry
TRACE::2025-02-28.09:46:57::SCWMssOS::Adding the swdes entry, mss present, able to open swdb C:/Users/oparker/workspace/design_1_wrapper/ps7_cortexa9_0/domain_ps7_cortexa9_0/bsp/system.mss with des name system_2
TRACE::2025-02-28.09:46:57::SCWMssOS::Writing the mss file completed C:/Users/oparker/workspace/design_1_wrapper/ps7_cortexa9_0/domain_ps7_cortexa9_0/bsp/system.mss
TRACE::2025-02-28.09:46:57::SCWMssOS::Commit changes completed.
TRACE::2025-02-28.09:46:57::SCWPlatform::Trying to open the hw design at C:/Users/oparker/workspace/design_1_wrapper/hw/design_1_wrapper.xsa
TRACE::2025-02-28.09:46:57::SCWPlatform::DSA given C:/Users/oparker/workspace/design_1_wrapper/hw/design_1_wrapper.xsa
TRACE::2025-02-28.09:46:57::SCWPlatform::DSA absoulate path C:/Users/oparker/workspace/design_1_wrapper/hw/design_1_wrapper.xsa
TRACE::2025-02-28.09:46:57::SCWPlatform::DSA directory C:/Users/oparker/workspace/design_1_wrapper/hw
TRACE::2025-02-28.09:46:57::SCWPlatform:: Platform Path C:/Users/oparker/workspace/design_1_wrapper/hw/design_1_wrapper.xsa
TRACE::2025-02-28.09:46:57::SCWPlatform:: Unique name xilinx:zed::0.0
TRACE::2025-02-28.09:46:57::SCWPlatform::Trying to set the existing hwdb with name design_1_wrapper_4
TRACE::2025-02-28.09:46:57::SCWPlatform::Opened existing hwdb design_1_wrapper_4
TRACE::2025-02-28.09:46:57::SCWPlatform::Found the Hw Db part of the input DSA
TRACE::2025-02-28.09:46:57::SCWMssOS::Checking the sw design at  C:/Users/oparker/workspace/design_1_wrapper/zynq_fsbl/zynq_fsbl_bsp/system.mss
TRACE::2025-02-28.09:46:57::SCWMssOS::DEBUG:  swdes dump  C:/Users/oparker/workspace/TPG/ps7_cortexa9_0/standalone_domain/bsp/system.mss|system_0||
C:/Users/oparker/workspace/TPG/zynq_fsbl/zynq_fsbl_bsp/system.mss|system||
C:/Users/oparker/workspace/design_1_wrapper/ps7_cortexa9_0/domain_ps7_cortexa9_0/bsp/system.mss|system_2||
C:/Users/oparker/workspace/design_1_wrapper/zynq_fsbl/zynq_fsbl_bsp/system.mss|system_1||

TRACE::2025-02-28.09:46:57::SCWMssOS::Sw design exists and opened at  C:/Users/oparker/workspace/design_1_wrapper/zynq_fsbl/zynq_fsbl_bsp/system.mss
TRACE::2025-02-28.09:46:57::SCWPlatform::Trying to open the hw design at C:/Users/oparker/workspace/design_1_wrapper/hw/design_1_wrapper.xsa
TRACE::2025-02-28.09:46:57::SCWPlatform::DSA given C:/Users/oparker/workspace/design_1_wrapper/hw/design_1_wrapper.xsa
TRACE::2025-02-28.09:46:57::SCWPlatform::DSA absoulate path C:/Users/oparker/workspace/design_1_wrapper/hw/design_1_wrapper.xsa
TRACE::2025-02-28.09:46:57::SCWPlatform::DSA directory C:/Users/oparker/workspace/design_1_wrapper/hw
TRACE::2025-02-28.09:46:57::SCWPlatform:: Platform Path C:/Users/oparker/workspace/design_1_wrapper/hw/design_1_wrapper.xsa
TRACE::2025-02-28.09:46:57::SCWPlatform:: Unique name xilinx:zed::0.0
TRACE::2025-02-28.09:46:57::SCWPlatform::Trying to set the existing hwdb with name design_1_wrapper_4
TRACE::2025-02-28.09:46:57::SCWPlatform::Opened existing hwdb design_1_wrapper_4
TRACE::2025-02-28.09:46:57::SCWPlatform::Found the Hw Db part of the input DSA
TRACE::2025-02-28.09:46:57::SCWMssOS::Checking the sw design at  C:/Users/oparker/workspace/design_1_wrapper/zynq_fsbl/zynq_fsbl_bsp/system.mss
TRACE::2025-02-28.09:46:57::SCWMssOS::DEBUG:  swdes dump  C:/Users/oparker/workspace/TPG/ps7_cortexa9_0/standalone_domain/bsp/system.mss|system_0||
C:/Users/oparker/workspace/TPG/zynq_fsbl/zynq_fsbl_bsp/system.mss|system||
C:/Users/oparker/workspace/design_1_wrapper/ps7_cortexa9_0/domain_ps7_cortexa9_0/bsp/system.mss|system_2||
C:/Users/oparker/workspace/design_1_wrapper/zynq_fsbl/zynq_fsbl_bsp/system.mss|system_1||

TRACE::2025-02-28.09:46:57::SCWMssOS::Sw design exists and opened at  C:/Users/oparker/workspace/design_1_wrapper/zynq_fsbl/zynq_fsbl_bsp/system.mss
TRACE::2025-02-28.09:46:57::SCWPlatform::Trying to open the hw design at C:/Users/oparker/workspace/design_1_wrapper/hw/design_1_wrapper.xsa
TRACE::2025-02-28.09:46:57::SCWPlatform::DSA given C:/Users/oparker/workspace/design_1_wrapper/hw/design_1_wrapper.xsa
TRACE::2025-02-28.09:46:57::SCWPlatform::DSA absoulate path C:/Users/oparker/workspace/design_1_wrapper/hw/design_1_wrapper.xsa
TRACE::2025-02-28.09:46:57::SCWPlatform::DSA directory C:/Users/oparker/workspace/design_1_wrapper/hw
TRACE::2025-02-28.09:46:57::SCWPlatform:: Platform Path C:/Users/oparker/workspace/design_1_wrapper/hw/design_1_wrapper.xsa
TRACE::2025-02-28.09:46:57::SCWPlatform:: Unique name xilinx:zed::0.0
TRACE::2025-02-28.09:46:57::SCWPlatform::Trying to set the existing hwdb with name design_1_wrapper_4
TRACE::2025-02-28.09:46:57::SCWPlatform::Opened existing hwdb design_1_wrapper_4
TRACE::2025-02-28.09:46:57::SCWPlatform::Found the Hw Db part of the input DSA
TRACE::2025-02-28.09:46:57::SCWMssOS::Checking the sw design at  C:/Users/oparker/workspace/design_1_wrapper/zynq_fsbl/zynq_fsbl_bsp/system.mss
TRACE::2025-02-28.09:46:57::SCWMssOS::DEBUG:  swdes dump  C:/Users/oparker/workspace/TPG/ps7_cortexa9_0/standalone_domain/bsp/system.mss|system_0||
C:/Users/oparker/workspace/TPG/zynq_fsbl/zynq_fsbl_bsp/system.mss|system||
C:/Users/oparker/workspace/design_1_wrapper/ps7_cortexa9_0/domain_ps7_cortexa9_0/bsp/system.mss|system_2||
C:/Users/oparker/workspace/design_1_wrapper/zynq_fsbl/zynq_fsbl_bsp/system.mss|system_1||

TRACE::2025-02-28.09:46:57::SCWMssOS::Sw design exists and opened at  C:/Users/oparker/workspace/design_1_wrapper/zynq_fsbl/zynq_fsbl_bsp/system.mss
TRACE::2025-02-28.09:46:57::SCWPlatform::Trying to open the hw design at C:/Users/oparker/workspace/design_1_wrapper/hw/design_1_wrapper.xsa
TRACE::2025-02-28.09:46:57::SCWPlatform::DSA given C:/Users/oparker/workspace/design_1_wrapper/hw/design_1_wrapper.xsa
TRACE::2025-02-28.09:46:57::SCWPlatform::DSA absoulate path C:/Users/oparker/workspace/design_1_wrapper/hw/design_1_wrapper.xsa
TRACE::2025-02-28.09:46:57::SCWPlatform::DSA directory C:/Users/oparker/workspace/design_1_wrapper/hw
TRACE::2025-02-28.09:46:57::SCWPlatform:: Platform Path C:/Users/oparker/workspace/design_1_wrapper/hw/design_1_wrapper.xsa
TRACE::2025-02-28.09:46:57::SCWPlatform:: Unique name xilinx:zed::0.0
TRACE::2025-02-28.09:46:57::SCWPlatform::Trying to set the existing hwdb with name design_1_wrapper_4
TRACE::2025-02-28.09:46:57::SCWPlatform::Opened existing hwdb design_1_wrapper_4
TRACE::2025-02-28.09:46:57::SCWPlatform::Found the Hw Db part of the input DSA
TRACE::2025-02-28.09:46:57::SCWMssOS::Checking the sw design at  C:/Users/oparker/workspace/design_1_wrapper/ps7_cortexa9_0/domain_ps7_cortexa9_0/bsp/system.mss
TRACE::2025-02-28.09:46:57::SCWMssOS::DEBUG:  swdes dump  C:/Users/oparker/workspace/TPG/ps7_cortexa9_0/standalone_domain/bsp/system.mss|system_0||
C:/Users/oparker/workspace/TPG/zynq_fsbl/zynq_fsbl_bsp/system.mss|system||
C:/Users/oparker/workspace/design_1_wrapper/ps7_cortexa9_0/domain_ps7_cortexa9_0/bsp/system.mss|system_2||
C:/Users/oparker/workspace/design_1_wrapper/zynq_fsbl/zynq_fsbl_bsp/system.mss|system_1||

TRACE::2025-02-28.09:46:57::SCWMssOS::Sw design exists and opened at  C:/Users/oparker/workspace/design_1_wrapper/ps7_cortexa9_0/domain_ps7_cortexa9_0/bsp/system.mss
TRACE::2025-02-28.09:46:57::SCWPlatform::Trying to open the hw design at C:/Users/oparker/workspace/design_1_wrapper/hw/design_1_wrapper.xsa
TRACE::2025-02-28.09:46:57::SCWPlatform::DSA given C:/Users/oparker/workspace/design_1_wrapper/hw/design_1_wrapper.xsa
TRACE::2025-02-28.09:46:57::SCWPlatform::DSA absoulate path C:/Users/oparker/workspace/design_1_wrapper/hw/design_1_wrapper.xsa
TRACE::2025-02-28.09:46:57::SCWPlatform::DSA directory C:/Users/oparker/workspace/design_1_wrapper/hw
TRACE::2025-02-28.09:46:57::SCWPlatform:: Platform Path C:/Users/oparker/workspace/design_1_wrapper/hw/design_1_wrapper.xsa
TRACE::2025-02-28.09:46:57::SCWPlatform:: Unique name xilinx:zed::0.0
TRACE::2025-02-28.09:46:57::SCWPlatform::Trying to set the existing hwdb with name design_1_wrapper_4
TRACE::2025-02-28.09:46:57::SCWPlatform::Opened existing hwdb design_1_wrapper_4
TRACE::2025-02-28.09:46:57::SCWPlatform::Found the Hw Db part of the input DSA
TRACE::2025-02-28.09:46:57::SCWMssOS::Checking the sw design at  C:/Users/oparker/workspace/design_1_wrapper/ps7_cortexa9_0/domain_ps7_cortexa9_0/bsp/system.mss
TRACE::2025-02-28.09:46:57::SCWMssOS::DEBUG:  swdes dump  C:/Users/oparker/workspace/TPG/ps7_cortexa9_0/standalone_domain/bsp/system.mss|system_0||
C:/Users/oparker/workspace/TPG/zynq_fsbl/zynq_fsbl_bsp/system.mss|system||
C:/Users/oparker/workspace/design_1_wrapper/ps7_cortexa9_0/domain_ps7_cortexa9_0/bsp/system.mss|system_2||
C:/Users/oparker/workspace/design_1_wrapper/zynq_fsbl/zynq_fsbl_bsp/system.mss|system_1||

TRACE::2025-02-28.09:46:57::SCWMssOS::Sw design exists and opened at  C:/Users/oparker/workspace/design_1_wrapper/ps7_cortexa9_0/domain_ps7_cortexa9_0/bsp/system.mss
TRACE::2025-02-28.09:46:57::SCWPlatform::Trying to open the hw design at C:/Users/oparker/workspace/design_1_wrapper/hw/design_1_wrapper.xsa
TRACE::2025-02-28.09:46:57::SCWPlatform::DSA given C:/Users/oparker/workspace/design_1_wrapper/hw/design_1_wrapper.xsa
TRACE::2025-02-28.09:46:57::SCWPlatform::DSA absoulate path C:/Users/oparker/workspace/design_1_wrapper/hw/design_1_wrapper.xsa
TRACE::2025-02-28.09:46:57::SCWPlatform::DSA directory C:/Users/oparker/workspace/design_1_wrapper/hw
TRACE::2025-02-28.09:46:57::SCWPlatform:: Platform Path C:/Users/oparker/workspace/design_1_wrapper/hw/design_1_wrapper.xsa
TRACE::2025-02-28.09:46:57::SCWPlatform:: Unique name xilinx:zed::0.0
TRACE::2025-02-28.09:46:57::SCWPlatform::Trying to set the existing hwdb with name design_1_wrapper_4
TRACE::2025-02-28.09:46:57::SCWPlatform::Opened existing hwdb design_1_wrapper_4
TRACE::2025-02-28.09:46:57::SCWPlatform::Found the Hw Db part of the input DSA
TRACE::2025-02-28.09:46:57::SCWMssOS::Checking the sw design at  C:/Users/oparker/workspace/design_1_wrapper/ps7_cortexa9_0/domain_ps7_cortexa9_0/bsp/system.mss
TRACE::2025-02-28.09:46:57::SCWMssOS::DEBUG:  swdes dump  C:/Users/oparker/workspace/TPG/ps7_cortexa9_0/standalone_domain/bsp/system.mss|system_0||
C:/Users/oparker/workspace/TPG/zynq_fsbl/zynq_fsbl_bsp/system.mss|system||
C:/Users/oparker/workspace/design_1_wrapper/ps7_cortexa9_0/domain_ps7_cortexa9_0/bsp/system.mss|system_2||
C:/Users/oparker/workspace/design_1_wrapper/zynq_fsbl/zynq_fsbl_bsp/system.mss|system_1||

TRACE::2025-02-28.09:46:57::SCWMssOS::Sw design exists and opened at  C:/Users/oparker/workspace/design_1_wrapper/ps7_cortexa9_0/domain_ps7_cortexa9_0/bsp/system.mss
TRACE::2025-02-28.09:46:57::SCWWriter::formatted JSON is {
	"platformName":	"design_1_wrapper",
	"sprVersion":	"2.0",
	"mode":	"gui",
	"dsaType":	"Fixed",
	"platformDesc":	"design_1_wrapper",
	"platHandOff":	"C:/Users/oparker/cpre488-mp2/project_1/design_1_wrapper.xsa",
	"platIntHandOff":	"<platformDir>/hw/design_1_wrapper.xsa",
	"deviceType":	"zynq",
	"platIsPrebuiltAutogen":	"false",
	"platIsNoBootBsp":	"false",
	"platFsblTarget":	"ps7_cortexa9_0",
	"hasFsblMakeHasChanges":	"false",
	"hasPmufwMakeHasChanges":	"false",
	"fsblExtraCompilerFlags":	"-MMD -MP       -mcpu=cortex-a9 -mfpu=vfpv3 -mfloat-abi=hard ",
	"platPreBuiltFlag":	false,
	"platformSamplesDir":	"",
	"platActiveSys":	"design_1_wrapper",
	"systems":	[{
			"systemName":	"design_1_wrapper",
			"systemDesc":	"design_1_wrapper",
			"sysIsBootAutoGen":	"true",
			"systemDispName":	"design_1_wrapper",
			"sysActiveDom":	"domain_ps7_cortexa9_0",
			"sysDefaultDom":	"domain_ps7_cortexa9_0",
			"domains":	[{
					"domainName":	"zynq_fsbl",
					"domainDispName":	"zynq_fsbl",
					"domainDesc":	"FSBL Application BSP - Auto Generated.",
					"processors":	"ps7_cortexa9_0",
					"os":	"standalone",
					"sdxOs":	"standalone",
					"debugEnable":	"",
					"domRuntimes":	["cpp"],
					"swRepo":	"",
					"mssOsVer":	"7.2",
					"mssFile":	"",
					"md5Digest":	"158a679dab493f3308b1d2cbafc496b0",
					"compatibleApp":	"zynq_fsbl",
					"domType":	"bootDomain",
					"arch":	"32-bit",
					"appSettings":	{
						"appCompilerFlags":	"",
						"appLinkerFlags":	""
					},
					"addedLibs":	["xilffs:4.3", "xilrsa:1.6"],
					"libOptions":	{
						"libsContainingOptions":	[]
					},
					"prebuiltLibs":	{
						"prebuiltIncPath":	[],
						"prebuiltLibPath":	[]
					},
					"isolation":	{
					}
				}, {
					"domainName":	"domain_ps7_cortexa9_0",
					"domainDispName":	"domain_ps7_cortexa9_0",
					"domainDesc":	"domain_ps7_cortexa9_0",
					"processors":	"ps7_cortexa9_0",
					"os":	"standalone",
					"sdxOs":	"standalone",
					"qemuArgs":	"C:/Xilinx/Vitis/2020.1/data/emulation/platforms/zynq/qemu/qemu_args.txt",
					"qemuData":	"C:/Xilinx/Vitis/2020.1/data/emulation/platforms/zynq/qemu/",
					"debugEnable":	"False",
					"domRuntimes":	["cpp"],
					"swRepo":	"",
					"mssOsVer":	"7.2",
					"mssFile":	"",
					"md5Digest":	"85ba41434c82914f0e9e24fa6ddcf962",
					"compatibleApp":	"hello_world",
					"domType":	"mssDomain",
					"arch":	"32-bit",
					"appSettings":	{
						"appCompilerFlags":	"",
						"appLinkerFlags":	""
					},
					"addedLibs":	[],
					"libOptions":	{
						"libsContainingOptions":	[]
					},
					"prebuiltLibs":	{
						"prebuiltIncPath":	[],
						"prebuiltLibPath":	[]
					},
					"isolation":	{
					}
				}]
		}]
}
LOG::2025-02-28.09:46:57::SCWPlatform::Started generating the artifacts platform design_1_wrapper
TRACE::2025-02-28.09:46:57::SCWPlatform::Sanity checking of platform is completed
LOG::2025-02-28.09:46:57::SCWPlatform::Started generating the artifacts for system configuration design_1_wrapper
LOG::2025-02-28.09:46:57::SCWSystem::Checking the domain zynq_fsbl
LOG::2025-02-28.09:46:57::SCWSystem::Doing application build for :  zynq_fsbl
TRACE::2025-02-28.09:46:57::SCWBDomain::Not a forced makefile updation, No changes are present. 
TRACE::2025-02-28.09:46:57::SCWDomain::Skipping the build for domain :  zynq_fsbl
LOG::2025-02-28.09:46:57::SCWSystem::Checking the domain domain_ps7_cortexa9_0
LOG::2025-02-28.09:46:57::SCWSystem::Not a boot domain 
LOG::2025-02-28.09:46:57::SCWSystem::Started Processing the domain domain_ps7_cortexa9_0
TRACE::2025-02-28.09:46:57::SCWDomain::Generating domain artifcats
TRACE::2025-02-28.09:46:57::SCWMssOS::Generating standalone artifcats
TRACE::2025-02-28.09:46:57::SCWMssOS::Copying the qemu file from  C:/Xilinx/Vitis/2020.1/data/emulation/platforms/zynq/qemu/qemu_args.txt To C:/Users/oparker/workspace/design_1_wrapper/export/design_1_wrapper/sw/design_1_wrapper/qemu/
TRACE::2025-02-28.09:46:57::SCWMssOS::Copying the qemu file from  C:/Xilinx/Vitis/2020.1/data/emulation/platforms/zynq/qemu/qemu_args.txt To C:/Users/oparker/workspace/design_1_wrapper/export/design_1_wrapper/sw/design_1_wrapper/domain_ps7_cortexa9_0/qemu/
TRACE::2025-02-28.09:46:57::SCWMssOS:: Copying the user libraries. 
TRACE::2025-02-28.09:46:57::SCWPlatform::Trying to open the hw design at C:/Users/oparker/workspace/design_1_wrapper/hw/design_1_wrapper.xsa
TRACE::2025-02-28.09:46:57::SCWPlatform::DSA given C:/Users/oparker/workspace/design_1_wrapper/hw/design_1_wrapper.xsa
TRACE::2025-02-28.09:46:57::SCWPlatform::DSA absoulate path C:/Users/oparker/workspace/design_1_wrapper/hw/design_1_wrapper.xsa
TRACE::2025-02-28.09:46:57::SCWPlatform::DSA directory C:/Users/oparker/workspace/design_1_wrapper/hw
TRACE::2025-02-28.09:46:57::SCWPlatform:: Platform Path C:/Users/oparker/workspace/design_1_wrapper/hw/design_1_wrapper.xsa
TRACE::2025-02-28.09:46:57::SCWPlatform:: Unique name xilinx:zed::0.0
TRACE::2025-02-28.09:46:57::SCWPlatform::Trying to set the existing hwdb with name design_1_wrapper_4
TRACE::2025-02-28.09:46:57::SCWPlatform::Opened existing hwdb design_1_wrapper_4
TRACE::2025-02-28.09:46:57::SCWPlatform::Found the Hw Db part of the input DSA
TRACE::2025-02-28.09:46:57::SCWMssOS::Checking the sw design at  C:/Users/oparker/workspace/design_1_wrapper/ps7_cortexa9_0/domain_ps7_cortexa9_0/bsp/system.mss
TRACE::2025-02-28.09:46:57::SCWMssOS::DEBUG:  swdes dump  C:/Users/oparker/workspace/TPG/ps7_cortexa9_0/standalone_domain/bsp/system.mss|system_0||
C:/Users/oparker/workspace/TPG/zynq_fsbl/zynq_fsbl_bsp/system.mss|system||
C:/Users/oparker/workspace/design_1_wrapper/ps7_cortexa9_0/domain_ps7_cortexa9_0/bsp/system.mss|system_2||
C:/Users/oparker/workspace/design_1_wrapper/zynq_fsbl/zynq_fsbl_bsp/system.mss|system_1||

TRACE::2025-02-28.09:46:57::SCWMssOS::Sw design exists and opened at  C:/Users/oparker/workspace/design_1_wrapper/ps7_cortexa9_0/domain_ps7_cortexa9_0/bsp/system.mss
TRACE::2025-02-28.09:46:57::SCWMssOS::Completed writing the mss file at C:/Users/oparker/workspace/design_1_wrapper/ps7_cortexa9_0/domain_ps7_cortexa9_0/bsp
TRACE::2025-02-28.09:46:57::SCWMssOS::Mss edits present, copying mssfile into export location C:/Users/oparker/workspace/design_1_wrapper/ps7_cortexa9_0/domain_ps7_cortexa9_0/bsp/system.mss
TRACE::2025-02-28.09:46:57::SCWMssOS::bsp generated is upto date with the mss file. Skipping bsp generation.
TRACE::2025-02-28.09:46:57::SCWMssOS::BSP is already built. skipping the bsp build ... 
TRACE::2025-02-28.09:46:57::SCWDomain::Skipping the build for domain :  domain_ps7_cortexa9_0
TRACE::2025-02-28.09:46:57::SCWMssOS::skipping the bsp build ... 
TRACE::2025-02-28.09:46:57::SCWMssOS::Copying to export directory.
TRACE::2025-02-28.09:46:57::SCWMssOS:: Checking if to create the Supporting Applications
TRACE::2025-02-28.09:46:57::SCWMssOS:: No Linux domain exists, trying to generate FSBL 
TRACE::2025-02-28.09:46:57::SCWMssOS:: Completed Standalone Artifacts creation 
LOG::2025-02-28.09:46:57::SCWSystem::Completed Processing the domain domain_ps7_cortexa9_0
LOG::2025-02-28.09:46:57::SCWSystem::Completed Processing the sysconfig design_1_wrapper
LOG::2025-02-28.09:46:57::SCWPlatform::Completed generating the artifacts for system configuration design_1_wrapper
TRACE::2025-02-28.09:46:57::SCWPlatform::Started preparing the platform 
TRACE::2025-02-28.09:46:57::SCWSystem::Writing the bif file for system config design_1_wrapper
TRACE::2025-02-28.09:46:57::SCWSystem::dir created 
TRACE::2025-02-28.09:46:57::SCWSystem::Writing the bif 
TRACE::2025-02-28.09:46:57::SCWPlatform::Started writing the spfm file 
TRACE::2025-02-28.09:46:57::SCWPlatform::Started writing the xpfm file 
TRACE::2025-02-28.09:46:57::SCWPlatform::Completed generating the platform
TRACE::2025-02-28.09:46:57::SCWMssOS::Saving the mss changes C:/Users/oparker/workspace/design_1_wrapper/zynq_fsbl/zynq_fsbl_bsp/system.mss
TRACE::2025-02-28.09:46:57::SCWMssOS::Found a swdesign opened with the mssfile.
TRACE::2025-02-28.09:46:57::SCWMssOS::Completed writemss as part of save.
TRACE::2025-02-28.09:46:57::SCWMssOS::Commit changes completed.
TRACE::2025-02-28.09:46:57::SCWMssOS::Saving the mss changes C:/Users/oparker/workspace/design_1_wrapper/ps7_cortexa9_0/domain_ps7_cortexa9_0/bsp/system.mss
TRACE::2025-02-28.09:46:57::SCWMssOS::Found a swdesign opened with the mssfile.
TRACE::2025-02-28.09:46:57::SCWMssOS::Completed writemss as part of save.
TRACE::2025-02-28.09:46:57::SCWMssOS::Commit changes completed.
TRACE::2025-02-28.09:46:57::SCWPlatform::Trying to open the hw design at C:/Users/oparker/workspace/design_1_wrapper/hw/design_1_wrapper.xsa
TRACE::2025-02-28.09:46:57::SCWPlatform::DSA given C:/Users/oparker/workspace/design_1_wrapper/hw/design_1_wrapper.xsa
TRACE::2025-02-28.09:46:57::SCWPlatform::DSA absoulate path C:/Users/oparker/workspace/design_1_wrapper/hw/design_1_wrapper.xsa
TRACE::2025-02-28.09:46:57::SCWPlatform::DSA directory C:/Users/oparker/workspace/design_1_wrapper/hw
TRACE::2025-02-28.09:46:57::SCWPlatform:: Platform Path C:/Users/oparker/workspace/design_1_wrapper/hw/design_1_wrapper.xsa
TRACE::2025-02-28.09:46:57::SCWPlatform:: Unique name xilinx:zed::0.0
TRACE::2025-02-28.09:46:57::SCWPlatform::Trying to set the existing hwdb with name design_1_wrapper_4
TRACE::2025-02-28.09:46:57::SCWPlatform::Opened existing hwdb design_1_wrapper_4
TRACE::2025-02-28.09:46:57::SCWPlatform::Found the Hw Db part of the input DSA
TRACE::2025-02-28.09:46:57::SCWMssOS::Checking the sw design at  C:/Users/oparker/workspace/design_1_wrapper/zynq_fsbl/zynq_fsbl_bsp/system.mss
TRACE::2025-02-28.09:46:57::SCWMssOS::DEBUG:  swdes dump  C:/Users/oparker/workspace/TPG/ps7_cortexa9_0/standalone_domain/bsp/system.mss|system_0||
C:/Users/oparker/workspace/TPG/zynq_fsbl/zynq_fsbl_bsp/system.mss|system||
C:/Users/oparker/workspace/design_1_wrapper/ps7_cortexa9_0/domain_ps7_cortexa9_0/bsp/system.mss|system_2||
C:/Users/oparker/workspace/design_1_wrapper/zynq_fsbl/zynq_fsbl_bsp/system.mss|system_1||

TRACE::2025-02-28.09:46:57::SCWMssOS::Sw design exists and opened at  C:/Users/oparker/workspace/design_1_wrapper/zynq_fsbl/zynq_fsbl_bsp/system.mss
TRACE::2025-02-28.09:46:57::SCWPlatform::Trying to open the hw design at C:/Users/oparker/workspace/design_1_wrapper/hw/design_1_wrapper.xsa
TRACE::2025-02-28.09:46:57::SCWPlatform::DSA given C:/Users/oparker/workspace/design_1_wrapper/hw/design_1_wrapper.xsa
TRACE::2025-02-28.09:46:57::SCWPlatform::DSA absoulate path C:/Users/oparker/workspace/design_1_wrapper/hw/design_1_wrapper.xsa
TRACE::2025-02-28.09:46:57::SCWPlatform::DSA directory C:/Users/oparker/workspace/design_1_wrapper/hw
TRACE::2025-02-28.09:46:57::SCWPlatform:: Platform Path C:/Users/oparker/workspace/design_1_wrapper/hw/design_1_wrapper.xsa
TRACE::2025-02-28.09:46:57::SCWPlatform:: Unique name xilinx:zed::0.0
TRACE::2025-02-28.09:46:57::SCWPlatform::Trying to set the existing hwdb with name design_1_wrapper_4
TRACE::2025-02-28.09:46:57::SCWPlatform::Opened existing hwdb design_1_wrapper_4
TRACE::2025-02-28.09:46:57::SCWPlatform::Found the Hw Db part of the input DSA
TRACE::2025-02-28.09:46:57::SCWMssOS::Checking the sw design at  C:/Users/oparker/workspace/design_1_wrapper/zynq_fsbl/zynq_fsbl_bsp/system.mss
TRACE::2025-02-28.09:46:57::SCWMssOS::DEBUG:  swdes dump  C:/Users/oparker/workspace/TPG/ps7_cortexa9_0/standalone_domain/bsp/system.mss|system_0||
C:/Users/oparker/workspace/TPG/zynq_fsbl/zynq_fsbl_bsp/system.mss|system||
C:/Users/oparker/workspace/design_1_wrapper/ps7_cortexa9_0/domain_ps7_cortexa9_0/bsp/system.mss|system_2||
C:/Users/oparker/workspace/design_1_wrapper/zynq_fsbl/zynq_fsbl_bsp/system.mss|system_1||

TRACE::2025-02-28.09:46:57::SCWMssOS::Sw design exists and opened at  C:/Users/oparker/workspace/design_1_wrapper/zynq_fsbl/zynq_fsbl_bsp/system.mss
TRACE::2025-02-28.09:46:57::SCWPlatform::Trying to open the hw design at C:/Users/oparker/workspace/design_1_wrapper/hw/design_1_wrapper.xsa
TRACE::2025-02-28.09:46:57::SCWPlatform::DSA given C:/Users/oparker/workspace/design_1_wrapper/hw/design_1_wrapper.xsa
TRACE::2025-02-28.09:46:57::SCWPlatform::DSA absoulate path C:/Users/oparker/workspace/design_1_wrapper/hw/design_1_wrapper.xsa
TRACE::2025-02-28.09:46:57::SCWPlatform::DSA directory C:/Users/oparker/workspace/design_1_wrapper/hw
TRACE::2025-02-28.09:46:57::SCWPlatform:: Platform Path C:/Users/oparker/workspace/design_1_wrapper/hw/design_1_wrapper.xsa
TRACE::2025-02-28.09:46:57::SCWPlatform:: Unique name xilinx:zed::0.0
TRACE::2025-02-28.09:46:57::SCWPlatform::Trying to set the existing hwdb with name design_1_wrapper_4
TRACE::2025-02-28.09:46:57::SCWPlatform::Opened existing hwdb design_1_wrapper_4
TRACE::2025-02-28.09:46:57::SCWPlatform::Found the Hw Db part of the input DSA
TRACE::2025-02-28.09:46:57::SCWMssOS::Checking the sw design at  C:/Users/oparker/workspace/design_1_wrapper/zynq_fsbl/zynq_fsbl_bsp/system.mss
TRACE::2025-02-28.09:46:57::SCWMssOS::DEBUG:  swdes dump  C:/Users/oparker/workspace/TPG/ps7_cortexa9_0/standalone_domain/bsp/system.mss|system_0||
C:/Users/oparker/workspace/TPG/zynq_fsbl/zynq_fsbl_bsp/system.mss|system||
C:/Users/oparker/workspace/design_1_wrapper/ps7_cortexa9_0/domain_ps7_cortexa9_0/bsp/system.mss|system_2||
C:/Users/oparker/workspace/design_1_wrapper/zynq_fsbl/zynq_fsbl_bsp/system.mss|system_1||

TRACE::2025-02-28.09:46:57::SCWMssOS::Sw design exists and opened at  C:/Users/oparker/workspace/design_1_wrapper/zynq_fsbl/zynq_fsbl_bsp/system.mss
TRACE::2025-02-28.09:46:57::SCWPlatform::Trying to open the hw design at C:/Users/oparker/workspace/design_1_wrapper/hw/design_1_wrapper.xsa
TRACE::2025-02-28.09:46:57::SCWPlatform::DSA given C:/Users/oparker/workspace/design_1_wrapper/hw/design_1_wrapper.xsa
TRACE::2025-02-28.09:46:57::SCWPlatform::DSA absoulate path C:/Users/oparker/workspace/design_1_wrapper/hw/design_1_wrapper.xsa
TRACE::2025-02-28.09:46:57::SCWPlatform::DSA directory C:/Users/oparker/workspace/design_1_wrapper/hw
TRACE::2025-02-28.09:46:57::SCWPlatform:: Platform Path C:/Users/oparker/workspace/design_1_wrapper/hw/design_1_wrapper.xsa
TRACE::2025-02-28.09:46:57::SCWPlatform:: Unique name xilinx:zed::0.0
TRACE::2025-02-28.09:46:57::SCWPlatform::Trying to set the existing hwdb with name design_1_wrapper_4
TRACE::2025-02-28.09:46:57::SCWPlatform::Opened existing hwdb design_1_wrapper_4
TRACE::2025-02-28.09:46:57::SCWPlatform::Found the Hw Db part of the input DSA
TRACE::2025-02-28.09:46:57::SCWMssOS::Checking the sw design at  C:/Users/oparker/workspace/design_1_wrapper/ps7_cortexa9_0/domain_ps7_cortexa9_0/bsp/system.mss
TRACE::2025-02-28.09:46:57::SCWMssOS::DEBUG:  swdes dump  C:/Users/oparker/workspace/TPG/ps7_cortexa9_0/standalone_domain/bsp/system.mss|system_0||
C:/Users/oparker/workspace/TPG/zynq_fsbl/zynq_fsbl_bsp/system.mss|system||
C:/Users/oparker/workspace/design_1_wrapper/ps7_cortexa9_0/domain_ps7_cortexa9_0/bsp/system.mss|system_2||
C:/Users/oparker/workspace/design_1_wrapper/zynq_fsbl/zynq_fsbl_bsp/system.mss|system_1||

TRACE::2025-02-28.09:46:57::SCWMssOS::Sw design exists and opened at  C:/Users/oparker/workspace/design_1_wrapper/ps7_cortexa9_0/domain_ps7_cortexa9_0/bsp/system.mss
TRACE::2025-02-28.09:46:57::SCWPlatform::Trying to open the hw design at C:/Users/oparker/workspace/design_1_wrapper/hw/design_1_wrapper.xsa
TRACE::2025-02-28.09:46:57::SCWPlatform::DSA given C:/Users/oparker/workspace/design_1_wrapper/hw/design_1_wrapper.xsa
TRACE::2025-02-28.09:46:57::SCWPlatform::DSA absoulate path C:/Users/oparker/workspace/design_1_wrapper/hw/design_1_wrapper.xsa
TRACE::2025-02-28.09:46:57::SCWPlatform::DSA directory C:/Users/oparker/workspace/design_1_wrapper/hw
TRACE::2025-02-28.09:46:57::SCWPlatform:: Platform Path C:/Users/oparker/workspace/design_1_wrapper/hw/design_1_wrapper.xsa
TRACE::2025-02-28.09:46:57::SCWPlatform:: Unique name xilinx:zed::0.0
TRACE::2025-02-28.09:46:57::SCWPlatform::Trying to set the existing hwdb with name design_1_wrapper_4
TRACE::2025-02-28.09:46:57::SCWPlatform::Opened existing hwdb design_1_wrapper_4
TRACE::2025-02-28.09:46:57::SCWPlatform::Found the Hw Db part of the input DSA
TRACE::2025-02-28.09:46:57::SCWMssOS::Checking the sw design at  C:/Users/oparker/workspace/design_1_wrapper/ps7_cortexa9_0/domain_ps7_cortexa9_0/bsp/system.mss
TRACE::2025-02-28.09:46:57::SCWMssOS::DEBUG:  swdes dump  C:/Users/oparker/workspace/TPG/ps7_cortexa9_0/standalone_domain/bsp/system.mss|system_0||
C:/Users/oparker/workspace/TPG/zynq_fsbl/zynq_fsbl_bsp/system.mss|system||
C:/Users/oparker/workspace/design_1_wrapper/ps7_cortexa9_0/domain_ps7_cortexa9_0/bsp/system.mss|system_2||
C:/Users/oparker/workspace/design_1_wrapper/zynq_fsbl/zynq_fsbl_bsp/system.mss|system_1||

TRACE::2025-02-28.09:46:57::SCWMssOS::Sw design exists and opened at  C:/Users/oparker/workspace/design_1_wrapper/ps7_cortexa9_0/domain_ps7_cortexa9_0/bsp/system.mss
TRACE::2025-02-28.09:46:57::SCWPlatform::Trying to open the hw design at C:/Users/oparker/workspace/design_1_wrapper/hw/design_1_wrapper.xsa
TRACE::2025-02-28.09:46:57::SCWPlatform::DSA given C:/Users/oparker/workspace/design_1_wrapper/hw/design_1_wrapper.xsa
TRACE::2025-02-28.09:46:57::SCWPlatform::DSA absoulate path C:/Users/oparker/workspace/design_1_wrapper/hw/design_1_wrapper.xsa
TRACE::2025-02-28.09:46:57::SCWPlatform::DSA directory C:/Users/oparker/workspace/design_1_wrapper/hw
TRACE::2025-02-28.09:46:57::SCWPlatform:: Platform Path C:/Users/oparker/workspace/design_1_wrapper/hw/design_1_wrapper.xsa
TRACE::2025-02-28.09:46:57::SCWPlatform:: Unique name xilinx:zed::0.0
TRACE::2025-02-28.09:46:57::SCWPlatform::Trying to set the existing hwdb with name design_1_wrapper_4
TRACE::2025-02-28.09:46:57::SCWPlatform::Opened existing hwdb design_1_wrapper_4
TRACE::2025-02-28.09:46:57::SCWPlatform::Found the Hw Db part of the input DSA
TRACE::2025-02-28.09:46:57::SCWMssOS::Checking the sw design at  C:/Users/oparker/workspace/design_1_wrapper/ps7_cortexa9_0/domain_ps7_cortexa9_0/bsp/system.mss
TRACE::2025-02-28.09:46:57::SCWMssOS::DEBUG:  swdes dump  C:/Users/oparker/workspace/TPG/ps7_cortexa9_0/standalone_domain/bsp/system.mss|system_0||
C:/Users/oparker/workspace/TPG/zynq_fsbl/zynq_fsbl_bsp/system.mss|system||
C:/Users/oparker/workspace/design_1_wrapper/ps7_cortexa9_0/domain_ps7_cortexa9_0/bsp/system.mss|system_2||
C:/Users/oparker/workspace/design_1_wrapper/zynq_fsbl/zynq_fsbl_bsp/system.mss|system_1||

TRACE::2025-02-28.09:46:57::SCWMssOS::Sw design exists and opened at  C:/Users/oparker/workspace/design_1_wrapper/ps7_cortexa9_0/domain_ps7_cortexa9_0/bsp/system.mss
TRACE::2025-02-28.09:46:57::SCWWriter::formatted JSON is {
	"platformName":	"design_1_wrapper",
	"sprVersion":	"2.0",
	"mode":	"gui",
	"dsaType":	"Fixed",
	"platformDesc":	"design_1_wrapper",
	"platHandOff":	"C:/Users/oparker/cpre488-mp2/project_1/design_1_wrapper.xsa",
	"platIntHandOff":	"<platformDir>/hw/design_1_wrapper.xsa",
	"deviceType":	"zynq",
	"platIsPrebuiltAutogen":	"false",
	"platIsNoBootBsp":	"false",
	"platFsblTarget":	"ps7_cortexa9_0",
	"hasFsblMakeHasChanges":	"false",
	"hasPmufwMakeHasChanges":	"false",
	"fsblExtraCompilerFlags":	"-MMD -MP       -mcpu=cortex-a9 -mfpu=vfpv3 -mfloat-abi=hard ",
	"platPreBuiltFlag":	false,
	"platformSamplesDir":	"",
	"platActiveSys":	"design_1_wrapper",
	"systems":	[{
			"systemName":	"design_1_wrapper",
			"systemDesc":	"design_1_wrapper",
			"sysIsBootAutoGen":	"true",
			"systemDispName":	"design_1_wrapper",
			"sysActiveDom":	"domain_ps7_cortexa9_0",
			"sysDefaultDom":	"domain_ps7_cortexa9_0",
			"domains":	[{
					"domainName":	"zynq_fsbl",
					"domainDispName":	"zynq_fsbl",
					"domainDesc":	"FSBL Application BSP - Auto Generated.",
					"processors":	"ps7_cortexa9_0",
					"os":	"standalone",
					"sdxOs":	"standalone",
					"debugEnable":	"",
					"domRuntimes":	["cpp"],
					"swRepo":	"",
					"mssOsVer":	"7.2",
					"mssFile":	"",
					"md5Digest":	"158a679dab493f3308b1d2cbafc496b0",
					"compatibleApp":	"zynq_fsbl",
					"domType":	"bootDomain",
					"arch":	"32-bit",
					"appSettings":	{
						"appCompilerFlags":	"",
						"appLinkerFlags":	""
					},
					"addedLibs":	["xilffs:4.3", "xilrsa:1.6"],
					"libOptions":	{
						"libsContainingOptions":	[]
					},
					"prebuiltLibs":	{
						"prebuiltIncPath":	[],
						"prebuiltLibPath":	[]
					},
					"isolation":	{
					}
				}, {
					"domainName":	"domain_ps7_cortexa9_0",
					"domainDispName":	"domain_ps7_cortexa9_0",
					"domainDesc":	"domain_ps7_cortexa9_0",
					"processors":	"ps7_cortexa9_0",
					"os":	"standalone",
					"sdxOs":	"standalone",
					"qemuArgs":	"C:/Xilinx/Vitis/2020.1/data/emulation/platforms/zynq/qemu/qemu_args.txt",
					"qemuData":	"C:/Xilinx/Vitis/2020.1/data/emulation/platforms/zynq/qemu/",
					"debugEnable":	"False",
					"domRuntimes":	["cpp"],
					"swRepo":	"",
					"mssOsVer":	"7.2",
					"mssFile":	"",
					"md5Digest":	"85ba41434c82914f0e9e24fa6ddcf962",
					"compatibleApp":	"hello_world",
					"domType":	"mssDomain",
					"arch":	"32-bit",
					"appSettings":	{
						"appCompilerFlags":	"",
						"appLinkerFlags":	""
					},
					"addedLibs":	[],
					"libOptions":	{
						"libsContainingOptions":	[]
					},
					"prebuiltLibs":	{
						"prebuiltIncPath":	[],
						"prebuiltLibPath":	[]
					},
					"isolation":	{
					}
				}]
		}]
}
KEYINFO::2025-02-28.09:46:57::SCWPlatform::updated the xpfm file.
TRACE::2025-02-28.09:46:57::SCWPlatform::Trying to open the hw design at C:/Users/oparker/workspace/design_1_wrapper/hw/design_1_wrapper.xsa
TRACE::2025-02-28.09:46:57::SCWPlatform::DSA given C:/Users/oparker/workspace/design_1_wrapper/hw/design_1_wrapper.xsa
TRACE::2025-02-28.09:46:57::SCWPlatform::DSA absoulate path C:/Users/oparker/workspace/design_1_wrapper/hw/design_1_wrapper.xsa
TRACE::2025-02-28.09:46:57::SCWPlatform::DSA directory C:/Users/oparker/workspace/design_1_wrapper/hw
TRACE::2025-02-28.09:46:57::SCWPlatform:: Platform Path C:/Users/oparker/workspace/design_1_wrapper/hw/design_1_wrapper.xsa
TRACE::2025-02-28.09:46:57::SCWPlatform:: Unique name xilinx:zed::0.0
TRACE::2025-02-28.09:46:57::SCWPlatform::Trying to set the existing hwdb with name design_1_wrapper_4
TRACE::2025-02-28.09:46:57::SCWPlatform::Opened existing hwdb design_1_wrapper_4
TRACE::2025-02-28.09:46:57::SCWPlatform::Found the Hw Db part of the input DSA
TRACE::2025-02-28.09:46:57::SCWMssOS::Checking the sw design at  C:/Users/oparker/workspace/design_1_wrapper/ps7_cortexa9_0/domain_ps7_cortexa9_0/bsp/system.mss
TRACE::2025-02-28.09:46:57::SCWMssOS::DEBUG:  swdes dump  C:/Users/oparker/workspace/TPG/ps7_cortexa9_0/standalone_domain/bsp/system.mss|system_0||
C:/Users/oparker/workspace/TPG/zynq_fsbl/zynq_fsbl_bsp/system.mss|system||
C:/Users/oparker/workspace/design_1_wrapper/ps7_cortexa9_0/domain_ps7_cortexa9_0/bsp/system.mss|system_2||
C:/Users/oparker/workspace/design_1_wrapper/zynq_fsbl/zynq_fsbl_bsp/system.mss|system_1||

TRACE::2025-02-28.09:46:57::SCWMssOS::Sw design exists and opened at  C:/Users/oparker/workspace/design_1_wrapper/ps7_cortexa9_0/domain_ps7_cortexa9_0/bsp/system.mss
TRACE::2025-02-28.09:46:57::SCWMssOS::Saving the mss changes C:/Users/oparker/workspace/design_1_wrapper/zynq_fsbl/zynq_fsbl_bsp/system.mss
TRACE::2025-02-28.09:46:57::SCWMssOS::Found a swdesign opened with the mssfile.
TRACE::2025-02-28.09:46:57::SCWMssOS::Completed writemss as part of save.
TRACE::2025-02-28.09:46:57::SCWMssOS::Commit changes completed.
TRACE::2025-02-28.09:46:57::SCWMssOS::Saving the mss changes C:/Users/oparker/workspace/design_1_wrapper/ps7_cortexa9_0/domain_ps7_cortexa9_0/bsp/system.mss
TRACE::2025-02-28.09:46:57::SCWMssOS::Found a swdesign opened with the mssfile.
TRACE::2025-02-28.09:46:57::SCWMssOS::Completed writemss as part of save.
TRACE::2025-02-28.09:46:57::SCWMssOS::Commit changes completed.
TRACE::2025-02-28.09:46:57::SCWPlatform::Trying to open the hw design at C:/Users/oparker/workspace/design_1_wrapper/hw/design_1_wrapper.xsa
TRACE::2025-02-28.09:46:57::SCWPlatform::DSA given C:/Users/oparker/workspace/design_1_wrapper/hw/design_1_wrapper.xsa
TRACE::2025-02-28.09:46:57::SCWPlatform::DSA absoulate path C:/Users/oparker/workspace/design_1_wrapper/hw/design_1_wrapper.xsa
TRACE::2025-02-28.09:46:57::SCWPlatform::DSA directory C:/Users/oparker/workspace/design_1_wrapper/hw
TRACE::2025-02-28.09:46:57::SCWPlatform:: Platform Path C:/Users/oparker/workspace/design_1_wrapper/hw/design_1_wrapper.xsa
TRACE::2025-02-28.09:46:57::SCWPlatform:: Unique name xilinx:zed::0.0
TRACE::2025-02-28.09:46:57::SCWPlatform::Trying to set the existing hwdb with name design_1_wrapper_4
TRACE::2025-02-28.09:46:57::SCWPlatform::Opened existing hwdb design_1_wrapper_4
TRACE::2025-02-28.09:46:57::SCWPlatform::Found the Hw Db part of the input DSA
TRACE::2025-02-28.09:46:57::SCWMssOS::Checking the sw design at  C:/Users/oparker/workspace/design_1_wrapper/zynq_fsbl/zynq_fsbl_bsp/system.mss
TRACE::2025-02-28.09:46:57::SCWMssOS::DEBUG:  swdes dump  C:/Users/oparker/workspace/TPG/ps7_cortexa9_0/standalone_domain/bsp/system.mss|system_0||
C:/Users/oparker/workspace/TPG/zynq_fsbl/zynq_fsbl_bsp/system.mss|system||
C:/Users/oparker/workspace/design_1_wrapper/ps7_cortexa9_0/domain_ps7_cortexa9_0/bsp/system.mss|system_2||
C:/Users/oparker/workspace/design_1_wrapper/zynq_fsbl/zynq_fsbl_bsp/system.mss|system_1||

TRACE::2025-02-28.09:46:57::SCWMssOS::Sw design exists and opened at  C:/Users/oparker/workspace/design_1_wrapper/zynq_fsbl/zynq_fsbl_bsp/system.mss
TRACE::2025-02-28.09:46:57::SCWPlatform::Trying to open the hw design at C:/Users/oparker/workspace/design_1_wrapper/hw/design_1_wrapper.xsa
TRACE::2025-02-28.09:46:57::SCWPlatform::DSA given C:/Users/oparker/workspace/design_1_wrapper/hw/design_1_wrapper.xsa
TRACE::2025-02-28.09:46:57::SCWPlatform::DSA absoulate path C:/Users/oparker/workspace/design_1_wrapper/hw/design_1_wrapper.xsa
TRACE::2025-02-28.09:46:57::SCWPlatform::DSA directory C:/Users/oparker/workspace/design_1_wrapper/hw
TRACE::2025-02-28.09:46:57::SCWPlatform:: Platform Path C:/Users/oparker/workspace/design_1_wrapper/hw/design_1_wrapper.xsa
TRACE::2025-02-28.09:46:57::SCWPlatform:: Unique name xilinx:zed::0.0
TRACE::2025-02-28.09:46:57::SCWPlatform::Trying to set the existing hwdb with name design_1_wrapper_4
TRACE::2025-02-28.09:46:57::SCWPlatform::Opened existing hwdb design_1_wrapper_4
TRACE::2025-02-28.09:46:57::SCWPlatform::Found the Hw Db part of the input DSA
TRACE::2025-02-28.09:46:57::SCWMssOS::Checking the sw design at  C:/Users/oparker/workspace/design_1_wrapper/zynq_fsbl/zynq_fsbl_bsp/system.mss
TRACE::2025-02-28.09:46:57::SCWMssOS::DEBUG:  swdes dump  C:/Users/oparker/workspace/TPG/ps7_cortexa9_0/standalone_domain/bsp/system.mss|system_0||
C:/Users/oparker/workspace/TPG/zynq_fsbl/zynq_fsbl_bsp/system.mss|system||
C:/Users/oparker/workspace/design_1_wrapper/ps7_cortexa9_0/domain_ps7_cortexa9_0/bsp/system.mss|system_2||
C:/Users/oparker/workspace/design_1_wrapper/zynq_fsbl/zynq_fsbl_bsp/system.mss|system_1||

TRACE::2025-02-28.09:46:57::SCWMssOS::Sw design exists and opened at  C:/Users/oparker/workspace/design_1_wrapper/zynq_fsbl/zynq_fsbl_bsp/system.mss
TRACE::2025-02-28.09:46:57::SCWPlatform::Trying to open the hw design at C:/Users/oparker/workspace/design_1_wrapper/hw/design_1_wrapper.xsa
TRACE::2025-02-28.09:46:57::SCWPlatform::DSA given C:/Users/oparker/workspace/design_1_wrapper/hw/design_1_wrapper.xsa
TRACE::2025-02-28.09:46:57::SCWPlatform::DSA absoulate path C:/Users/oparker/workspace/design_1_wrapper/hw/design_1_wrapper.xsa
TRACE::2025-02-28.09:46:57::SCWPlatform::DSA directory C:/Users/oparker/workspace/design_1_wrapper/hw
TRACE::2025-02-28.09:46:57::SCWPlatform:: Platform Path C:/Users/oparker/workspace/design_1_wrapper/hw/design_1_wrapper.xsa
TRACE::2025-02-28.09:46:57::SCWPlatform:: Unique name xilinx:zed::0.0
TRACE::2025-02-28.09:46:57::SCWPlatform::Trying to set the existing hwdb with name design_1_wrapper_4
TRACE::2025-02-28.09:46:57::SCWPlatform::Opened existing hwdb design_1_wrapper_4
TRACE::2025-02-28.09:46:57::SCWPlatform::Found the Hw Db part of the input DSA
TRACE::2025-02-28.09:46:57::SCWMssOS::Checking the sw design at  C:/Users/oparker/workspace/design_1_wrapper/zynq_fsbl/zynq_fsbl_bsp/system.mss
TRACE::2025-02-28.09:46:57::SCWMssOS::DEBUG:  swdes dump  C:/Users/oparker/workspace/TPG/ps7_cortexa9_0/standalone_domain/bsp/system.mss|system_0||
C:/Users/oparker/workspace/TPG/zynq_fsbl/zynq_fsbl_bsp/system.mss|system||
C:/Users/oparker/workspace/design_1_wrapper/ps7_cortexa9_0/domain_ps7_cortexa9_0/bsp/system.mss|system_2||
C:/Users/oparker/workspace/design_1_wrapper/zynq_fsbl/zynq_fsbl_bsp/system.mss|system_1||

TRACE::2025-02-28.09:46:57::SCWMssOS::Sw design exists and opened at  C:/Users/oparker/workspace/design_1_wrapper/zynq_fsbl/zynq_fsbl_bsp/system.mss
TRACE::2025-02-28.09:46:57::SCWPlatform::Trying to open the hw design at C:/Users/oparker/workspace/design_1_wrapper/hw/design_1_wrapper.xsa
TRACE::2025-02-28.09:46:57::SCWPlatform::DSA given C:/Users/oparker/workspace/design_1_wrapper/hw/design_1_wrapper.xsa
TRACE::2025-02-28.09:46:57::SCWPlatform::DSA absoulate path C:/Users/oparker/workspace/design_1_wrapper/hw/design_1_wrapper.xsa
TRACE::2025-02-28.09:46:57::SCWPlatform::DSA directory C:/Users/oparker/workspace/design_1_wrapper/hw
TRACE::2025-02-28.09:46:57::SCWPlatform:: Platform Path C:/Users/oparker/workspace/design_1_wrapper/hw/design_1_wrapper.xsa
TRACE::2025-02-28.09:46:57::SCWPlatform:: Unique name xilinx:zed::0.0
TRACE::2025-02-28.09:46:57::SCWPlatform::Trying to set the existing hwdb with name design_1_wrapper_4
TRACE::2025-02-28.09:46:57::SCWPlatform::Opened existing hwdb design_1_wrapper_4
TRACE::2025-02-28.09:46:57::SCWPlatform::Found the Hw Db part of the input DSA
TRACE::2025-02-28.09:46:57::SCWMssOS::Checking the sw design at  C:/Users/oparker/workspace/design_1_wrapper/ps7_cortexa9_0/domain_ps7_cortexa9_0/bsp/system.mss
TRACE::2025-02-28.09:46:57::SCWMssOS::DEBUG:  swdes dump  C:/Users/oparker/workspace/TPG/ps7_cortexa9_0/standalone_domain/bsp/system.mss|system_0||
C:/Users/oparker/workspace/TPG/zynq_fsbl/zynq_fsbl_bsp/system.mss|system||
C:/Users/oparker/workspace/design_1_wrapper/ps7_cortexa9_0/domain_ps7_cortexa9_0/bsp/system.mss|system_2||
C:/Users/oparker/workspace/design_1_wrapper/zynq_fsbl/zynq_fsbl_bsp/system.mss|system_1||

TRACE::2025-02-28.09:46:57::SCWMssOS::Sw design exists and opened at  C:/Users/oparker/workspace/design_1_wrapper/ps7_cortexa9_0/domain_ps7_cortexa9_0/bsp/system.mss
TRACE::2025-02-28.09:46:57::SCWPlatform::Trying to open the hw design at C:/Users/oparker/workspace/design_1_wrapper/hw/design_1_wrapper.xsa
TRACE::2025-02-28.09:46:57::SCWPlatform::DSA given C:/Users/oparker/workspace/design_1_wrapper/hw/design_1_wrapper.xsa
TRACE::2025-02-28.09:46:57::SCWPlatform::DSA absoulate path C:/Users/oparker/workspace/design_1_wrapper/hw/design_1_wrapper.xsa
TRACE::2025-02-28.09:46:57::SCWPlatform::DSA directory C:/Users/oparker/workspace/design_1_wrapper/hw
TRACE::2025-02-28.09:46:57::SCWPlatform:: Platform Path C:/Users/oparker/workspace/design_1_wrapper/hw/design_1_wrapper.xsa
TRACE::2025-02-28.09:46:57::SCWPlatform:: Unique name xilinx:zed::0.0
TRACE::2025-02-28.09:46:57::SCWPlatform::Trying to set the existing hwdb with name design_1_wrapper_4
TRACE::2025-02-28.09:46:57::SCWPlatform::Opened existing hwdb design_1_wrapper_4
TRACE::2025-02-28.09:46:57::SCWPlatform::Found the Hw Db part of the input DSA
TRACE::2025-02-28.09:46:57::SCWMssOS::Checking the sw design at  C:/Users/oparker/workspace/design_1_wrapper/ps7_cortexa9_0/domain_ps7_cortexa9_0/bsp/system.mss
TRACE::2025-02-28.09:46:57::SCWMssOS::DEBUG:  swdes dump  C:/Users/oparker/workspace/TPG/ps7_cortexa9_0/standalone_domain/bsp/system.mss|system_0||
C:/Users/oparker/workspace/TPG/zynq_fsbl/zynq_fsbl_bsp/system.mss|system||
C:/Users/oparker/workspace/design_1_wrapper/ps7_cortexa9_0/domain_ps7_cortexa9_0/bsp/system.mss|system_2||
C:/Users/oparker/workspace/design_1_wrapper/zynq_fsbl/zynq_fsbl_bsp/system.mss|system_1||

TRACE::2025-02-28.09:46:57::SCWMssOS::Sw design exists and opened at  C:/Users/oparker/workspace/design_1_wrapper/ps7_cortexa9_0/domain_ps7_cortexa9_0/bsp/system.mss
TRACE::2025-02-28.09:46:57::SCWPlatform::Trying to open the hw design at C:/Users/oparker/workspace/design_1_wrapper/hw/design_1_wrapper.xsa
TRACE::2025-02-28.09:46:57::SCWPlatform::DSA given C:/Users/oparker/workspace/design_1_wrapper/hw/design_1_wrapper.xsa
TRACE::2025-02-28.09:46:57::SCWPlatform::DSA absoulate path C:/Users/oparker/workspace/design_1_wrapper/hw/design_1_wrapper.xsa
TRACE::2025-02-28.09:46:57::SCWPlatform::DSA directory C:/Users/oparker/workspace/design_1_wrapper/hw
TRACE::2025-02-28.09:46:57::SCWPlatform:: Platform Path C:/Users/oparker/workspace/design_1_wrapper/hw/design_1_wrapper.xsa
TRACE::2025-02-28.09:46:57::SCWPlatform:: Unique name xilinx:zed::0.0
TRACE::2025-02-28.09:46:57::SCWPlatform::Trying to set the existing hwdb with name design_1_wrapper_4
TRACE::2025-02-28.09:46:57::SCWPlatform::Opened existing hwdb design_1_wrapper_4
TRACE::2025-02-28.09:46:57::SCWPlatform::Found the Hw Db part of the input DSA
TRACE::2025-02-28.09:46:57::SCWMssOS::Checking the sw design at  C:/Users/oparker/workspace/design_1_wrapper/ps7_cortexa9_0/domain_ps7_cortexa9_0/bsp/system.mss
TRACE::2025-02-28.09:46:57::SCWMssOS::DEBUG:  swdes dump  C:/Users/oparker/workspace/TPG/ps7_cortexa9_0/standalone_domain/bsp/system.mss|system_0||
C:/Users/oparker/workspace/TPG/zynq_fsbl/zynq_fsbl_bsp/system.mss|system||
C:/Users/oparker/workspace/design_1_wrapper/ps7_cortexa9_0/domain_ps7_cortexa9_0/bsp/system.mss|system_2||
C:/Users/oparker/workspace/design_1_wrapper/zynq_fsbl/zynq_fsbl_bsp/system.mss|system_1||

TRACE::2025-02-28.09:46:57::SCWMssOS::Sw design exists and opened at  C:/Users/oparker/workspace/design_1_wrapper/ps7_cortexa9_0/domain_ps7_cortexa9_0/bsp/system.mss
TRACE::2025-02-28.09:46:57::SCWWriter::formatted JSON is {
	"platformName":	"design_1_wrapper",
	"sprVersion":	"2.0",
	"mode":	"gui",
	"dsaType":	"Fixed",
	"platformDesc":	"design_1_wrapper",
	"platHandOff":	"C:/Users/oparker/cpre488-mp2/project_1/design_1_wrapper.xsa",
	"platIntHandOff":	"<platformDir>/hw/design_1_wrapper.xsa",
	"deviceType":	"zynq",
	"platIsPrebuiltAutogen":	"false",
	"platIsNoBootBsp":	"false",
	"platFsblTarget":	"ps7_cortexa9_0",
	"hasFsblMakeHasChanges":	"false",
	"hasPmufwMakeHasChanges":	"false",
	"fsblExtraCompilerFlags":	"-MMD -MP       -mcpu=cortex-a9 -mfpu=vfpv3 -mfloat-abi=hard ",
	"platPreBuiltFlag":	false,
	"platformSamplesDir":	"",
	"platActiveSys":	"design_1_wrapper",
	"systems":	[{
			"systemName":	"design_1_wrapper",
			"systemDesc":	"design_1_wrapper",
			"sysIsBootAutoGen":	"true",
			"systemDispName":	"design_1_wrapper",
			"sysActiveDom":	"domain_ps7_cortexa9_0",
			"sysDefaultDom":	"domain_ps7_cortexa9_0",
			"domains":	[{
					"domainName":	"zynq_fsbl",
					"domainDispName":	"zynq_fsbl",
					"domainDesc":	"FSBL Application BSP - Auto Generated.",
					"processors":	"ps7_cortexa9_0",
					"os":	"standalone",
					"sdxOs":	"standalone",
					"debugEnable":	"",
					"domRuntimes":	["cpp"],
					"swRepo":	"",
					"mssOsVer":	"7.2",
					"mssFile":	"",
					"md5Digest":	"158a679dab493f3308b1d2cbafc496b0",
					"compatibleApp":	"zynq_fsbl",
					"domType":	"bootDomain",
					"arch":	"32-bit",
					"appSettings":	{
						"appCompilerFlags":	"",
						"appLinkerFlags":	""
					},
					"addedLibs":	["xilffs:4.3", "xilrsa:1.6"],
					"libOptions":	{
						"libsContainingOptions":	[]
					},
					"prebuiltLibs":	{
						"prebuiltIncPath":	[],
						"prebuiltLibPath":	[]
					},
					"isolation":	{
					}
				}, {
					"domainName":	"domain_ps7_cortexa9_0",
					"domainDispName":	"domain_ps7_cortexa9_0",
					"domainDesc":	"domain_ps7_cortexa9_0",
					"processors":	"ps7_cortexa9_0",
					"os":	"standalone",
					"sdxOs":	"standalone",
					"qemuArgs":	"C:/Xilinx/Vitis/2020.1/data/emulation/platforms/zynq/qemu/qemu_args.txt",
					"qemuData":	"C:/Xilinx/Vitis/2020.1/data/emulation/platforms/zynq/qemu/",
					"debugEnable":	"False",
					"domRuntimes":	["cpp"],
					"swRepo":	"",
					"mssOsVer":	"7.2",
					"mssFile":	"",
					"md5Digest":	"85ba41434c82914f0e9e24fa6ddcf962",
					"compatibleApp":	"hello_world",
					"domType":	"mssDomain",
					"arch":	"32-bit",
					"appSettings":	{
						"appCompilerFlags":	"",
						"appLinkerFlags":	""
					},
					"addedLibs":	[],
					"libOptions":	{
						"libsContainingOptions":	[]
					},
					"prebuiltLibs":	{
						"prebuiltIncPath":	[],
						"prebuiltLibPath":	[]
					},
					"isolation":	{
					}
				}]
		}]
}
TRACE::2025-02-28.09:46:57::SCWPlatform::Trying to open the hw design at C:/Users/oparker/workspace/design_1_wrapper/hw/design_1_wrapper.xsa
TRACE::2025-02-28.09:46:57::SCWPlatform::DSA given C:/Users/oparker/workspace/design_1_wrapper/hw/design_1_wrapper.xsa
TRACE::2025-02-28.09:46:57::SCWPlatform::DSA absoulate path C:/Users/oparker/workspace/design_1_wrapper/hw/design_1_wrapper.xsa
TRACE::2025-02-28.09:46:57::SCWPlatform::DSA directory C:/Users/oparker/workspace/design_1_wrapper/hw
TRACE::2025-02-28.09:46:57::SCWPlatform:: Platform Path C:/Users/oparker/workspace/design_1_wrapper/hw/design_1_wrapper.xsa
TRACE::2025-02-28.09:46:57::SCWPlatform:: Unique name xilinx:zed::0.0
TRACE::2025-02-28.09:46:57::SCWPlatform::Trying to set the existing hwdb with name design_1_wrapper_4
TRACE::2025-02-28.09:46:57::SCWPlatform::Opened existing hwdb design_1_wrapper_4
TRACE::2025-02-28.09:46:57::SCWPlatform::Found the Hw Db part of the input DSA
TRACE::2025-02-28.09:46:57::SCWMssOS::Checking the sw design at  C:/Users/oparker/workspace/design_1_wrapper/ps7_cortexa9_0/domain_ps7_cortexa9_0/bsp/system.mss
TRACE::2025-02-28.09:46:57::SCWMssOS::DEBUG:  swdes dump  C:/Users/oparker/workspace/TPG/ps7_cortexa9_0/standalone_domain/bsp/system.mss|system_0||
C:/Users/oparker/workspace/TPG/zynq_fsbl/zynq_fsbl_bsp/system.mss|system||
C:/Users/oparker/workspace/design_1_wrapper/ps7_cortexa9_0/domain_ps7_cortexa9_0/bsp/system.mss|system_2||
C:/Users/oparker/workspace/design_1_wrapper/zynq_fsbl/zynq_fsbl_bsp/system.mss|system_1||

TRACE::2025-02-28.09:46:57::SCWMssOS::Sw design exists and opened at  C:/Users/oparker/workspace/design_1_wrapper/ps7_cortexa9_0/domain_ps7_cortexa9_0/bsp/system.mss
TRACE::2025-02-28.09:46:57::SCWPlatform::Trying to open the hw design at C:/Users/oparker/workspace/design_1_wrapper/hw/design_1_wrapper.xsa
TRACE::2025-02-28.09:46:57::SCWPlatform::DSA given C:/Users/oparker/workspace/design_1_wrapper/hw/design_1_wrapper.xsa
TRACE::2025-02-28.09:46:57::SCWPlatform::DSA absoulate path C:/Users/oparker/workspace/design_1_wrapper/hw/design_1_wrapper.xsa
TRACE::2025-02-28.09:46:57::SCWPlatform::DSA directory C:/Users/oparker/workspace/design_1_wrapper/hw
TRACE::2025-02-28.09:46:57::SCWPlatform:: Platform Path C:/Users/oparker/workspace/design_1_wrapper/hw/design_1_wrapper.xsa
TRACE::2025-02-28.09:46:57::SCWPlatform:: Unique name xilinx:zed::0.0
TRACE::2025-02-28.09:46:57::SCWPlatform::Trying to set the existing hwdb with name design_1_wrapper_4
TRACE::2025-02-28.09:46:57::SCWPlatform::Opened existing hwdb design_1_wrapper_4
TRACE::2025-02-28.09:46:57::SCWPlatform::Found the Hw Db part of the input DSA
TRACE::2025-02-28.09:46:57::SCWMssOS::Checking the sw design at  C:/Users/oparker/workspace/design_1_wrapper/ps7_cortexa9_0/domain_ps7_cortexa9_0/bsp/system.mss
TRACE::2025-02-28.09:46:57::SCWMssOS::DEBUG:  swdes dump  C:/Users/oparker/workspace/TPG/ps7_cortexa9_0/standalone_domain/bsp/system.mss|system_0||
C:/Users/oparker/workspace/TPG/zynq_fsbl/zynq_fsbl_bsp/system.mss|system||
C:/Users/oparker/workspace/design_1_wrapper/ps7_cortexa9_0/domain_ps7_cortexa9_0/bsp/system.mss|system_2||
C:/Users/oparker/workspace/design_1_wrapper/zynq_fsbl/zynq_fsbl_bsp/system.mss|system_1||

TRACE::2025-02-28.09:46:57::SCWMssOS::Sw design exists and opened at  C:/Users/oparker/workspace/design_1_wrapper/ps7_cortexa9_0/domain_ps7_cortexa9_0/bsp/system.mss
TRACE::2025-02-28.09:46:57::SCWMssOS::Saving the mss changes C:/Users/oparker/workspace/design_1_wrapper/zynq_fsbl/zynq_fsbl_bsp/system.mss
TRACE::2025-02-28.09:46:57::SCWMssOS::Found a swdesign opened with the mssfile.
TRACE::2025-02-28.09:46:57::SCWMssOS::Completed writemss as part of save.
TRACE::2025-02-28.09:46:57::SCWMssOS::Commit changes completed.
TRACE::2025-02-28.09:46:57::SCWMssOS::Saving the mss changes C:/Users/oparker/workspace/design_1_wrapper/ps7_cortexa9_0/domain_ps7_cortexa9_0/bsp/system.mss
TRACE::2025-02-28.09:46:57::SCWMssOS::Found a swdesign opened with the mssfile.
TRACE::2025-02-28.09:46:57::SCWMssOS::Completed writemss as part of save.
TRACE::2025-02-28.09:46:57::SCWMssOS::Commit changes completed.
TRACE::2025-02-28.09:46:57::SCWPlatform::Trying to open the hw design at C:/Users/oparker/workspace/design_1_wrapper/hw/design_1_wrapper.xsa
TRACE::2025-02-28.09:46:57::SCWPlatform::DSA given C:/Users/oparker/workspace/design_1_wrapper/hw/design_1_wrapper.xsa
TRACE::2025-02-28.09:46:57::SCWPlatform::DSA absoulate path C:/Users/oparker/workspace/design_1_wrapper/hw/design_1_wrapper.xsa
TRACE::2025-02-28.09:46:57::SCWPlatform::DSA directory C:/Users/oparker/workspace/design_1_wrapper/hw
TRACE::2025-02-28.09:46:57::SCWPlatform:: Platform Path C:/Users/oparker/workspace/design_1_wrapper/hw/design_1_wrapper.xsa
TRACE::2025-02-28.09:46:57::SCWPlatform:: Unique name xilinx:zed::0.0
TRACE::2025-02-28.09:46:57::SCWPlatform::Trying to set the existing hwdb with name design_1_wrapper_4
TRACE::2025-02-28.09:46:57::SCWPlatform::Opened existing hwdb design_1_wrapper_4
TRACE::2025-02-28.09:46:57::SCWPlatform::Found the Hw Db part of the input DSA
TRACE::2025-02-28.09:46:57::SCWMssOS::Checking the sw design at  C:/Users/oparker/workspace/design_1_wrapper/zynq_fsbl/zynq_fsbl_bsp/system.mss
TRACE::2025-02-28.09:46:57::SCWMssOS::DEBUG:  swdes dump  C:/Users/oparker/workspace/TPG/ps7_cortexa9_0/standalone_domain/bsp/system.mss|system_0||
C:/Users/oparker/workspace/TPG/zynq_fsbl/zynq_fsbl_bsp/system.mss|system||
C:/Users/oparker/workspace/design_1_wrapper/ps7_cortexa9_0/domain_ps7_cortexa9_0/bsp/system.mss|system_2||
C:/Users/oparker/workspace/design_1_wrapper/zynq_fsbl/zynq_fsbl_bsp/system.mss|system_1||

TRACE::2025-02-28.09:46:57::SCWMssOS::Sw design exists and opened at  C:/Users/oparker/workspace/design_1_wrapper/zynq_fsbl/zynq_fsbl_bsp/system.mss
TRACE::2025-02-28.09:46:57::SCWPlatform::Trying to open the hw design at C:/Users/oparker/workspace/design_1_wrapper/hw/design_1_wrapper.xsa
TRACE::2025-02-28.09:46:57::SCWPlatform::DSA given C:/Users/oparker/workspace/design_1_wrapper/hw/design_1_wrapper.xsa
TRACE::2025-02-28.09:46:57::SCWPlatform::DSA absoulate path C:/Users/oparker/workspace/design_1_wrapper/hw/design_1_wrapper.xsa
TRACE::2025-02-28.09:46:57::SCWPlatform::DSA directory C:/Users/oparker/workspace/design_1_wrapper/hw
TRACE::2025-02-28.09:46:57::SCWPlatform:: Platform Path C:/Users/oparker/workspace/design_1_wrapper/hw/design_1_wrapper.xsa
TRACE::2025-02-28.09:46:57::SCWPlatform:: Unique name xilinx:zed::0.0
TRACE::2025-02-28.09:46:57::SCWPlatform::Trying to set the existing hwdb with name design_1_wrapper_4
TRACE::2025-02-28.09:46:57::SCWPlatform::Opened existing hwdb design_1_wrapper_4
TRACE::2025-02-28.09:46:57::SCWPlatform::Found the Hw Db part of the input DSA
TRACE::2025-02-28.09:46:57::SCWMssOS::Checking the sw design at  C:/Users/oparker/workspace/design_1_wrapper/zynq_fsbl/zynq_fsbl_bsp/system.mss
TRACE::2025-02-28.09:46:57::SCWMssOS::DEBUG:  swdes dump  C:/Users/oparker/workspace/TPG/ps7_cortexa9_0/standalone_domain/bsp/system.mss|system_0||
C:/Users/oparker/workspace/TPG/zynq_fsbl/zynq_fsbl_bsp/system.mss|system||
C:/Users/oparker/workspace/design_1_wrapper/ps7_cortexa9_0/domain_ps7_cortexa9_0/bsp/system.mss|system_2||
C:/Users/oparker/workspace/design_1_wrapper/zynq_fsbl/zynq_fsbl_bsp/system.mss|system_1||

TRACE::2025-02-28.09:46:57::SCWMssOS::Sw design exists and opened at  C:/Users/oparker/workspace/design_1_wrapper/zynq_fsbl/zynq_fsbl_bsp/system.mss
TRACE::2025-02-28.09:46:57::SCWPlatform::Trying to open the hw design at C:/Users/oparker/workspace/design_1_wrapper/hw/design_1_wrapper.xsa
TRACE::2025-02-28.09:46:57::SCWPlatform::DSA given C:/Users/oparker/workspace/design_1_wrapper/hw/design_1_wrapper.xsa
TRACE::2025-02-28.09:46:57::SCWPlatform::DSA absoulate path C:/Users/oparker/workspace/design_1_wrapper/hw/design_1_wrapper.xsa
TRACE::2025-02-28.09:46:57::SCWPlatform::DSA directory C:/Users/oparker/workspace/design_1_wrapper/hw
TRACE::2025-02-28.09:46:57::SCWPlatform:: Platform Path C:/Users/oparker/workspace/design_1_wrapper/hw/design_1_wrapper.xsa
TRACE::2025-02-28.09:46:57::SCWPlatform:: Unique name xilinx:zed::0.0
TRACE::2025-02-28.09:46:57::SCWPlatform::Trying to set the existing hwdb with name design_1_wrapper_4
TRACE::2025-02-28.09:46:57::SCWPlatform::Opened existing hwdb design_1_wrapper_4
TRACE::2025-02-28.09:46:57::SCWPlatform::Found the Hw Db part of the input DSA
TRACE::2025-02-28.09:46:57::SCWMssOS::Checking the sw design at  C:/Users/oparker/workspace/design_1_wrapper/zynq_fsbl/zynq_fsbl_bsp/system.mss
TRACE::2025-02-28.09:46:57::SCWMssOS::DEBUG:  swdes dump  C:/Users/oparker/workspace/TPG/ps7_cortexa9_0/standalone_domain/bsp/system.mss|system_0||
C:/Users/oparker/workspace/TPG/zynq_fsbl/zynq_fsbl_bsp/system.mss|system||
C:/Users/oparker/workspace/design_1_wrapper/ps7_cortexa9_0/domain_ps7_cortexa9_0/bsp/system.mss|system_2||
C:/Users/oparker/workspace/design_1_wrapper/zynq_fsbl/zynq_fsbl_bsp/system.mss|system_1||

TRACE::2025-02-28.09:46:57::SCWMssOS::Sw design exists and opened at  C:/Users/oparker/workspace/design_1_wrapper/zynq_fsbl/zynq_fsbl_bsp/system.mss
TRACE::2025-02-28.09:46:57::SCWPlatform::Trying to open the hw design at C:/Users/oparker/workspace/design_1_wrapper/hw/design_1_wrapper.xsa
TRACE::2025-02-28.09:46:57::SCWPlatform::DSA given C:/Users/oparker/workspace/design_1_wrapper/hw/design_1_wrapper.xsa
TRACE::2025-02-28.09:46:57::SCWPlatform::DSA absoulate path C:/Users/oparker/workspace/design_1_wrapper/hw/design_1_wrapper.xsa
TRACE::2025-02-28.09:46:57::SCWPlatform::DSA directory C:/Users/oparker/workspace/design_1_wrapper/hw
TRACE::2025-02-28.09:46:57::SCWPlatform:: Platform Path C:/Users/oparker/workspace/design_1_wrapper/hw/design_1_wrapper.xsa
TRACE::2025-02-28.09:46:57::SCWPlatform:: Unique name xilinx:zed::0.0
TRACE::2025-02-28.09:46:57::SCWPlatform::Trying to set the existing hwdb with name design_1_wrapper_4
TRACE::2025-02-28.09:46:57::SCWPlatform::Opened existing hwdb design_1_wrapper_4
TRACE::2025-02-28.09:46:57::SCWPlatform::Found the Hw Db part of the input DSA
TRACE::2025-02-28.09:46:57::SCWMssOS::Checking the sw design at  C:/Users/oparker/workspace/design_1_wrapper/ps7_cortexa9_0/domain_ps7_cortexa9_0/bsp/system.mss
TRACE::2025-02-28.09:46:57::SCWMssOS::DEBUG:  swdes dump  C:/Users/oparker/workspace/TPG/ps7_cortexa9_0/standalone_domain/bsp/system.mss|system_0||
C:/Users/oparker/workspace/TPG/zynq_fsbl/zynq_fsbl_bsp/system.mss|system||
C:/Users/oparker/workspace/design_1_wrapper/ps7_cortexa9_0/domain_ps7_cortexa9_0/bsp/system.mss|system_2||
C:/Users/oparker/workspace/design_1_wrapper/zynq_fsbl/zynq_fsbl_bsp/system.mss|system_1||

TRACE::2025-02-28.09:46:57::SCWMssOS::Sw design exists and opened at  C:/Users/oparker/workspace/design_1_wrapper/ps7_cortexa9_0/domain_ps7_cortexa9_0/bsp/system.mss
TRACE::2025-02-28.09:46:57::SCWPlatform::Trying to open the hw design at C:/Users/oparker/workspace/design_1_wrapper/hw/design_1_wrapper.xsa
TRACE::2025-02-28.09:46:57::SCWPlatform::DSA given C:/Users/oparker/workspace/design_1_wrapper/hw/design_1_wrapper.xsa
TRACE::2025-02-28.09:46:57::SCWPlatform::DSA absoulate path C:/Users/oparker/workspace/design_1_wrapper/hw/design_1_wrapper.xsa
TRACE::2025-02-28.09:46:57::SCWPlatform::DSA directory C:/Users/oparker/workspace/design_1_wrapper/hw
TRACE::2025-02-28.09:46:57::SCWPlatform:: Platform Path C:/Users/oparker/workspace/design_1_wrapper/hw/design_1_wrapper.xsa
TRACE::2025-02-28.09:46:57::SCWPlatform:: Unique name xilinx:zed::0.0
TRACE::2025-02-28.09:46:57::SCWPlatform::Trying to set the existing hwdb with name design_1_wrapper_4
TRACE::2025-02-28.09:46:57::SCWPlatform::Opened existing hwdb design_1_wrapper_4
TRACE::2025-02-28.09:46:57::SCWPlatform::Found the Hw Db part of the input DSA
TRACE::2025-02-28.09:46:57::SCWMssOS::Checking the sw design at  C:/Users/oparker/workspace/design_1_wrapper/ps7_cortexa9_0/domain_ps7_cortexa9_0/bsp/system.mss
TRACE::2025-02-28.09:46:57::SCWMssOS::DEBUG:  swdes dump  C:/Users/oparker/workspace/TPG/ps7_cortexa9_0/standalone_domain/bsp/system.mss|system_0||
C:/Users/oparker/workspace/TPG/zynq_fsbl/zynq_fsbl_bsp/system.mss|system||
C:/Users/oparker/workspace/design_1_wrapper/ps7_cortexa9_0/domain_ps7_cortexa9_0/bsp/system.mss|system_2||
C:/Users/oparker/workspace/design_1_wrapper/zynq_fsbl/zynq_fsbl_bsp/system.mss|system_1||

TRACE::2025-02-28.09:46:57::SCWMssOS::Sw design exists and opened at  C:/Users/oparker/workspace/design_1_wrapper/ps7_cortexa9_0/domain_ps7_cortexa9_0/bsp/system.mss
TRACE::2025-02-28.09:46:57::SCWPlatform::Trying to open the hw design at C:/Users/oparker/workspace/design_1_wrapper/hw/design_1_wrapper.xsa
TRACE::2025-02-28.09:46:57::SCWPlatform::DSA given C:/Users/oparker/workspace/design_1_wrapper/hw/design_1_wrapper.xsa
TRACE::2025-02-28.09:46:57::SCWPlatform::DSA absoulate path C:/Users/oparker/workspace/design_1_wrapper/hw/design_1_wrapper.xsa
TRACE::2025-02-28.09:46:57::SCWPlatform::DSA directory C:/Users/oparker/workspace/design_1_wrapper/hw
TRACE::2025-02-28.09:46:57::SCWPlatform:: Platform Path C:/Users/oparker/workspace/design_1_wrapper/hw/design_1_wrapper.xsa
TRACE::2025-02-28.09:46:57::SCWPlatform:: Unique name xilinx:zed::0.0
TRACE::2025-02-28.09:46:57::SCWPlatform::Trying to set the existing hwdb with name design_1_wrapper_4
TRACE::2025-02-28.09:46:57::SCWPlatform::Opened existing hwdb design_1_wrapper_4
TRACE::2025-02-28.09:46:57::SCWPlatform::Found the Hw Db part of the input DSA
TRACE::2025-02-28.09:46:57::SCWMssOS::Checking the sw design at  C:/Users/oparker/workspace/design_1_wrapper/ps7_cortexa9_0/domain_ps7_cortexa9_0/bsp/system.mss
TRACE::2025-02-28.09:46:57::SCWMssOS::DEBUG:  swdes dump  C:/Users/oparker/workspace/TPG/ps7_cortexa9_0/standalone_domain/bsp/system.mss|system_0||
C:/Users/oparker/workspace/TPG/zynq_fsbl/zynq_fsbl_bsp/system.mss|system||
C:/Users/oparker/workspace/design_1_wrapper/ps7_cortexa9_0/domain_ps7_cortexa9_0/bsp/system.mss|system_2||
C:/Users/oparker/workspace/design_1_wrapper/zynq_fsbl/zynq_fsbl_bsp/system.mss|system_1||

TRACE::2025-02-28.09:46:57::SCWMssOS::Sw design exists and opened at  C:/Users/oparker/workspace/design_1_wrapper/ps7_cortexa9_0/domain_ps7_cortexa9_0/bsp/system.mss
TRACE::2025-02-28.09:46:57::SCWWriter::formatted JSON is {
	"platformName":	"design_1_wrapper",
	"sprVersion":	"2.0",
	"mode":	"gui",
	"dsaType":	"Fixed",
	"platformDesc":	"design_1_wrapper",
	"platHandOff":	"C:/Users/oparker/cpre488-mp2/project_1/design_1_wrapper.xsa",
	"platIntHandOff":	"<platformDir>/hw/design_1_wrapper.xsa",
	"deviceType":	"zynq",
	"platIsPrebuiltAutogen":	"false",
	"platIsNoBootBsp":	"false",
	"platFsblTarget":	"ps7_cortexa9_0",
	"hasFsblMakeHasChanges":	"false",
	"hasPmufwMakeHasChanges":	"false",
	"fsblExtraCompilerFlags":	"-MMD -MP       -mcpu=cortex-a9 -mfpu=vfpv3 -mfloat-abi=hard ",
	"platPreBuiltFlag":	false,
	"platformSamplesDir":	"",
	"platActiveSys":	"design_1_wrapper",
	"systems":	[{
			"systemName":	"design_1_wrapper",
			"systemDesc":	"design_1_wrapper",
			"sysIsBootAutoGen":	"true",
			"systemDispName":	"design_1_wrapper",
			"sysActiveDom":	"domain_ps7_cortexa9_0",
			"sysDefaultDom":	"domain_ps7_cortexa9_0",
			"domains":	[{
					"domainName":	"zynq_fsbl",
					"domainDispName":	"zynq_fsbl",
					"domainDesc":	"FSBL Application BSP - Auto Generated.",
					"processors":	"ps7_cortexa9_0",
					"os":	"standalone",
					"sdxOs":	"standalone",
					"debugEnable":	"",
					"domRuntimes":	["cpp"],
					"swRepo":	"",
					"mssOsVer":	"7.2",
					"mssFile":	"",
					"md5Digest":	"158a679dab493f3308b1d2cbafc496b0",
					"compatibleApp":	"zynq_fsbl",
					"domType":	"bootDomain",
					"arch":	"32-bit",
					"appSettings":	{
						"appCompilerFlags":	"",
						"appLinkerFlags":	""
					},
					"addedLibs":	["xilffs:4.3", "xilrsa:1.6"],
					"libOptions":	{
						"libsContainingOptions":	[]
					},
					"prebuiltLibs":	{
						"prebuiltIncPath":	[],
						"prebuiltLibPath":	[]
					},
					"isolation":	{
					}
				}, {
					"domainName":	"domain_ps7_cortexa9_0",
					"domainDispName":	"domain_ps7_cortexa9_0",
					"domainDesc":	"domain_ps7_cortexa9_0",
					"processors":	"ps7_cortexa9_0",
					"os":	"standalone",
					"sdxOs":	"standalone",
					"qemuArgs":	"C:/Xilinx/Vitis/2020.1/data/emulation/platforms/zynq/qemu/qemu_args.txt",
					"qemuData":	"C:/Xilinx/Vitis/2020.1/data/emulation/platforms/zynq/qemu/",
					"debugEnable":	"False",
					"domRuntimes":	["cpp"],
					"swRepo":	"",
					"mssOsVer":	"7.2",
					"mssFile":	"",
					"md5Digest":	"85ba41434c82914f0e9e24fa6ddcf962",
					"compatibleApp":	"hello_world",
					"domType":	"mssDomain",
					"arch":	"32-bit",
					"appSettings":	{
						"appCompilerFlags":	"",
						"appLinkerFlags":	""
					},
					"addedLibs":	[],
					"libOptions":	{
						"libsContainingOptions":	[]
					},
					"prebuiltLibs":	{
						"prebuiltIncPath":	[],
						"prebuiltLibPath":	[]
					},
					"isolation":	{
					}
				}]
		}]
}
LOG::2025-02-28.09:46:57::SCWPlatform::Started generating the artifacts platform design_1_wrapper
TRACE::2025-02-28.09:46:57::SCWPlatform::Sanity checking of platform is completed
LOG::2025-02-28.09:46:57::SCWPlatform::Started generating the artifacts for system configuration design_1_wrapper
LOG::2025-02-28.09:46:57::SCWSystem::Started Processing the domain domain_ps7_cortexa9_0
TRACE::2025-02-28.09:46:57::SCWDomain::Generating domain artifcats
TRACE::2025-02-28.09:46:57::SCWMssOS::Generating standalone artifcats
TRACE::2025-02-28.09:46:57::SCWMssOS::Copying the qemu file from  C:/Xilinx/Vitis/2020.1/data/emulation/platforms/zynq/qemu/qemu_args.txt To C:/Users/oparker/workspace/design_1_wrapper/export/design_1_wrapper/sw/design_1_wrapper/qemu/
TRACE::2025-02-28.09:46:57::SCWMssOS::Copying the qemu file from  C:/Xilinx/Vitis/2020.1/data/emulation/platforms/zynq/qemu/qemu_args.txt To C:/Users/oparker/workspace/design_1_wrapper/export/design_1_wrapper/sw/design_1_wrapper/domain_ps7_cortexa9_0/qemu/
TRACE::2025-02-28.09:46:57::SCWMssOS:: Copying the user libraries. 
TRACE::2025-02-28.09:46:57::SCWPlatform::Trying to open the hw design at C:/Users/oparker/workspace/design_1_wrapper/hw/design_1_wrapper.xsa
TRACE::2025-02-28.09:46:57::SCWPlatform::DSA given C:/Users/oparker/workspace/design_1_wrapper/hw/design_1_wrapper.xsa
TRACE::2025-02-28.09:46:57::SCWPlatform::DSA absoulate path C:/Users/oparker/workspace/design_1_wrapper/hw/design_1_wrapper.xsa
TRACE::2025-02-28.09:46:57::SCWPlatform::DSA directory C:/Users/oparker/workspace/design_1_wrapper/hw
TRACE::2025-02-28.09:46:57::SCWPlatform:: Platform Path C:/Users/oparker/workspace/design_1_wrapper/hw/design_1_wrapper.xsa
TRACE::2025-02-28.09:46:57::SCWPlatform:: Unique name xilinx:zed::0.0
TRACE::2025-02-28.09:46:57::SCWPlatform::Trying to set the existing hwdb with name design_1_wrapper_4
TRACE::2025-02-28.09:46:57::SCWPlatform::Opened existing hwdb design_1_wrapper_4
TRACE::2025-02-28.09:46:57::SCWPlatform::Found the Hw Db part of the input DSA
TRACE::2025-02-28.09:46:57::SCWMssOS::Checking the sw design at  C:/Users/oparker/workspace/design_1_wrapper/ps7_cortexa9_0/domain_ps7_cortexa9_0/bsp/system.mss
TRACE::2025-02-28.09:46:57::SCWMssOS::DEBUG:  swdes dump  C:/Users/oparker/workspace/TPG/ps7_cortexa9_0/standalone_domain/bsp/system.mss|system_0||
C:/Users/oparker/workspace/TPG/zynq_fsbl/zynq_fsbl_bsp/system.mss|system||
C:/Users/oparker/workspace/design_1_wrapper/ps7_cortexa9_0/domain_ps7_cortexa9_0/bsp/system.mss|system_2||
C:/Users/oparker/workspace/design_1_wrapper/zynq_fsbl/zynq_fsbl_bsp/system.mss|system_1||

TRACE::2025-02-28.09:46:57::SCWMssOS::Sw design exists and opened at  C:/Users/oparker/workspace/design_1_wrapper/ps7_cortexa9_0/domain_ps7_cortexa9_0/bsp/system.mss
TRACE::2025-02-28.09:46:57::SCWMssOS::Completed writing the mss file at C:/Users/oparker/workspace/design_1_wrapper/ps7_cortexa9_0/domain_ps7_cortexa9_0/bsp
TRACE::2025-02-28.09:46:57::SCWMssOS::Mss edits present, copying mssfile into export location C:/Users/oparker/workspace/design_1_wrapper/ps7_cortexa9_0/domain_ps7_cortexa9_0/bsp/system.mss
TRACE::2025-02-28.09:46:57::SCWMssOS::bsp generated is upto date with the mss file. Skipping bsp generation.
TRACE::2025-02-28.09:46:57::SCWMssOS::BSP is already built. skipping the bsp build ... 
TRACE::2025-02-28.09:46:57::SCWDomain::Building the domain as part of full build :  domain_ps7_cortexa9_0
TRACE::2025-02-28.09:46:57::SCWMssOS::skipping the bsp build ... 
TRACE::2025-02-28.09:46:57::SCWMssOS::Copying to export directory.
TRACE::2025-02-28.09:46:57::SCWMssOS:: Checking if to create the Supporting Applications
TRACE::2025-02-28.09:46:57::SCWMssOS:: No Linux domain exists, trying to generate FSBL 
TRACE::2025-02-28.09:46:57::SCWMssOS:: Completed Standalone Artifacts creation 
LOG::2025-02-28.09:46:57::SCWSystem::Completed Processing the domain domain_ps7_cortexa9_0
LOG::2025-02-28.09:46:57::SCWSystem::Completed Processing the sysconfig design_1_wrapper
LOG::2025-02-28.09:46:57::SCWPlatform::Completed generating the artifacts for system configuration design_1_wrapper
TRACE::2025-02-28.09:46:57::SCWPlatform::Started preparing the platform 
TRACE::2025-02-28.09:46:57::SCWSystem::Writing the bif file for system config design_1_wrapper
TRACE::2025-02-28.09:46:57::SCWSystem::dir created 
TRACE::2025-02-28.09:46:57::SCWSystem::Writing the bif 
TRACE::2025-02-28.09:46:57::SCWPlatform::Started writing the spfm file 
TRACE::2025-02-28.09:46:57::SCWPlatform::Started writing the xpfm file 
TRACE::2025-02-28.09:46:57::SCWPlatform::Completed generating the platform
TRACE::2025-02-28.09:46:57::SCWMssOS::Saving the mss changes C:/Users/oparker/workspace/design_1_wrapper/zynq_fsbl/zynq_fsbl_bsp/system.mss
TRACE::2025-02-28.09:46:57::SCWMssOS::Found a swdesign opened with the mssfile.
TRACE::2025-02-28.09:46:57::SCWMssOS::Completed writemss as part of save.
TRACE::2025-02-28.09:46:57::SCWMssOS::Commit changes completed.
TRACE::2025-02-28.09:46:57::SCWMssOS::Saving the mss changes C:/Users/oparker/workspace/design_1_wrapper/ps7_cortexa9_0/domain_ps7_cortexa9_0/bsp/system.mss
TRACE::2025-02-28.09:46:57::SCWMssOS::Found a swdesign opened with the mssfile.
TRACE::2025-02-28.09:46:57::SCWMssOS::Completed writemss as part of save.
TRACE::2025-02-28.09:46:57::SCWMssOS::Commit changes completed.
TRACE::2025-02-28.09:46:57::SCWPlatform::Trying to open the hw design at C:/Users/oparker/workspace/design_1_wrapper/hw/design_1_wrapper.xsa
TRACE::2025-02-28.09:46:57::SCWPlatform::DSA given C:/Users/oparker/workspace/design_1_wrapper/hw/design_1_wrapper.xsa
TRACE::2025-02-28.09:46:57::SCWPlatform::DSA absoulate path C:/Users/oparker/workspace/design_1_wrapper/hw/design_1_wrapper.xsa
TRACE::2025-02-28.09:46:57::SCWPlatform::DSA directory C:/Users/oparker/workspace/design_1_wrapper/hw
TRACE::2025-02-28.09:46:57::SCWPlatform:: Platform Path C:/Users/oparker/workspace/design_1_wrapper/hw/design_1_wrapper.xsa
TRACE::2025-02-28.09:46:57::SCWPlatform:: Unique name xilinx:zed::0.0
TRACE::2025-02-28.09:46:57::SCWPlatform::Trying to set the existing hwdb with name design_1_wrapper_4
TRACE::2025-02-28.09:46:57::SCWPlatform::Opened existing hwdb design_1_wrapper_4
TRACE::2025-02-28.09:46:57::SCWPlatform::Found the Hw Db part of the input DSA
TRACE::2025-02-28.09:46:57::SCWMssOS::Checking the sw design at  C:/Users/oparker/workspace/design_1_wrapper/zynq_fsbl/zynq_fsbl_bsp/system.mss
TRACE::2025-02-28.09:46:57::SCWMssOS::DEBUG:  swdes dump  C:/Users/oparker/workspace/TPG/ps7_cortexa9_0/standalone_domain/bsp/system.mss|system_0||
C:/Users/oparker/workspace/TPG/zynq_fsbl/zynq_fsbl_bsp/system.mss|system||
C:/Users/oparker/workspace/design_1_wrapper/ps7_cortexa9_0/domain_ps7_cortexa9_0/bsp/system.mss|system_2||
C:/Users/oparker/workspace/design_1_wrapper/zynq_fsbl/zynq_fsbl_bsp/system.mss|system_1||

TRACE::2025-02-28.09:46:57::SCWMssOS::Sw design exists and opened at  C:/Users/oparker/workspace/design_1_wrapper/zynq_fsbl/zynq_fsbl_bsp/system.mss
TRACE::2025-02-28.09:46:57::SCWPlatform::Trying to open the hw design at C:/Users/oparker/workspace/design_1_wrapper/hw/design_1_wrapper.xsa
TRACE::2025-02-28.09:46:57::SCWPlatform::DSA given C:/Users/oparker/workspace/design_1_wrapper/hw/design_1_wrapper.xsa
TRACE::2025-02-28.09:46:57::SCWPlatform::DSA absoulate path C:/Users/oparker/workspace/design_1_wrapper/hw/design_1_wrapper.xsa
TRACE::2025-02-28.09:46:57::SCWPlatform::DSA directory C:/Users/oparker/workspace/design_1_wrapper/hw
TRACE::2025-02-28.09:46:57::SCWPlatform:: Platform Path C:/Users/oparker/workspace/design_1_wrapper/hw/design_1_wrapper.xsa
TRACE::2025-02-28.09:46:57::SCWPlatform:: Unique name xilinx:zed::0.0
TRACE::2025-02-28.09:46:57::SCWPlatform::Trying to set the existing hwdb with name design_1_wrapper_4
TRACE::2025-02-28.09:46:57::SCWPlatform::Opened existing hwdb design_1_wrapper_4
TRACE::2025-02-28.09:46:57::SCWPlatform::Found the Hw Db part of the input DSA
TRACE::2025-02-28.09:46:57::SCWMssOS::Checking the sw design at  C:/Users/oparker/workspace/design_1_wrapper/zynq_fsbl/zynq_fsbl_bsp/system.mss
TRACE::2025-02-28.09:46:57::SCWMssOS::DEBUG:  swdes dump  C:/Users/oparker/workspace/TPG/ps7_cortexa9_0/standalone_domain/bsp/system.mss|system_0||
C:/Users/oparker/workspace/TPG/zynq_fsbl/zynq_fsbl_bsp/system.mss|system||
C:/Users/oparker/workspace/design_1_wrapper/ps7_cortexa9_0/domain_ps7_cortexa9_0/bsp/system.mss|system_2||
C:/Users/oparker/workspace/design_1_wrapper/zynq_fsbl/zynq_fsbl_bsp/system.mss|system_1||

TRACE::2025-02-28.09:46:57::SCWMssOS::Sw design exists and opened at  C:/Users/oparker/workspace/design_1_wrapper/zynq_fsbl/zynq_fsbl_bsp/system.mss
TRACE::2025-02-28.09:46:57::SCWPlatform::Trying to open the hw design at C:/Users/oparker/workspace/design_1_wrapper/hw/design_1_wrapper.xsa
TRACE::2025-02-28.09:46:57::SCWPlatform::DSA given C:/Users/oparker/workspace/design_1_wrapper/hw/design_1_wrapper.xsa
TRACE::2025-02-28.09:46:57::SCWPlatform::DSA absoulate path C:/Users/oparker/workspace/design_1_wrapper/hw/design_1_wrapper.xsa
TRACE::2025-02-28.09:46:57::SCWPlatform::DSA directory C:/Users/oparker/workspace/design_1_wrapper/hw
TRACE::2025-02-28.09:46:57::SCWPlatform:: Platform Path C:/Users/oparker/workspace/design_1_wrapper/hw/design_1_wrapper.xsa
TRACE::2025-02-28.09:46:57::SCWPlatform:: Unique name xilinx:zed::0.0
TRACE::2025-02-28.09:46:57::SCWPlatform::Trying to set the existing hwdb with name design_1_wrapper_4
TRACE::2025-02-28.09:46:57::SCWPlatform::Opened existing hwdb design_1_wrapper_4
TRACE::2025-02-28.09:46:57::SCWPlatform::Found the Hw Db part of the input DSA
TRACE::2025-02-28.09:46:57::SCWMssOS::Checking the sw design at  C:/Users/oparker/workspace/design_1_wrapper/zynq_fsbl/zynq_fsbl_bsp/system.mss
TRACE::2025-02-28.09:46:57::SCWMssOS::DEBUG:  swdes dump  C:/Users/oparker/workspace/TPG/ps7_cortexa9_0/standalone_domain/bsp/system.mss|system_0||
C:/Users/oparker/workspace/TPG/zynq_fsbl/zynq_fsbl_bsp/system.mss|system||
C:/Users/oparker/workspace/design_1_wrapper/ps7_cortexa9_0/domain_ps7_cortexa9_0/bsp/system.mss|system_2||
C:/Users/oparker/workspace/design_1_wrapper/zynq_fsbl/zynq_fsbl_bsp/system.mss|system_1||

TRACE::2025-02-28.09:46:57::SCWMssOS::Sw design exists and opened at  C:/Users/oparker/workspace/design_1_wrapper/zynq_fsbl/zynq_fsbl_bsp/system.mss
TRACE::2025-02-28.09:46:57::SCWPlatform::Trying to open the hw design at C:/Users/oparker/workspace/design_1_wrapper/hw/design_1_wrapper.xsa
TRACE::2025-02-28.09:46:57::SCWPlatform::DSA given C:/Users/oparker/workspace/design_1_wrapper/hw/design_1_wrapper.xsa
TRACE::2025-02-28.09:46:57::SCWPlatform::DSA absoulate path C:/Users/oparker/workspace/design_1_wrapper/hw/design_1_wrapper.xsa
TRACE::2025-02-28.09:46:57::SCWPlatform::DSA directory C:/Users/oparker/workspace/design_1_wrapper/hw
TRACE::2025-02-28.09:46:57::SCWPlatform:: Platform Path C:/Users/oparker/workspace/design_1_wrapper/hw/design_1_wrapper.xsa
TRACE::2025-02-28.09:46:57::SCWPlatform:: Unique name xilinx:zed::0.0
TRACE::2025-02-28.09:46:57::SCWPlatform::Trying to set the existing hwdb with name design_1_wrapper_4
TRACE::2025-02-28.09:46:57::SCWPlatform::Opened existing hwdb design_1_wrapper_4
TRACE::2025-02-28.09:46:57::SCWPlatform::Found the Hw Db part of the input DSA
TRACE::2025-02-28.09:46:57::SCWMssOS::Checking the sw design at  C:/Users/oparker/workspace/design_1_wrapper/ps7_cortexa9_0/domain_ps7_cortexa9_0/bsp/system.mss
TRACE::2025-02-28.09:46:57::SCWMssOS::DEBUG:  swdes dump  C:/Users/oparker/workspace/TPG/ps7_cortexa9_0/standalone_domain/bsp/system.mss|system_0||
C:/Users/oparker/workspace/TPG/zynq_fsbl/zynq_fsbl_bsp/system.mss|system||
C:/Users/oparker/workspace/design_1_wrapper/ps7_cortexa9_0/domain_ps7_cortexa9_0/bsp/system.mss|system_2||
C:/Users/oparker/workspace/design_1_wrapper/zynq_fsbl/zynq_fsbl_bsp/system.mss|system_1||

TRACE::2025-02-28.09:46:57::SCWMssOS::Sw design exists and opened at  C:/Users/oparker/workspace/design_1_wrapper/ps7_cortexa9_0/domain_ps7_cortexa9_0/bsp/system.mss
TRACE::2025-02-28.09:46:57::SCWPlatform::Trying to open the hw design at C:/Users/oparker/workspace/design_1_wrapper/hw/design_1_wrapper.xsa
TRACE::2025-02-28.09:46:57::SCWPlatform::DSA given C:/Users/oparker/workspace/design_1_wrapper/hw/design_1_wrapper.xsa
TRACE::2025-02-28.09:46:57::SCWPlatform::DSA absoulate path C:/Users/oparker/workspace/design_1_wrapper/hw/design_1_wrapper.xsa
TRACE::2025-02-28.09:46:57::SCWPlatform::DSA directory C:/Users/oparker/workspace/design_1_wrapper/hw
TRACE::2025-02-28.09:46:57::SCWPlatform:: Platform Path C:/Users/oparker/workspace/design_1_wrapper/hw/design_1_wrapper.xsa
TRACE::2025-02-28.09:46:57::SCWPlatform:: Unique name xilinx:zed::0.0
TRACE::2025-02-28.09:46:57::SCWPlatform::Trying to set the existing hwdb with name design_1_wrapper_4
TRACE::2025-02-28.09:46:57::SCWPlatform::Opened existing hwdb design_1_wrapper_4
TRACE::2025-02-28.09:46:57::SCWPlatform::Found the Hw Db part of the input DSA
TRACE::2025-02-28.09:46:57::SCWMssOS::Checking the sw design at  C:/Users/oparker/workspace/design_1_wrapper/ps7_cortexa9_0/domain_ps7_cortexa9_0/bsp/system.mss
TRACE::2025-02-28.09:46:57::SCWMssOS::DEBUG:  swdes dump  C:/Users/oparker/workspace/TPG/ps7_cortexa9_0/standalone_domain/bsp/system.mss|system_0||
C:/Users/oparker/workspace/TPG/zynq_fsbl/zynq_fsbl_bsp/system.mss|system||
C:/Users/oparker/workspace/design_1_wrapper/ps7_cortexa9_0/domain_ps7_cortexa9_0/bsp/system.mss|system_2||
C:/Users/oparker/workspace/design_1_wrapper/zynq_fsbl/zynq_fsbl_bsp/system.mss|system_1||

TRACE::2025-02-28.09:46:57::SCWMssOS::Sw design exists and opened at  C:/Users/oparker/workspace/design_1_wrapper/ps7_cortexa9_0/domain_ps7_cortexa9_0/bsp/system.mss
TRACE::2025-02-28.09:46:57::SCWPlatform::Trying to open the hw design at C:/Users/oparker/workspace/design_1_wrapper/hw/design_1_wrapper.xsa
TRACE::2025-02-28.09:46:57::SCWPlatform::DSA given C:/Users/oparker/workspace/design_1_wrapper/hw/design_1_wrapper.xsa
TRACE::2025-02-28.09:46:57::SCWPlatform::DSA absoulate path C:/Users/oparker/workspace/design_1_wrapper/hw/design_1_wrapper.xsa
TRACE::2025-02-28.09:46:57::SCWPlatform::DSA directory C:/Users/oparker/workspace/design_1_wrapper/hw
TRACE::2025-02-28.09:46:57::SCWPlatform:: Platform Path C:/Users/oparker/workspace/design_1_wrapper/hw/design_1_wrapper.xsa
TRACE::2025-02-28.09:46:57::SCWPlatform:: Unique name xilinx:zed::0.0
TRACE::2025-02-28.09:46:57::SCWPlatform::Trying to set the existing hwdb with name design_1_wrapper_4
TRACE::2025-02-28.09:46:57::SCWPlatform::Opened existing hwdb design_1_wrapper_4
TRACE::2025-02-28.09:46:57::SCWPlatform::Found the Hw Db part of the input DSA
TRACE::2025-02-28.09:46:57::SCWMssOS::Checking the sw design at  C:/Users/oparker/workspace/design_1_wrapper/ps7_cortexa9_0/domain_ps7_cortexa9_0/bsp/system.mss
TRACE::2025-02-28.09:46:57::SCWMssOS::DEBUG:  swdes dump  C:/Users/oparker/workspace/TPG/ps7_cortexa9_0/standalone_domain/bsp/system.mss|system_0||
C:/Users/oparker/workspace/TPG/zynq_fsbl/zynq_fsbl_bsp/system.mss|system||
C:/Users/oparker/workspace/design_1_wrapper/ps7_cortexa9_0/domain_ps7_cortexa9_0/bsp/system.mss|system_2||
C:/Users/oparker/workspace/design_1_wrapper/zynq_fsbl/zynq_fsbl_bsp/system.mss|system_1||

TRACE::2025-02-28.09:46:57::SCWMssOS::Sw design exists and opened at  C:/Users/oparker/workspace/design_1_wrapper/ps7_cortexa9_0/domain_ps7_cortexa9_0/bsp/system.mss
TRACE::2025-02-28.09:46:57::SCWWriter::formatted JSON is {
	"platformName":	"design_1_wrapper",
	"sprVersion":	"2.0",
	"mode":	"gui",
	"dsaType":	"Fixed",
	"platformDesc":	"design_1_wrapper",
	"platHandOff":	"C:/Users/oparker/cpre488-mp2/project_1/design_1_wrapper.xsa",
	"platIntHandOff":	"<platformDir>/hw/design_1_wrapper.xsa",
	"deviceType":	"zynq",
	"platIsPrebuiltAutogen":	"false",
	"platIsNoBootBsp":	"false",
	"platFsblTarget":	"ps7_cortexa9_0",
	"hasFsblMakeHasChanges":	"false",
	"hasPmufwMakeHasChanges":	"false",
	"fsblExtraCompilerFlags":	"-MMD -MP       -mcpu=cortex-a9 -mfpu=vfpv3 -mfloat-abi=hard ",
	"platPreBuiltFlag":	false,
	"platformSamplesDir":	"",
	"platActiveSys":	"design_1_wrapper",
	"systems":	[{
			"systemName":	"design_1_wrapper",
			"systemDesc":	"design_1_wrapper",
			"sysIsBootAutoGen":	"true",
			"systemDispName":	"design_1_wrapper",
			"sysActiveDom":	"domain_ps7_cortexa9_0",
			"sysDefaultDom":	"domain_ps7_cortexa9_0",
			"domains":	[{
					"domainName":	"zynq_fsbl",
					"domainDispName":	"zynq_fsbl",
					"domainDesc":	"FSBL Application BSP - Auto Generated.",
					"processors":	"ps7_cortexa9_0",
					"os":	"standalone",
					"sdxOs":	"standalone",
					"debugEnable":	"",
					"domRuntimes":	["cpp"],
					"swRepo":	"",
					"mssOsVer":	"7.2",
					"mssFile":	"",
					"md5Digest":	"158a679dab493f3308b1d2cbafc496b0",
					"compatibleApp":	"zynq_fsbl",
					"domType":	"bootDomain",
					"arch":	"32-bit",
					"appSettings":	{
						"appCompilerFlags":	"",
						"appLinkerFlags":	""
					},
					"addedLibs":	["xilffs:4.3", "xilrsa:1.6"],
					"libOptions":	{
						"libsContainingOptions":	[]
					},
					"prebuiltLibs":	{
						"prebuiltIncPath":	[],
						"prebuiltLibPath":	[]
					},
					"isolation":	{
					}
				}, {
					"domainName":	"domain_ps7_cortexa9_0",
					"domainDispName":	"domain_ps7_cortexa9_0",
					"domainDesc":	"domain_ps7_cortexa9_0",
					"processors":	"ps7_cortexa9_0",
					"os":	"standalone",
					"sdxOs":	"standalone",
					"qemuArgs":	"C:/Xilinx/Vitis/2020.1/data/emulation/platforms/zynq/qemu/qemu_args.txt",
					"qemuData":	"C:/Xilinx/Vitis/2020.1/data/emulation/platforms/zynq/qemu/",
					"debugEnable":	"False",
					"domRuntimes":	["cpp"],
					"swRepo":	"",
					"mssOsVer":	"7.2",
					"mssFile":	"",
					"md5Digest":	"85ba41434c82914f0e9e24fa6ddcf962",
					"compatibleApp":	"hello_world",
					"domType":	"mssDomain",
					"arch":	"32-bit",
					"appSettings":	{
						"appCompilerFlags":	"",
						"appLinkerFlags":	""
					},
					"addedLibs":	[],
					"libOptions":	{
						"libsContainingOptions":	[]
					},
					"prebuiltLibs":	{
						"prebuiltIncPath":	[],
						"prebuiltLibPath":	[]
					},
					"isolation":	{
					}
				}]
		}]
}
KEYINFO::2025-02-28.09:46:57::SCWPlatform::updated the xpfm file.
TRACE::2025-02-28.09:51:30::SCWPlatform::Trying to open the hw design at C:/Users/oparker/workspace/design_1_wrapper/hw/design_1_wrapper.xsa
TRACE::2025-02-28.09:51:30::SCWPlatform::DSA given C:/Users/oparker/workspace/design_1_wrapper/hw/design_1_wrapper.xsa
TRACE::2025-02-28.09:51:30::SCWPlatform::DSA absoulate path C:/Users/oparker/workspace/design_1_wrapper/hw/design_1_wrapper.xsa
TRACE::2025-02-28.09:51:30::SCWPlatform::DSA directory C:/Users/oparker/workspace/design_1_wrapper/hw
TRACE::2025-02-28.09:51:30::SCWPlatform:: Platform Path C:/Users/oparker/workspace/design_1_wrapper/hw/design_1_wrapper.xsa
TRACE::2025-02-28.09:51:30::SCWPlatform:: Unique name xilinx:zed::0.0
TRACE::2025-02-28.09:51:30::SCWPlatform::Trying to set the existing hwdb with name design_1_wrapper_4
TRACE::2025-02-28.09:51:30::SCWPlatform::Opened existing hwdb design_1_wrapper_4
TRACE::2025-02-28.09:51:30::SCWPlatform::Found the Hw Db part of the input DSA
TRACE::2025-02-28.09:51:30::SCWMssOS::Checking the sw design at  C:/Users/oparker/workspace/design_1_wrapper/zynq_fsbl/zynq_fsbl_bsp/system.mss
TRACE::2025-02-28.09:51:30::SCWMssOS::DEBUG:  swdes dump  C:/Users/oparker/workspace/TPG/zynq_fsbl/zynq_fsbl_bsp/system.mss|system||
C:/Users/oparker/workspace/design_1_wrapper/ps7_cortexa9_0/domain_ps7_cortexa9_0/bsp/system.mss|system_2||
C:/Users/oparker/workspace/design_1_wrapper/zynq_fsbl/zynq_fsbl_bsp/system.mss|system_1||

TRACE::2025-02-28.09:51:30::SCWMssOS::Sw design exists and opened at  C:/Users/oparker/workspace/design_1_wrapper/zynq_fsbl/zynq_fsbl_bsp/system.mss
TRACE::2025-02-28.09:51:30::SCWMssOS::Saving the mss changes C:/Users/oparker/workspace/design_1_wrapper/zynq_fsbl/zynq_fsbl_bsp/system.mss
TRACE::2025-02-28.09:51:30::SCWMssOS::Found a swdesign opened with the mssfile.
TRACE::2025-02-28.09:51:30::SCWMssOS::Completed writemss as part of save.
TRACE::2025-02-28.09:51:30::SCWMssOS::Commit changes completed.
TRACE::2025-02-28.09:51:30::SCWMssOS::Saving the mss changes C:/Users/oparker/workspace/design_1_wrapper/ps7_cortexa9_0/domain_ps7_cortexa9_0/bsp/system.mss
TRACE::2025-02-28.09:51:30::SCWMssOS::Found a swdesign opened with the mssfile.
TRACE::2025-02-28.09:51:30::SCWMssOS::Completed writemss as part of save.
TRACE::2025-02-28.09:51:30::SCWMssOS::Commit changes completed.
TRACE::2025-02-28.09:51:30::SCWPlatform::Trying to open the hw design at C:/Users/oparker/workspace/design_1_wrapper/hw/design_1_wrapper.xsa
TRACE::2025-02-28.09:51:30::SCWPlatform::DSA given C:/Users/oparker/workspace/design_1_wrapper/hw/design_1_wrapper.xsa
TRACE::2025-02-28.09:51:30::SCWPlatform::DSA absoulate path C:/Users/oparker/workspace/design_1_wrapper/hw/design_1_wrapper.xsa
TRACE::2025-02-28.09:51:30::SCWPlatform::DSA directory C:/Users/oparker/workspace/design_1_wrapper/hw
TRACE::2025-02-28.09:51:30::SCWPlatform:: Platform Path C:/Users/oparker/workspace/design_1_wrapper/hw/design_1_wrapper.xsa
TRACE::2025-02-28.09:51:30::SCWPlatform:: Unique name xilinx:zed::0.0
TRACE::2025-02-28.09:51:30::SCWPlatform::Trying to set the existing hwdb with name design_1_wrapper_4
TRACE::2025-02-28.09:51:30::SCWPlatform::Opened existing hwdb design_1_wrapper_4
TRACE::2025-02-28.09:51:30::SCWPlatform::Found the Hw Db part of the input DSA
TRACE::2025-02-28.09:51:30::SCWMssOS::Checking the sw design at  C:/Users/oparker/workspace/design_1_wrapper/zynq_fsbl/zynq_fsbl_bsp/system.mss
TRACE::2025-02-28.09:51:30::SCWMssOS::DEBUG:  swdes dump  C:/Users/oparker/workspace/TPG/zynq_fsbl/zynq_fsbl_bsp/system.mss|system||
C:/Users/oparker/workspace/design_1_wrapper/ps7_cortexa9_0/domain_ps7_cortexa9_0/bsp/system.mss|system_2||
C:/Users/oparker/workspace/design_1_wrapper/zynq_fsbl/zynq_fsbl_bsp/system.mss|system_1||

TRACE::2025-02-28.09:51:30::SCWMssOS::Sw design exists and opened at  C:/Users/oparker/workspace/design_1_wrapper/zynq_fsbl/zynq_fsbl_bsp/system.mss
TRACE::2025-02-28.09:51:30::SCWPlatform::Trying to open the hw design at C:/Users/oparker/workspace/design_1_wrapper/hw/design_1_wrapper.xsa
TRACE::2025-02-28.09:51:30::SCWPlatform::DSA given C:/Users/oparker/workspace/design_1_wrapper/hw/design_1_wrapper.xsa
TRACE::2025-02-28.09:51:30::SCWPlatform::DSA absoulate path C:/Users/oparker/workspace/design_1_wrapper/hw/design_1_wrapper.xsa
TRACE::2025-02-28.09:51:30::SCWPlatform::DSA directory C:/Users/oparker/workspace/design_1_wrapper/hw
TRACE::2025-02-28.09:51:30::SCWPlatform:: Platform Path C:/Users/oparker/workspace/design_1_wrapper/hw/design_1_wrapper.xsa
TRACE::2025-02-28.09:51:30::SCWPlatform:: Unique name xilinx:zed::0.0
TRACE::2025-02-28.09:51:30::SCWPlatform::Trying to set the existing hwdb with name design_1_wrapper_4
TRACE::2025-02-28.09:51:30::SCWPlatform::Opened existing hwdb design_1_wrapper_4
TRACE::2025-02-28.09:51:30::SCWPlatform::Found the Hw Db part of the input DSA
TRACE::2025-02-28.09:51:30::SCWMssOS::Checking the sw design at  C:/Users/oparker/workspace/design_1_wrapper/zynq_fsbl/zynq_fsbl_bsp/system.mss
TRACE::2025-02-28.09:51:30::SCWMssOS::DEBUG:  swdes dump  C:/Users/oparker/workspace/TPG/zynq_fsbl/zynq_fsbl_bsp/system.mss|system||
C:/Users/oparker/workspace/design_1_wrapper/ps7_cortexa9_0/domain_ps7_cortexa9_0/bsp/system.mss|system_2||
C:/Users/oparker/workspace/design_1_wrapper/zynq_fsbl/zynq_fsbl_bsp/system.mss|system_1||

TRACE::2025-02-28.09:51:30::SCWMssOS::Sw design exists and opened at  C:/Users/oparker/workspace/design_1_wrapper/zynq_fsbl/zynq_fsbl_bsp/system.mss
TRACE::2025-02-28.09:51:30::SCWPlatform::Trying to open the hw design at C:/Users/oparker/workspace/design_1_wrapper/hw/design_1_wrapper.xsa
TRACE::2025-02-28.09:51:30::SCWPlatform::DSA given C:/Users/oparker/workspace/design_1_wrapper/hw/design_1_wrapper.xsa
TRACE::2025-02-28.09:51:30::SCWPlatform::DSA absoulate path C:/Users/oparker/workspace/design_1_wrapper/hw/design_1_wrapper.xsa
TRACE::2025-02-28.09:51:30::SCWPlatform::DSA directory C:/Users/oparker/workspace/design_1_wrapper/hw
TRACE::2025-02-28.09:51:30::SCWPlatform:: Platform Path C:/Users/oparker/workspace/design_1_wrapper/hw/design_1_wrapper.xsa
TRACE::2025-02-28.09:51:30::SCWPlatform:: Unique name xilinx:zed::0.0
TRACE::2025-02-28.09:51:30::SCWPlatform::Trying to set the existing hwdb with name design_1_wrapper_4
TRACE::2025-02-28.09:51:30::SCWPlatform::Opened existing hwdb design_1_wrapper_4
TRACE::2025-02-28.09:51:30::SCWPlatform::Found the Hw Db part of the input DSA
TRACE::2025-02-28.09:51:30::SCWMssOS::Checking the sw design at  C:/Users/oparker/workspace/design_1_wrapper/zynq_fsbl/zynq_fsbl_bsp/system.mss
TRACE::2025-02-28.09:51:30::SCWMssOS::DEBUG:  swdes dump  C:/Users/oparker/workspace/TPG/zynq_fsbl/zynq_fsbl_bsp/system.mss|system||
C:/Users/oparker/workspace/design_1_wrapper/ps7_cortexa9_0/domain_ps7_cortexa9_0/bsp/system.mss|system_2||
C:/Users/oparker/workspace/design_1_wrapper/zynq_fsbl/zynq_fsbl_bsp/system.mss|system_1||

TRACE::2025-02-28.09:51:30::SCWMssOS::Sw design exists and opened at  C:/Users/oparker/workspace/design_1_wrapper/zynq_fsbl/zynq_fsbl_bsp/system.mss
TRACE::2025-02-28.09:51:30::SCWPlatform::Trying to open the hw design at C:/Users/oparker/workspace/design_1_wrapper/hw/design_1_wrapper.xsa
TRACE::2025-02-28.09:51:30::SCWPlatform::DSA given C:/Users/oparker/workspace/design_1_wrapper/hw/design_1_wrapper.xsa
TRACE::2025-02-28.09:51:30::SCWPlatform::DSA absoulate path C:/Users/oparker/workspace/design_1_wrapper/hw/design_1_wrapper.xsa
TRACE::2025-02-28.09:51:30::SCWPlatform::DSA directory C:/Users/oparker/workspace/design_1_wrapper/hw
TRACE::2025-02-28.09:51:30::SCWPlatform:: Platform Path C:/Users/oparker/workspace/design_1_wrapper/hw/design_1_wrapper.xsa
TRACE::2025-02-28.09:51:30::SCWPlatform:: Unique name xilinx:zed::0.0
TRACE::2025-02-28.09:51:30::SCWPlatform::Trying to set the existing hwdb with name design_1_wrapper_4
TRACE::2025-02-28.09:51:30::SCWPlatform::Opened existing hwdb design_1_wrapper_4
TRACE::2025-02-28.09:51:30::SCWPlatform::Found the Hw Db part of the input DSA
TRACE::2025-02-28.09:51:30::SCWMssOS::Checking the sw design at  C:/Users/oparker/workspace/design_1_wrapper/ps7_cortexa9_0/domain_ps7_cortexa9_0/bsp/system.mss
TRACE::2025-02-28.09:51:30::SCWMssOS::DEBUG:  swdes dump  C:/Users/oparker/workspace/TPG/zynq_fsbl/zynq_fsbl_bsp/system.mss|system||
C:/Users/oparker/workspace/design_1_wrapper/ps7_cortexa9_0/domain_ps7_cortexa9_0/bsp/system.mss|system_2||
C:/Users/oparker/workspace/design_1_wrapper/zynq_fsbl/zynq_fsbl_bsp/system.mss|system_1||

TRACE::2025-02-28.09:51:30::SCWMssOS::Sw design exists and opened at  C:/Users/oparker/workspace/design_1_wrapper/ps7_cortexa9_0/domain_ps7_cortexa9_0/bsp/system.mss
TRACE::2025-02-28.09:51:30::SCWPlatform::Trying to open the hw design at C:/Users/oparker/workspace/design_1_wrapper/hw/design_1_wrapper.xsa
TRACE::2025-02-28.09:51:30::SCWPlatform::DSA given C:/Users/oparker/workspace/design_1_wrapper/hw/design_1_wrapper.xsa
TRACE::2025-02-28.09:51:30::SCWPlatform::DSA absoulate path C:/Users/oparker/workspace/design_1_wrapper/hw/design_1_wrapper.xsa
TRACE::2025-02-28.09:51:30::SCWPlatform::DSA directory C:/Users/oparker/workspace/design_1_wrapper/hw
TRACE::2025-02-28.09:51:30::SCWPlatform:: Platform Path C:/Users/oparker/workspace/design_1_wrapper/hw/design_1_wrapper.xsa
TRACE::2025-02-28.09:51:30::SCWPlatform:: Unique name xilinx:zed::0.0
TRACE::2025-02-28.09:51:30::SCWPlatform::Trying to set the existing hwdb with name design_1_wrapper_4
TRACE::2025-02-28.09:51:30::SCWPlatform::Opened existing hwdb design_1_wrapper_4
TRACE::2025-02-28.09:51:30::SCWPlatform::Found the Hw Db part of the input DSA
TRACE::2025-02-28.09:51:30::SCWMssOS::Checking the sw design at  C:/Users/oparker/workspace/design_1_wrapper/ps7_cortexa9_0/domain_ps7_cortexa9_0/bsp/system.mss
TRACE::2025-02-28.09:51:30::SCWMssOS::DEBUG:  swdes dump  C:/Users/oparker/workspace/TPG/zynq_fsbl/zynq_fsbl_bsp/system.mss|system||
C:/Users/oparker/workspace/design_1_wrapper/ps7_cortexa9_0/domain_ps7_cortexa9_0/bsp/system.mss|system_2||
C:/Users/oparker/workspace/design_1_wrapper/zynq_fsbl/zynq_fsbl_bsp/system.mss|system_1||

TRACE::2025-02-28.09:51:30::SCWMssOS::Sw design exists and opened at  C:/Users/oparker/workspace/design_1_wrapper/ps7_cortexa9_0/domain_ps7_cortexa9_0/bsp/system.mss
TRACE::2025-02-28.09:51:30::SCWPlatform::Trying to open the hw design at C:/Users/oparker/workspace/design_1_wrapper/hw/design_1_wrapper.xsa
TRACE::2025-02-28.09:51:30::SCWPlatform::DSA given C:/Users/oparker/workspace/design_1_wrapper/hw/design_1_wrapper.xsa
TRACE::2025-02-28.09:51:30::SCWPlatform::DSA absoulate path C:/Users/oparker/workspace/design_1_wrapper/hw/design_1_wrapper.xsa
TRACE::2025-02-28.09:51:30::SCWPlatform::DSA directory C:/Users/oparker/workspace/design_1_wrapper/hw
TRACE::2025-02-28.09:51:30::SCWPlatform:: Platform Path C:/Users/oparker/workspace/design_1_wrapper/hw/design_1_wrapper.xsa
TRACE::2025-02-28.09:51:30::SCWPlatform:: Unique name xilinx:zed::0.0
TRACE::2025-02-28.09:51:30::SCWPlatform::Trying to set the existing hwdb with name design_1_wrapper_4
TRACE::2025-02-28.09:51:30::SCWPlatform::Opened existing hwdb design_1_wrapper_4
TRACE::2025-02-28.09:51:30::SCWPlatform::Found the Hw Db part of the input DSA
TRACE::2025-02-28.09:51:30::SCWMssOS::Checking the sw design at  C:/Users/oparker/workspace/design_1_wrapper/ps7_cortexa9_0/domain_ps7_cortexa9_0/bsp/system.mss
TRACE::2025-02-28.09:51:30::SCWMssOS::DEBUG:  swdes dump  C:/Users/oparker/workspace/TPG/zynq_fsbl/zynq_fsbl_bsp/system.mss|system||
C:/Users/oparker/workspace/design_1_wrapper/ps7_cortexa9_0/domain_ps7_cortexa9_0/bsp/system.mss|system_2||
C:/Users/oparker/workspace/design_1_wrapper/zynq_fsbl/zynq_fsbl_bsp/system.mss|system_1||

TRACE::2025-02-28.09:51:30::SCWMssOS::Sw design exists and opened at  C:/Users/oparker/workspace/design_1_wrapper/ps7_cortexa9_0/domain_ps7_cortexa9_0/bsp/system.mss
TRACE::2025-02-28.09:51:30::SCWWriter::formatted JSON is {
	"platformName":	"design_1_wrapper",
	"sprVersion":	"2.0",
	"mode":	"gui",
	"dsaType":	"Fixed",
	"platformDesc":	"design_1_wrapper",
	"platHandOff":	"C:/Users/oparker/cpre488-mp2/project_1/design_1_wrapper.xsa",
	"platIntHandOff":	"<platformDir>/hw/design_1_wrapper.xsa",
	"deviceType":	"zynq",
	"platIsPrebuiltAutogen":	"false",
	"platIsNoBootBsp":	"false",
	"platFsblTarget":	"ps7_cortexa9_0",
	"hasFsblMakeHasChanges":	"false",
	"hasPmufwMakeHasChanges":	"false",
	"fsblExtraCompilerFlags":	"-MMD -MP       -mcpu=cortex-a9 -mfpu=vfpv3 -mfloat-abi=hard ",
	"platPreBuiltFlag":	false,
	"platformSamplesDir":	"",
	"platActiveSys":	"design_1_wrapper",
	"systems":	[{
			"systemName":	"design_1_wrapper",
			"systemDesc":	"design_1_wrapper",
			"sysIsBootAutoGen":	"true",
			"systemDispName":	"design_1_wrapper",
			"sysActiveDom":	"zynq_fsbl",
			"sysDefaultDom":	"domain_ps7_cortexa9_0",
			"domains":	[{
					"domainName":	"zynq_fsbl",
					"domainDispName":	"zynq_fsbl",
					"domainDesc":	"FSBL Application BSP - Auto Generated.",
					"processors":	"ps7_cortexa9_0",
					"os":	"standalone",
					"sdxOs":	"standalone",
					"debugEnable":	"",
					"domRuntimes":	["cpp"],
					"swRepo":	"",
					"mssOsVer":	"7.2",
					"mssFile":	"",
					"md5Digest":	"158a679dab493f3308b1d2cbafc496b0",
					"compatibleApp":	"zynq_fsbl",
					"domType":	"bootDomain",
					"arch":	"32-bit",
					"appSettings":	{
						"appCompilerFlags":	"",
						"appLinkerFlags":	""
					},
					"addedLibs":	["xilffs:4.3", "xilrsa:1.6"],
					"libOptions":	{
						"libsContainingOptions":	[]
					},
					"prebuiltLibs":	{
						"prebuiltIncPath":	[],
						"prebuiltLibPath":	[]
					},
					"isolation":	{
					}
				}, {
					"domainName":	"domain_ps7_cortexa9_0",
					"domainDispName":	"domain_ps7_cortexa9_0",
					"domainDesc":	"domain_ps7_cortexa9_0",
					"processors":	"ps7_cortexa9_0",
					"os":	"standalone",
					"sdxOs":	"standalone",
					"qemuArgs":	"C:/Xilinx/Vitis/2020.1/data/emulation/platforms/zynq/qemu/qemu_args.txt",
					"qemuData":	"C:/Xilinx/Vitis/2020.1/data/emulation/platforms/zynq/qemu/",
					"debugEnable":	"False",
					"domRuntimes":	["cpp"],
					"swRepo":	"",
					"mssOsVer":	"7.2",
					"mssFile":	"",
					"md5Digest":	"85ba41434c82914f0e9e24fa6ddcf962",
					"compatibleApp":	"hello_world",
					"domType":	"mssDomain",
					"arch":	"32-bit",
					"appSettings":	{
						"appCompilerFlags":	"",
						"appLinkerFlags":	""
					},
					"addedLibs":	[],
					"libOptions":	{
						"libsContainingOptions":	[]
					},
					"prebuiltLibs":	{
						"prebuiltIncPath":	[],
						"prebuiltLibPath":	[]
					},
					"isolation":	{
					}
				}]
		}]
}
TRACE::2025-02-28.09:51:30::SCWMssOS::Saving the mss changes C:/Users/oparker/workspace/design_1_wrapper/zynq_fsbl/zynq_fsbl_bsp/system.mss
TRACE::2025-02-28.09:51:30::SCWMssOS::Found a swdesign opened with the mssfile.
TRACE::2025-02-28.09:51:30::SCWMssOS::Completed writemss as part of save.
TRACE::2025-02-28.09:51:30::SCWMssOS::Commit changes completed.
TRACE::2025-02-28.09:51:30::SCWPlatform::Trying to open the hw design at C:/Users/oparker/workspace/design_1_wrapper/hw/design_1_wrapper.xsa
TRACE::2025-02-28.09:51:30::SCWPlatform::DSA given C:/Users/oparker/workspace/design_1_wrapper/hw/design_1_wrapper.xsa
TRACE::2025-02-28.09:51:30::SCWPlatform::DSA absoulate path C:/Users/oparker/workspace/design_1_wrapper/hw/design_1_wrapper.xsa
TRACE::2025-02-28.09:51:30::SCWPlatform::DSA directory C:/Users/oparker/workspace/design_1_wrapper/hw
TRACE::2025-02-28.09:51:30::SCWPlatform:: Platform Path C:/Users/oparker/workspace/design_1_wrapper/hw/design_1_wrapper.xsa
TRACE::2025-02-28.09:51:30::SCWPlatform:: Unique name xilinx:zed::0.0
TRACE::2025-02-28.09:51:30::SCWPlatform::Trying to set the existing hwdb with name design_1_wrapper_4
TRACE::2025-02-28.09:51:30::SCWPlatform::Opened existing hwdb design_1_wrapper_4
TRACE::2025-02-28.09:51:30::SCWPlatform::Found the Hw Db part of the input DSA
TRACE::2025-02-28.09:51:30::SCWMssOS::Checking the sw design at  C:/Users/oparker/workspace/design_1_wrapper/zynq_fsbl/zynq_fsbl_bsp/system.mss
TRACE::2025-02-28.09:51:30::SCWMssOS::DEBUG:  swdes dump  C:/Users/oparker/workspace/TPG/zynq_fsbl/zynq_fsbl_bsp/system.mss|system||
C:/Users/oparker/workspace/design_1_wrapper/ps7_cortexa9_0/domain_ps7_cortexa9_0/bsp/system.mss|system_2||
C:/Users/oparker/workspace/design_1_wrapper/zynq_fsbl/zynq_fsbl_bsp/system.mss|system_1||

TRACE::2025-02-28.09:51:30::SCWMssOS::Sw design exists and opened at  C:/Users/oparker/workspace/design_1_wrapper/zynq_fsbl/zynq_fsbl_bsp/system.mss
TRACE::2025-02-28.09:51:30::SCWMssOS::Removing the swdes entry for  C:/Users/oparker/workspace/design_1_wrapper/zynq_fsbl/zynq_fsbl_bsp/system.mss
TRACE::2025-02-28.09:51:30::SCWPlatform::Trying to open the hw design at C:/Users/oparker/workspace/design_1_wrapper/hw/design_1_wrapper.xsa
TRACE::2025-02-28.09:51:30::SCWPlatform::DSA given C:/Users/oparker/workspace/design_1_wrapper/hw/design_1_wrapper.xsa
TRACE::2025-02-28.09:51:30::SCWPlatform::DSA absoulate path C:/Users/oparker/workspace/design_1_wrapper/hw/design_1_wrapper.xsa
TRACE::2025-02-28.09:51:30::SCWPlatform::DSA directory C:/Users/oparker/workspace/design_1_wrapper/hw
TRACE::2025-02-28.09:51:30::SCWPlatform:: Platform Path C:/Users/oparker/workspace/design_1_wrapper/hw/design_1_wrapper.xsa
TRACE::2025-02-28.09:51:30::SCWPlatform:: Unique name xilinx:zed::0.0
TRACE::2025-02-28.09:51:30::SCWPlatform::Trying to set the existing hwdb with name design_1_wrapper_4
TRACE::2025-02-28.09:51:30::SCWPlatform::Opened existing hwdb design_1_wrapper_4
TRACE::2025-02-28.09:51:30::SCWPlatform::Found the Hw Db part of the input DSA
TRACE::2025-02-28.09:51:30::SCWMssOS::Checking the sw design at  C:/Users/oparker/workspace/design_1_wrapper/ps7_cortexa9_0/domain_ps7_cortexa9_0/bsp/system.mss
TRACE::2025-02-28.09:51:30::SCWMssOS::DEBUG:  swdes dump  C:/Users/oparker/workspace/TPG/zynq_fsbl/zynq_fsbl_bsp/system.mss|system||
C:/Users/oparker/workspace/design_1_wrapper/ps7_cortexa9_0/domain_ps7_cortexa9_0/bsp/system.mss|system_2||

TRACE::2025-02-28.09:51:30::SCWMssOS::Sw design exists and opened at  C:/Users/oparker/workspace/design_1_wrapper/ps7_cortexa9_0/domain_ps7_cortexa9_0/bsp/system.mss
TRACE::2025-02-28.09:51:30::SCWMssOS::Saving the mss changes C:/Users/oparker/workspace/design_1_wrapper/zynq_fsbl/zynq_fsbl_bsp/system.mss
TRACE::2025-02-28.09:51:30::SCWMssOS::Adding the swdes entry, mss present, able to open swdb C:/Users/oparker/workspace/design_1_wrapper/zynq_fsbl/zynq_fsbl_bsp/system.mss with des name system_0
TRACE::2025-02-28.09:51:30::SCWMssOS::Writing the mss file completed C:/Users/oparker/workspace/design_1_wrapper/zynq_fsbl/zynq_fsbl_bsp/system.mss
TRACE::2025-02-28.09:51:30::SCWMssOS::Commit changes completed.
TRACE::2025-02-28.09:51:30::SCWMssOS::Saving the mss changes C:/Users/oparker/workspace/design_1_wrapper/ps7_cortexa9_0/domain_ps7_cortexa9_0/bsp/system.mss
TRACE::2025-02-28.09:51:30::SCWMssOS::Found a swdesign opened with the mssfile.
TRACE::2025-02-28.09:51:30::SCWMssOS::Completed writemss as part of save.
TRACE::2025-02-28.09:51:30::SCWMssOS::Commit changes completed.
TRACE::2025-02-28.09:51:30::SCWPlatform::Trying to open the hw design at C:/Users/oparker/workspace/design_1_wrapper/hw/design_1_wrapper.xsa
TRACE::2025-02-28.09:51:30::SCWPlatform::DSA given C:/Users/oparker/workspace/design_1_wrapper/hw/design_1_wrapper.xsa
TRACE::2025-02-28.09:51:30::SCWPlatform::DSA absoulate path C:/Users/oparker/workspace/design_1_wrapper/hw/design_1_wrapper.xsa
TRACE::2025-02-28.09:51:30::SCWPlatform::DSA directory C:/Users/oparker/workspace/design_1_wrapper/hw
TRACE::2025-02-28.09:51:30::SCWPlatform:: Platform Path C:/Users/oparker/workspace/design_1_wrapper/hw/design_1_wrapper.xsa
TRACE::2025-02-28.09:51:30::SCWPlatform:: Unique name xilinx:zed::0.0
TRACE::2025-02-28.09:51:30::SCWPlatform::Trying to set the existing hwdb with name design_1_wrapper_4
TRACE::2025-02-28.09:51:30::SCWPlatform::Opened existing hwdb design_1_wrapper_4
TRACE::2025-02-28.09:51:30::SCWPlatform::Found the Hw Db part of the input DSA
TRACE::2025-02-28.09:51:30::SCWMssOS::Checking the sw design at  C:/Users/oparker/workspace/design_1_wrapper/zynq_fsbl/zynq_fsbl_bsp/system.mss
TRACE::2025-02-28.09:51:30::SCWMssOS::DEBUG:  swdes dump  C:/Users/oparker/workspace/TPG/zynq_fsbl/zynq_fsbl_bsp/system.mss|system||
C:/Users/oparker/workspace/design_1_wrapper/ps7_cortexa9_0/domain_ps7_cortexa9_0/bsp/system.mss|system_2||
C:/Users/oparker/workspace/design_1_wrapper/zynq_fsbl/zynq_fsbl_bsp/system.mss|system_0||

TRACE::2025-02-28.09:51:30::SCWMssOS::Sw design exists and opened at  C:/Users/oparker/workspace/design_1_wrapper/zynq_fsbl/zynq_fsbl_bsp/system.mss
TRACE::2025-02-28.09:51:30::SCWPlatform::Trying to open the hw design at C:/Users/oparker/workspace/design_1_wrapper/hw/design_1_wrapper.xsa
TRACE::2025-02-28.09:51:30::SCWPlatform::DSA given C:/Users/oparker/workspace/design_1_wrapper/hw/design_1_wrapper.xsa
TRACE::2025-02-28.09:51:30::SCWPlatform::DSA absoulate path C:/Users/oparker/workspace/design_1_wrapper/hw/design_1_wrapper.xsa
TRACE::2025-02-28.09:51:30::SCWPlatform::DSA directory C:/Users/oparker/workspace/design_1_wrapper/hw
TRACE::2025-02-28.09:51:30::SCWPlatform:: Platform Path C:/Users/oparker/workspace/design_1_wrapper/hw/design_1_wrapper.xsa
TRACE::2025-02-28.09:51:30::SCWPlatform:: Unique name xilinx:zed::0.0
TRACE::2025-02-28.09:51:30::SCWPlatform::Trying to set the existing hwdb with name design_1_wrapper_4
TRACE::2025-02-28.09:51:30::SCWPlatform::Opened existing hwdb design_1_wrapper_4
TRACE::2025-02-28.09:51:30::SCWPlatform::Found the Hw Db part of the input DSA
TRACE::2025-02-28.09:51:30::SCWMssOS::Checking the sw design at  C:/Users/oparker/workspace/design_1_wrapper/zynq_fsbl/zynq_fsbl_bsp/system.mss
TRACE::2025-02-28.09:51:30::SCWMssOS::DEBUG:  swdes dump  C:/Users/oparker/workspace/TPG/zynq_fsbl/zynq_fsbl_bsp/system.mss|system||
C:/Users/oparker/workspace/design_1_wrapper/ps7_cortexa9_0/domain_ps7_cortexa9_0/bsp/system.mss|system_2||
C:/Users/oparker/workspace/design_1_wrapper/zynq_fsbl/zynq_fsbl_bsp/system.mss|system_0||

TRACE::2025-02-28.09:51:30::SCWMssOS::Sw design exists and opened at  C:/Users/oparker/workspace/design_1_wrapper/zynq_fsbl/zynq_fsbl_bsp/system.mss
TRACE::2025-02-28.09:51:30::SCWPlatform::Trying to open the hw design at C:/Users/oparker/workspace/design_1_wrapper/hw/design_1_wrapper.xsa
TRACE::2025-02-28.09:51:30::SCWPlatform::DSA given C:/Users/oparker/workspace/design_1_wrapper/hw/design_1_wrapper.xsa
TRACE::2025-02-28.09:51:30::SCWPlatform::DSA absoulate path C:/Users/oparker/workspace/design_1_wrapper/hw/design_1_wrapper.xsa
TRACE::2025-02-28.09:51:30::SCWPlatform::DSA directory C:/Users/oparker/workspace/design_1_wrapper/hw
TRACE::2025-02-28.09:51:30::SCWPlatform:: Platform Path C:/Users/oparker/workspace/design_1_wrapper/hw/design_1_wrapper.xsa
TRACE::2025-02-28.09:51:30::SCWPlatform:: Unique name xilinx:zed::0.0
TRACE::2025-02-28.09:51:30::SCWPlatform::Trying to set the existing hwdb with name design_1_wrapper_4
TRACE::2025-02-28.09:51:30::SCWPlatform::Opened existing hwdb design_1_wrapper_4
TRACE::2025-02-28.09:51:30::SCWPlatform::Found the Hw Db part of the input DSA
TRACE::2025-02-28.09:51:30::SCWMssOS::Checking the sw design at  C:/Users/oparker/workspace/design_1_wrapper/zynq_fsbl/zynq_fsbl_bsp/system.mss
TRACE::2025-02-28.09:51:30::SCWMssOS::DEBUG:  swdes dump  C:/Users/oparker/workspace/TPG/zynq_fsbl/zynq_fsbl_bsp/system.mss|system||
C:/Users/oparker/workspace/design_1_wrapper/ps7_cortexa9_0/domain_ps7_cortexa9_0/bsp/system.mss|system_2||
C:/Users/oparker/workspace/design_1_wrapper/zynq_fsbl/zynq_fsbl_bsp/system.mss|system_0||

TRACE::2025-02-28.09:51:30::SCWMssOS::Sw design exists and opened at  C:/Users/oparker/workspace/design_1_wrapper/zynq_fsbl/zynq_fsbl_bsp/system.mss
TRACE::2025-02-28.09:51:30::SCWPlatform::Trying to open the hw design at C:/Users/oparker/workspace/design_1_wrapper/hw/design_1_wrapper.xsa
TRACE::2025-02-28.09:51:30::SCWPlatform::DSA given C:/Users/oparker/workspace/design_1_wrapper/hw/design_1_wrapper.xsa
TRACE::2025-02-28.09:51:30::SCWPlatform::DSA absoulate path C:/Users/oparker/workspace/design_1_wrapper/hw/design_1_wrapper.xsa
TRACE::2025-02-28.09:51:30::SCWPlatform::DSA directory C:/Users/oparker/workspace/design_1_wrapper/hw
TRACE::2025-02-28.09:51:30::SCWPlatform:: Platform Path C:/Users/oparker/workspace/design_1_wrapper/hw/design_1_wrapper.xsa
TRACE::2025-02-28.09:51:30::SCWPlatform:: Unique name xilinx:zed::0.0
TRACE::2025-02-28.09:51:30::SCWPlatform::Trying to set the existing hwdb with name design_1_wrapper_4
TRACE::2025-02-28.09:51:30::SCWPlatform::Opened existing hwdb design_1_wrapper_4
TRACE::2025-02-28.09:51:30::SCWPlatform::Found the Hw Db part of the input DSA
TRACE::2025-02-28.09:51:30::SCWMssOS::Checking the sw design at  C:/Users/oparker/workspace/design_1_wrapper/ps7_cortexa9_0/domain_ps7_cortexa9_0/bsp/system.mss
TRACE::2025-02-28.09:51:30::SCWMssOS::DEBUG:  swdes dump  C:/Users/oparker/workspace/TPG/zynq_fsbl/zynq_fsbl_bsp/system.mss|system||
C:/Users/oparker/workspace/design_1_wrapper/ps7_cortexa9_0/domain_ps7_cortexa9_0/bsp/system.mss|system_2||
C:/Users/oparker/workspace/design_1_wrapper/zynq_fsbl/zynq_fsbl_bsp/system.mss|system_0||

TRACE::2025-02-28.09:51:30::SCWMssOS::Sw design exists and opened at  C:/Users/oparker/workspace/design_1_wrapper/ps7_cortexa9_0/domain_ps7_cortexa9_0/bsp/system.mss
TRACE::2025-02-28.09:51:30::SCWPlatform::Trying to open the hw design at C:/Users/oparker/workspace/design_1_wrapper/hw/design_1_wrapper.xsa
TRACE::2025-02-28.09:51:30::SCWPlatform::DSA given C:/Users/oparker/workspace/design_1_wrapper/hw/design_1_wrapper.xsa
TRACE::2025-02-28.09:51:30::SCWPlatform::DSA absoulate path C:/Users/oparker/workspace/design_1_wrapper/hw/design_1_wrapper.xsa
TRACE::2025-02-28.09:51:30::SCWPlatform::DSA directory C:/Users/oparker/workspace/design_1_wrapper/hw
TRACE::2025-02-28.09:51:30::SCWPlatform:: Platform Path C:/Users/oparker/workspace/design_1_wrapper/hw/design_1_wrapper.xsa
TRACE::2025-02-28.09:51:30::SCWPlatform:: Unique name xilinx:zed::0.0
TRACE::2025-02-28.09:51:30::SCWPlatform::Trying to set the existing hwdb with name design_1_wrapper_4
TRACE::2025-02-28.09:51:30::SCWPlatform::Opened existing hwdb design_1_wrapper_4
TRACE::2025-02-28.09:51:30::SCWPlatform::Found the Hw Db part of the input DSA
TRACE::2025-02-28.09:51:30::SCWMssOS::Checking the sw design at  C:/Users/oparker/workspace/design_1_wrapper/ps7_cortexa9_0/domain_ps7_cortexa9_0/bsp/system.mss
TRACE::2025-02-28.09:51:30::SCWMssOS::DEBUG:  swdes dump  C:/Users/oparker/workspace/TPG/zynq_fsbl/zynq_fsbl_bsp/system.mss|system||
C:/Users/oparker/workspace/design_1_wrapper/ps7_cortexa9_0/domain_ps7_cortexa9_0/bsp/system.mss|system_2||
C:/Users/oparker/workspace/design_1_wrapper/zynq_fsbl/zynq_fsbl_bsp/system.mss|system_0||

TRACE::2025-02-28.09:51:30::SCWMssOS::Sw design exists and opened at  C:/Users/oparker/workspace/design_1_wrapper/ps7_cortexa9_0/domain_ps7_cortexa9_0/bsp/system.mss
TRACE::2025-02-28.09:51:30::SCWPlatform::Trying to open the hw design at C:/Users/oparker/workspace/design_1_wrapper/hw/design_1_wrapper.xsa
TRACE::2025-02-28.09:51:30::SCWPlatform::DSA given C:/Users/oparker/workspace/design_1_wrapper/hw/design_1_wrapper.xsa
TRACE::2025-02-28.09:51:30::SCWPlatform::DSA absoulate path C:/Users/oparker/workspace/design_1_wrapper/hw/design_1_wrapper.xsa
TRACE::2025-02-28.09:51:30::SCWPlatform::DSA directory C:/Users/oparker/workspace/design_1_wrapper/hw
TRACE::2025-02-28.09:51:30::SCWPlatform:: Platform Path C:/Users/oparker/workspace/design_1_wrapper/hw/design_1_wrapper.xsa
TRACE::2025-02-28.09:51:30::SCWPlatform:: Unique name xilinx:zed::0.0
TRACE::2025-02-28.09:51:30::SCWPlatform::Trying to set the existing hwdb with name design_1_wrapper_4
TRACE::2025-02-28.09:51:30::SCWPlatform::Opened existing hwdb design_1_wrapper_4
TRACE::2025-02-28.09:51:30::SCWPlatform::Found the Hw Db part of the input DSA
TRACE::2025-02-28.09:51:30::SCWMssOS::Checking the sw design at  C:/Users/oparker/workspace/design_1_wrapper/ps7_cortexa9_0/domain_ps7_cortexa9_0/bsp/system.mss
TRACE::2025-02-28.09:51:30::SCWMssOS::DEBUG:  swdes dump  C:/Users/oparker/workspace/TPG/zynq_fsbl/zynq_fsbl_bsp/system.mss|system||
C:/Users/oparker/workspace/design_1_wrapper/ps7_cortexa9_0/domain_ps7_cortexa9_0/bsp/system.mss|system_2||
C:/Users/oparker/workspace/design_1_wrapper/zynq_fsbl/zynq_fsbl_bsp/system.mss|system_0||

TRACE::2025-02-28.09:51:30::SCWMssOS::Sw design exists and opened at  C:/Users/oparker/workspace/design_1_wrapper/ps7_cortexa9_0/domain_ps7_cortexa9_0/bsp/system.mss
TRACE::2025-02-28.09:51:30::SCWWriter::formatted JSON is {
	"platformName":	"design_1_wrapper",
	"sprVersion":	"2.0",
	"mode":	"gui",
	"dsaType":	"Fixed",
	"platformDesc":	"design_1_wrapper",
	"platHandOff":	"C:/Users/oparker/cpre488-mp2/project_1/design_1_wrapper.xsa",
	"platIntHandOff":	"<platformDir>/hw/design_1_wrapper.xsa",
	"deviceType":	"zynq",
	"platIsPrebuiltAutogen":	"false",
	"platIsNoBootBsp":	"false",
	"platFsblTarget":	"ps7_cortexa9_0",
	"hasFsblMakeHasChanges":	"false",
	"hasPmufwMakeHasChanges":	"false",
	"fsblExtraCompilerFlags":	"-MMD -MP       -mcpu=cortex-a9 -mfpu=vfpv3 -mfloat-abi=hard ",
	"platPreBuiltFlag":	false,
	"platformSamplesDir":	"",
	"platActiveSys":	"design_1_wrapper",
	"systems":	[{
			"systemName":	"design_1_wrapper",
			"systemDesc":	"design_1_wrapper",
			"sysIsBootAutoGen":	"true",
			"systemDispName":	"design_1_wrapper",
			"sysActiveDom":	"domain_ps7_cortexa9_0",
			"sysDefaultDom":	"domain_ps7_cortexa9_0",
			"domains":	[{
					"domainName":	"zynq_fsbl",
					"domainDispName":	"zynq_fsbl",
					"domainDesc":	"FSBL Application BSP - Auto Generated.",
					"processors":	"ps7_cortexa9_0",
					"os":	"standalone",
					"sdxOs":	"standalone",
					"debugEnable":	"",
					"domRuntimes":	["cpp"],
					"swRepo":	"",
					"mssOsVer":	"7.2",
					"mssFile":	"",
					"md5Digest":	"158a679dab493f3308b1d2cbafc496b0",
					"compatibleApp":	"zynq_fsbl",
					"domType":	"bootDomain",
					"arch":	"32-bit",
					"appSettings":	{
						"appCompilerFlags":	"",
						"appLinkerFlags":	""
					},
					"addedLibs":	["xilffs:4.3", "xilrsa:1.6"],
					"libOptions":	{
						"libsContainingOptions":	[]
					},
					"prebuiltLibs":	{
						"prebuiltIncPath":	[],
						"prebuiltLibPath":	[]
					},
					"isolation":	{
					}
				}, {
					"domainName":	"domain_ps7_cortexa9_0",
					"domainDispName":	"domain_ps7_cortexa9_0",
					"domainDesc":	"domain_ps7_cortexa9_0",
					"processors":	"ps7_cortexa9_0",
					"os":	"standalone",
					"sdxOs":	"standalone",
					"qemuArgs":	"C:/Xilinx/Vitis/2020.1/data/emulation/platforms/zynq/qemu/qemu_args.txt",
					"qemuData":	"C:/Xilinx/Vitis/2020.1/data/emulation/platforms/zynq/qemu/",
					"debugEnable":	"False",
					"domRuntimes":	["cpp"],
					"swRepo":	"",
					"mssOsVer":	"7.2",
					"mssFile":	"",
					"md5Digest":	"85ba41434c82914f0e9e24fa6ddcf962",
					"compatibleApp":	"hello_world",
					"domType":	"mssDomain",
					"arch":	"32-bit",
					"appSettings":	{
						"appCompilerFlags":	"",
						"appLinkerFlags":	""
					},
					"addedLibs":	[],
					"libOptions":	{
						"libsContainingOptions":	[]
					},
					"prebuiltLibs":	{
						"prebuiltIncPath":	[],
						"prebuiltLibPath":	[]
					},
					"isolation":	{
					}
				}]
		}]
}
TRACE::2025-02-28.09:51:30::SCWMssOS::Saving the mss changes C:/Users/oparker/workspace/design_1_wrapper/ps7_cortexa9_0/domain_ps7_cortexa9_0/bsp/system.mss
TRACE::2025-02-28.09:51:30::SCWMssOS::Found a swdesign opened with the mssfile.
TRACE::2025-02-28.09:51:30::SCWMssOS::Completed writemss as part of save.
TRACE::2025-02-28.09:51:30::SCWMssOS::Commit changes completed.
TRACE::2025-02-28.09:51:30::SCWPlatform::Trying to open the hw design at C:/Users/oparker/workspace/design_1_wrapper/hw/design_1_wrapper.xsa
TRACE::2025-02-28.09:51:30::SCWPlatform::DSA given C:/Users/oparker/workspace/design_1_wrapper/hw/design_1_wrapper.xsa
TRACE::2025-02-28.09:51:30::SCWPlatform::DSA absoulate path C:/Users/oparker/workspace/design_1_wrapper/hw/design_1_wrapper.xsa
TRACE::2025-02-28.09:51:30::SCWPlatform::DSA directory C:/Users/oparker/workspace/design_1_wrapper/hw
TRACE::2025-02-28.09:51:30::SCWPlatform:: Platform Path C:/Users/oparker/workspace/design_1_wrapper/hw/design_1_wrapper.xsa
TRACE::2025-02-28.09:51:30::SCWPlatform:: Unique name xilinx:zed::0.0
TRACE::2025-02-28.09:51:30::SCWPlatform::Trying to set the existing hwdb with name design_1_wrapper_4
TRACE::2025-02-28.09:51:30::SCWPlatform::Opened existing hwdb design_1_wrapper_4
TRACE::2025-02-28.09:51:30::SCWPlatform::Found the Hw Db part of the input DSA
TRACE::2025-02-28.09:51:30::SCWMssOS::Checking the sw design at  C:/Users/oparker/workspace/design_1_wrapper/ps7_cortexa9_0/domain_ps7_cortexa9_0/bsp/system.mss
TRACE::2025-02-28.09:51:30::SCWMssOS::DEBUG:  swdes dump  C:/Users/oparker/workspace/TPG/zynq_fsbl/zynq_fsbl_bsp/system.mss|system||
C:/Users/oparker/workspace/design_1_wrapper/ps7_cortexa9_0/domain_ps7_cortexa9_0/bsp/system.mss|system_2||
C:/Users/oparker/workspace/design_1_wrapper/zynq_fsbl/zynq_fsbl_bsp/system.mss|system_0||

TRACE::2025-02-28.09:51:30::SCWMssOS::Sw design exists and opened at  C:/Users/oparker/workspace/design_1_wrapper/ps7_cortexa9_0/domain_ps7_cortexa9_0/bsp/system.mss
TRACE::2025-02-28.09:51:30::SCWMssOS::Removing the swdes entry for  C:/Users/oparker/workspace/design_1_wrapper/ps7_cortexa9_0/domain_ps7_cortexa9_0/bsp/system.mss
TRACE::2025-02-28.09:51:39::SCWPlatform::Trying to open the hw design at C:/Users/oparker/workspace/design_1_wrapper/hw/design_1_wrapper.xsa
TRACE::2025-02-28.09:51:39::SCWPlatform::DSA given C:/Users/oparker/workspace/design_1_wrapper/hw/design_1_wrapper.xsa
TRACE::2025-02-28.09:51:39::SCWPlatform::DSA absoulate path C:/Users/oparker/workspace/design_1_wrapper/hw/design_1_wrapper.xsa
TRACE::2025-02-28.09:51:39::SCWPlatform::DSA directory C:/Users/oparker/workspace/design_1_wrapper/hw
TRACE::2025-02-28.09:51:39::SCWPlatform:: Platform Path C:/Users/oparker/workspace/design_1_wrapper/hw/design_1_wrapper.xsa
TRACE::2025-02-28.09:51:39::SCWPlatform:: Unique name xilinx:zed::0.0
TRACE::2025-02-28.09:51:39::SCWPlatform::Trying to set the existing hwdb with name design_1_wrapper_4
TRACE::2025-02-28.09:51:39::SCWPlatform::Opened existing hwdb design_1_wrapper_4
TRACE::2025-02-28.09:51:39::SCWPlatform::Found the Hw Db part of the input DSA
TRACE::2025-02-28.09:51:39::SCWMssOS::Checking the sw design at  C:/Users/oparker/workspace/design_1_wrapper/zynq_fsbl/zynq_fsbl_bsp/system.mss
TRACE::2025-02-28.09:51:39::SCWMssOS::DEBUG:  swdes dump  C:/Users/oparker/workspace/TPG/zynq_fsbl/zynq_fsbl_bsp/system.mss|system||
C:/Users/oparker/workspace/design_1_wrapper/zynq_fsbl/zynq_fsbl_bsp/system.mss|system_0||

TRACE::2025-02-28.09:51:39::SCWMssOS::Sw design exists and opened at  C:/Users/oparker/workspace/design_1_wrapper/zynq_fsbl/zynq_fsbl_bsp/system.mss
TRACE::2025-02-28.09:51:39::SCWMssOS::Saving the mss changes C:/Users/oparker/workspace/design_1_wrapper/zynq_fsbl/zynq_fsbl_bsp/system.mss
TRACE::2025-02-28.09:51:39::SCWMssOS::Found a swdesign opened with the mssfile.
TRACE::2025-02-28.09:51:39::SCWMssOS::Completed writemss as part of save.
TRACE::2025-02-28.09:51:39::SCWMssOS::Commit changes completed.
TRACE::2025-02-28.09:51:39::SCWMssOS::Saving the mss changes C:/Users/oparker/workspace/design_1_wrapper/ps7_cortexa9_0/domain_ps7_cortexa9_0/bsp/system.mss
TRACE::2025-02-28.09:51:39::SCWMssOS::Adding the swdes entry, mss present, able to open swdb C:/Users/oparker/workspace/design_1_wrapper/ps7_cortexa9_0/domain_ps7_cortexa9_0/bsp/system.mss with des name system_1
TRACE::2025-02-28.09:51:39::SCWMssOS::Writing the mss file completed C:/Users/oparker/workspace/design_1_wrapper/ps7_cortexa9_0/domain_ps7_cortexa9_0/bsp/system.mss
TRACE::2025-02-28.09:51:39::SCWMssOS::Commit changes completed.
TRACE::2025-02-28.09:51:39::SCWPlatform::Trying to open the hw design at C:/Users/oparker/workspace/design_1_wrapper/hw/design_1_wrapper.xsa
TRACE::2025-02-28.09:51:39::SCWPlatform::DSA given C:/Users/oparker/workspace/design_1_wrapper/hw/design_1_wrapper.xsa
TRACE::2025-02-28.09:51:39::SCWPlatform::DSA absoulate path C:/Users/oparker/workspace/design_1_wrapper/hw/design_1_wrapper.xsa
TRACE::2025-02-28.09:51:39::SCWPlatform::DSA directory C:/Users/oparker/workspace/design_1_wrapper/hw
TRACE::2025-02-28.09:51:39::SCWPlatform:: Platform Path C:/Users/oparker/workspace/design_1_wrapper/hw/design_1_wrapper.xsa
TRACE::2025-02-28.09:51:39::SCWPlatform:: Unique name xilinx:zed::0.0
TRACE::2025-02-28.09:51:39::SCWPlatform::Trying to set the existing hwdb with name design_1_wrapper_4
TRACE::2025-02-28.09:51:39::SCWPlatform::Opened existing hwdb design_1_wrapper_4
TRACE::2025-02-28.09:51:39::SCWPlatform::Found the Hw Db part of the input DSA
TRACE::2025-02-28.09:51:39::SCWMssOS::Checking the sw design at  C:/Users/oparker/workspace/design_1_wrapper/zynq_fsbl/zynq_fsbl_bsp/system.mss
TRACE::2025-02-28.09:51:39::SCWMssOS::DEBUG:  swdes dump  C:/Users/oparker/workspace/TPG/zynq_fsbl/zynq_fsbl_bsp/system.mss|system||
C:/Users/oparker/workspace/design_1_wrapper/ps7_cortexa9_0/domain_ps7_cortexa9_0/bsp/system.mss|system_1||
C:/Users/oparker/workspace/design_1_wrapper/zynq_fsbl/zynq_fsbl_bsp/system.mss|system_0||

TRACE::2025-02-28.09:51:39::SCWMssOS::Sw design exists and opened at  C:/Users/oparker/workspace/design_1_wrapper/zynq_fsbl/zynq_fsbl_bsp/system.mss
TRACE::2025-02-28.09:51:39::SCWPlatform::Trying to open the hw design at C:/Users/oparker/workspace/design_1_wrapper/hw/design_1_wrapper.xsa
TRACE::2025-02-28.09:51:39::SCWPlatform::DSA given C:/Users/oparker/workspace/design_1_wrapper/hw/design_1_wrapper.xsa
TRACE::2025-02-28.09:51:39::SCWPlatform::DSA absoulate path C:/Users/oparker/workspace/design_1_wrapper/hw/design_1_wrapper.xsa
TRACE::2025-02-28.09:51:39::SCWPlatform::DSA directory C:/Users/oparker/workspace/design_1_wrapper/hw
TRACE::2025-02-28.09:51:39::SCWPlatform:: Platform Path C:/Users/oparker/workspace/design_1_wrapper/hw/design_1_wrapper.xsa
TRACE::2025-02-28.09:51:39::SCWPlatform:: Unique name xilinx:zed::0.0
TRACE::2025-02-28.09:51:39::SCWPlatform::Trying to set the existing hwdb with name design_1_wrapper_4
TRACE::2025-02-28.09:51:39::SCWPlatform::Opened existing hwdb design_1_wrapper_4
TRACE::2025-02-28.09:51:39::SCWPlatform::Found the Hw Db part of the input DSA
TRACE::2025-02-28.09:51:39::SCWMssOS::Checking the sw design at  C:/Users/oparker/workspace/design_1_wrapper/zynq_fsbl/zynq_fsbl_bsp/system.mss
TRACE::2025-02-28.09:51:39::SCWMssOS::DEBUG:  swdes dump  C:/Users/oparker/workspace/TPG/zynq_fsbl/zynq_fsbl_bsp/system.mss|system||
C:/Users/oparker/workspace/design_1_wrapper/ps7_cortexa9_0/domain_ps7_cortexa9_0/bsp/system.mss|system_1||
C:/Users/oparker/workspace/design_1_wrapper/zynq_fsbl/zynq_fsbl_bsp/system.mss|system_0||

TRACE::2025-02-28.09:51:39::SCWMssOS::Sw design exists and opened at  C:/Users/oparker/workspace/design_1_wrapper/zynq_fsbl/zynq_fsbl_bsp/system.mss
TRACE::2025-02-28.09:51:39::SCWPlatform::Trying to open the hw design at C:/Users/oparker/workspace/design_1_wrapper/hw/design_1_wrapper.xsa
TRACE::2025-02-28.09:51:39::SCWPlatform::DSA given C:/Users/oparker/workspace/design_1_wrapper/hw/design_1_wrapper.xsa
TRACE::2025-02-28.09:51:39::SCWPlatform::DSA absoulate path C:/Users/oparker/workspace/design_1_wrapper/hw/design_1_wrapper.xsa
TRACE::2025-02-28.09:51:39::SCWPlatform::DSA directory C:/Users/oparker/workspace/design_1_wrapper/hw
TRACE::2025-02-28.09:51:39::SCWPlatform:: Platform Path C:/Users/oparker/workspace/design_1_wrapper/hw/design_1_wrapper.xsa
TRACE::2025-02-28.09:51:39::SCWPlatform:: Unique name xilinx:zed::0.0
TRACE::2025-02-28.09:51:39::SCWPlatform::Trying to set the existing hwdb with name design_1_wrapper_4
TRACE::2025-02-28.09:51:39::SCWPlatform::Opened existing hwdb design_1_wrapper_4
TRACE::2025-02-28.09:51:39::SCWPlatform::Found the Hw Db part of the input DSA
TRACE::2025-02-28.09:51:39::SCWMssOS::Checking the sw design at  C:/Users/oparker/workspace/design_1_wrapper/zynq_fsbl/zynq_fsbl_bsp/system.mss
TRACE::2025-02-28.09:51:39::SCWMssOS::DEBUG:  swdes dump  C:/Users/oparker/workspace/TPG/zynq_fsbl/zynq_fsbl_bsp/system.mss|system||
C:/Users/oparker/workspace/design_1_wrapper/ps7_cortexa9_0/domain_ps7_cortexa9_0/bsp/system.mss|system_1||
C:/Users/oparker/workspace/design_1_wrapper/zynq_fsbl/zynq_fsbl_bsp/system.mss|system_0||

TRACE::2025-02-28.09:51:39::SCWMssOS::Sw design exists and opened at  C:/Users/oparker/workspace/design_1_wrapper/zynq_fsbl/zynq_fsbl_bsp/system.mss
TRACE::2025-02-28.09:51:39::SCWPlatform::Trying to open the hw design at C:/Users/oparker/workspace/design_1_wrapper/hw/design_1_wrapper.xsa
TRACE::2025-02-28.09:51:39::SCWPlatform::DSA given C:/Users/oparker/workspace/design_1_wrapper/hw/design_1_wrapper.xsa
TRACE::2025-02-28.09:51:39::SCWPlatform::DSA absoulate path C:/Users/oparker/workspace/design_1_wrapper/hw/design_1_wrapper.xsa
TRACE::2025-02-28.09:51:39::SCWPlatform::DSA directory C:/Users/oparker/workspace/design_1_wrapper/hw
TRACE::2025-02-28.09:51:39::SCWPlatform:: Platform Path C:/Users/oparker/workspace/design_1_wrapper/hw/design_1_wrapper.xsa
TRACE::2025-02-28.09:51:39::SCWPlatform:: Unique name xilinx:zed::0.0
TRACE::2025-02-28.09:51:39::SCWPlatform::Trying to set the existing hwdb with name design_1_wrapper_4
TRACE::2025-02-28.09:51:39::SCWPlatform::Opened existing hwdb design_1_wrapper_4
TRACE::2025-02-28.09:51:39::SCWPlatform::Found the Hw Db part of the input DSA
TRACE::2025-02-28.09:51:39::SCWMssOS::Checking the sw design at  C:/Users/oparker/workspace/design_1_wrapper/ps7_cortexa9_0/domain_ps7_cortexa9_0/bsp/system.mss
TRACE::2025-02-28.09:51:39::SCWMssOS::DEBUG:  swdes dump  C:/Users/oparker/workspace/TPG/zynq_fsbl/zynq_fsbl_bsp/system.mss|system||
C:/Users/oparker/workspace/design_1_wrapper/ps7_cortexa9_0/domain_ps7_cortexa9_0/bsp/system.mss|system_1||
C:/Users/oparker/workspace/design_1_wrapper/zynq_fsbl/zynq_fsbl_bsp/system.mss|system_0||

TRACE::2025-02-28.09:51:39::SCWMssOS::Sw design exists and opened at  C:/Users/oparker/workspace/design_1_wrapper/ps7_cortexa9_0/domain_ps7_cortexa9_0/bsp/system.mss
TRACE::2025-02-28.09:51:39::SCWPlatform::Trying to open the hw design at C:/Users/oparker/workspace/design_1_wrapper/hw/design_1_wrapper.xsa
TRACE::2025-02-28.09:51:39::SCWPlatform::DSA given C:/Users/oparker/workspace/design_1_wrapper/hw/design_1_wrapper.xsa
TRACE::2025-02-28.09:51:39::SCWPlatform::DSA absoulate path C:/Users/oparker/workspace/design_1_wrapper/hw/design_1_wrapper.xsa
TRACE::2025-02-28.09:51:39::SCWPlatform::DSA directory C:/Users/oparker/workspace/design_1_wrapper/hw
TRACE::2025-02-28.09:51:39::SCWPlatform:: Platform Path C:/Users/oparker/workspace/design_1_wrapper/hw/design_1_wrapper.xsa
TRACE::2025-02-28.09:51:39::SCWPlatform:: Unique name xilinx:zed::0.0
TRACE::2025-02-28.09:51:39::SCWPlatform::Trying to set the existing hwdb with name design_1_wrapper_4
TRACE::2025-02-28.09:51:39::SCWPlatform::Opened existing hwdb design_1_wrapper_4
TRACE::2025-02-28.09:51:39::SCWPlatform::Found the Hw Db part of the input DSA
TRACE::2025-02-28.09:51:39::SCWMssOS::Checking the sw design at  C:/Users/oparker/workspace/design_1_wrapper/ps7_cortexa9_0/domain_ps7_cortexa9_0/bsp/system.mss
TRACE::2025-02-28.09:51:39::SCWMssOS::DEBUG:  swdes dump  C:/Users/oparker/workspace/TPG/zynq_fsbl/zynq_fsbl_bsp/system.mss|system||
C:/Users/oparker/workspace/design_1_wrapper/ps7_cortexa9_0/domain_ps7_cortexa9_0/bsp/system.mss|system_1||
C:/Users/oparker/workspace/design_1_wrapper/zynq_fsbl/zynq_fsbl_bsp/system.mss|system_0||

TRACE::2025-02-28.09:51:39::SCWMssOS::Sw design exists and opened at  C:/Users/oparker/workspace/design_1_wrapper/ps7_cortexa9_0/domain_ps7_cortexa9_0/bsp/system.mss
TRACE::2025-02-28.09:51:39::SCWPlatform::Trying to open the hw design at C:/Users/oparker/workspace/design_1_wrapper/hw/design_1_wrapper.xsa
TRACE::2025-02-28.09:51:39::SCWPlatform::DSA given C:/Users/oparker/workspace/design_1_wrapper/hw/design_1_wrapper.xsa
TRACE::2025-02-28.09:51:39::SCWPlatform::DSA absoulate path C:/Users/oparker/workspace/design_1_wrapper/hw/design_1_wrapper.xsa
TRACE::2025-02-28.09:51:39::SCWPlatform::DSA directory C:/Users/oparker/workspace/design_1_wrapper/hw
TRACE::2025-02-28.09:51:39::SCWPlatform:: Platform Path C:/Users/oparker/workspace/design_1_wrapper/hw/design_1_wrapper.xsa
TRACE::2025-02-28.09:51:39::SCWPlatform:: Unique name xilinx:zed::0.0
TRACE::2025-02-28.09:51:39::SCWPlatform::Trying to set the existing hwdb with name design_1_wrapper_4
TRACE::2025-02-28.09:51:39::SCWPlatform::Opened existing hwdb design_1_wrapper_4
TRACE::2025-02-28.09:51:39::SCWPlatform::Found the Hw Db part of the input DSA
TRACE::2025-02-28.09:51:39::SCWMssOS::Checking the sw design at  C:/Users/oparker/workspace/design_1_wrapper/ps7_cortexa9_0/domain_ps7_cortexa9_0/bsp/system.mss
TRACE::2025-02-28.09:51:39::SCWMssOS::DEBUG:  swdes dump  C:/Users/oparker/workspace/TPG/zynq_fsbl/zynq_fsbl_bsp/system.mss|system||
C:/Users/oparker/workspace/design_1_wrapper/ps7_cortexa9_0/domain_ps7_cortexa9_0/bsp/system.mss|system_1||
C:/Users/oparker/workspace/design_1_wrapper/zynq_fsbl/zynq_fsbl_bsp/system.mss|system_0||

TRACE::2025-02-28.09:51:39::SCWMssOS::Sw design exists and opened at  C:/Users/oparker/workspace/design_1_wrapper/ps7_cortexa9_0/domain_ps7_cortexa9_0/bsp/system.mss
TRACE::2025-02-28.09:51:39::SCWWriter::formatted JSON is {
	"platformName":	"design_1_wrapper",
	"sprVersion":	"2.0",
	"mode":	"gui",
	"dsaType":	"Fixed",
	"platformDesc":	"design_1_wrapper",
	"platHandOff":	"C:/Users/oparker/cpre488-mp2/project_1/design_1_wrapper.xsa",
	"platIntHandOff":	"<platformDir>/hw/design_1_wrapper.xsa",
	"deviceType":	"zynq",
	"platIsPrebuiltAutogen":	"false",
	"platIsNoBootBsp":	"false",
	"platFsblTarget":	"ps7_cortexa9_0",
	"hasFsblMakeHasChanges":	"false",
	"hasPmufwMakeHasChanges":	"false",
	"fsblExtraCompilerFlags":	"-MMD -MP       -mcpu=cortex-a9 -mfpu=vfpv3 -mfloat-abi=hard ",
	"platPreBuiltFlag":	false,
	"platformSamplesDir":	"",
	"platActiveSys":	"design_1_wrapper",
	"systems":	[{
			"systemName":	"design_1_wrapper",
			"systemDesc":	"design_1_wrapper",
			"sysIsBootAutoGen":	"true",
			"systemDispName":	"design_1_wrapper",
			"sysActiveDom":	"zynq_fsbl",
			"sysDefaultDom":	"domain_ps7_cortexa9_0",
			"domains":	[{
					"domainName":	"zynq_fsbl",
					"domainDispName":	"zynq_fsbl",
					"domainDesc":	"FSBL Application BSP - Auto Generated.",
					"processors":	"ps7_cortexa9_0",
					"os":	"standalone",
					"sdxOs":	"standalone",
					"debugEnable":	"",
					"domRuntimes":	["cpp"],
					"swRepo":	"",
					"mssOsVer":	"7.2",
					"mssFile":	"",
					"md5Digest":	"158a679dab493f3308b1d2cbafc496b0",
					"compatibleApp":	"zynq_fsbl",
					"domType":	"bootDomain",
					"arch":	"32-bit",
					"appSettings":	{
						"appCompilerFlags":	"",
						"appLinkerFlags":	""
					},
					"addedLibs":	["xilffs:4.3", "xilrsa:1.6"],
					"libOptions":	{
						"libsContainingOptions":	[]
					},
					"prebuiltLibs":	{
						"prebuiltIncPath":	[],
						"prebuiltLibPath":	[]
					},
					"isolation":	{
					}
				}, {
					"domainName":	"domain_ps7_cortexa9_0",
					"domainDispName":	"domain_ps7_cortexa9_0",
					"domainDesc":	"domain_ps7_cortexa9_0",
					"processors":	"ps7_cortexa9_0",
					"os":	"standalone",
					"sdxOs":	"standalone",
					"qemuArgs":	"C:/Xilinx/Vitis/2020.1/data/emulation/platforms/zynq/qemu/qemu_args.txt",
					"qemuData":	"C:/Xilinx/Vitis/2020.1/data/emulation/platforms/zynq/qemu/",
					"debugEnable":	"False",
					"domRuntimes":	["cpp"],
					"swRepo":	"",
					"mssOsVer":	"7.2",
					"mssFile":	"",
					"md5Digest":	"85ba41434c82914f0e9e24fa6ddcf962",
					"compatibleApp":	"hello_world",
					"domType":	"mssDomain",
					"arch":	"32-bit",
					"appSettings":	{
						"appCompilerFlags":	"",
						"appLinkerFlags":	""
					},
					"addedLibs":	[],
					"libOptions":	{
						"libsContainingOptions":	[]
					},
					"prebuiltLibs":	{
						"prebuiltIncPath":	[],
						"prebuiltLibPath":	[]
					},
					"isolation":	{
					}
				}]
		}]
}
TRACE::2025-02-28.09:51:39::SCWMssOS::Saving the mss changes C:/Users/oparker/workspace/design_1_wrapper/zynq_fsbl/zynq_fsbl_bsp/system.mss
TRACE::2025-02-28.09:51:39::SCWMssOS::Found a swdesign opened with the mssfile.
TRACE::2025-02-28.09:51:39::SCWMssOS::Completed writemss as part of save.
TRACE::2025-02-28.09:51:39::SCWMssOS::Commit changes completed.
TRACE::2025-02-28.09:51:39::SCWPlatform::Trying to open the hw design at C:/Users/oparker/workspace/design_1_wrapper/hw/design_1_wrapper.xsa
TRACE::2025-02-28.09:51:39::SCWPlatform::DSA given C:/Users/oparker/workspace/design_1_wrapper/hw/design_1_wrapper.xsa
TRACE::2025-02-28.09:51:39::SCWPlatform::DSA absoulate path C:/Users/oparker/workspace/design_1_wrapper/hw/design_1_wrapper.xsa
TRACE::2025-02-28.09:51:39::SCWPlatform::DSA directory C:/Users/oparker/workspace/design_1_wrapper/hw
TRACE::2025-02-28.09:51:39::SCWPlatform:: Platform Path C:/Users/oparker/workspace/design_1_wrapper/hw/design_1_wrapper.xsa
TRACE::2025-02-28.09:51:39::SCWPlatform:: Unique name xilinx:zed::0.0
TRACE::2025-02-28.09:51:39::SCWPlatform::Trying to set the existing hwdb with name design_1_wrapper_4
TRACE::2025-02-28.09:51:39::SCWPlatform::Opened existing hwdb design_1_wrapper_4
TRACE::2025-02-28.09:51:39::SCWPlatform::Found the Hw Db part of the input DSA
TRACE::2025-02-28.09:51:39::SCWMssOS::Checking the sw design at  C:/Users/oparker/workspace/design_1_wrapper/zynq_fsbl/zynq_fsbl_bsp/system.mss
TRACE::2025-02-28.09:51:39::SCWMssOS::DEBUG:  swdes dump  C:/Users/oparker/workspace/TPG/zynq_fsbl/zynq_fsbl_bsp/system.mss|system||
C:/Users/oparker/workspace/design_1_wrapper/ps7_cortexa9_0/domain_ps7_cortexa9_0/bsp/system.mss|system_1||
C:/Users/oparker/workspace/design_1_wrapper/zynq_fsbl/zynq_fsbl_bsp/system.mss|system_0||

TRACE::2025-02-28.09:51:39::SCWMssOS::Sw design exists and opened at  C:/Users/oparker/workspace/design_1_wrapper/zynq_fsbl/zynq_fsbl_bsp/system.mss
TRACE::2025-02-28.09:51:39::SCWMssOS::Removing the swdes entry for  C:/Users/oparker/workspace/design_1_wrapper/zynq_fsbl/zynq_fsbl_bsp/system.mss
TRACE::2025-02-28.09:51:39::SCWPlatform::Trying to open the hw design at C:/Users/oparker/workspace/design_1_wrapper/hw/design_1_wrapper.xsa
TRACE::2025-02-28.09:51:39::SCWPlatform::DSA given C:/Users/oparker/workspace/design_1_wrapper/hw/design_1_wrapper.xsa
TRACE::2025-02-28.09:51:39::SCWPlatform::DSA absoulate path C:/Users/oparker/workspace/design_1_wrapper/hw/design_1_wrapper.xsa
TRACE::2025-02-28.09:51:39::SCWPlatform::DSA directory C:/Users/oparker/workspace/design_1_wrapper/hw
TRACE::2025-02-28.09:51:39::SCWPlatform:: Platform Path C:/Users/oparker/workspace/design_1_wrapper/hw/design_1_wrapper.xsa
TRACE::2025-02-28.09:51:39::SCWPlatform:: Unique name xilinx:zed::0.0
TRACE::2025-02-28.09:51:39::SCWPlatform::Trying to set the existing hwdb with name design_1_wrapper_4
TRACE::2025-02-28.09:51:39::SCWPlatform::Opened existing hwdb design_1_wrapper_4
TRACE::2025-02-28.09:51:39::SCWPlatform::Found the Hw Db part of the input DSA
TRACE::2025-02-28.09:51:39::SCWMssOS::Checking the sw design at  C:/Users/oparker/workspace/design_1_wrapper/ps7_cortexa9_0/domain_ps7_cortexa9_0/bsp/system.mss
TRACE::2025-02-28.09:51:39::SCWMssOS::DEBUG:  swdes dump  C:/Users/oparker/workspace/TPG/zynq_fsbl/zynq_fsbl_bsp/system.mss|system||
C:/Users/oparker/workspace/design_1_wrapper/ps7_cortexa9_0/domain_ps7_cortexa9_0/bsp/system.mss|system_1||

TRACE::2025-02-28.09:51:39::SCWMssOS::Sw design exists and opened at  C:/Users/oparker/workspace/design_1_wrapper/ps7_cortexa9_0/domain_ps7_cortexa9_0/bsp/system.mss
TRACE::2025-02-28.09:51:39::SCWMssOS::Saving the mss changes C:/Users/oparker/workspace/design_1_wrapper/zynq_fsbl/zynq_fsbl_bsp/system.mss
TRACE::2025-02-28.09:51:39::SCWMssOS::Adding the swdes entry, mss present, able to open swdb C:/Users/oparker/workspace/design_1_wrapper/zynq_fsbl/zynq_fsbl_bsp/system.mss with des name system_0
TRACE::2025-02-28.09:51:39::SCWMssOS::Writing the mss file completed C:/Users/oparker/workspace/design_1_wrapper/zynq_fsbl/zynq_fsbl_bsp/system.mss
TRACE::2025-02-28.09:51:39::SCWMssOS::Commit changes completed.
TRACE::2025-02-28.09:51:39::SCWMssOS::Saving the mss changes C:/Users/oparker/workspace/design_1_wrapper/ps7_cortexa9_0/domain_ps7_cortexa9_0/bsp/system.mss
TRACE::2025-02-28.09:51:39::SCWMssOS::Found a swdesign opened with the mssfile.
TRACE::2025-02-28.09:51:39::SCWMssOS::Completed writemss as part of save.
TRACE::2025-02-28.09:51:39::SCWMssOS::Commit changes completed.
TRACE::2025-02-28.09:51:39::SCWPlatform::Trying to open the hw design at C:/Users/oparker/workspace/design_1_wrapper/hw/design_1_wrapper.xsa
TRACE::2025-02-28.09:51:39::SCWPlatform::DSA given C:/Users/oparker/workspace/design_1_wrapper/hw/design_1_wrapper.xsa
TRACE::2025-02-28.09:51:39::SCWPlatform::DSA absoulate path C:/Users/oparker/workspace/design_1_wrapper/hw/design_1_wrapper.xsa
TRACE::2025-02-28.09:51:39::SCWPlatform::DSA directory C:/Users/oparker/workspace/design_1_wrapper/hw
TRACE::2025-02-28.09:51:39::SCWPlatform:: Platform Path C:/Users/oparker/workspace/design_1_wrapper/hw/design_1_wrapper.xsa
TRACE::2025-02-28.09:51:39::SCWPlatform:: Unique name xilinx:zed::0.0
TRACE::2025-02-28.09:51:39::SCWPlatform::Trying to set the existing hwdb with name design_1_wrapper_4
TRACE::2025-02-28.09:51:39::SCWPlatform::Opened existing hwdb design_1_wrapper_4
TRACE::2025-02-28.09:51:39::SCWPlatform::Found the Hw Db part of the input DSA
TRACE::2025-02-28.09:51:39::SCWMssOS::Checking the sw design at  C:/Users/oparker/workspace/design_1_wrapper/zynq_fsbl/zynq_fsbl_bsp/system.mss
TRACE::2025-02-28.09:51:39::SCWMssOS::DEBUG:  swdes dump  C:/Users/oparker/workspace/TPG/zynq_fsbl/zynq_fsbl_bsp/system.mss|system||
C:/Users/oparker/workspace/design_1_wrapper/ps7_cortexa9_0/domain_ps7_cortexa9_0/bsp/system.mss|system_1||
C:/Users/oparker/workspace/design_1_wrapper/zynq_fsbl/zynq_fsbl_bsp/system.mss|system_0||

TRACE::2025-02-28.09:51:39::SCWMssOS::Sw design exists and opened at  C:/Users/oparker/workspace/design_1_wrapper/zynq_fsbl/zynq_fsbl_bsp/system.mss
TRACE::2025-02-28.09:51:39::SCWPlatform::Trying to open the hw design at C:/Users/oparker/workspace/design_1_wrapper/hw/design_1_wrapper.xsa
TRACE::2025-02-28.09:51:39::SCWPlatform::DSA given C:/Users/oparker/workspace/design_1_wrapper/hw/design_1_wrapper.xsa
TRACE::2025-02-28.09:51:39::SCWPlatform::DSA absoulate path C:/Users/oparker/workspace/design_1_wrapper/hw/design_1_wrapper.xsa
TRACE::2025-02-28.09:51:39::SCWPlatform::DSA directory C:/Users/oparker/workspace/design_1_wrapper/hw
TRACE::2025-02-28.09:51:39::SCWPlatform:: Platform Path C:/Users/oparker/workspace/design_1_wrapper/hw/design_1_wrapper.xsa
TRACE::2025-02-28.09:51:39::SCWPlatform:: Unique name xilinx:zed::0.0
TRACE::2025-02-28.09:51:39::SCWPlatform::Trying to set the existing hwdb with name design_1_wrapper_4
TRACE::2025-02-28.09:51:39::SCWPlatform::Opened existing hwdb design_1_wrapper_4
TRACE::2025-02-28.09:51:39::SCWPlatform::Found the Hw Db part of the input DSA
TRACE::2025-02-28.09:51:39::SCWMssOS::Checking the sw design at  C:/Users/oparker/workspace/design_1_wrapper/zynq_fsbl/zynq_fsbl_bsp/system.mss
TRACE::2025-02-28.09:51:39::SCWMssOS::DEBUG:  swdes dump  C:/Users/oparker/workspace/TPG/zynq_fsbl/zynq_fsbl_bsp/system.mss|system||
C:/Users/oparker/workspace/design_1_wrapper/ps7_cortexa9_0/domain_ps7_cortexa9_0/bsp/system.mss|system_1||
C:/Users/oparker/workspace/design_1_wrapper/zynq_fsbl/zynq_fsbl_bsp/system.mss|system_0||

TRACE::2025-02-28.09:51:39::SCWMssOS::Sw design exists and opened at  C:/Users/oparker/workspace/design_1_wrapper/zynq_fsbl/zynq_fsbl_bsp/system.mss
TRACE::2025-02-28.09:51:39::SCWPlatform::Trying to open the hw design at C:/Users/oparker/workspace/design_1_wrapper/hw/design_1_wrapper.xsa
TRACE::2025-02-28.09:51:39::SCWPlatform::DSA given C:/Users/oparker/workspace/design_1_wrapper/hw/design_1_wrapper.xsa
TRACE::2025-02-28.09:51:39::SCWPlatform::DSA absoulate path C:/Users/oparker/workspace/design_1_wrapper/hw/design_1_wrapper.xsa
TRACE::2025-02-28.09:51:39::SCWPlatform::DSA directory C:/Users/oparker/workspace/design_1_wrapper/hw
TRACE::2025-02-28.09:51:39::SCWPlatform:: Platform Path C:/Users/oparker/workspace/design_1_wrapper/hw/design_1_wrapper.xsa
TRACE::2025-02-28.09:51:39::SCWPlatform:: Unique name xilinx:zed::0.0
TRACE::2025-02-28.09:51:39::SCWPlatform::Trying to set the existing hwdb with name design_1_wrapper_4
TRACE::2025-02-28.09:51:39::SCWPlatform::Opened existing hwdb design_1_wrapper_4
TRACE::2025-02-28.09:51:39::SCWPlatform::Found the Hw Db part of the input DSA
TRACE::2025-02-28.09:51:39::SCWMssOS::Checking the sw design at  C:/Users/oparker/workspace/design_1_wrapper/zynq_fsbl/zynq_fsbl_bsp/system.mss
TRACE::2025-02-28.09:51:39::SCWMssOS::DEBUG:  swdes dump  C:/Users/oparker/workspace/TPG/zynq_fsbl/zynq_fsbl_bsp/system.mss|system||
C:/Users/oparker/workspace/design_1_wrapper/ps7_cortexa9_0/domain_ps7_cortexa9_0/bsp/system.mss|system_1||
C:/Users/oparker/workspace/design_1_wrapper/zynq_fsbl/zynq_fsbl_bsp/system.mss|system_0||

TRACE::2025-02-28.09:51:39::SCWMssOS::Sw design exists and opened at  C:/Users/oparker/workspace/design_1_wrapper/zynq_fsbl/zynq_fsbl_bsp/system.mss
TRACE::2025-02-28.09:51:39::SCWPlatform::Trying to open the hw design at C:/Users/oparker/workspace/design_1_wrapper/hw/design_1_wrapper.xsa
TRACE::2025-02-28.09:51:39::SCWPlatform::DSA given C:/Users/oparker/workspace/design_1_wrapper/hw/design_1_wrapper.xsa
TRACE::2025-02-28.09:51:39::SCWPlatform::DSA absoulate path C:/Users/oparker/workspace/design_1_wrapper/hw/design_1_wrapper.xsa
TRACE::2025-02-28.09:51:39::SCWPlatform::DSA directory C:/Users/oparker/workspace/design_1_wrapper/hw
TRACE::2025-02-28.09:51:39::SCWPlatform:: Platform Path C:/Users/oparker/workspace/design_1_wrapper/hw/design_1_wrapper.xsa
TRACE::2025-02-28.09:51:39::SCWPlatform:: Unique name xilinx:zed::0.0
TRACE::2025-02-28.09:51:39::SCWPlatform::Trying to set the existing hwdb with name design_1_wrapper_4
TRACE::2025-02-28.09:51:39::SCWPlatform::Opened existing hwdb design_1_wrapper_4
TRACE::2025-02-28.09:51:39::SCWPlatform::Found the Hw Db part of the input DSA
TRACE::2025-02-28.09:51:39::SCWMssOS::Checking the sw design at  C:/Users/oparker/workspace/design_1_wrapper/ps7_cortexa9_0/domain_ps7_cortexa9_0/bsp/system.mss
TRACE::2025-02-28.09:51:39::SCWMssOS::DEBUG:  swdes dump  C:/Users/oparker/workspace/TPG/zynq_fsbl/zynq_fsbl_bsp/system.mss|system||
C:/Users/oparker/workspace/design_1_wrapper/ps7_cortexa9_0/domain_ps7_cortexa9_0/bsp/system.mss|system_1||
C:/Users/oparker/workspace/design_1_wrapper/zynq_fsbl/zynq_fsbl_bsp/system.mss|system_0||

TRACE::2025-02-28.09:51:39::SCWMssOS::Sw design exists and opened at  C:/Users/oparker/workspace/design_1_wrapper/ps7_cortexa9_0/domain_ps7_cortexa9_0/bsp/system.mss
TRACE::2025-02-28.09:51:39::SCWPlatform::Trying to open the hw design at C:/Users/oparker/workspace/design_1_wrapper/hw/design_1_wrapper.xsa
TRACE::2025-02-28.09:51:39::SCWPlatform::DSA given C:/Users/oparker/workspace/design_1_wrapper/hw/design_1_wrapper.xsa
TRACE::2025-02-28.09:51:39::SCWPlatform::DSA absoulate path C:/Users/oparker/workspace/design_1_wrapper/hw/design_1_wrapper.xsa
TRACE::2025-02-28.09:51:39::SCWPlatform::DSA directory C:/Users/oparker/workspace/design_1_wrapper/hw
TRACE::2025-02-28.09:51:39::SCWPlatform:: Platform Path C:/Users/oparker/workspace/design_1_wrapper/hw/design_1_wrapper.xsa
TRACE::2025-02-28.09:51:39::SCWPlatform:: Unique name xilinx:zed::0.0
TRACE::2025-02-28.09:51:39::SCWPlatform::Trying to set the existing hwdb with name design_1_wrapper_4
TRACE::2025-02-28.09:51:39::SCWPlatform::Opened existing hwdb design_1_wrapper_4
TRACE::2025-02-28.09:51:39::SCWPlatform::Found the Hw Db part of the input DSA
TRACE::2025-02-28.09:51:39::SCWMssOS::Checking the sw design at  C:/Users/oparker/workspace/design_1_wrapper/ps7_cortexa9_0/domain_ps7_cortexa9_0/bsp/system.mss
TRACE::2025-02-28.09:51:39::SCWMssOS::DEBUG:  swdes dump  C:/Users/oparker/workspace/TPG/zynq_fsbl/zynq_fsbl_bsp/system.mss|system||
C:/Users/oparker/workspace/design_1_wrapper/ps7_cortexa9_0/domain_ps7_cortexa9_0/bsp/system.mss|system_1||
C:/Users/oparker/workspace/design_1_wrapper/zynq_fsbl/zynq_fsbl_bsp/system.mss|system_0||

TRACE::2025-02-28.09:51:39::SCWMssOS::Sw design exists and opened at  C:/Users/oparker/workspace/design_1_wrapper/ps7_cortexa9_0/domain_ps7_cortexa9_0/bsp/system.mss
TRACE::2025-02-28.09:51:39::SCWPlatform::Trying to open the hw design at C:/Users/oparker/workspace/design_1_wrapper/hw/design_1_wrapper.xsa
TRACE::2025-02-28.09:51:39::SCWPlatform::DSA given C:/Users/oparker/workspace/design_1_wrapper/hw/design_1_wrapper.xsa
TRACE::2025-02-28.09:51:39::SCWPlatform::DSA absoulate path C:/Users/oparker/workspace/design_1_wrapper/hw/design_1_wrapper.xsa
TRACE::2025-02-28.09:51:39::SCWPlatform::DSA directory C:/Users/oparker/workspace/design_1_wrapper/hw
TRACE::2025-02-28.09:51:39::SCWPlatform:: Platform Path C:/Users/oparker/workspace/design_1_wrapper/hw/design_1_wrapper.xsa
TRACE::2025-02-28.09:51:39::SCWPlatform:: Unique name xilinx:zed::0.0
TRACE::2025-02-28.09:51:39::SCWPlatform::Trying to set the existing hwdb with name design_1_wrapper_4
TRACE::2025-02-28.09:51:39::SCWPlatform::Opened existing hwdb design_1_wrapper_4
TRACE::2025-02-28.09:51:39::SCWPlatform::Found the Hw Db part of the input DSA
TRACE::2025-02-28.09:51:39::SCWMssOS::Checking the sw design at  C:/Users/oparker/workspace/design_1_wrapper/ps7_cortexa9_0/domain_ps7_cortexa9_0/bsp/system.mss
TRACE::2025-02-28.09:51:39::SCWMssOS::DEBUG:  swdes dump  C:/Users/oparker/workspace/TPG/zynq_fsbl/zynq_fsbl_bsp/system.mss|system||
C:/Users/oparker/workspace/design_1_wrapper/ps7_cortexa9_0/domain_ps7_cortexa9_0/bsp/system.mss|system_1||
C:/Users/oparker/workspace/design_1_wrapper/zynq_fsbl/zynq_fsbl_bsp/system.mss|system_0||

TRACE::2025-02-28.09:51:39::SCWMssOS::Sw design exists and opened at  C:/Users/oparker/workspace/design_1_wrapper/ps7_cortexa9_0/domain_ps7_cortexa9_0/bsp/system.mss
TRACE::2025-02-28.09:51:39::SCWWriter::formatted JSON is {
	"platformName":	"design_1_wrapper",
	"sprVersion":	"2.0",
	"mode":	"gui",
	"dsaType":	"Fixed",
	"platformDesc":	"design_1_wrapper",
	"platHandOff":	"C:/Users/oparker/cpre488-mp2/project_1/design_1_wrapper.xsa",
	"platIntHandOff":	"<platformDir>/hw/design_1_wrapper.xsa",
	"deviceType":	"zynq",
	"platIsPrebuiltAutogen":	"false",
	"platIsNoBootBsp":	"false",
	"platFsblTarget":	"ps7_cortexa9_0",
	"hasFsblMakeHasChanges":	"false",
	"hasPmufwMakeHasChanges":	"false",
	"fsblExtraCompilerFlags":	"-MMD -MP       -mcpu=cortex-a9 -mfpu=vfpv3 -mfloat-abi=hard ",
	"platPreBuiltFlag":	false,
	"platformSamplesDir":	"",
	"platActiveSys":	"design_1_wrapper",
	"systems":	[{
			"systemName":	"design_1_wrapper",
			"systemDesc":	"design_1_wrapper",
			"sysIsBootAutoGen":	"true",
			"systemDispName":	"design_1_wrapper",
			"sysActiveDom":	"domain_ps7_cortexa9_0",
			"sysDefaultDom":	"domain_ps7_cortexa9_0",
			"domains":	[{
					"domainName":	"zynq_fsbl",
					"domainDispName":	"zynq_fsbl",
					"domainDesc":	"FSBL Application BSP - Auto Generated.",
					"processors":	"ps7_cortexa9_0",
					"os":	"standalone",
					"sdxOs":	"standalone",
					"debugEnable":	"",
					"domRuntimes":	["cpp"],
					"swRepo":	"",
					"mssOsVer":	"7.2",
					"mssFile":	"",
					"md5Digest":	"158a679dab493f3308b1d2cbafc496b0",
					"compatibleApp":	"zynq_fsbl",
					"domType":	"bootDomain",
					"arch":	"32-bit",
					"appSettings":	{
						"appCompilerFlags":	"",
						"appLinkerFlags":	""
					},
					"addedLibs":	["xilffs:4.3", "xilrsa:1.6"],
					"libOptions":	{
						"libsContainingOptions":	[]
					},
					"prebuiltLibs":	{
						"prebuiltIncPath":	[],
						"prebuiltLibPath":	[]
					},
					"isolation":	{
					}
				}, {
					"domainName":	"domain_ps7_cortexa9_0",
					"domainDispName":	"domain_ps7_cortexa9_0",
					"domainDesc":	"domain_ps7_cortexa9_0",
					"processors":	"ps7_cortexa9_0",
					"os":	"standalone",
					"sdxOs":	"standalone",
					"qemuArgs":	"C:/Xilinx/Vitis/2020.1/data/emulation/platforms/zynq/qemu/qemu_args.txt",
					"qemuData":	"C:/Xilinx/Vitis/2020.1/data/emulation/platforms/zynq/qemu/",
					"debugEnable":	"False",
					"domRuntimes":	["cpp"],
					"swRepo":	"",
					"mssOsVer":	"7.2",
					"mssFile":	"",
					"md5Digest":	"85ba41434c82914f0e9e24fa6ddcf962",
					"compatibleApp":	"hello_world",
					"domType":	"mssDomain",
					"arch":	"32-bit",
					"appSettings":	{
						"appCompilerFlags":	"",
						"appLinkerFlags":	""
					},
					"addedLibs":	[],
					"libOptions":	{
						"libsContainingOptions":	[]
					},
					"prebuiltLibs":	{
						"prebuiltIncPath":	[],
						"prebuiltLibPath":	[]
					},
					"isolation":	{
					}
				}]
		}]
}
TRACE::2025-02-28.09:51:39::SCWMssOS::Saving the mss changes C:/Users/oparker/workspace/design_1_wrapper/ps7_cortexa9_0/domain_ps7_cortexa9_0/bsp/system.mss
TRACE::2025-02-28.09:51:39::SCWMssOS::Found a swdesign opened with the mssfile.
TRACE::2025-02-28.09:51:39::SCWMssOS::Completed writemss as part of save.
TRACE::2025-02-28.09:51:39::SCWMssOS::Commit changes completed.
TRACE::2025-02-28.09:51:39::SCWPlatform::Trying to open the hw design at C:/Users/oparker/workspace/design_1_wrapper/hw/design_1_wrapper.xsa
TRACE::2025-02-28.09:51:39::SCWPlatform::DSA given C:/Users/oparker/workspace/design_1_wrapper/hw/design_1_wrapper.xsa
TRACE::2025-02-28.09:51:39::SCWPlatform::DSA absoulate path C:/Users/oparker/workspace/design_1_wrapper/hw/design_1_wrapper.xsa
TRACE::2025-02-28.09:51:39::SCWPlatform::DSA directory C:/Users/oparker/workspace/design_1_wrapper/hw
TRACE::2025-02-28.09:51:39::SCWPlatform:: Platform Path C:/Users/oparker/workspace/design_1_wrapper/hw/design_1_wrapper.xsa
TRACE::2025-02-28.09:51:39::SCWPlatform:: Unique name xilinx:zed::0.0
TRACE::2025-02-28.09:51:39::SCWPlatform::Trying to set the existing hwdb with name design_1_wrapper_4
TRACE::2025-02-28.09:51:39::SCWPlatform::Opened existing hwdb design_1_wrapper_4
TRACE::2025-02-28.09:51:39::SCWPlatform::Found the Hw Db part of the input DSA
TRACE::2025-02-28.09:51:39::SCWMssOS::Checking the sw design at  C:/Users/oparker/workspace/design_1_wrapper/ps7_cortexa9_0/domain_ps7_cortexa9_0/bsp/system.mss
TRACE::2025-02-28.09:51:39::SCWMssOS::DEBUG:  swdes dump  C:/Users/oparker/workspace/TPG/zynq_fsbl/zynq_fsbl_bsp/system.mss|system||
C:/Users/oparker/workspace/design_1_wrapper/ps7_cortexa9_0/domain_ps7_cortexa9_0/bsp/system.mss|system_1||
C:/Users/oparker/workspace/design_1_wrapper/zynq_fsbl/zynq_fsbl_bsp/system.mss|system_0||

TRACE::2025-02-28.09:51:39::SCWMssOS::Sw design exists and opened at  C:/Users/oparker/workspace/design_1_wrapper/ps7_cortexa9_0/domain_ps7_cortexa9_0/bsp/system.mss
TRACE::2025-02-28.09:51:39::SCWMssOS::Removing the swdes entry for  C:/Users/oparker/workspace/design_1_wrapper/ps7_cortexa9_0/domain_ps7_cortexa9_0/bsp/system.mss
TRACE::2025-02-28.09:51:39::SCWPlatform::Trying to open the hw design at C:/Users/oparker/workspace/design_1_wrapper/hw/design_1_wrapper.xsa
TRACE::2025-02-28.09:51:39::SCWPlatform::DSA given C:/Users/oparker/workspace/design_1_wrapper/hw/design_1_wrapper.xsa
TRACE::2025-02-28.09:51:39::SCWPlatform::DSA absoulate path C:/Users/oparker/workspace/design_1_wrapper/hw/design_1_wrapper.xsa
TRACE::2025-02-28.09:51:39::SCWPlatform::DSA directory C:/Users/oparker/workspace/design_1_wrapper/hw
TRACE::2025-02-28.09:51:39::SCWPlatform:: Platform Path C:/Users/oparker/workspace/design_1_wrapper/hw/design_1_wrapper.xsa
TRACE::2025-02-28.09:51:39::SCWPlatform:: Unique name xilinx:zed::0.0
TRACE::2025-02-28.09:51:39::SCWPlatform::Trying to set the existing hwdb with name design_1_wrapper_4
TRACE::2025-02-28.09:51:39::SCWPlatform::Opened existing hwdb design_1_wrapper_4
TRACE::2025-02-28.09:51:39::SCWPlatform::Found the Hw Db part of the input DSA
TRACE::2025-02-28.09:51:39::SCWMssOS::Checking the sw design at  C:/Users/oparker/workspace/design_1_wrapper/zynq_fsbl/zynq_fsbl_bsp/system.mss
TRACE::2025-02-28.09:51:39::SCWMssOS::DEBUG:  swdes dump  C:/Users/oparker/workspace/TPG/zynq_fsbl/zynq_fsbl_bsp/system.mss|system||
C:/Users/oparker/workspace/design_1_wrapper/zynq_fsbl/zynq_fsbl_bsp/system.mss|system_0||

TRACE::2025-02-28.09:51:39::SCWMssOS::Sw design exists and opened at  C:/Users/oparker/workspace/design_1_wrapper/zynq_fsbl/zynq_fsbl_bsp/system.mss
TRACE::2025-02-28.09:51:39::SCWMssOS::Saving the mss changes C:/Users/oparker/workspace/design_1_wrapper/zynq_fsbl/zynq_fsbl_bsp/system.mss
TRACE::2025-02-28.09:51:39::SCWMssOS::Found a swdesign opened with the mssfile.
TRACE::2025-02-28.09:51:39::SCWMssOS::Completed writemss as part of save.
TRACE::2025-02-28.09:51:39::SCWMssOS::Commit changes completed.
TRACE::2025-02-28.09:51:39::SCWMssOS::Saving the mss changes C:/Users/oparker/workspace/design_1_wrapper/ps7_cortexa9_0/domain_ps7_cortexa9_0/bsp/system.mss
TRACE::2025-02-28.09:51:39::SCWMssOS::Adding the swdes entry, mss present, able to open swdb C:/Users/oparker/workspace/design_1_wrapper/ps7_cortexa9_0/domain_ps7_cortexa9_0/bsp/system.mss with des name system_1
TRACE::2025-02-28.09:51:39::SCWMssOS::Writing the mss file completed C:/Users/oparker/workspace/design_1_wrapper/ps7_cortexa9_0/domain_ps7_cortexa9_0/bsp/system.mss
TRACE::2025-02-28.09:51:39::SCWMssOS::Commit changes completed.
TRACE::2025-02-28.09:51:39::SCWPlatform::Trying to open the hw design at C:/Users/oparker/workspace/design_1_wrapper/hw/design_1_wrapper.xsa
TRACE::2025-02-28.09:51:39::SCWPlatform::DSA given C:/Users/oparker/workspace/design_1_wrapper/hw/design_1_wrapper.xsa
TRACE::2025-02-28.09:51:39::SCWPlatform::DSA absoulate path C:/Users/oparker/workspace/design_1_wrapper/hw/design_1_wrapper.xsa
TRACE::2025-02-28.09:51:39::SCWPlatform::DSA directory C:/Users/oparker/workspace/design_1_wrapper/hw
TRACE::2025-02-28.09:51:39::SCWPlatform:: Platform Path C:/Users/oparker/workspace/design_1_wrapper/hw/design_1_wrapper.xsa
TRACE::2025-02-28.09:51:39::SCWPlatform:: Unique name xilinx:zed::0.0
TRACE::2025-02-28.09:51:39::SCWPlatform::Trying to set the existing hwdb with name design_1_wrapper_4
TRACE::2025-02-28.09:51:39::SCWPlatform::Opened existing hwdb design_1_wrapper_4
TRACE::2025-02-28.09:51:39::SCWPlatform::Found the Hw Db part of the input DSA
TRACE::2025-02-28.09:51:39::SCWMssOS::Checking the sw design at  C:/Users/oparker/workspace/design_1_wrapper/zynq_fsbl/zynq_fsbl_bsp/system.mss
TRACE::2025-02-28.09:51:39::SCWMssOS::DEBUG:  swdes dump  C:/Users/oparker/workspace/TPG/zynq_fsbl/zynq_fsbl_bsp/system.mss|system||
C:/Users/oparker/workspace/design_1_wrapper/ps7_cortexa9_0/domain_ps7_cortexa9_0/bsp/system.mss|system_1||
C:/Users/oparker/workspace/design_1_wrapper/zynq_fsbl/zynq_fsbl_bsp/system.mss|system_0||

TRACE::2025-02-28.09:51:39::SCWMssOS::Sw design exists and opened at  C:/Users/oparker/workspace/design_1_wrapper/zynq_fsbl/zynq_fsbl_bsp/system.mss
TRACE::2025-02-28.09:51:39::SCWPlatform::Trying to open the hw design at C:/Users/oparker/workspace/design_1_wrapper/hw/design_1_wrapper.xsa
TRACE::2025-02-28.09:51:39::SCWPlatform::DSA given C:/Users/oparker/workspace/design_1_wrapper/hw/design_1_wrapper.xsa
TRACE::2025-02-28.09:51:39::SCWPlatform::DSA absoulate path C:/Users/oparker/workspace/design_1_wrapper/hw/design_1_wrapper.xsa
TRACE::2025-02-28.09:51:39::SCWPlatform::DSA directory C:/Users/oparker/workspace/design_1_wrapper/hw
TRACE::2025-02-28.09:51:39::SCWPlatform:: Platform Path C:/Users/oparker/workspace/design_1_wrapper/hw/design_1_wrapper.xsa
TRACE::2025-02-28.09:51:39::SCWPlatform:: Unique name xilinx:zed::0.0
TRACE::2025-02-28.09:51:39::SCWPlatform::Trying to set the existing hwdb with name design_1_wrapper_4
TRACE::2025-02-28.09:51:39::SCWPlatform::Opened existing hwdb design_1_wrapper_4
TRACE::2025-02-28.09:51:39::SCWPlatform::Found the Hw Db part of the input DSA
TRACE::2025-02-28.09:51:39::SCWMssOS::Checking the sw design at  C:/Users/oparker/workspace/design_1_wrapper/zynq_fsbl/zynq_fsbl_bsp/system.mss
TRACE::2025-02-28.09:51:39::SCWMssOS::DEBUG:  swdes dump  C:/Users/oparker/workspace/TPG/zynq_fsbl/zynq_fsbl_bsp/system.mss|system||
C:/Users/oparker/workspace/design_1_wrapper/ps7_cortexa9_0/domain_ps7_cortexa9_0/bsp/system.mss|system_1||
C:/Users/oparker/workspace/design_1_wrapper/zynq_fsbl/zynq_fsbl_bsp/system.mss|system_0||

TRACE::2025-02-28.09:51:39::SCWMssOS::Sw design exists and opened at  C:/Users/oparker/workspace/design_1_wrapper/zynq_fsbl/zynq_fsbl_bsp/system.mss
TRACE::2025-02-28.09:51:39::SCWPlatform::Trying to open the hw design at C:/Users/oparker/workspace/design_1_wrapper/hw/design_1_wrapper.xsa
TRACE::2025-02-28.09:51:39::SCWPlatform::DSA given C:/Users/oparker/workspace/design_1_wrapper/hw/design_1_wrapper.xsa
TRACE::2025-02-28.09:51:39::SCWPlatform::DSA absoulate path C:/Users/oparker/workspace/design_1_wrapper/hw/design_1_wrapper.xsa
TRACE::2025-02-28.09:51:39::SCWPlatform::DSA directory C:/Users/oparker/workspace/design_1_wrapper/hw
TRACE::2025-02-28.09:51:39::SCWPlatform:: Platform Path C:/Users/oparker/workspace/design_1_wrapper/hw/design_1_wrapper.xsa
TRACE::2025-02-28.09:51:39::SCWPlatform:: Unique name xilinx:zed::0.0
TRACE::2025-02-28.09:51:39::SCWPlatform::Trying to set the existing hwdb with name design_1_wrapper_4
TRACE::2025-02-28.09:51:39::SCWPlatform::Opened existing hwdb design_1_wrapper_4
TRACE::2025-02-28.09:51:39::SCWPlatform::Found the Hw Db part of the input DSA
TRACE::2025-02-28.09:51:39::SCWMssOS::Checking the sw design at  C:/Users/oparker/workspace/design_1_wrapper/zynq_fsbl/zynq_fsbl_bsp/system.mss
TRACE::2025-02-28.09:51:39::SCWMssOS::DEBUG:  swdes dump  C:/Users/oparker/workspace/TPG/zynq_fsbl/zynq_fsbl_bsp/system.mss|system||
C:/Users/oparker/workspace/design_1_wrapper/ps7_cortexa9_0/domain_ps7_cortexa9_0/bsp/system.mss|system_1||
C:/Users/oparker/workspace/design_1_wrapper/zynq_fsbl/zynq_fsbl_bsp/system.mss|system_0||

TRACE::2025-02-28.09:51:39::SCWMssOS::Sw design exists and opened at  C:/Users/oparker/workspace/design_1_wrapper/zynq_fsbl/zynq_fsbl_bsp/system.mss
TRACE::2025-02-28.09:51:39::SCWPlatform::Trying to open the hw design at C:/Users/oparker/workspace/design_1_wrapper/hw/design_1_wrapper.xsa
TRACE::2025-02-28.09:51:39::SCWPlatform::DSA given C:/Users/oparker/workspace/design_1_wrapper/hw/design_1_wrapper.xsa
TRACE::2025-02-28.09:51:39::SCWPlatform::DSA absoulate path C:/Users/oparker/workspace/design_1_wrapper/hw/design_1_wrapper.xsa
TRACE::2025-02-28.09:51:39::SCWPlatform::DSA directory C:/Users/oparker/workspace/design_1_wrapper/hw
TRACE::2025-02-28.09:51:39::SCWPlatform:: Platform Path C:/Users/oparker/workspace/design_1_wrapper/hw/design_1_wrapper.xsa
TRACE::2025-02-28.09:51:39::SCWPlatform:: Unique name xilinx:zed::0.0
TRACE::2025-02-28.09:51:39::SCWPlatform::Trying to set the existing hwdb with name design_1_wrapper_4
TRACE::2025-02-28.09:51:39::SCWPlatform::Opened existing hwdb design_1_wrapper_4
TRACE::2025-02-28.09:51:39::SCWPlatform::Found the Hw Db part of the input DSA
TRACE::2025-02-28.09:51:39::SCWMssOS::Checking the sw design at  C:/Users/oparker/workspace/design_1_wrapper/ps7_cortexa9_0/domain_ps7_cortexa9_0/bsp/system.mss
TRACE::2025-02-28.09:51:39::SCWMssOS::DEBUG:  swdes dump  C:/Users/oparker/workspace/TPG/zynq_fsbl/zynq_fsbl_bsp/system.mss|system||
C:/Users/oparker/workspace/design_1_wrapper/ps7_cortexa9_0/domain_ps7_cortexa9_0/bsp/system.mss|system_1||
C:/Users/oparker/workspace/design_1_wrapper/zynq_fsbl/zynq_fsbl_bsp/system.mss|system_0||

TRACE::2025-02-28.09:51:39::SCWMssOS::Sw design exists and opened at  C:/Users/oparker/workspace/design_1_wrapper/ps7_cortexa9_0/domain_ps7_cortexa9_0/bsp/system.mss
TRACE::2025-02-28.09:51:39::SCWPlatform::Trying to open the hw design at C:/Users/oparker/workspace/design_1_wrapper/hw/design_1_wrapper.xsa
TRACE::2025-02-28.09:51:39::SCWPlatform::DSA given C:/Users/oparker/workspace/design_1_wrapper/hw/design_1_wrapper.xsa
TRACE::2025-02-28.09:51:39::SCWPlatform::DSA absoulate path C:/Users/oparker/workspace/design_1_wrapper/hw/design_1_wrapper.xsa
TRACE::2025-02-28.09:51:39::SCWPlatform::DSA directory C:/Users/oparker/workspace/design_1_wrapper/hw
TRACE::2025-02-28.09:51:39::SCWPlatform:: Platform Path C:/Users/oparker/workspace/design_1_wrapper/hw/design_1_wrapper.xsa
TRACE::2025-02-28.09:51:39::SCWPlatform:: Unique name xilinx:zed::0.0
TRACE::2025-02-28.09:51:39::SCWPlatform::Trying to set the existing hwdb with name design_1_wrapper_4
TRACE::2025-02-28.09:51:39::SCWPlatform::Opened existing hwdb design_1_wrapper_4
TRACE::2025-02-28.09:51:39::SCWPlatform::Found the Hw Db part of the input DSA
TRACE::2025-02-28.09:51:39::SCWMssOS::Checking the sw design at  C:/Users/oparker/workspace/design_1_wrapper/ps7_cortexa9_0/domain_ps7_cortexa9_0/bsp/system.mss
TRACE::2025-02-28.09:51:39::SCWMssOS::DEBUG:  swdes dump  C:/Users/oparker/workspace/TPG/zynq_fsbl/zynq_fsbl_bsp/system.mss|system||
C:/Users/oparker/workspace/design_1_wrapper/ps7_cortexa9_0/domain_ps7_cortexa9_0/bsp/system.mss|system_1||
C:/Users/oparker/workspace/design_1_wrapper/zynq_fsbl/zynq_fsbl_bsp/system.mss|system_0||

TRACE::2025-02-28.09:51:39::SCWMssOS::Sw design exists and opened at  C:/Users/oparker/workspace/design_1_wrapper/ps7_cortexa9_0/domain_ps7_cortexa9_0/bsp/system.mss
TRACE::2025-02-28.09:51:39::SCWPlatform::Trying to open the hw design at C:/Users/oparker/workspace/design_1_wrapper/hw/design_1_wrapper.xsa
TRACE::2025-02-28.09:51:39::SCWPlatform::DSA given C:/Users/oparker/workspace/design_1_wrapper/hw/design_1_wrapper.xsa
TRACE::2025-02-28.09:51:39::SCWPlatform::DSA absoulate path C:/Users/oparker/workspace/design_1_wrapper/hw/design_1_wrapper.xsa
TRACE::2025-02-28.09:51:39::SCWPlatform::DSA directory C:/Users/oparker/workspace/design_1_wrapper/hw
TRACE::2025-02-28.09:51:39::SCWPlatform:: Platform Path C:/Users/oparker/workspace/design_1_wrapper/hw/design_1_wrapper.xsa
TRACE::2025-02-28.09:51:39::SCWPlatform:: Unique name xilinx:zed::0.0
TRACE::2025-02-28.09:51:39::SCWPlatform::Trying to set the existing hwdb with name design_1_wrapper_4
TRACE::2025-02-28.09:51:39::SCWPlatform::Opened existing hwdb design_1_wrapper_4
TRACE::2025-02-28.09:51:39::SCWPlatform::Found the Hw Db part of the input DSA
TRACE::2025-02-28.09:51:39::SCWMssOS::Checking the sw design at  C:/Users/oparker/workspace/design_1_wrapper/ps7_cortexa9_0/domain_ps7_cortexa9_0/bsp/system.mss
TRACE::2025-02-28.09:51:39::SCWMssOS::DEBUG:  swdes dump  C:/Users/oparker/workspace/TPG/zynq_fsbl/zynq_fsbl_bsp/system.mss|system||
C:/Users/oparker/workspace/design_1_wrapper/ps7_cortexa9_0/domain_ps7_cortexa9_0/bsp/system.mss|system_1||
C:/Users/oparker/workspace/design_1_wrapper/zynq_fsbl/zynq_fsbl_bsp/system.mss|system_0||

TRACE::2025-02-28.09:51:39::SCWMssOS::Sw design exists and opened at  C:/Users/oparker/workspace/design_1_wrapper/ps7_cortexa9_0/domain_ps7_cortexa9_0/bsp/system.mss
TRACE::2025-02-28.09:51:39::SCWWriter::formatted JSON is {
	"platformName":	"design_1_wrapper",
	"sprVersion":	"2.0",
	"mode":	"gui",
	"dsaType":	"Fixed",
	"platformDesc":	"design_1_wrapper",
	"platHandOff":	"C:/Users/oparker/cpre488-mp2/project_1/design_1_wrapper.xsa",
	"platIntHandOff":	"<platformDir>/hw/design_1_wrapper.xsa",
	"deviceType":	"zynq",
	"platIsPrebuiltAutogen":	"false",
	"platIsNoBootBsp":	"false",
	"platFsblTarget":	"ps7_cortexa9_0",
	"hasFsblMakeHasChanges":	"false",
	"hasPmufwMakeHasChanges":	"false",
	"fsblExtraCompilerFlags":	"-MMD -MP       -mcpu=cortex-a9 -mfpu=vfpv3 -mfloat-abi=hard ",
	"platPreBuiltFlag":	false,
	"platformSamplesDir":	"",
	"platActiveSys":	"design_1_wrapper",
	"systems":	[{
			"systemName":	"design_1_wrapper",
			"systemDesc":	"design_1_wrapper",
			"sysIsBootAutoGen":	"true",
			"systemDispName":	"design_1_wrapper",
			"sysActiveDom":	"zynq_fsbl",
			"sysDefaultDom":	"domain_ps7_cortexa9_0",
			"domains":	[{
					"domainName":	"zynq_fsbl",
					"domainDispName":	"zynq_fsbl",
					"domainDesc":	"FSBL Application BSP - Auto Generated.",
					"processors":	"ps7_cortexa9_0",
					"os":	"standalone",
					"sdxOs":	"standalone",
					"debugEnable":	"",
					"domRuntimes":	["cpp"],
					"swRepo":	"",
					"mssOsVer":	"7.2",
					"mssFile":	"",
					"md5Digest":	"158a679dab493f3308b1d2cbafc496b0",
					"compatibleApp":	"zynq_fsbl",
					"domType":	"bootDomain",
					"arch":	"32-bit",
					"appSettings":	{
						"appCompilerFlags":	"",
						"appLinkerFlags":	""
					},
					"addedLibs":	["xilffs:4.3", "xilrsa:1.6"],
					"libOptions":	{
						"libsContainingOptions":	[]
					},
					"prebuiltLibs":	{
						"prebuiltIncPath":	[],
						"prebuiltLibPath":	[]
					},
					"isolation":	{
					}
				}, {
					"domainName":	"domain_ps7_cortexa9_0",
					"domainDispName":	"domain_ps7_cortexa9_0",
					"domainDesc":	"domain_ps7_cortexa9_0",
					"processors":	"ps7_cortexa9_0",
					"os":	"standalone",
					"sdxOs":	"standalone",
					"qemuArgs":	"C:/Xilinx/Vitis/2020.1/data/emulation/platforms/zynq/qemu/qemu_args.txt",
					"qemuData":	"C:/Xilinx/Vitis/2020.1/data/emulation/platforms/zynq/qemu/",
					"debugEnable":	"False",
					"domRuntimes":	["cpp"],
					"swRepo":	"",
					"mssOsVer":	"7.2",
					"mssFile":	"",
					"md5Digest":	"85ba41434c82914f0e9e24fa6ddcf962",
					"compatibleApp":	"hello_world",
					"domType":	"mssDomain",
					"arch":	"32-bit",
					"appSettings":	{
						"appCompilerFlags":	"",
						"appLinkerFlags":	""
					},
					"addedLibs":	[],
					"libOptions":	{
						"libsContainingOptions":	[]
					},
					"prebuiltLibs":	{
						"prebuiltIncPath":	[],
						"prebuiltLibPath":	[]
					},
					"isolation":	{
					}
				}]
		}]
}
TRACE::2025-02-28.09:51:39::SCWMssOS::Saving the mss changes C:/Users/oparker/workspace/design_1_wrapper/zynq_fsbl/zynq_fsbl_bsp/system.mss
TRACE::2025-02-28.09:51:39::SCWMssOS::Found a swdesign opened with the mssfile.
TRACE::2025-02-28.09:51:39::SCWMssOS::Completed writemss as part of save.
TRACE::2025-02-28.09:51:39::SCWMssOS::Commit changes completed.
TRACE::2025-02-28.09:51:39::SCWPlatform::Trying to open the hw design at C:/Users/oparker/workspace/design_1_wrapper/hw/design_1_wrapper.xsa
TRACE::2025-02-28.09:51:39::SCWPlatform::DSA given C:/Users/oparker/workspace/design_1_wrapper/hw/design_1_wrapper.xsa
TRACE::2025-02-28.09:51:39::SCWPlatform::DSA absoulate path C:/Users/oparker/workspace/design_1_wrapper/hw/design_1_wrapper.xsa
TRACE::2025-02-28.09:51:39::SCWPlatform::DSA directory C:/Users/oparker/workspace/design_1_wrapper/hw
TRACE::2025-02-28.09:51:39::SCWPlatform:: Platform Path C:/Users/oparker/workspace/design_1_wrapper/hw/design_1_wrapper.xsa
TRACE::2025-02-28.09:51:39::SCWPlatform:: Unique name xilinx:zed::0.0
TRACE::2025-02-28.09:51:39::SCWPlatform::Trying to set the existing hwdb with name design_1_wrapper_4
TRACE::2025-02-28.09:51:39::SCWPlatform::Opened existing hwdb design_1_wrapper_4
TRACE::2025-02-28.09:51:39::SCWPlatform::Found the Hw Db part of the input DSA
TRACE::2025-02-28.09:51:39::SCWMssOS::Checking the sw design at  C:/Users/oparker/workspace/design_1_wrapper/zynq_fsbl/zynq_fsbl_bsp/system.mss
TRACE::2025-02-28.09:51:39::SCWMssOS::DEBUG:  swdes dump  C:/Users/oparker/workspace/TPG/zynq_fsbl/zynq_fsbl_bsp/system.mss|system||
C:/Users/oparker/workspace/design_1_wrapper/ps7_cortexa9_0/domain_ps7_cortexa9_0/bsp/system.mss|system_1||
C:/Users/oparker/workspace/design_1_wrapper/zynq_fsbl/zynq_fsbl_bsp/system.mss|system_0||

TRACE::2025-02-28.09:51:39::SCWMssOS::Sw design exists and opened at  C:/Users/oparker/workspace/design_1_wrapper/zynq_fsbl/zynq_fsbl_bsp/system.mss
TRACE::2025-02-28.09:51:39::SCWMssOS::Removing the swdes entry for  C:/Users/oparker/workspace/design_1_wrapper/zynq_fsbl/zynq_fsbl_bsp/system.mss
TRACE::2025-02-28.09:51:39::SCWPlatform::Trying to open the hw design at C:/Users/oparker/workspace/design_1_wrapper/hw/design_1_wrapper.xsa
TRACE::2025-02-28.09:51:39::SCWPlatform::DSA given C:/Users/oparker/workspace/design_1_wrapper/hw/design_1_wrapper.xsa
TRACE::2025-02-28.09:51:39::SCWPlatform::DSA absoulate path C:/Users/oparker/workspace/design_1_wrapper/hw/design_1_wrapper.xsa
TRACE::2025-02-28.09:51:39::SCWPlatform::DSA directory C:/Users/oparker/workspace/design_1_wrapper/hw
TRACE::2025-02-28.09:51:39::SCWPlatform:: Platform Path C:/Users/oparker/workspace/design_1_wrapper/hw/design_1_wrapper.xsa
TRACE::2025-02-28.09:51:39::SCWPlatform:: Unique name xilinx:zed::0.0
TRACE::2025-02-28.09:51:39::SCWPlatform::Trying to set the existing hwdb with name design_1_wrapper_4
TRACE::2025-02-28.09:51:39::SCWPlatform::Opened existing hwdb design_1_wrapper_4
TRACE::2025-02-28.09:51:39::SCWPlatform::Found the Hw Db part of the input DSA
TRACE::2025-02-28.09:51:39::SCWMssOS::Checking the sw design at  C:/Users/oparker/workspace/design_1_wrapper/ps7_cortexa9_0/domain_ps7_cortexa9_0/bsp/system.mss
TRACE::2025-02-28.09:51:39::SCWMssOS::DEBUG:  swdes dump  C:/Users/oparker/workspace/TPG/zynq_fsbl/zynq_fsbl_bsp/system.mss|system||
C:/Users/oparker/workspace/design_1_wrapper/ps7_cortexa9_0/domain_ps7_cortexa9_0/bsp/system.mss|system_1||

TRACE::2025-02-28.09:51:39::SCWMssOS::Sw design exists and opened at  C:/Users/oparker/workspace/design_1_wrapper/ps7_cortexa9_0/domain_ps7_cortexa9_0/bsp/system.mss
TRACE::2025-02-28.09:51:39::SCWMssOS::Saving the mss changes C:/Users/oparker/workspace/design_1_wrapper/zynq_fsbl/zynq_fsbl_bsp/system.mss
TRACE::2025-02-28.09:51:39::SCWMssOS::Adding the swdes entry, mss present, able to open swdb C:/Users/oparker/workspace/design_1_wrapper/zynq_fsbl/zynq_fsbl_bsp/system.mss with des name system_0
TRACE::2025-02-28.09:51:39::SCWMssOS::Writing the mss file completed C:/Users/oparker/workspace/design_1_wrapper/zynq_fsbl/zynq_fsbl_bsp/system.mss
TRACE::2025-02-28.09:51:39::SCWMssOS::Commit changes completed.
TRACE::2025-02-28.09:51:39::SCWMssOS::Saving the mss changes C:/Users/oparker/workspace/design_1_wrapper/ps7_cortexa9_0/domain_ps7_cortexa9_0/bsp/system.mss
TRACE::2025-02-28.09:51:39::SCWMssOS::Found a swdesign opened with the mssfile.
TRACE::2025-02-28.09:51:39::SCWMssOS::Completed writemss as part of save.
TRACE::2025-02-28.09:51:39::SCWMssOS::Commit changes completed.
TRACE::2025-02-28.09:51:39::SCWPlatform::Trying to open the hw design at C:/Users/oparker/workspace/design_1_wrapper/hw/design_1_wrapper.xsa
TRACE::2025-02-28.09:51:39::SCWPlatform::DSA given C:/Users/oparker/workspace/design_1_wrapper/hw/design_1_wrapper.xsa
TRACE::2025-02-28.09:51:39::SCWPlatform::DSA absoulate path C:/Users/oparker/workspace/design_1_wrapper/hw/design_1_wrapper.xsa
TRACE::2025-02-28.09:51:39::SCWPlatform::DSA directory C:/Users/oparker/workspace/design_1_wrapper/hw
TRACE::2025-02-28.09:51:39::SCWPlatform:: Platform Path C:/Users/oparker/workspace/design_1_wrapper/hw/design_1_wrapper.xsa
TRACE::2025-02-28.09:51:39::SCWPlatform:: Unique name xilinx:zed::0.0
TRACE::2025-02-28.09:51:39::SCWPlatform::Trying to set the existing hwdb with name design_1_wrapper_4
TRACE::2025-02-28.09:51:39::SCWPlatform::Opened existing hwdb design_1_wrapper_4
TRACE::2025-02-28.09:51:39::SCWPlatform::Found the Hw Db part of the input DSA
TRACE::2025-02-28.09:51:39::SCWMssOS::Checking the sw design at  C:/Users/oparker/workspace/design_1_wrapper/zynq_fsbl/zynq_fsbl_bsp/system.mss
TRACE::2025-02-28.09:51:39::SCWMssOS::DEBUG:  swdes dump  C:/Users/oparker/workspace/TPG/zynq_fsbl/zynq_fsbl_bsp/system.mss|system||
C:/Users/oparker/workspace/design_1_wrapper/ps7_cortexa9_0/domain_ps7_cortexa9_0/bsp/system.mss|system_1||
C:/Users/oparker/workspace/design_1_wrapper/zynq_fsbl/zynq_fsbl_bsp/system.mss|system_0||

TRACE::2025-02-28.09:51:39::SCWMssOS::Sw design exists and opened at  C:/Users/oparker/workspace/design_1_wrapper/zynq_fsbl/zynq_fsbl_bsp/system.mss
TRACE::2025-02-28.09:51:39::SCWPlatform::Trying to open the hw design at C:/Users/oparker/workspace/design_1_wrapper/hw/design_1_wrapper.xsa
TRACE::2025-02-28.09:51:39::SCWPlatform::DSA given C:/Users/oparker/workspace/design_1_wrapper/hw/design_1_wrapper.xsa
TRACE::2025-02-28.09:51:39::SCWPlatform::DSA absoulate path C:/Users/oparker/workspace/design_1_wrapper/hw/design_1_wrapper.xsa
TRACE::2025-02-28.09:51:39::SCWPlatform::DSA directory C:/Users/oparker/workspace/design_1_wrapper/hw
TRACE::2025-02-28.09:51:39::SCWPlatform:: Platform Path C:/Users/oparker/workspace/design_1_wrapper/hw/design_1_wrapper.xsa
TRACE::2025-02-28.09:51:39::SCWPlatform:: Unique name xilinx:zed::0.0
TRACE::2025-02-28.09:51:39::SCWPlatform::Trying to set the existing hwdb with name design_1_wrapper_4
TRACE::2025-02-28.09:51:39::SCWPlatform::Opened existing hwdb design_1_wrapper_4
TRACE::2025-02-28.09:51:39::SCWPlatform::Found the Hw Db part of the input DSA
TRACE::2025-02-28.09:51:39::SCWMssOS::Checking the sw design at  C:/Users/oparker/workspace/design_1_wrapper/zynq_fsbl/zynq_fsbl_bsp/system.mss
TRACE::2025-02-28.09:51:39::SCWMssOS::DEBUG:  swdes dump  C:/Users/oparker/workspace/TPG/zynq_fsbl/zynq_fsbl_bsp/system.mss|system||
C:/Users/oparker/workspace/design_1_wrapper/ps7_cortexa9_0/domain_ps7_cortexa9_0/bsp/system.mss|system_1||
C:/Users/oparker/workspace/design_1_wrapper/zynq_fsbl/zynq_fsbl_bsp/system.mss|system_0||

TRACE::2025-02-28.09:51:39::SCWMssOS::Sw design exists and opened at  C:/Users/oparker/workspace/design_1_wrapper/zynq_fsbl/zynq_fsbl_bsp/system.mss
TRACE::2025-02-28.09:51:39::SCWPlatform::Trying to open the hw design at C:/Users/oparker/workspace/design_1_wrapper/hw/design_1_wrapper.xsa
TRACE::2025-02-28.09:51:39::SCWPlatform::DSA given C:/Users/oparker/workspace/design_1_wrapper/hw/design_1_wrapper.xsa
TRACE::2025-02-28.09:51:39::SCWPlatform::DSA absoulate path C:/Users/oparker/workspace/design_1_wrapper/hw/design_1_wrapper.xsa
TRACE::2025-02-28.09:51:39::SCWPlatform::DSA directory C:/Users/oparker/workspace/design_1_wrapper/hw
TRACE::2025-02-28.09:51:39::SCWPlatform:: Platform Path C:/Users/oparker/workspace/design_1_wrapper/hw/design_1_wrapper.xsa
TRACE::2025-02-28.09:51:39::SCWPlatform:: Unique name xilinx:zed::0.0
TRACE::2025-02-28.09:51:39::SCWPlatform::Trying to set the existing hwdb with name design_1_wrapper_4
TRACE::2025-02-28.09:51:39::SCWPlatform::Opened existing hwdb design_1_wrapper_4
TRACE::2025-02-28.09:51:39::SCWPlatform::Found the Hw Db part of the input DSA
TRACE::2025-02-28.09:51:39::SCWMssOS::Checking the sw design at  C:/Users/oparker/workspace/design_1_wrapper/zynq_fsbl/zynq_fsbl_bsp/system.mss
TRACE::2025-02-28.09:51:39::SCWMssOS::DEBUG:  swdes dump  C:/Users/oparker/workspace/TPG/zynq_fsbl/zynq_fsbl_bsp/system.mss|system||
C:/Users/oparker/workspace/design_1_wrapper/ps7_cortexa9_0/domain_ps7_cortexa9_0/bsp/system.mss|system_1||
C:/Users/oparker/workspace/design_1_wrapper/zynq_fsbl/zynq_fsbl_bsp/system.mss|system_0||

TRACE::2025-02-28.09:51:39::SCWMssOS::Sw design exists and opened at  C:/Users/oparker/workspace/design_1_wrapper/zynq_fsbl/zynq_fsbl_bsp/system.mss
TRACE::2025-02-28.09:51:39::SCWPlatform::Trying to open the hw design at C:/Users/oparker/workspace/design_1_wrapper/hw/design_1_wrapper.xsa
TRACE::2025-02-28.09:51:39::SCWPlatform::DSA given C:/Users/oparker/workspace/design_1_wrapper/hw/design_1_wrapper.xsa
TRACE::2025-02-28.09:51:39::SCWPlatform::DSA absoulate path C:/Users/oparker/workspace/design_1_wrapper/hw/design_1_wrapper.xsa
TRACE::2025-02-28.09:51:39::SCWPlatform::DSA directory C:/Users/oparker/workspace/design_1_wrapper/hw
TRACE::2025-02-28.09:51:39::SCWPlatform:: Platform Path C:/Users/oparker/workspace/design_1_wrapper/hw/design_1_wrapper.xsa
TRACE::2025-02-28.09:51:39::SCWPlatform:: Unique name xilinx:zed::0.0
TRACE::2025-02-28.09:51:39::SCWPlatform::Trying to set the existing hwdb with name design_1_wrapper_4
TRACE::2025-02-28.09:51:39::SCWPlatform::Opened existing hwdb design_1_wrapper_4
TRACE::2025-02-28.09:51:39::SCWPlatform::Found the Hw Db part of the input DSA
TRACE::2025-02-28.09:51:39::SCWMssOS::Checking the sw design at  C:/Users/oparker/workspace/design_1_wrapper/ps7_cortexa9_0/domain_ps7_cortexa9_0/bsp/system.mss
TRACE::2025-02-28.09:51:39::SCWMssOS::DEBUG:  swdes dump  C:/Users/oparker/workspace/TPG/zynq_fsbl/zynq_fsbl_bsp/system.mss|system||
C:/Users/oparker/workspace/design_1_wrapper/ps7_cortexa9_0/domain_ps7_cortexa9_0/bsp/system.mss|system_1||
C:/Users/oparker/workspace/design_1_wrapper/zynq_fsbl/zynq_fsbl_bsp/system.mss|system_0||

TRACE::2025-02-28.09:51:39::SCWMssOS::Sw design exists and opened at  C:/Users/oparker/workspace/design_1_wrapper/ps7_cortexa9_0/domain_ps7_cortexa9_0/bsp/system.mss
TRACE::2025-02-28.09:51:39::SCWPlatform::Trying to open the hw design at C:/Users/oparker/workspace/design_1_wrapper/hw/design_1_wrapper.xsa
TRACE::2025-02-28.09:51:39::SCWPlatform::DSA given C:/Users/oparker/workspace/design_1_wrapper/hw/design_1_wrapper.xsa
TRACE::2025-02-28.09:51:39::SCWPlatform::DSA absoulate path C:/Users/oparker/workspace/design_1_wrapper/hw/design_1_wrapper.xsa
TRACE::2025-02-28.09:51:39::SCWPlatform::DSA directory C:/Users/oparker/workspace/design_1_wrapper/hw
TRACE::2025-02-28.09:51:39::SCWPlatform:: Platform Path C:/Users/oparker/workspace/design_1_wrapper/hw/design_1_wrapper.xsa
TRACE::2025-02-28.09:51:39::SCWPlatform:: Unique name xilinx:zed::0.0
TRACE::2025-02-28.09:51:39::SCWPlatform::Trying to set the existing hwdb with name design_1_wrapper_4
TRACE::2025-02-28.09:51:39::SCWPlatform::Opened existing hwdb design_1_wrapper_4
TRACE::2025-02-28.09:51:39::SCWPlatform::Found the Hw Db part of the input DSA
TRACE::2025-02-28.09:51:39::SCWMssOS::Checking the sw design at  C:/Users/oparker/workspace/design_1_wrapper/ps7_cortexa9_0/domain_ps7_cortexa9_0/bsp/system.mss
TRACE::2025-02-28.09:51:39::SCWMssOS::DEBUG:  swdes dump  C:/Users/oparker/workspace/TPG/zynq_fsbl/zynq_fsbl_bsp/system.mss|system||
C:/Users/oparker/workspace/design_1_wrapper/ps7_cortexa9_0/domain_ps7_cortexa9_0/bsp/system.mss|system_1||
C:/Users/oparker/workspace/design_1_wrapper/zynq_fsbl/zynq_fsbl_bsp/system.mss|system_0||

TRACE::2025-02-28.09:51:39::SCWMssOS::Sw design exists and opened at  C:/Users/oparker/workspace/design_1_wrapper/ps7_cortexa9_0/domain_ps7_cortexa9_0/bsp/system.mss
TRACE::2025-02-28.09:51:39::SCWPlatform::Trying to open the hw design at C:/Users/oparker/workspace/design_1_wrapper/hw/design_1_wrapper.xsa
TRACE::2025-02-28.09:51:39::SCWPlatform::DSA given C:/Users/oparker/workspace/design_1_wrapper/hw/design_1_wrapper.xsa
TRACE::2025-02-28.09:51:39::SCWPlatform::DSA absoulate path C:/Users/oparker/workspace/design_1_wrapper/hw/design_1_wrapper.xsa
TRACE::2025-02-28.09:51:39::SCWPlatform::DSA directory C:/Users/oparker/workspace/design_1_wrapper/hw
TRACE::2025-02-28.09:51:39::SCWPlatform:: Platform Path C:/Users/oparker/workspace/design_1_wrapper/hw/design_1_wrapper.xsa
TRACE::2025-02-28.09:51:39::SCWPlatform:: Unique name xilinx:zed::0.0
TRACE::2025-02-28.09:51:39::SCWPlatform::Trying to set the existing hwdb with name design_1_wrapper_4
TRACE::2025-02-28.09:51:39::SCWPlatform::Opened existing hwdb design_1_wrapper_4
TRACE::2025-02-28.09:51:39::SCWPlatform::Found the Hw Db part of the input DSA
TRACE::2025-02-28.09:51:39::SCWMssOS::Checking the sw design at  C:/Users/oparker/workspace/design_1_wrapper/ps7_cortexa9_0/domain_ps7_cortexa9_0/bsp/system.mss
TRACE::2025-02-28.09:51:39::SCWMssOS::DEBUG:  swdes dump  C:/Users/oparker/workspace/TPG/zynq_fsbl/zynq_fsbl_bsp/system.mss|system||
C:/Users/oparker/workspace/design_1_wrapper/ps7_cortexa9_0/domain_ps7_cortexa9_0/bsp/system.mss|system_1||
C:/Users/oparker/workspace/design_1_wrapper/zynq_fsbl/zynq_fsbl_bsp/system.mss|system_0||

TRACE::2025-02-28.09:51:39::SCWMssOS::Sw design exists and opened at  C:/Users/oparker/workspace/design_1_wrapper/ps7_cortexa9_0/domain_ps7_cortexa9_0/bsp/system.mss
TRACE::2025-02-28.09:51:39::SCWWriter::formatted JSON is {
	"platformName":	"design_1_wrapper",
	"sprVersion":	"2.0",
	"mode":	"gui",
	"dsaType":	"Fixed",
	"platformDesc":	"design_1_wrapper",
	"platHandOff":	"C:/Users/oparker/cpre488-mp2/project_1/design_1_wrapper.xsa",
	"platIntHandOff":	"<platformDir>/hw/design_1_wrapper.xsa",
	"deviceType":	"zynq",
	"platIsPrebuiltAutogen":	"false",
	"platIsNoBootBsp":	"false",
	"platFsblTarget":	"ps7_cortexa9_0",
	"hasFsblMakeHasChanges":	"false",
	"hasPmufwMakeHasChanges":	"false",
	"fsblExtraCompilerFlags":	"-MMD -MP       -mcpu=cortex-a9 -mfpu=vfpv3 -mfloat-abi=hard ",
	"platPreBuiltFlag":	false,
	"platformSamplesDir":	"",
	"platActiveSys":	"design_1_wrapper",
	"systems":	[{
			"systemName":	"design_1_wrapper",
			"systemDesc":	"design_1_wrapper",
			"sysIsBootAutoGen":	"true",
			"systemDispName":	"design_1_wrapper",
			"sysActiveDom":	"domain_ps7_cortexa9_0",
			"sysDefaultDom":	"domain_ps7_cortexa9_0",
			"domains":	[{
					"domainName":	"zynq_fsbl",
					"domainDispName":	"zynq_fsbl",
					"domainDesc":	"FSBL Application BSP - Auto Generated.",
					"processors":	"ps7_cortexa9_0",
					"os":	"standalone",
					"sdxOs":	"standalone",
					"debugEnable":	"",
					"domRuntimes":	["cpp"],
					"swRepo":	"",
					"mssOsVer":	"7.2",
					"mssFile":	"",
					"md5Digest":	"158a679dab493f3308b1d2cbafc496b0",
					"compatibleApp":	"zynq_fsbl",
					"domType":	"bootDomain",
					"arch":	"32-bit",
					"appSettings":	{
						"appCompilerFlags":	"",
						"appLinkerFlags":	""
					},
					"addedLibs":	["xilffs:4.3", "xilrsa:1.6"],
					"libOptions":	{
						"libsContainingOptions":	[]
					},
					"prebuiltLibs":	{
						"prebuiltIncPath":	[],
						"prebuiltLibPath":	[]
					},
					"isolation":	{
					}
				}, {
					"domainName":	"domain_ps7_cortexa9_0",
					"domainDispName":	"domain_ps7_cortexa9_0",
					"domainDesc":	"domain_ps7_cortexa9_0",
					"processors":	"ps7_cortexa9_0",
					"os":	"standalone",
					"sdxOs":	"standalone",
					"qemuArgs":	"C:/Xilinx/Vitis/2020.1/data/emulation/platforms/zynq/qemu/qemu_args.txt",
					"qemuData":	"C:/Xilinx/Vitis/2020.1/data/emulation/platforms/zynq/qemu/",
					"debugEnable":	"False",
					"domRuntimes":	["cpp"],
					"swRepo":	"",
					"mssOsVer":	"7.2",
					"mssFile":	"",
					"md5Digest":	"85ba41434c82914f0e9e24fa6ddcf962",
					"compatibleApp":	"hello_world",
					"domType":	"mssDomain",
					"arch":	"32-bit",
					"appSettings":	{
						"appCompilerFlags":	"",
						"appLinkerFlags":	""
					},
					"addedLibs":	[],
					"libOptions":	{
						"libsContainingOptions":	[]
					},
					"prebuiltLibs":	{
						"prebuiltIncPath":	[],
						"prebuiltLibPath":	[]
					},
					"isolation":	{
					}
				}]
		}]
}
TRACE::2025-02-28.09:51:39::SCWMssOS::Saving the mss changes C:/Users/oparker/workspace/design_1_wrapper/ps7_cortexa9_0/domain_ps7_cortexa9_0/bsp/system.mss
TRACE::2025-02-28.09:51:39::SCWMssOS::Found a swdesign opened with the mssfile.
TRACE::2025-02-28.09:51:39::SCWMssOS::Completed writemss as part of save.
TRACE::2025-02-28.09:51:39::SCWMssOS::Commit changes completed.
TRACE::2025-02-28.09:51:39::SCWPlatform::Trying to open the hw design at C:/Users/oparker/workspace/design_1_wrapper/hw/design_1_wrapper.xsa
TRACE::2025-02-28.09:51:39::SCWPlatform::DSA given C:/Users/oparker/workspace/design_1_wrapper/hw/design_1_wrapper.xsa
TRACE::2025-02-28.09:51:39::SCWPlatform::DSA absoulate path C:/Users/oparker/workspace/design_1_wrapper/hw/design_1_wrapper.xsa
TRACE::2025-02-28.09:51:39::SCWPlatform::DSA directory C:/Users/oparker/workspace/design_1_wrapper/hw
TRACE::2025-02-28.09:51:39::SCWPlatform:: Platform Path C:/Users/oparker/workspace/design_1_wrapper/hw/design_1_wrapper.xsa
TRACE::2025-02-28.09:51:39::SCWPlatform:: Unique name xilinx:zed::0.0
TRACE::2025-02-28.09:51:39::SCWPlatform::Trying to set the existing hwdb with name design_1_wrapper_4
TRACE::2025-02-28.09:51:39::SCWPlatform::Opened existing hwdb design_1_wrapper_4
TRACE::2025-02-28.09:51:39::SCWPlatform::Found the Hw Db part of the input DSA
TRACE::2025-02-28.09:51:39::SCWMssOS::Checking the sw design at  C:/Users/oparker/workspace/design_1_wrapper/ps7_cortexa9_0/domain_ps7_cortexa9_0/bsp/system.mss
TRACE::2025-02-28.09:51:39::SCWMssOS::DEBUG:  swdes dump  C:/Users/oparker/workspace/TPG/zynq_fsbl/zynq_fsbl_bsp/system.mss|system||
C:/Users/oparker/workspace/design_1_wrapper/ps7_cortexa9_0/domain_ps7_cortexa9_0/bsp/system.mss|system_1||
C:/Users/oparker/workspace/design_1_wrapper/zynq_fsbl/zynq_fsbl_bsp/system.mss|system_0||

TRACE::2025-02-28.09:51:39::SCWMssOS::Sw design exists and opened at  C:/Users/oparker/workspace/design_1_wrapper/ps7_cortexa9_0/domain_ps7_cortexa9_0/bsp/system.mss
TRACE::2025-02-28.09:51:39::SCWMssOS::Removing the swdes entry for  C:/Users/oparker/workspace/design_1_wrapper/ps7_cortexa9_0/domain_ps7_cortexa9_0/bsp/system.mss
TRACE::2025-02-28.09:51:42::SCWPlatform::Trying to open the hw design at C:/Users/oparker/workspace/design_1_wrapper/hw/design_1_wrapper.xsa
TRACE::2025-02-28.09:51:42::SCWPlatform::DSA given C:/Users/oparker/workspace/design_1_wrapper/hw/design_1_wrapper.xsa
TRACE::2025-02-28.09:51:42::SCWPlatform::DSA absoulate path C:/Users/oparker/workspace/design_1_wrapper/hw/design_1_wrapper.xsa
TRACE::2025-02-28.09:51:42::SCWPlatform::DSA directory C:/Users/oparker/workspace/design_1_wrapper/hw
TRACE::2025-02-28.09:51:42::SCWPlatform:: Platform Path C:/Users/oparker/workspace/design_1_wrapper/hw/design_1_wrapper.xsa
TRACE::2025-02-28.09:51:42::SCWPlatform:: Unique name xilinx:zed::0.0
TRACE::2025-02-28.09:51:42::SCWPlatform::Trying to set the existing hwdb with name design_1_wrapper_4
TRACE::2025-02-28.09:51:42::SCWPlatform::Opened existing hwdb design_1_wrapper_4
TRACE::2025-02-28.09:51:42::SCWPlatform::Found the Hw Db part of the input DSA
TRACE::2025-02-28.09:51:42::SCWMssOS::Checking the sw design at  C:/Users/oparker/workspace/design_1_wrapper/zynq_fsbl/zynq_fsbl_bsp/system.mss
TRACE::2025-02-28.09:51:42::SCWMssOS::DEBUG:  swdes dump  C:/Users/oparker/workspace/TPG/zynq_fsbl/zynq_fsbl_bsp/system.mss|system||
C:/Users/oparker/workspace/design_1_wrapper/zynq_fsbl/zynq_fsbl_bsp/system.mss|system_0||

TRACE::2025-02-28.09:51:42::SCWMssOS::Sw design exists and opened at  C:/Users/oparker/workspace/design_1_wrapper/zynq_fsbl/zynq_fsbl_bsp/system.mss
TRACE::2025-02-28.09:51:42::SCWMssOS::Saving the mss changes C:/Users/oparker/workspace/design_1_wrapper/zynq_fsbl/zynq_fsbl_bsp/system.mss
TRACE::2025-02-28.09:51:42::SCWMssOS::Found a swdesign opened with the mssfile.
TRACE::2025-02-28.09:51:42::SCWMssOS::Completed writemss as part of save.
TRACE::2025-02-28.09:51:42::SCWMssOS::Commit changes completed.
TRACE::2025-02-28.09:51:42::SCWMssOS::Saving the mss changes C:/Users/oparker/workspace/design_1_wrapper/ps7_cortexa9_0/domain_ps7_cortexa9_0/bsp/system.mss
TRACE::2025-02-28.09:51:42::SCWMssOS::Adding the swdes entry, mss present, able to open swdb C:/Users/oparker/workspace/design_1_wrapper/ps7_cortexa9_0/domain_ps7_cortexa9_0/bsp/system.mss with des name system_1
TRACE::2025-02-28.09:51:42::SCWMssOS::Writing the mss file completed C:/Users/oparker/workspace/design_1_wrapper/ps7_cortexa9_0/domain_ps7_cortexa9_0/bsp/system.mss
TRACE::2025-02-28.09:51:42::SCWMssOS::Commit changes completed.
TRACE::2025-02-28.09:51:42::SCWPlatform::Trying to open the hw design at C:/Users/oparker/workspace/design_1_wrapper/hw/design_1_wrapper.xsa
TRACE::2025-02-28.09:51:42::SCWPlatform::DSA given C:/Users/oparker/workspace/design_1_wrapper/hw/design_1_wrapper.xsa
TRACE::2025-02-28.09:51:42::SCWPlatform::DSA absoulate path C:/Users/oparker/workspace/design_1_wrapper/hw/design_1_wrapper.xsa
TRACE::2025-02-28.09:51:42::SCWPlatform::DSA directory C:/Users/oparker/workspace/design_1_wrapper/hw
TRACE::2025-02-28.09:51:42::SCWPlatform:: Platform Path C:/Users/oparker/workspace/design_1_wrapper/hw/design_1_wrapper.xsa
TRACE::2025-02-28.09:51:42::SCWPlatform:: Unique name xilinx:zed::0.0
TRACE::2025-02-28.09:51:42::SCWPlatform::Trying to set the existing hwdb with name design_1_wrapper_4
TRACE::2025-02-28.09:51:42::SCWPlatform::Opened existing hwdb design_1_wrapper_4
TRACE::2025-02-28.09:51:42::SCWPlatform::Found the Hw Db part of the input DSA
TRACE::2025-02-28.09:51:42::SCWMssOS::Checking the sw design at  C:/Users/oparker/workspace/design_1_wrapper/zynq_fsbl/zynq_fsbl_bsp/system.mss
TRACE::2025-02-28.09:51:42::SCWMssOS::DEBUG:  swdes dump  C:/Users/oparker/workspace/TPG/zynq_fsbl/zynq_fsbl_bsp/system.mss|system||
C:/Users/oparker/workspace/design_1_wrapper/ps7_cortexa9_0/domain_ps7_cortexa9_0/bsp/system.mss|system_1||
C:/Users/oparker/workspace/design_1_wrapper/zynq_fsbl/zynq_fsbl_bsp/system.mss|system_0||

TRACE::2025-02-28.09:51:42::SCWMssOS::Sw design exists and opened at  C:/Users/oparker/workspace/design_1_wrapper/zynq_fsbl/zynq_fsbl_bsp/system.mss
TRACE::2025-02-28.09:51:42::SCWPlatform::Trying to open the hw design at C:/Users/oparker/workspace/design_1_wrapper/hw/design_1_wrapper.xsa
TRACE::2025-02-28.09:51:42::SCWPlatform::DSA given C:/Users/oparker/workspace/design_1_wrapper/hw/design_1_wrapper.xsa
TRACE::2025-02-28.09:51:42::SCWPlatform::DSA absoulate path C:/Users/oparker/workspace/design_1_wrapper/hw/design_1_wrapper.xsa
TRACE::2025-02-28.09:51:42::SCWPlatform::DSA directory C:/Users/oparker/workspace/design_1_wrapper/hw
TRACE::2025-02-28.09:51:42::SCWPlatform:: Platform Path C:/Users/oparker/workspace/design_1_wrapper/hw/design_1_wrapper.xsa
TRACE::2025-02-28.09:51:42::SCWPlatform:: Unique name xilinx:zed::0.0
TRACE::2025-02-28.09:51:42::SCWPlatform::Trying to set the existing hwdb with name design_1_wrapper_4
TRACE::2025-02-28.09:51:42::SCWPlatform::Opened existing hwdb design_1_wrapper_4
TRACE::2025-02-28.09:51:42::SCWPlatform::Found the Hw Db part of the input DSA
TRACE::2025-02-28.09:51:42::SCWMssOS::Checking the sw design at  C:/Users/oparker/workspace/design_1_wrapper/zynq_fsbl/zynq_fsbl_bsp/system.mss
TRACE::2025-02-28.09:51:42::SCWMssOS::DEBUG:  swdes dump  C:/Users/oparker/workspace/TPG/zynq_fsbl/zynq_fsbl_bsp/system.mss|system||
C:/Users/oparker/workspace/design_1_wrapper/ps7_cortexa9_0/domain_ps7_cortexa9_0/bsp/system.mss|system_1||
C:/Users/oparker/workspace/design_1_wrapper/zynq_fsbl/zynq_fsbl_bsp/system.mss|system_0||

TRACE::2025-02-28.09:51:42::SCWMssOS::Sw design exists and opened at  C:/Users/oparker/workspace/design_1_wrapper/zynq_fsbl/zynq_fsbl_bsp/system.mss
TRACE::2025-02-28.09:51:42::SCWPlatform::Trying to open the hw design at C:/Users/oparker/workspace/design_1_wrapper/hw/design_1_wrapper.xsa
TRACE::2025-02-28.09:51:42::SCWPlatform::DSA given C:/Users/oparker/workspace/design_1_wrapper/hw/design_1_wrapper.xsa
TRACE::2025-02-28.09:51:42::SCWPlatform::DSA absoulate path C:/Users/oparker/workspace/design_1_wrapper/hw/design_1_wrapper.xsa
TRACE::2025-02-28.09:51:42::SCWPlatform::DSA directory C:/Users/oparker/workspace/design_1_wrapper/hw
TRACE::2025-02-28.09:51:42::SCWPlatform:: Platform Path C:/Users/oparker/workspace/design_1_wrapper/hw/design_1_wrapper.xsa
TRACE::2025-02-28.09:51:42::SCWPlatform:: Unique name xilinx:zed::0.0
TRACE::2025-02-28.09:51:42::SCWPlatform::Trying to set the existing hwdb with name design_1_wrapper_4
TRACE::2025-02-28.09:51:42::SCWPlatform::Opened existing hwdb design_1_wrapper_4
TRACE::2025-02-28.09:51:42::SCWPlatform::Found the Hw Db part of the input DSA
TRACE::2025-02-28.09:51:42::SCWMssOS::Checking the sw design at  C:/Users/oparker/workspace/design_1_wrapper/zynq_fsbl/zynq_fsbl_bsp/system.mss
TRACE::2025-02-28.09:51:42::SCWMssOS::DEBUG:  swdes dump  C:/Users/oparker/workspace/TPG/zynq_fsbl/zynq_fsbl_bsp/system.mss|system||
C:/Users/oparker/workspace/design_1_wrapper/ps7_cortexa9_0/domain_ps7_cortexa9_0/bsp/system.mss|system_1||
C:/Users/oparker/workspace/design_1_wrapper/zynq_fsbl/zynq_fsbl_bsp/system.mss|system_0||

TRACE::2025-02-28.09:51:42::SCWMssOS::Sw design exists and opened at  C:/Users/oparker/workspace/design_1_wrapper/zynq_fsbl/zynq_fsbl_bsp/system.mss
TRACE::2025-02-28.09:51:42::SCWPlatform::Trying to open the hw design at C:/Users/oparker/workspace/design_1_wrapper/hw/design_1_wrapper.xsa
TRACE::2025-02-28.09:51:42::SCWPlatform::DSA given C:/Users/oparker/workspace/design_1_wrapper/hw/design_1_wrapper.xsa
TRACE::2025-02-28.09:51:42::SCWPlatform::DSA absoulate path C:/Users/oparker/workspace/design_1_wrapper/hw/design_1_wrapper.xsa
TRACE::2025-02-28.09:51:42::SCWPlatform::DSA directory C:/Users/oparker/workspace/design_1_wrapper/hw
TRACE::2025-02-28.09:51:42::SCWPlatform:: Platform Path C:/Users/oparker/workspace/design_1_wrapper/hw/design_1_wrapper.xsa
TRACE::2025-02-28.09:51:42::SCWPlatform:: Unique name xilinx:zed::0.0
TRACE::2025-02-28.09:51:42::SCWPlatform::Trying to set the existing hwdb with name design_1_wrapper_4
TRACE::2025-02-28.09:51:42::SCWPlatform::Opened existing hwdb design_1_wrapper_4
TRACE::2025-02-28.09:51:42::SCWPlatform::Found the Hw Db part of the input DSA
TRACE::2025-02-28.09:51:42::SCWMssOS::Checking the sw design at  C:/Users/oparker/workspace/design_1_wrapper/ps7_cortexa9_0/domain_ps7_cortexa9_0/bsp/system.mss
TRACE::2025-02-28.09:51:42::SCWMssOS::DEBUG:  swdes dump  C:/Users/oparker/workspace/TPG/zynq_fsbl/zynq_fsbl_bsp/system.mss|system||
C:/Users/oparker/workspace/design_1_wrapper/ps7_cortexa9_0/domain_ps7_cortexa9_0/bsp/system.mss|system_1||
C:/Users/oparker/workspace/design_1_wrapper/zynq_fsbl/zynq_fsbl_bsp/system.mss|system_0||

TRACE::2025-02-28.09:51:42::SCWMssOS::Sw design exists and opened at  C:/Users/oparker/workspace/design_1_wrapper/ps7_cortexa9_0/domain_ps7_cortexa9_0/bsp/system.mss
TRACE::2025-02-28.09:51:42::SCWPlatform::Trying to open the hw design at C:/Users/oparker/workspace/design_1_wrapper/hw/design_1_wrapper.xsa
TRACE::2025-02-28.09:51:42::SCWPlatform::DSA given C:/Users/oparker/workspace/design_1_wrapper/hw/design_1_wrapper.xsa
TRACE::2025-02-28.09:51:42::SCWPlatform::DSA absoulate path C:/Users/oparker/workspace/design_1_wrapper/hw/design_1_wrapper.xsa
TRACE::2025-02-28.09:51:42::SCWPlatform::DSA directory C:/Users/oparker/workspace/design_1_wrapper/hw
TRACE::2025-02-28.09:51:42::SCWPlatform:: Platform Path C:/Users/oparker/workspace/design_1_wrapper/hw/design_1_wrapper.xsa
TRACE::2025-02-28.09:51:42::SCWPlatform:: Unique name xilinx:zed::0.0
TRACE::2025-02-28.09:51:42::SCWPlatform::Trying to set the existing hwdb with name design_1_wrapper_4
TRACE::2025-02-28.09:51:42::SCWPlatform::Opened existing hwdb design_1_wrapper_4
TRACE::2025-02-28.09:51:42::SCWPlatform::Found the Hw Db part of the input DSA
TRACE::2025-02-28.09:51:42::SCWMssOS::Checking the sw design at  C:/Users/oparker/workspace/design_1_wrapper/ps7_cortexa9_0/domain_ps7_cortexa9_0/bsp/system.mss
TRACE::2025-02-28.09:51:42::SCWMssOS::DEBUG:  swdes dump  C:/Users/oparker/workspace/TPG/zynq_fsbl/zynq_fsbl_bsp/system.mss|system||
C:/Users/oparker/workspace/design_1_wrapper/ps7_cortexa9_0/domain_ps7_cortexa9_0/bsp/system.mss|system_1||
C:/Users/oparker/workspace/design_1_wrapper/zynq_fsbl/zynq_fsbl_bsp/system.mss|system_0||

TRACE::2025-02-28.09:51:42::SCWMssOS::Sw design exists and opened at  C:/Users/oparker/workspace/design_1_wrapper/ps7_cortexa9_0/domain_ps7_cortexa9_0/bsp/system.mss
TRACE::2025-02-28.09:51:42::SCWPlatform::Trying to open the hw design at C:/Users/oparker/workspace/design_1_wrapper/hw/design_1_wrapper.xsa
TRACE::2025-02-28.09:51:42::SCWPlatform::DSA given C:/Users/oparker/workspace/design_1_wrapper/hw/design_1_wrapper.xsa
TRACE::2025-02-28.09:51:42::SCWPlatform::DSA absoulate path C:/Users/oparker/workspace/design_1_wrapper/hw/design_1_wrapper.xsa
TRACE::2025-02-28.09:51:42::SCWPlatform::DSA directory C:/Users/oparker/workspace/design_1_wrapper/hw
TRACE::2025-02-28.09:51:42::SCWPlatform:: Platform Path C:/Users/oparker/workspace/design_1_wrapper/hw/design_1_wrapper.xsa
TRACE::2025-02-28.09:51:42::SCWPlatform:: Unique name xilinx:zed::0.0
TRACE::2025-02-28.09:51:42::SCWPlatform::Trying to set the existing hwdb with name design_1_wrapper_4
TRACE::2025-02-28.09:51:42::SCWPlatform::Opened existing hwdb design_1_wrapper_4
TRACE::2025-02-28.09:51:42::SCWPlatform::Found the Hw Db part of the input DSA
TRACE::2025-02-28.09:51:42::SCWMssOS::Checking the sw design at  C:/Users/oparker/workspace/design_1_wrapper/ps7_cortexa9_0/domain_ps7_cortexa9_0/bsp/system.mss
TRACE::2025-02-28.09:51:42::SCWMssOS::DEBUG:  swdes dump  C:/Users/oparker/workspace/TPG/zynq_fsbl/zynq_fsbl_bsp/system.mss|system||
C:/Users/oparker/workspace/design_1_wrapper/ps7_cortexa9_0/domain_ps7_cortexa9_0/bsp/system.mss|system_1||
C:/Users/oparker/workspace/design_1_wrapper/zynq_fsbl/zynq_fsbl_bsp/system.mss|system_0||

TRACE::2025-02-28.09:51:42::SCWMssOS::Sw design exists and opened at  C:/Users/oparker/workspace/design_1_wrapper/ps7_cortexa9_0/domain_ps7_cortexa9_0/bsp/system.mss
TRACE::2025-02-28.09:51:42::SCWWriter::formatted JSON is {
	"platformName":	"design_1_wrapper",
	"sprVersion":	"2.0",
	"mode":	"gui",
	"dsaType":	"Fixed",
	"platformDesc":	"design_1_wrapper",
	"platHandOff":	"C:/Users/oparker/cpre488-mp2/project_1/design_1_wrapper.xsa",
	"platIntHandOff":	"<platformDir>/hw/design_1_wrapper.xsa",
	"deviceType":	"zynq",
	"platIsPrebuiltAutogen":	"false",
	"platIsNoBootBsp":	"false",
	"platFsblTarget":	"ps7_cortexa9_0",
	"hasFsblMakeHasChanges":	"false",
	"hasPmufwMakeHasChanges":	"false",
	"fsblExtraCompilerFlags":	"-MMD -MP       -mcpu=cortex-a9 -mfpu=vfpv3 -mfloat-abi=hard ",
	"platPreBuiltFlag":	false,
	"platformSamplesDir":	"",
	"platActiveSys":	"design_1_wrapper",
	"systems":	[{
			"systemName":	"design_1_wrapper",
			"systemDesc":	"design_1_wrapper",
			"sysIsBootAutoGen":	"true",
			"systemDispName":	"design_1_wrapper",
			"sysActiveDom":	"zynq_fsbl",
			"sysDefaultDom":	"domain_ps7_cortexa9_0",
			"domains":	[{
					"domainName":	"zynq_fsbl",
					"domainDispName":	"zynq_fsbl",
					"domainDesc":	"FSBL Application BSP - Auto Generated.",
					"processors":	"ps7_cortexa9_0",
					"os":	"standalone",
					"sdxOs":	"standalone",
					"debugEnable":	"",
					"domRuntimes":	["cpp"],
					"swRepo":	"",
					"mssOsVer":	"7.2",
					"mssFile":	"",
					"md5Digest":	"158a679dab493f3308b1d2cbafc496b0",
					"compatibleApp":	"zynq_fsbl",
					"domType":	"bootDomain",
					"arch":	"32-bit",
					"appSettings":	{
						"appCompilerFlags":	"",
						"appLinkerFlags":	""
					},
					"addedLibs":	["xilffs:4.3", "xilrsa:1.6"],
					"libOptions":	{
						"libsContainingOptions":	[]
					},
					"prebuiltLibs":	{
						"prebuiltIncPath":	[],
						"prebuiltLibPath":	[]
					},
					"isolation":	{
					}
				}, {
					"domainName":	"domain_ps7_cortexa9_0",
					"domainDispName":	"domain_ps7_cortexa9_0",
					"domainDesc":	"domain_ps7_cortexa9_0",
					"processors":	"ps7_cortexa9_0",
					"os":	"standalone",
					"sdxOs":	"standalone",
					"qemuArgs":	"C:/Xilinx/Vitis/2020.1/data/emulation/platforms/zynq/qemu/qemu_args.txt",
					"qemuData":	"C:/Xilinx/Vitis/2020.1/data/emulation/platforms/zynq/qemu/",
					"debugEnable":	"False",
					"domRuntimes":	["cpp"],
					"swRepo":	"",
					"mssOsVer":	"7.2",
					"mssFile":	"",
					"md5Digest":	"85ba41434c82914f0e9e24fa6ddcf962",
					"compatibleApp":	"hello_world",
					"domType":	"mssDomain",
					"arch":	"32-bit",
					"appSettings":	{
						"appCompilerFlags":	"",
						"appLinkerFlags":	""
					},
					"addedLibs":	[],
					"libOptions":	{
						"libsContainingOptions":	[]
					},
					"prebuiltLibs":	{
						"prebuiltIncPath":	[],
						"prebuiltLibPath":	[]
					},
					"isolation":	{
					}
				}]
		}]
}
TRACE::2025-02-28.09:51:42::SCWMssOS::Saving the mss changes C:/Users/oparker/workspace/design_1_wrapper/zynq_fsbl/zynq_fsbl_bsp/system.mss
TRACE::2025-02-28.09:51:42::SCWMssOS::Found a swdesign opened with the mssfile.
TRACE::2025-02-28.09:51:42::SCWMssOS::Completed writemss as part of save.
TRACE::2025-02-28.09:51:42::SCWMssOS::Commit changes completed.
TRACE::2025-02-28.09:51:42::SCWPlatform::Trying to open the hw design at C:/Users/oparker/workspace/design_1_wrapper/hw/design_1_wrapper.xsa
TRACE::2025-02-28.09:51:42::SCWPlatform::DSA given C:/Users/oparker/workspace/design_1_wrapper/hw/design_1_wrapper.xsa
TRACE::2025-02-28.09:51:42::SCWPlatform::DSA absoulate path C:/Users/oparker/workspace/design_1_wrapper/hw/design_1_wrapper.xsa
TRACE::2025-02-28.09:51:42::SCWPlatform::DSA directory C:/Users/oparker/workspace/design_1_wrapper/hw
TRACE::2025-02-28.09:51:42::SCWPlatform:: Platform Path C:/Users/oparker/workspace/design_1_wrapper/hw/design_1_wrapper.xsa
TRACE::2025-02-28.09:51:42::SCWPlatform:: Unique name xilinx:zed::0.0
TRACE::2025-02-28.09:51:42::SCWPlatform::Trying to set the existing hwdb with name design_1_wrapper_4
TRACE::2025-02-28.09:51:42::SCWPlatform::Opened existing hwdb design_1_wrapper_4
TRACE::2025-02-28.09:51:42::SCWPlatform::Found the Hw Db part of the input DSA
TRACE::2025-02-28.09:51:42::SCWMssOS::Checking the sw design at  C:/Users/oparker/workspace/design_1_wrapper/zynq_fsbl/zynq_fsbl_bsp/system.mss
TRACE::2025-02-28.09:51:42::SCWMssOS::DEBUG:  swdes dump  C:/Users/oparker/workspace/TPG/zynq_fsbl/zynq_fsbl_bsp/system.mss|system||
C:/Users/oparker/workspace/design_1_wrapper/ps7_cortexa9_0/domain_ps7_cortexa9_0/bsp/system.mss|system_1||
C:/Users/oparker/workspace/design_1_wrapper/zynq_fsbl/zynq_fsbl_bsp/system.mss|system_0||

TRACE::2025-02-28.09:51:42::SCWMssOS::Sw design exists and opened at  C:/Users/oparker/workspace/design_1_wrapper/zynq_fsbl/zynq_fsbl_bsp/system.mss
TRACE::2025-02-28.09:51:42::SCWMssOS::Removing the swdes entry for  C:/Users/oparker/workspace/design_1_wrapper/zynq_fsbl/zynq_fsbl_bsp/system.mss
TRACE::2025-02-28.09:51:42::SCWPlatform::Trying to open the hw design at C:/Users/oparker/workspace/design_1_wrapper/hw/design_1_wrapper.xsa
TRACE::2025-02-28.09:51:42::SCWPlatform::DSA given C:/Users/oparker/workspace/design_1_wrapper/hw/design_1_wrapper.xsa
TRACE::2025-02-28.09:51:42::SCWPlatform::DSA absoulate path C:/Users/oparker/workspace/design_1_wrapper/hw/design_1_wrapper.xsa
TRACE::2025-02-28.09:51:42::SCWPlatform::DSA directory C:/Users/oparker/workspace/design_1_wrapper/hw
TRACE::2025-02-28.09:51:42::SCWPlatform:: Platform Path C:/Users/oparker/workspace/design_1_wrapper/hw/design_1_wrapper.xsa
TRACE::2025-02-28.09:51:42::SCWPlatform:: Unique name xilinx:zed::0.0
TRACE::2025-02-28.09:51:42::SCWPlatform::Trying to set the existing hwdb with name design_1_wrapper_4
TRACE::2025-02-28.09:51:42::SCWPlatform::Opened existing hwdb design_1_wrapper_4
TRACE::2025-02-28.09:51:42::SCWPlatform::Found the Hw Db part of the input DSA
TRACE::2025-02-28.09:51:42::SCWMssOS::Checking the sw design at  C:/Users/oparker/workspace/design_1_wrapper/ps7_cortexa9_0/domain_ps7_cortexa9_0/bsp/system.mss
TRACE::2025-02-28.09:51:42::SCWMssOS::DEBUG:  swdes dump  C:/Users/oparker/workspace/TPG/zynq_fsbl/zynq_fsbl_bsp/system.mss|system||
C:/Users/oparker/workspace/design_1_wrapper/ps7_cortexa9_0/domain_ps7_cortexa9_0/bsp/system.mss|system_1||

TRACE::2025-02-28.09:51:42::SCWMssOS::Sw design exists and opened at  C:/Users/oparker/workspace/design_1_wrapper/ps7_cortexa9_0/domain_ps7_cortexa9_0/bsp/system.mss
TRACE::2025-02-28.09:51:42::SCWMssOS::Saving the mss changes C:/Users/oparker/workspace/design_1_wrapper/zynq_fsbl/zynq_fsbl_bsp/system.mss
TRACE::2025-02-28.09:51:42::SCWMssOS::Adding the swdes entry, mss present, able to open swdb C:/Users/oparker/workspace/design_1_wrapper/zynq_fsbl/zynq_fsbl_bsp/system.mss with des name system_0
TRACE::2025-02-28.09:51:42::SCWMssOS::Writing the mss file completed C:/Users/oparker/workspace/design_1_wrapper/zynq_fsbl/zynq_fsbl_bsp/system.mss
TRACE::2025-02-28.09:51:42::SCWMssOS::Commit changes completed.
TRACE::2025-02-28.09:51:42::SCWMssOS::Saving the mss changes C:/Users/oparker/workspace/design_1_wrapper/ps7_cortexa9_0/domain_ps7_cortexa9_0/bsp/system.mss
TRACE::2025-02-28.09:51:42::SCWMssOS::Found a swdesign opened with the mssfile.
TRACE::2025-02-28.09:51:42::SCWMssOS::Completed writemss as part of save.
TRACE::2025-02-28.09:51:42::SCWMssOS::Commit changes completed.
TRACE::2025-02-28.09:51:42::SCWPlatform::Trying to open the hw design at C:/Users/oparker/workspace/design_1_wrapper/hw/design_1_wrapper.xsa
TRACE::2025-02-28.09:51:42::SCWPlatform::DSA given C:/Users/oparker/workspace/design_1_wrapper/hw/design_1_wrapper.xsa
TRACE::2025-02-28.09:51:42::SCWPlatform::DSA absoulate path C:/Users/oparker/workspace/design_1_wrapper/hw/design_1_wrapper.xsa
TRACE::2025-02-28.09:51:42::SCWPlatform::DSA directory C:/Users/oparker/workspace/design_1_wrapper/hw
TRACE::2025-02-28.09:51:42::SCWPlatform:: Platform Path C:/Users/oparker/workspace/design_1_wrapper/hw/design_1_wrapper.xsa
TRACE::2025-02-28.09:51:42::SCWPlatform:: Unique name xilinx:zed::0.0
TRACE::2025-02-28.09:51:42::SCWPlatform::Trying to set the existing hwdb with name design_1_wrapper_4
TRACE::2025-02-28.09:51:42::SCWPlatform::Opened existing hwdb design_1_wrapper_4
TRACE::2025-02-28.09:51:42::SCWPlatform::Found the Hw Db part of the input DSA
TRACE::2025-02-28.09:51:42::SCWMssOS::Checking the sw design at  C:/Users/oparker/workspace/design_1_wrapper/zynq_fsbl/zynq_fsbl_bsp/system.mss
TRACE::2025-02-28.09:51:42::SCWMssOS::DEBUG:  swdes dump  C:/Users/oparker/workspace/TPG/zynq_fsbl/zynq_fsbl_bsp/system.mss|system||
C:/Users/oparker/workspace/design_1_wrapper/ps7_cortexa9_0/domain_ps7_cortexa9_0/bsp/system.mss|system_1||
C:/Users/oparker/workspace/design_1_wrapper/zynq_fsbl/zynq_fsbl_bsp/system.mss|system_0||

TRACE::2025-02-28.09:51:42::SCWMssOS::Sw design exists and opened at  C:/Users/oparker/workspace/design_1_wrapper/zynq_fsbl/zynq_fsbl_bsp/system.mss
TRACE::2025-02-28.09:51:42::SCWPlatform::Trying to open the hw design at C:/Users/oparker/workspace/design_1_wrapper/hw/design_1_wrapper.xsa
TRACE::2025-02-28.09:51:42::SCWPlatform::DSA given C:/Users/oparker/workspace/design_1_wrapper/hw/design_1_wrapper.xsa
TRACE::2025-02-28.09:51:42::SCWPlatform::DSA absoulate path C:/Users/oparker/workspace/design_1_wrapper/hw/design_1_wrapper.xsa
TRACE::2025-02-28.09:51:42::SCWPlatform::DSA directory C:/Users/oparker/workspace/design_1_wrapper/hw
TRACE::2025-02-28.09:51:42::SCWPlatform:: Platform Path C:/Users/oparker/workspace/design_1_wrapper/hw/design_1_wrapper.xsa
TRACE::2025-02-28.09:51:42::SCWPlatform:: Unique name xilinx:zed::0.0
TRACE::2025-02-28.09:51:42::SCWPlatform::Trying to set the existing hwdb with name design_1_wrapper_4
TRACE::2025-02-28.09:51:42::SCWPlatform::Opened existing hwdb design_1_wrapper_4
TRACE::2025-02-28.09:51:42::SCWPlatform::Found the Hw Db part of the input DSA
TRACE::2025-02-28.09:51:42::SCWMssOS::Checking the sw design at  C:/Users/oparker/workspace/design_1_wrapper/zynq_fsbl/zynq_fsbl_bsp/system.mss
TRACE::2025-02-28.09:51:42::SCWMssOS::DEBUG:  swdes dump  C:/Users/oparker/workspace/TPG/zynq_fsbl/zynq_fsbl_bsp/system.mss|system||
C:/Users/oparker/workspace/design_1_wrapper/ps7_cortexa9_0/domain_ps7_cortexa9_0/bsp/system.mss|system_1||
C:/Users/oparker/workspace/design_1_wrapper/zynq_fsbl/zynq_fsbl_bsp/system.mss|system_0||

TRACE::2025-02-28.09:51:42::SCWMssOS::Sw design exists and opened at  C:/Users/oparker/workspace/design_1_wrapper/zynq_fsbl/zynq_fsbl_bsp/system.mss
TRACE::2025-02-28.09:51:42::SCWPlatform::Trying to open the hw design at C:/Users/oparker/workspace/design_1_wrapper/hw/design_1_wrapper.xsa
TRACE::2025-02-28.09:51:42::SCWPlatform::DSA given C:/Users/oparker/workspace/design_1_wrapper/hw/design_1_wrapper.xsa
TRACE::2025-02-28.09:51:42::SCWPlatform::DSA absoulate path C:/Users/oparker/workspace/design_1_wrapper/hw/design_1_wrapper.xsa
TRACE::2025-02-28.09:51:42::SCWPlatform::DSA directory C:/Users/oparker/workspace/design_1_wrapper/hw
TRACE::2025-02-28.09:51:42::SCWPlatform:: Platform Path C:/Users/oparker/workspace/design_1_wrapper/hw/design_1_wrapper.xsa
TRACE::2025-02-28.09:51:42::SCWPlatform:: Unique name xilinx:zed::0.0
TRACE::2025-02-28.09:51:42::SCWPlatform::Trying to set the existing hwdb with name design_1_wrapper_4
TRACE::2025-02-28.09:51:42::SCWPlatform::Opened existing hwdb design_1_wrapper_4
TRACE::2025-02-28.09:51:42::SCWPlatform::Found the Hw Db part of the input DSA
TRACE::2025-02-28.09:51:42::SCWMssOS::Checking the sw design at  C:/Users/oparker/workspace/design_1_wrapper/zynq_fsbl/zynq_fsbl_bsp/system.mss
TRACE::2025-02-28.09:51:42::SCWMssOS::DEBUG:  swdes dump  C:/Users/oparker/workspace/TPG/zynq_fsbl/zynq_fsbl_bsp/system.mss|system||
C:/Users/oparker/workspace/design_1_wrapper/ps7_cortexa9_0/domain_ps7_cortexa9_0/bsp/system.mss|system_1||
C:/Users/oparker/workspace/design_1_wrapper/zynq_fsbl/zynq_fsbl_bsp/system.mss|system_0||

TRACE::2025-02-28.09:51:42::SCWMssOS::Sw design exists and opened at  C:/Users/oparker/workspace/design_1_wrapper/zynq_fsbl/zynq_fsbl_bsp/system.mss
TRACE::2025-02-28.09:51:42::SCWPlatform::Trying to open the hw design at C:/Users/oparker/workspace/design_1_wrapper/hw/design_1_wrapper.xsa
TRACE::2025-02-28.09:51:42::SCWPlatform::DSA given C:/Users/oparker/workspace/design_1_wrapper/hw/design_1_wrapper.xsa
TRACE::2025-02-28.09:51:42::SCWPlatform::DSA absoulate path C:/Users/oparker/workspace/design_1_wrapper/hw/design_1_wrapper.xsa
TRACE::2025-02-28.09:51:42::SCWPlatform::DSA directory C:/Users/oparker/workspace/design_1_wrapper/hw
TRACE::2025-02-28.09:51:42::SCWPlatform:: Platform Path C:/Users/oparker/workspace/design_1_wrapper/hw/design_1_wrapper.xsa
TRACE::2025-02-28.09:51:42::SCWPlatform:: Unique name xilinx:zed::0.0
TRACE::2025-02-28.09:51:42::SCWPlatform::Trying to set the existing hwdb with name design_1_wrapper_4
TRACE::2025-02-28.09:51:42::SCWPlatform::Opened existing hwdb design_1_wrapper_4
TRACE::2025-02-28.09:51:42::SCWPlatform::Found the Hw Db part of the input DSA
TRACE::2025-02-28.09:51:42::SCWMssOS::Checking the sw design at  C:/Users/oparker/workspace/design_1_wrapper/ps7_cortexa9_0/domain_ps7_cortexa9_0/bsp/system.mss
TRACE::2025-02-28.09:51:42::SCWMssOS::DEBUG:  swdes dump  C:/Users/oparker/workspace/TPG/zynq_fsbl/zynq_fsbl_bsp/system.mss|system||
C:/Users/oparker/workspace/design_1_wrapper/ps7_cortexa9_0/domain_ps7_cortexa9_0/bsp/system.mss|system_1||
C:/Users/oparker/workspace/design_1_wrapper/zynq_fsbl/zynq_fsbl_bsp/system.mss|system_0||

TRACE::2025-02-28.09:51:42::SCWMssOS::Sw design exists and opened at  C:/Users/oparker/workspace/design_1_wrapper/ps7_cortexa9_0/domain_ps7_cortexa9_0/bsp/system.mss
TRACE::2025-02-28.09:51:42::SCWPlatform::Trying to open the hw design at C:/Users/oparker/workspace/design_1_wrapper/hw/design_1_wrapper.xsa
TRACE::2025-02-28.09:51:42::SCWPlatform::DSA given C:/Users/oparker/workspace/design_1_wrapper/hw/design_1_wrapper.xsa
TRACE::2025-02-28.09:51:42::SCWPlatform::DSA absoulate path C:/Users/oparker/workspace/design_1_wrapper/hw/design_1_wrapper.xsa
TRACE::2025-02-28.09:51:42::SCWPlatform::DSA directory C:/Users/oparker/workspace/design_1_wrapper/hw
TRACE::2025-02-28.09:51:42::SCWPlatform:: Platform Path C:/Users/oparker/workspace/design_1_wrapper/hw/design_1_wrapper.xsa
TRACE::2025-02-28.09:51:42::SCWPlatform:: Unique name xilinx:zed::0.0
TRACE::2025-02-28.09:51:42::SCWPlatform::Trying to set the existing hwdb with name design_1_wrapper_4
TRACE::2025-02-28.09:51:42::SCWPlatform::Opened existing hwdb design_1_wrapper_4
TRACE::2025-02-28.09:51:42::SCWPlatform::Found the Hw Db part of the input DSA
TRACE::2025-02-28.09:51:42::SCWMssOS::Checking the sw design at  C:/Users/oparker/workspace/design_1_wrapper/ps7_cortexa9_0/domain_ps7_cortexa9_0/bsp/system.mss
TRACE::2025-02-28.09:51:42::SCWMssOS::DEBUG:  swdes dump  C:/Users/oparker/workspace/TPG/zynq_fsbl/zynq_fsbl_bsp/system.mss|system||
C:/Users/oparker/workspace/design_1_wrapper/ps7_cortexa9_0/domain_ps7_cortexa9_0/bsp/system.mss|system_1||
C:/Users/oparker/workspace/design_1_wrapper/zynq_fsbl/zynq_fsbl_bsp/system.mss|system_0||

TRACE::2025-02-28.09:51:42::SCWMssOS::Sw design exists and opened at  C:/Users/oparker/workspace/design_1_wrapper/ps7_cortexa9_0/domain_ps7_cortexa9_0/bsp/system.mss
TRACE::2025-02-28.09:51:42::SCWPlatform::Trying to open the hw design at C:/Users/oparker/workspace/design_1_wrapper/hw/design_1_wrapper.xsa
TRACE::2025-02-28.09:51:42::SCWPlatform::DSA given C:/Users/oparker/workspace/design_1_wrapper/hw/design_1_wrapper.xsa
TRACE::2025-02-28.09:51:42::SCWPlatform::DSA absoulate path C:/Users/oparker/workspace/design_1_wrapper/hw/design_1_wrapper.xsa
TRACE::2025-02-28.09:51:42::SCWPlatform::DSA directory C:/Users/oparker/workspace/design_1_wrapper/hw
TRACE::2025-02-28.09:51:42::SCWPlatform:: Platform Path C:/Users/oparker/workspace/design_1_wrapper/hw/design_1_wrapper.xsa
TRACE::2025-02-28.09:51:42::SCWPlatform:: Unique name xilinx:zed::0.0
TRACE::2025-02-28.09:51:42::SCWPlatform::Trying to set the existing hwdb with name design_1_wrapper_4
TRACE::2025-02-28.09:51:42::SCWPlatform::Opened existing hwdb design_1_wrapper_4
TRACE::2025-02-28.09:51:42::SCWPlatform::Found the Hw Db part of the input DSA
TRACE::2025-02-28.09:51:42::SCWMssOS::Checking the sw design at  C:/Users/oparker/workspace/design_1_wrapper/ps7_cortexa9_0/domain_ps7_cortexa9_0/bsp/system.mss
TRACE::2025-02-28.09:51:42::SCWMssOS::DEBUG:  swdes dump  C:/Users/oparker/workspace/TPG/zynq_fsbl/zynq_fsbl_bsp/system.mss|system||
C:/Users/oparker/workspace/design_1_wrapper/ps7_cortexa9_0/domain_ps7_cortexa9_0/bsp/system.mss|system_1||
C:/Users/oparker/workspace/design_1_wrapper/zynq_fsbl/zynq_fsbl_bsp/system.mss|system_0||

TRACE::2025-02-28.09:51:42::SCWMssOS::Sw design exists and opened at  C:/Users/oparker/workspace/design_1_wrapper/ps7_cortexa9_0/domain_ps7_cortexa9_0/bsp/system.mss
TRACE::2025-02-28.09:51:42::SCWWriter::formatted JSON is {
	"platformName":	"design_1_wrapper",
	"sprVersion":	"2.0",
	"mode":	"gui",
	"dsaType":	"Fixed",
	"platformDesc":	"design_1_wrapper",
	"platHandOff":	"C:/Users/oparker/cpre488-mp2/project_1/design_1_wrapper.xsa",
	"platIntHandOff":	"<platformDir>/hw/design_1_wrapper.xsa",
	"deviceType":	"zynq",
	"platIsPrebuiltAutogen":	"false",
	"platIsNoBootBsp":	"false",
	"platFsblTarget":	"ps7_cortexa9_0",
	"hasFsblMakeHasChanges":	"false",
	"hasPmufwMakeHasChanges":	"false",
	"fsblExtraCompilerFlags":	"-MMD -MP       -mcpu=cortex-a9 -mfpu=vfpv3 -mfloat-abi=hard ",
	"platPreBuiltFlag":	false,
	"platformSamplesDir":	"",
	"platActiveSys":	"design_1_wrapper",
	"systems":	[{
			"systemName":	"design_1_wrapper",
			"systemDesc":	"design_1_wrapper",
			"sysIsBootAutoGen":	"true",
			"systemDispName":	"design_1_wrapper",
			"sysActiveDom":	"domain_ps7_cortexa9_0",
			"sysDefaultDom":	"domain_ps7_cortexa9_0",
			"domains":	[{
					"domainName":	"zynq_fsbl",
					"domainDispName":	"zynq_fsbl",
					"domainDesc":	"FSBL Application BSP - Auto Generated.",
					"processors":	"ps7_cortexa9_0",
					"os":	"standalone",
					"sdxOs":	"standalone",
					"debugEnable":	"",
					"domRuntimes":	["cpp"],
					"swRepo":	"",
					"mssOsVer":	"7.2",
					"mssFile":	"",
					"md5Digest":	"158a679dab493f3308b1d2cbafc496b0",
					"compatibleApp":	"zynq_fsbl",
					"domType":	"bootDomain",
					"arch":	"32-bit",
					"appSettings":	{
						"appCompilerFlags":	"",
						"appLinkerFlags":	""
					},
					"addedLibs":	["xilffs:4.3", "xilrsa:1.6"],
					"libOptions":	{
						"libsContainingOptions":	[]
					},
					"prebuiltLibs":	{
						"prebuiltIncPath":	[],
						"prebuiltLibPath":	[]
					},
					"isolation":	{
					}
				}, {
					"domainName":	"domain_ps7_cortexa9_0",
					"domainDispName":	"domain_ps7_cortexa9_0",
					"domainDesc":	"domain_ps7_cortexa9_0",
					"processors":	"ps7_cortexa9_0",
					"os":	"standalone",
					"sdxOs":	"standalone",
					"qemuArgs":	"C:/Xilinx/Vitis/2020.1/data/emulation/platforms/zynq/qemu/qemu_args.txt",
					"qemuData":	"C:/Xilinx/Vitis/2020.1/data/emulation/platforms/zynq/qemu/",
					"debugEnable":	"False",
					"domRuntimes":	["cpp"],
					"swRepo":	"",
					"mssOsVer":	"7.2",
					"mssFile":	"",
					"md5Digest":	"85ba41434c82914f0e9e24fa6ddcf962",
					"compatibleApp":	"hello_world",
					"domType":	"mssDomain",
					"arch":	"32-bit",
					"appSettings":	{
						"appCompilerFlags":	"",
						"appLinkerFlags":	""
					},
					"addedLibs":	[],
					"libOptions":	{
						"libsContainingOptions":	[]
					},
					"prebuiltLibs":	{
						"prebuiltIncPath":	[],
						"prebuiltLibPath":	[]
					},
					"isolation":	{
					}
				}]
		}]
}
TRACE::2025-02-28.09:51:42::SCWMssOS::Saving the mss changes C:/Users/oparker/workspace/design_1_wrapper/ps7_cortexa9_0/domain_ps7_cortexa9_0/bsp/system.mss
TRACE::2025-02-28.09:51:42::SCWMssOS::Found a swdesign opened with the mssfile.
TRACE::2025-02-28.09:51:42::SCWMssOS::Completed writemss as part of save.
TRACE::2025-02-28.09:51:42::SCWMssOS::Commit changes completed.
TRACE::2025-02-28.09:51:42::SCWPlatform::Trying to open the hw design at C:/Users/oparker/workspace/design_1_wrapper/hw/design_1_wrapper.xsa
TRACE::2025-02-28.09:51:42::SCWPlatform::DSA given C:/Users/oparker/workspace/design_1_wrapper/hw/design_1_wrapper.xsa
TRACE::2025-02-28.09:51:42::SCWPlatform::DSA absoulate path C:/Users/oparker/workspace/design_1_wrapper/hw/design_1_wrapper.xsa
TRACE::2025-02-28.09:51:42::SCWPlatform::DSA directory C:/Users/oparker/workspace/design_1_wrapper/hw
TRACE::2025-02-28.09:51:42::SCWPlatform:: Platform Path C:/Users/oparker/workspace/design_1_wrapper/hw/design_1_wrapper.xsa
TRACE::2025-02-28.09:51:42::SCWPlatform:: Unique name xilinx:zed::0.0
TRACE::2025-02-28.09:51:42::SCWPlatform::Trying to set the existing hwdb with name design_1_wrapper_4
TRACE::2025-02-28.09:51:42::SCWPlatform::Opened existing hwdb design_1_wrapper_4
TRACE::2025-02-28.09:51:42::SCWPlatform::Found the Hw Db part of the input DSA
TRACE::2025-02-28.09:51:42::SCWMssOS::Checking the sw design at  C:/Users/oparker/workspace/design_1_wrapper/ps7_cortexa9_0/domain_ps7_cortexa9_0/bsp/system.mss
TRACE::2025-02-28.09:51:42::SCWMssOS::DEBUG:  swdes dump  C:/Users/oparker/workspace/TPG/zynq_fsbl/zynq_fsbl_bsp/system.mss|system||
C:/Users/oparker/workspace/design_1_wrapper/ps7_cortexa9_0/domain_ps7_cortexa9_0/bsp/system.mss|system_1||
C:/Users/oparker/workspace/design_1_wrapper/zynq_fsbl/zynq_fsbl_bsp/system.mss|system_0||

TRACE::2025-02-28.09:51:42::SCWMssOS::Sw design exists and opened at  C:/Users/oparker/workspace/design_1_wrapper/ps7_cortexa9_0/domain_ps7_cortexa9_0/bsp/system.mss
TRACE::2025-02-28.09:51:42::SCWMssOS::Removing the swdes entry for  C:/Users/oparker/workspace/design_1_wrapper/ps7_cortexa9_0/domain_ps7_cortexa9_0/bsp/system.mss
TRACE::2025-02-28.09:53:33::SCWPlatform::Clearing the existing platform
TRACE::2025-02-28.09:53:33::SCWSystem::Clearing the existing sysconfig
TRACE::2025-02-28.09:53:33::SCWBDomain::clearing the fsbl build
TRACE::2025-02-28.09:53:33::SCWMssOS::Removing the swdes entry for  C:/Users/oparker/workspace/design_1_wrapper/zynq_fsbl/zynq_fsbl_bsp/system.mss
TRACE::2025-02-28.09:53:33::SCWSystem::Clearing the domains completed.
TRACE::2025-02-28.09:53:33::SCWPlatform::Clearing the opened hw db.
TRACE::2025-02-28.09:53:33::SCWPlatform::DSA given C:/Users/oparker/workspace/design_1_wrapper/hw/design_1_wrapper.xsa
TRACE::2025-02-28.09:53:33::SCWPlatform::DSA absoulate path C:/Users/oparker/workspace/design_1_wrapper/hw/design_1_wrapper.xsa
TRACE::2025-02-28.09:53:33::SCWPlatform:: Platform location is C:/Users/oparker/workspace/design_1_wrapper/hw
TRACE::2025-02-28.09:53:33::SCWPlatform:: Platform Path C:/Users/oparker/workspace/design_1_wrapper/hw/design_1_wrapper.xsa
TRACE::2025-02-28.09:53:33::SCWPlatform:: Unique name xilinx:zed::0.0
TRACE::2025-02-28.09:53:33::SCWPlatform::Removing the HwDB with name C:/Users/oparker/workspace/design_1_wrapper/hw/design_1_wrapper.xsa
TRACE::2025-02-28.09:53:33::SCWPlatform::Trying to open the hw design at C:/Users/oparker/workspace/design_1_wrapper/hw/design_1_wrapper.xsa
TRACE::2025-02-28.09:53:33::SCWPlatform::DSA given C:/Users/oparker/workspace/design_1_wrapper/hw/design_1_wrapper.xsa
TRACE::2025-02-28.09:53:33::SCWPlatform::DSA absoulate path C:/Users/oparker/workspace/design_1_wrapper/hw/design_1_wrapper.xsa
TRACE::2025-02-28.09:53:33::SCWPlatform::DSA directory C:/Users/oparker/workspace/design_1_wrapper/hw
TRACE::2025-02-28.09:53:33::SCWPlatform:: Platform Path C:/Users/oparker/workspace/design_1_wrapper/hw/design_1_wrapper.xsa
TRACE::2025-02-28.09:53:33::SCWPlatform:: Unique name xilinx:zed::0.0
TRACE::2025-02-28.09:53:33::SCWPlatform::Do not have an existing db opened. 
TRACE::2025-02-28.09:53:34::SCWPlatform::Opened new HwDB with name design_1_wrapper_6
TRACE::2025-02-28.09:53:34::SCWReader::Active system found as  design_1_wrapper
TRACE::2025-02-28.09:53:34::SCWReader::Handling sysconfig design_1_wrapper
TRACE::2025-02-28.09:53:34::SCWDomain::checking for install qemu data   : 
TRACE::2025-02-28.09:53:34::SCWDomain:: Using the QEMU Data from install at  : C:/Xilinx/Vitis/2020.1/data/emulation/platforms/zynq/qemu/
TRACE::2025-02-28.09:53:34::SCWDomain:: Using the QEMU args  from install at  : C:/Xilinx/Vitis/2020.1/data/emulation/platforms/zynq/qemu/qemu_args.txt
TRACE::2025-02-28.09:53:34::SCWPlatform::Trying to open the hw design at C:/Users/oparker/workspace/design_1_wrapper/hw/design_1_wrapper.xsa
TRACE::2025-02-28.09:53:34::SCWPlatform::DSA given C:/Users/oparker/workspace/design_1_wrapper/hw/design_1_wrapper.xsa
TRACE::2025-02-28.09:53:34::SCWPlatform::DSA absoulate path C:/Users/oparker/workspace/design_1_wrapper/hw/design_1_wrapper.xsa
TRACE::2025-02-28.09:53:34::SCWPlatform::DSA directory C:/Users/oparker/workspace/design_1_wrapper/hw
TRACE::2025-02-28.09:53:34::SCWPlatform:: Platform Path C:/Users/oparker/workspace/design_1_wrapper/hw/design_1_wrapper.xsa
TRACE::2025-02-28.09:53:34::SCWPlatform:: Unique name xilinx:zed::0.0
TRACE::2025-02-28.09:53:34::SCWPlatform::Trying to set the existing hwdb with name design_1_wrapper_6
TRACE::2025-02-28.09:53:34::SCWPlatform::Opened existing hwdb design_1_wrapper_6
TRACE::2025-02-28.09:53:34::SCWPlatform::Found the Hw Db part of the input DSA
TRACE::2025-02-28.09:53:34::SCWPlatform::Trying to open the hw design at C:/Users/oparker/workspace/design_1_wrapper/hw/design_1_wrapper.xsa
TRACE::2025-02-28.09:53:34::SCWPlatform::DSA given C:/Users/oparker/workspace/design_1_wrapper/hw/design_1_wrapper.xsa
TRACE::2025-02-28.09:53:34::SCWPlatform::DSA absoulate path C:/Users/oparker/workspace/design_1_wrapper/hw/design_1_wrapper.xsa
TRACE::2025-02-28.09:53:34::SCWPlatform::DSA directory C:/Users/oparker/workspace/design_1_wrapper/hw
TRACE::2025-02-28.09:53:34::SCWPlatform:: Platform Path C:/Users/oparker/workspace/design_1_wrapper/hw/design_1_wrapper.xsa
TRACE::2025-02-28.09:53:34::SCWPlatform:: Unique name xilinx:zed::0.0
TRACE::2025-02-28.09:53:34::SCWPlatform::Trying to set the existing hwdb with name design_1_wrapper_6
TRACE::2025-02-28.09:53:34::SCWPlatform::Opened existing hwdb design_1_wrapper_6
TRACE::2025-02-28.09:53:34::SCWPlatform::Found the Hw Db part of the input DSA
TRACE::2025-02-28.09:53:34::SCWPlatform::Trying to open the hw design at C:/Users/oparker/workspace/design_1_wrapper/hw/design_1_wrapper.xsa
TRACE::2025-02-28.09:53:34::SCWPlatform::DSA given C:/Users/oparker/workspace/design_1_wrapper/hw/design_1_wrapper.xsa
TRACE::2025-02-28.09:53:34::SCWPlatform::DSA absoulate path C:/Users/oparker/workspace/design_1_wrapper/hw/design_1_wrapper.xsa
TRACE::2025-02-28.09:53:34::SCWPlatform::DSA directory C:/Users/oparker/workspace/design_1_wrapper/hw
TRACE::2025-02-28.09:53:34::SCWPlatform:: Platform Path C:/Users/oparker/workspace/design_1_wrapper/hw/design_1_wrapper.xsa
TRACE::2025-02-28.09:53:34::SCWPlatform:: Unique name xilinx:zed::0.0
TRACE::2025-02-28.09:53:34::SCWPlatform::Trying to set the existing hwdb with name design_1_wrapper_6
TRACE::2025-02-28.09:53:34::SCWPlatform::Opened existing hwdb design_1_wrapper_6
TRACE::2025-02-28.09:53:34::SCWPlatform::Found the Hw Db part of the input DSA
TRACE::2025-02-28.09:53:34::SCWReader::Boot application domain added for zynq_fsbl
TRACE::2025-02-28.09:53:34::SCWPlatform::Trying to open the hw design at C:/Users/oparker/workspace/design_1_wrapper/hw/design_1_wrapper.xsa
TRACE::2025-02-28.09:53:34::SCWPlatform::DSA given C:/Users/oparker/workspace/design_1_wrapper/hw/design_1_wrapper.xsa
TRACE::2025-02-28.09:53:34::SCWPlatform::DSA absoulate path C:/Users/oparker/workspace/design_1_wrapper/hw/design_1_wrapper.xsa
TRACE::2025-02-28.09:53:34::SCWPlatform::DSA directory C:/Users/oparker/workspace/design_1_wrapper/hw
TRACE::2025-02-28.09:53:34::SCWPlatform:: Platform Path C:/Users/oparker/workspace/design_1_wrapper/hw/design_1_wrapper.xsa
TRACE::2025-02-28.09:53:34::SCWPlatform:: Unique name xilinx:zed::0.0
TRACE::2025-02-28.09:53:34::SCWPlatform::Trying to set the existing hwdb with name design_1_wrapper_6
TRACE::2025-02-28.09:53:34::SCWPlatform::Opened existing hwdb design_1_wrapper_6
TRACE::2025-02-28.09:53:34::SCWPlatform::Found the Hw Db part of the input DSA
TRACE::2025-02-28.09:53:34::SCWMssOS::Checking the sw design at  C:/Users/oparker/workspace/design_1_wrapper/zynq_fsbl/zynq_fsbl_bsp/system.mss
TRACE::2025-02-28.09:53:34::SCWMssOS::DEBUG:  swdes dump  C:/Users/oparker/workspace/TPG/zynq_fsbl/zynq_fsbl_bsp/system.mss|system||

TRACE::2025-02-28.09:53:34::SCWMssOS::No sw design opened at  C:/Users/oparker/workspace/design_1_wrapper/zynq_fsbl/zynq_fsbl_bsp/system.mss
TRACE::2025-02-28.09:53:34::SCWMssOS::mss exists loading the mss file  C:/Users/oparker/workspace/design_1_wrapper/zynq_fsbl/zynq_fsbl_bsp/system.mss
TRACE::2025-02-28.09:53:34::SCWMssOS::Opened the sw design from mss  C:/Users/oparker/workspace/design_1_wrapper/zynq_fsbl/zynq_fsbl_bsp/system.mss
TRACE::2025-02-28.09:53:34::SCWMssOS::Adding the swdes entry C:/Users/oparker/workspace/design_1_wrapper/zynq_fsbl/zynq_fsbl_bsp/system.mss with des name system_0
TRACE::2025-02-28.09:53:34::SCWMssOS::updating the scw layer about changes
TRACE::2025-02-28.09:53:34::SCWMssOS::Opened the sw design.  C:/Users/oparker/workspace/design_1_wrapper/zynq_fsbl/zynq_fsbl_bsp/system.mss
TRACE::2025-02-28.09:53:34::SCWPlatform::Trying to open the hw design at C:/Users/oparker/workspace/design_1_wrapper/hw/design_1_wrapper.xsa
TRACE::2025-02-28.09:53:34::SCWPlatform::DSA given C:/Users/oparker/workspace/design_1_wrapper/hw/design_1_wrapper.xsa
TRACE::2025-02-28.09:53:34::SCWPlatform::DSA absoulate path C:/Users/oparker/workspace/design_1_wrapper/hw/design_1_wrapper.xsa
TRACE::2025-02-28.09:53:34::SCWPlatform::DSA directory C:/Users/oparker/workspace/design_1_wrapper/hw
TRACE::2025-02-28.09:53:34::SCWPlatform:: Platform Path C:/Users/oparker/workspace/design_1_wrapper/hw/design_1_wrapper.xsa
TRACE::2025-02-28.09:53:34::SCWPlatform:: Unique name xilinx:zed::0.0
TRACE::2025-02-28.09:53:34::SCWPlatform::Trying to set the existing hwdb with name design_1_wrapper_6
TRACE::2025-02-28.09:53:34::SCWPlatform::Opened existing hwdb design_1_wrapper_6
TRACE::2025-02-28.09:53:34::SCWPlatform::Found the Hw Db part of the input DSA
TRACE::2025-02-28.09:53:34::SCWMssOS::Checking the sw design at  C:/Users/oparker/workspace/design_1_wrapper/zynq_fsbl/zynq_fsbl_bsp/system.mss
TRACE::2025-02-28.09:53:34::SCWMssOS::DEBUG:  swdes dump  C:/Users/oparker/workspace/TPG/zynq_fsbl/zynq_fsbl_bsp/system.mss|system||
C:/Users/oparker/workspace/design_1_wrapper/zynq_fsbl/zynq_fsbl_bsp/system.mss|system_0||

TRACE::2025-02-28.09:53:34::SCWMssOS::Sw design exists and opened at  C:/Users/oparker/workspace/design_1_wrapper/zynq_fsbl/zynq_fsbl_bsp/system.mss
TRACE::2025-02-28.09:53:34::SCWMssOS:: library already available in sw design:  xilffs:4.3
TRACE::2025-02-28.09:53:34::SCWPlatform::Trying to open the hw design at C:/Users/oparker/workspace/design_1_wrapper/hw/design_1_wrapper.xsa
TRACE::2025-02-28.09:53:34::SCWPlatform::DSA given C:/Users/oparker/workspace/design_1_wrapper/hw/design_1_wrapper.xsa
TRACE::2025-02-28.09:53:34::SCWPlatform::DSA absoulate path C:/Users/oparker/workspace/design_1_wrapper/hw/design_1_wrapper.xsa
TRACE::2025-02-28.09:53:34::SCWPlatform::DSA directory C:/Users/oparker/workspace/design_1_wrapper/hw
TRACE::2025-02-28.09:53:34::SCWPlatform:: Platform Path C:/Users/oparker/workspace/design_1_wrapper/hw/design_1_wrapper.xsa
TRACE::2025-02-28.09:53:34::SCWPlatform:: Unique name xilinx:zed::0.0
TRACE::2025-02-28.09:53:34::SCWPlatform::Trying to set the existing hwdb with name design_1_wrapper_6
TRACE::2025-02-28.09:53:34::SCWPlatform::Opened existing hwdb design_1_wrapper_6
TRACE::2025-02-28.09:53:34::SCWPlatform::Found the Hw Db part of the input DSA
TRACE::2025-02-28.09:53:34::SCWMssOS::Checking the sw design at  C:/Users/oparker/workspace/design_1_wrapper/zynq_fsbl/zynq_fsbl_bsp/system.mss
TRACE::2025-02-28.09:53:34::SCWMssOS::DEBUG:  swdes dump  C:/Users/oparker/workspace/TPG/zynq_fsbl/zynq_fsbl_bsp/system.mss|system||
C:/Users/oparker/workspace/design_1_wrapper/zynq_fsbl/zynq_fsbl_bsp/system.mss|system_0||

TRACE::2025-02-28.09:53:34::SCWMssOS::Sw design exists and opened at  C:/Users/oparker/workspace/design_1_wrapper/zynq_fsbl/zynq_fsbl_bsp/system.mss
TRACE::2025-02-28.09:53:34::SCWMssOS:: library already available in sw design:  xilrsa:1.6
TRACE::2025-02-28.09:53:34::SCWMssOS::Saving the mss changes C:/Users/oparker/workspace/design_1_wrapper/zynq_fsbl/zynq_fsbl_bsp/system.mss
TRACE::2025-02-28.09:53:34::SCWMssOS::Found a swdesign opened with the mssfile.
TRACE::2025-02-28.09:53:34::SCWMssOS::Completed writemss as part of save.
TRACE::2025-02-28.09:53:34::SCWMssOS::Commit changes completed.
TRACE::2025-02-28.09:53:34::SCWReader::Adding prebuilt librarypaths as   
TRACE::2025-02-28.09:53:34::SCWReader::Adding prebuilt incpaths  as   
TRACE::2025-02-28.09:53:34::SCWPlatform::Trying to open the hw design at C:/Users/oparker/workspace/design_1_wrapper/hw/design_1_wrapper.xsa
TRACE::2025-02-28.09:53:34::SCWPlatform::DSA given C:/Users/oparker/workspace/design_1_wrapper/hw/design_1_wrapper.xsa
TRACE::2025-02-28.09:53:34::SCWPlatform::DSA absoulate path C:/Users/oparker/workspace/design_1_wrapper/hw/design_1_wrapper.xsa
TRACE::2025-02-28.09:53:34::SCWPlatform::DSA directory C:/Users/oparker/workspace/design_1_wrapper/hw
TRACE::2025-02-28.09:53:34::SCWPlatform:: Platform Path C:/Users/oparker/workspace/design_1_wrapper/hw/design_1_wrapper.xsa
TRACE::2025-02-28.09:53:34::SCWPlatform:: Unique name xilinx:zed::0.0
TRACE::2025-02-28.09:53:34::SCWPlatform::Trying to set the existing hwdb with name design_1_wrapper_6
TRACE::2025-02-28.09:53:34::SCWPlatform::Opened existing hwdb design_1_wrapper_6
TRACE::2025-02-28.09:53:34::SCWPlatform::Found the Hw Db part of the input DSA
TRACE::2025-02-28.09:53:34::SCWMssOS::Checking the sw design at  C:/Users/oparker/workspace/design_1_wrapper/zynq_fsbl/zynq_fsbl_bsp/system.mss
TRACE::2025-02-28.09:53:34::SCWMssOS::DEBUG:  swdes dump  C:/Users/oparker/workspace/TPG/zynq_fsbl/zynq_fsbl_bsp/system.mss|system||
C:/Users/oparker/workspace/design_1_wrapper/zynq_fsbl/zynq_fsbl_bsp/system.mss|system_0||

TRACE::2025-02-28.09:53:34::SCWMssOS::Sw design exists and opened at  C:/Users/oparker/workspace/design_1_wrapper/zynq_fsbl/zynq_fsbl_bsp/system.mss
TRACE::2025-02-28.09:53:34::SCWReader::No isolation master present  
TRACE::2025-02-28.09:53:34::SCWDomain::checking for install qemu data   : 
TRACE::2025-02-28.09:53:34::SCWDomain:: Using the QEMU Data from install at  : C:/Xilinx/Vitis/2020.1/data/emulation/platforms/zynq/qemu/
TRACE::2025-02-28.09:53:34::SCWDomain:: Using the QEMU args  from install at  : C:/Xilinx/Vitis/2020.1/data/emulation/platforms/zynq/qemu/qemu_args.txt
TRACE::2025-02-28.09:53:34::SCWPlatform::Trying to open the hw design at C:/Users/oparker/workspace/design_1_wrapper/hw/design_1_wrapper.xsa
TRACE::2025-02-28.09:53:34::SCWPlatform::DSA given C:/Users/oparker/workspace/design_1_wrapper/hw/design_1_wrapper.xsa
TRACE::2025-02-28.09:53:34::SCWPlatform::DSA absoulate path C:/Users/oparker/workspace/design_1_wrapper/hw/design_1_wrapper.xsa
TRACE::2025-02-28.09:53:34::SCWPlatform::DSA directory C:/Users/oparker/workspace/design_1_wrapper/hw
TRACE::2025-02-28.09:53:34::SCWPlatform:: Platform Path C:/Users/oparker/workspace/design_1_wrapper/hw/design_1_wrapper.xsa
TRACE::2025-02-28.09:53:34::SCWPlatform:: Unique name xilinx:zed::0.0
TRACE::2025-02-28.09:53:34::SCWPlatform::Trying to set the existing hwdb with name design_1_wrapper_6
TRACE::2025-02-28.09:53:34::SCWPlatform::Opened existing hwdb design_1_wrapper_6
TRACE::2025-02-28.09:53:34::SCWPlatform::Found the Hw Db part of the input DSA
TRACE::2025-02-28.09:53:34::SCWPlatform::Trying to open the hw design at C:/Users/oparker/workspace/design_1_wrapper/hw/design_1_wrapper.xsa
TRACE::2025-02-28.09:53:34::SCWPlatform::DSA given C:/Users/oparker/workspace/design_1_wrapper/hw/design_1_wrapper.xsa
TRACE::2025-02-28.09:53:34::SCWPlatform::DSA absoulate path C:/Users/oparker/workspace/design_1_wrapper/hw/design_1_wrapper.xsa
TRACE::2025-02-28.09:53:34::SCWPlatform::DSA directory C:/Users/oparker/workspace/design_1_wrapper/hw
TRACE::2025-02-28.09:53:34::SCWPlatform:: Platform Path C:/Users/oparker/workspace/design_1_wrapper/hw/design_1_wrapper.xsa
TRACE::2025-02-28.09:53:34::SCWPlatform:: Unique name xilinx:zed::0.0
TRACE::2025-02-28.09:53:34::SCWPlatform::Trying to set the existing hwdb with name design_1_wrapper_6
TRACE::2025-02-28.09:53:34::SCWPlatform::Opened existing hwdb design_1_wrapper_6
TRACE::2025-02-28.09:53:34::SCWPlatform::Found the Hw Db part of the input DSA
TRACE::2025-02-28.09:53:34::SCWPlatform::Trying to open the hw design at C:/Users/oparker/workspace/design_1_wrapper/hw/design_1_wrapper.xsa
TRACE::2025-02-28.09:53:34::SCWPlatform::DSA given C:/Users/oparker/workspace/design_1_wrapper/hw/design_1_wrapper.xsa
TRACE::2025-02-28.09:53:34::SCWPlatform::DSA absoulate path C:/Users/oparker/workspace/design_1_wrapper/hw/design_1_wrapper.xsa
TRACE::2025-02-28.09:53:34::SCWPlatform::DSA directory C:/Users/oparker/workspace/design_1_wrapper/hw
TRACE::2025-02-28.09:53:34::SCWPlatform:: Platform Path C:/Users/oparker/workspace/design_1_wrapper/hw/design_1_wrapper.xsa
TRACE::2025-02-28.09:53:34::SCWPlatform:: Unique name xilinx:zed::0.0
TRACE::2025-02-28.09:53:34::SCWPlatform::Trying to set the existing hwdb with name design_1_wrapper_6
TRACE::2025-02-28.09:53:34::SCWPlatform::Opened existing hwdb design_1_wrapper_6
TRACE::2025-02-28.09:53:34::SCWPlatform::Found the Hw Db part of the input DSA
TRACE::2025-02-28.09:53:34::SCWMssOS::Checking the sw design at  C:/Users/oparker/workspace/design_1_wrapper/ps7_cortexa9_0/domain_ps7_cortexa9_0/bsp/system.mss
TRACE::2025-02-28.09:53:34::SCWMssOS::DEBUG:  swdes dump  C:/Users/oparker/workspace/TPG/zynq_fsbl/zynq_fsbl_bsp/system.mss|system||
C:/Users/oparker/workspace/design_1_wrapper/zynq_fsbl/zynq_fsbl_bsp/system.mss|system_0||

TRACE::2025-02-28.09:53:34::SCWMssOS::No sw design opened at  C:/Users/oparker/workspace/design_1_wrapper/ps7_cortexa9_0/domain_ps7_cortexa9_0/bsp/system.mss
TRACE::2025-02-28.09:53:34::SCWMssOS::mss exists loading the mss file  C:/Users/oparker/workspace/design_1_wrapper/ps7_cortexa9_0/domain_ps7_cortexa9_0/bsp/system.mss
TRACE::2025-02-28.09:53:34::SCWMssOS::Opened the sw design from mss  C:/Users/oparker/workspace/design_1_wrapper/ps7_cortexa9_0/domain_ps7_cortexa9_0/bsp/system.mss
TRACE::2025-02-28.09:53:34::SCWMssOS::Adding the swdes entry C:/Users/oparker/workspace/design_1_wrapper/ps7_cortexa9_0/domain_ps7_cortexa9_0/bsp/system.mss with des name system_1
TRACE::2025-02-28.09:53:34::SCWMssOS::updating the scw layer about changes
TRACE::2025-02-28.09:53:35::SCWMssOS::Opened the sw design.  C:/Users/oparker/workspace/design_1_wrapper/ps7_cortexa9_0/domain_ps7_cortexa9_0/bsp/system.mss
TRACE::2025-02-28.09:53:35::SCWMssOS::Saving the mss changes C:/Users/oparker/workspace/design_1_wrapper/ps7_cortexa9_0/domain_ps7_cortexa9_0/bsp/system.mss
TRACE::2025-02-28.09:53:35::SCWMssOS::Found a swdesign opened with the mssfile.
TRACE::2025-02-28.09:53:35::SCWMssOS::Completed writemss as part of save.
TRACE::2025-02-28.09:53:35::SCWMssOS::Commit changes completed.
TRACE::2025-02-28.09:53:35::SCWReader::Adding prebuilt librarypaths as   
TRACE::2025-02-28.09:53:35::SCWReader::Adding prebuilt incpaths  as   
TRACE::2025-02-28.09:53:35::SCWPlatform::Trying to open the hw design at C:/Users/oparker/workspace/design_1_wrapper/hw/design_1_wrapper.xsa
TRACE::2025-02-28.09:53:35::SCWPlatform::DSA given C:/Users/oparker/workspace/design_1_wrapper/hw/design_1_wrapper.xsa
TRACE::2025-02-28.09:53:35::SCWPlatform::DSA absoulate path C:/Users/oparker/workspace/design_1_wrapper/hw/design_1_wrapper.xsa
TRACE::2025-02-28.09:53:35::SCWPlatform::DSA directory C:/Users/oparker/workspace/design_1_wrapper/hw
TRACE::2025-02-28.09:53:35::SCWPlatform:: Platform Path C:/Users/oparker/workspace/design_1_wrapper/hw/design_1_wrapper.xsa
TRACE::2025-02-28.09:53:35::SCWPlatform:: Unique name xilinx:zed::0.0
TRACE::2025-02-28.09:53:35::SCWPlatform::Trying to set the existing hwdb with name design_1_wrapper_6
TRACE::2025-02-28.09:53:35::SCWPlatform::Opened existing hwdb design_1_wrapper_6
TRACE::2025-02-28.09:53:35::SCWPlatform::Found the Hw Db part of the input DSA
TRACE::2025-02-28.09:53:35::SCWMssOS::Checking the sw design at  C:/Users/oparker/workspace/design_1_wrapper/ps7_cortexa9_0/domain_ps7_cortexa9_0/bsp/system.mss
TRACE::2025-02-28.09:53:35::SCWMssOS::DEBUG:  swdes dump  C:/Users/oparker/workspace/TPG/zynq_fsbl/zynq_fsbl_bsp/system.mss|system||
C:/Users/oparker/workspace/design_1_wrapper/ps7_cortexa9_0/domain_ps7_cortexa9_0/bsp/system.mss|system_1||
C:/Users/oparker/workspace/design_1_wrapper/zynq_fsbl/zynq_fsbl_bsp/system.mss|system_0||

TRACE::2025-02-28.09:53:35::SCWMssOS::Sw design exists and opened at  C:/Users/oparker/workspace/design_1_wrapper/ps7_cortexa9_0/domain_ps7_cortexa9_0/bsp/system.mss
TRACE::2025-02-28.09:53:35::SCWReader::No isolation master present  
TRACE::2025-02-28.09:53:35::SCWPlatform::Trying to open the hw design at C:/Users/oparker/workspace/design_1_wrapper/hw/design_1_wrapper.xsa
TRACE::2025-02-28.09:53:35::SCWPlatform::DSA given C:/Users/oparker/workspace/design_1_wrapper/hw/design_1_wrapper.xsa
TRACE::2025-02-28.09:53:35::SCWPlatform::DSA absoulate path C:/Users/oparker/workspace/design_1_wrapper/hw/design_1_wrapper.xsa
TRACE::2025-02-28.09:53:35::SCWPlatform::DSA directory C:/Users/oparker/workspace/design_1_wrapper/hw
TRACE::2025-02-28.09:53:35::SCWPlatform:: Platform Path C:/Users/oparker/workspace/design_1_wrapper/hw/design_1_wrapper.xsa
TRACE::2025-02-28.09:53:35::SCWPlatform:: Unique name xilinx:zed::0.0
TRACE::2025-02-28.09:53:35::SCWPlatform::Trying to set the existing hwdb with name design_1_wrapper_6
TRACE::2025-02-28.09:53:35::SCWPlatform::Opened existing hwdb design_1_wrapper_6
TRACE::2025-02-28.09:53:35::SCWPlatform::Found the Hw Db part of the input DSA
TRACE::2025-02-28.09:53:35::SCWMssOS::Checking the sw design at  C:/Users/oparker/workspace/design_1_wrapper/ps7_cortexa9_0/domain_ps7_cortexa9_0/bsp/system.mss
TRACE::2025-02-28.09:53:35::SCWMssOS::DEBUG:  swdes dump  C:/Users/oparker/workspace/TPG/zynq_fsbl/zynq_fsbl_bsp/system.mss|system||
C:/Users/oparker/workspace/design_1_wrapper/ps7_cortexa9_0/domain_ps7_cortexa9_0/bsp/system.mss|system_1||
C:/Users/oparker/workspace/design_1_wrapper/zynq_fsbl/zynq_fsbl_bsp/system.mss|system_0||

TRACE::2025-02-28.09:53:35::SCWMssOS::Sw design exists and opened at  C:/Users/oparker/workspace/design_1_wrapper/ps7_cortexa9_0/domain_ps7_cortexa9_0/bsp/system.mss
TRACE::2025-02-28.09:53:35::SCWMssOS::In reload Mss file.
TRACE::2025-02-28.09:53:35::SCWPlatform::Trying to open the hw design at C:/Users/oparker/workspace/design_1_wrapper/hw/design_1_wrapper.xsa
TRACE::2025-02-28.09:53:35::SCWPlatform::DSA given C:/Users/oparker/workspace/design_1_wrapper/hw/design_1_wrapper.xsa
TRACE::2025-02-28.09:53:35::SCWPlatform::DSA absoulate path C:/Users/oparker/workspace/design_1_wrapper/hw/design_1_wrapper.xsa
TRACE::2025-02-28.09:53:35::SCWPlatform::DSA directory C:/Users/oparker/workspace/design_1_wrapper/hw
TRACE::2025-02-28.09:53:35::SCWPlatform:: Platform Path C:/Users/oparker/workspace/design_1_wrapper/hw/design_1_wrapper.xsa
TRACE::2025-02-28.09:53:35::SCWPlatform:: Unique name xilinx:zed::0.0
TRACE::2025-02-28.09:53:35::SCWPlatform::Trying to set the existing hwdb with name design_1_wrapper_6
TRACE::2025-02-28.09:53:35::SCWPlatform::Opened existing hwdb design_1_wrapper_6
TRACE::2025-02-28.09:53:35::SCWPlatform::Found the Hw Db part of the input DSA
TRACE::2025-02-28.09:53:35::SCWMssOS::Checking the sw design at  C:/Users/oparker/workspace/design_1_wrapper/ps7_cortexa9_0/domain_ps7_cortexa9_0/bsp/system.mss
TRACE::2025-02-28.09:53:35::SCWMssOS::DEBUG:  swdes dump  C:/Users/oparker/workspace/TPG/zynq_fsbl/zynq_fsbl_bsp/system.mss|system||
C:/Users/oparker/workspace/design_1_wrapper/ps7_cortexa9_0/domain_ps7_cortexa9_0/bsp/system.mss|system_1||
C:/Users/oparker/workspace/design_1_wrapper/zynq_fsbl/zynq_fsbl_bsp/system.mss|system_0||

KEYINFO::2025-02-28.09:53:35::SCWMssOS::Could not open the swdb for system_1
KEYINFO::2025-02-28.09:53:35::SCWMssOS::Could not open the sw design at  system_1
ERROR: [Hsi 55-1558] Software Design system_1 is not found

TRACE::2025-02-28.09:53:35::SCWMssOS::Cleared the swdb table entry
TRACE::2025-02-28.09:53:35::SCWMssOS::No sw design opened at  C:/Users/oparker/workspace/design_1_wrapper/ps7_cortexa9_0/domain_ps7_cortexa9_0/bsp/system.mss
TRACE::2025-02-28.09:53:35::SCWMssOS::mss exists loading the mss file  C:/Users/oparker/workspace/design_1_wrapper/ps7_cortexa9_0/domain_ps7_cortexa9_0/bsp/system.mss
TRACE::2025-02-28.09:53:35::SCWMssOS::Opened the sw design from mss  C:/Users/oparker/workspace/design_1_wrapper/ps7_cortexa9_0/domain_ps7_cortexa9_0/bsp/system.mss
TRACE::2025-02-28.09:53:35::SCWMssOS::Adding the swdes entry C:/Users/oparker/workspace/design_1_wrapper/ps7_cortexa9_0/domain_ps7_cortexa9_0/bsp/system.mss with des name system_1
TRACE::2025-02-28.09:53:35::SCWMssOS::updating the scw layer about changes
TRACE::2025-02-28.09:53:35::SCWMssOS::Opened the sw design.  C:/Users/oparker/workspace/design_1_wrapper/ps7_cortexa9_0/domain_ps7_cortexa9_0/bsp/system.mss
TRACE::2025-02-28.09:53:35::SCWMssOS::Saving the mss changes C:/Users/oparker/workspace/design_1_wrapper/ps7_cortexa9_0/domain_ps7_cortexa9_0/bsp/system.mss
TRACE::2025-02-28.09:53:35::SCWMssOS::Found a swdesign opened with the mssfile.
TRACE::2025-02-28.09:53:35::SCWMssOS::Completed writemss as part of save.
TRACE::2025-02-28.09:53:35::SCWMssOS::Commit changes completed.
TRACE::2025-02-28.09:53:35::SCWPlatform::Trying to open the hw design at C:/Users/oparker/workspace/design_1_wrapper/hw/design_1_wrapper.xsa
TRACE::2025-02-28.09:53:35::SCWPlatform::DSA given C:/Users/oparker/workspace/design_1_wrapper/hw/design_1_wrapper.xsa
TRACE::2025-02-28.09:53:35::SCWPlatform::DSA absoulate path C:/Users/oparker/workspace/design_1_wrapper/hw/design_1_wrapper.xsa
TRACE::2025-02-28.09:53:35::SCWPlatform::DSA directory C:/Users/oparker/workspace/design_1_wrapper/hw
TRACE::2025-02-28.09:53:35::SCWPlatform:: Platform Path C:/Users/oparker/workspace/design_1_wrapper/hw/design_1_wrapper.xsa
TRACE::2025-02-28.09:53:35::SCWPlatform:: Unique name xilinx:zed::0.0
TRACE::2025-02-28.09:53:35::SCWPlatform::Trying to set the existing hwdb with name design_1_wrapper_6
TRACE::2025-02-28.09:53:35::SCWPlatform::Opened existing hwdb design_1_wrapper_6
TRACE::2025-02-28.09:53:35::SCWPlatform::Found the Hw Db part of the input DSA
TRACE::2025-02-28.09:53:35::SCWMssOS::Checking the sw design at  C:/Users/oparker/workspace/design_1_wrapper/ps7_cortexa9_0/domain_ps7_cortexa9_0/bsp/system.mss
TRACE::2025-02-28.09:53:35::SCWMssOS::DEBUG:  swdes dump  C:/Users/oparker/workspace/TPG/zynq_fsbl/zynq_fsbl_bsp/system.mss|system||
C:/Users/oparker/workspace/design_1_wrapper/ps7_cortexa9_0/domain_ps7_cortexa9_0/bsp/system.mss|system_1||
C:/Users/oparker/workspace/design_1_wrapper/zynq_fsbl/zynq_fsbl_bsp/system.mss|system_0||

TRACE::2025-02-28.09:53:35::SCWMssOS::Sw design exists and opened at  C:/Users/oparker/workspace/design_1_wrapper/ps7_cortexa9_0/domain_ps7_cortexa9_0/bsp/system.mss
TRACE::2025-02-28.09:53:35::SCWMssOS::Removing the swdes entry for  C:/Users/oparker/workspace/design_1_wrapper/ps7_cortexa9_0/domain_ps7_cortexa9_0/bsp/system.mss
TRACE::2025-02-28.09:53:39::SCWPlatform::Trying to open the hw design at C:/Users/oparker/workspace/design_1_wrapper/hw/design_1_wrapper.xsa
TRACE::2025-02-28.09:53:39::SCWPlatform::DSA given C:/Users/oparker/workspace/design_1_wrapper/hw/design_1_wrapper.xsa
TRACE::2025-02-28.09:53:39::SCWPlatform::DSA absoulate path C:/Users/oparker/workspace/design_1_wrapper/hw/design_1_wrapper.xsa
TRACE::2025-02-28.09:53:39::SCWPlatform::DSA directory C:/Users/oparker/workspace/design_1_wrapper/hw
TRACE::2025-02-28.09:53:39::SCWPlatform:: Platform Path C:/Users/oparker/workspace/design_1_wrapper/hw/design_1_wrapper.xsa
TRACE::2025-02-28.09:53:39::SCWPlatform:: Unique name xilinx:zed::0.0
TRACE::2025-02-28.09:53:39::SCWPlatform::Trying to set the existing hwdb with name design_1_wrapper_6
TRACE::2025-02-28.09:53:39::SCWPlatform::Opened existing hwdb design_1_wrapper_6
TRACE::2025-02-28.09:53:39::SCWPlatform::Found the Hw Db part of the input DSA
TRACE::2025-02-28.09:53:39::SCWMssOS::Checking the sw design at  C:/Users/oparker/workspace/design_1_wrapper/ps7_cortexa9_0/domain_ps7_cortexa9_0/bsp/system.mss
TRACE::2025-02-28.09:53:39::SCWMssOS::DEBUG:  swdes dump  C:/Users/oparker/workspace/TPG/zynq_fsbl/zynq_fsbl_bsp/system.mss|system||
C:/Users/oparker/workspace/design_1_wrapper/zynq_fsbl/zynq_fsbl_bsp/system.mss|system_0||

TRACE::2025-02-28.09:53:39::SCWMssOS::No sw design opened at  C:/Users/oparker/workspace/design_1_wrapper/ps7_cortexa9_0/domain_ps7_cortexa9_0/bsp/system.mss
TRACE::2025-02-28.09:53:39::SCWMssOS::mss exists loading the mss file  C:/Users/oparker/workspace/design_1_wrapper/ps7_cortexa9_0/domain_ps7_cortexa9_0/bsp/system.mss
TRACE::2025-02-28.09:53:39::SCWMssOS::Opened the sw design from mss  C:/Users/oparker/workspace/design_1_wrapper/ps7_cortexa9_0/domain_ps7_cortexa9_0/bsp/system.mss
TRACE::2025-02-28.09:53:39::SCWMssOS::Adding the swdes entry C:/Users/oparker/workspace/design_1_wrapper/ps7_cortexa9_0/domain_ps7_cortexa9_0/bsp/system.mss with des name system_1
TRACE::2025-02-28.09:53:39::SCWMssOS::updating the scw layer about changes
TRACE::2025-02-28.09:53:39::SCWMssOS::Opened the sw design.  C:/Users/oparker/workspace/design_1_wrapper/ps7_cortexa9_0/domain_ps7_cortexa9_0/bsp/system.mss
TRACE::2025-02-28.09:55:27::SCWPlatform::Trying to open the hw design at C:/Users/oparker/workspace/design_1_wrapper/hw/design_1_wrapper.xsa
TRACE::2025-02-28.09:55:27::SCWPlatform::DSA given C:/Users/oparker/workspace/design_1_wrapper/hw/design_1_wrapper.xsa
TRACE::2025-02-28.09:55:27::SCWPlatform::DSA absoulate path C:/Users/oparker/workspace/design_1_wrapper/hw/design_1_wrapper.xsa
TRACE::2025-02-28.09:55:27::SCWPlatform::DSA directory C:/Users/oparker/workspace/design_1_wrapper/hw
TRACE::2025-02-28.09:55:27::SCWPlatform:: Platform Path C:/Users/oparker/workspace/design_1_wrapper/hw/design_1_wrapper.xsa
TRACE::2025-02-28.09:55:27::SCWPlatform:: Unique name xilinx:zed::0.0
TRACE::2025-02-28.09:55:27::SCWPlatform::Trying to set the existing hwdb with name design_1_wrapper_6
TRACE::2025-02-28.09:55:27::SCWPlatform::Opened existing hwdb design_1_wrapper_6
TRACE::2025-02-28.09:55:27::SCWPlatform::Found the Hw Db part of the input DSA
TRACE::2025-02-28.09:55:27::SCWMssOS::Checking the sw design at  C:/Users/oparker/workspace/design_1_wrapper/ps7_cortexa9_0/domain_ps7_cortexa9_0/bsp/system.mss
TRACE::2025-02-28.09:55:27::SCWMssOS::DEBUG:  swdes dump  C:/Users/oparker/workspace/TPG/zynq_fsbl/zynq_fsbl_bsp/system.mss|system||
C:/Users/oparker/workspace/design_1_wrapper/ps7_cortexa9_0/domain_ps7_cortexa9_0/bsp/system.mss|system_1||
C:/Users/oparker/workspace/design_1_wrapper/zynq_fsbl/zynq_fsbl_bsp/system.mss|system_0||

TRACE::2025-02-28.09:55:27::SCWMssOS::Sw design exists and opened at  C:/Users/oparker/workspace/design_1_wrapper/ps7_cortexa9_0/domain_ps7_cortexa9_0/bsp/system.mss
TRACE::2025-02-28.09:55:27::SCWMssOS::Adding Library:  fmc_iic_sw:2.03.a
TRACE::2025-02-28.09:55:27::SCWMssOS::Added Library:  fmc_iic_sw
TRACE::2025-02-28.09:55:31::SCWPlatform::Trying to open the hw design at C:/Users/oparker/workspace/design_1_wrapper/hw/design_1_wrapper.xsa
TRACE::2025-02-28.09:55:31::SCWPlatform::DSA given C:/Users/oparker/workspace/design_1_wrapper/hw/design_1_wrapper.xsa
TRACE::2025-02-28.09:55:31::SCWPlatform::DSA absoulate path C:/Users/oparker/workspace/design_1_wrapper/hw/design_1_wrapper.xsa
TRACE::2025-02-28.09:55:31::SCWPlatform::DSA directory C:/Users/oparker/workspace/design_1_wrapper/hw
TRACE::2025-02-28.09:55:31::SCWPlatform:: Platform Path C:/Users/oparker/workspace/design_1_wrapper/hw/design_1_wrapper.xsa
TRACE::2025-02-28.09:55:31::SCWPlatform:: Unique name xilinx:zed::0.0
TRACE::2025-02-28.09:55:31::SCWPlatform::Trying to set the existing hwdb with name design_1_wrapper_6
TRACE::2025-02-28.09:55:31::SCWPlatform::Opened existing hwdb design_1_wrapper_6
TRACE::2025-02-28.09:55:31::SCWPlatform::Found the Hw Db part of the input DSA
TRACE::2025-02-28.09:55:31::SCWMssOS::Checking the sw design at  C:/Users/oparker/workspace/design_1_wrapper/ps7_cortexa9_0/domain_ps7_cortexa9_0/bsp/system.mss
TRACE::2025-02-28.09:55:31::SCWMssOS::DEBUG:  swdes dump  C:/Users/oparker/workspace/TPG/zynq_fsbl/zynq_fsbl_bsp/system.mss|system||
C:/Users/oparker/workspace/design_1_wrapper/ps7_cortexa9_0/domain_ps7_cortexa9_0/bsp/system.mss|system_1||
C:/Users/oparker/workspace/design_1_wrapper/zynq_fsbl/zynq_fsbl_bsp/system.mss|system_0||

TRACE::2025-02-28.09:55:31::SCWMssOS::Sw design exists and opened at  C:/Users/oparker/workspace/design_1_wrapper/ps7_cortexa9_0/domain_ps7_cortexa9_0/bsp/system.mss
TRACE::2025-02-28.09:55:31::SCWMssOS::Adding Library:  fmc_imageon_sw:2.01.a
TRACE::2025-02-28.09:55:31::SCWMssOS::Added Library:  fmc_imageon_sw
TRACE::2025-02-28.09:55:34::SCWPlatform::Trying to open the hw design at C:/Users/oparker/workspace/design_1_wrapper/hw/design_1_wrapper.xsa
TRACE::2025-02-28.09:55:34::SCWPlatform::DSA given C:/Users/oparker/workspace/design_1_wrapper/hw/design_1_wrapper.xsa
TRACE::2025-02-28.09:55:34::SCWPlatform::DSA absoulate path C:/Users/oparker/workspace/design_1_wrapper/hw/design_1_wrapper.xsa
TRACE::2025-02-28.09:55:34::SCWPlatform::DSA directory C:/Users/oparker/workspace/design_1_wrapper/hw
TRACE::2025-02-28.09:55:34::SCWPlatform:: Platform Path C:/Users/oparker/workspace/design_1_wrapper/hw/design_1_wrapper.xsa
TRACE::2025-02-28.09:55:34::SCWPlatform:: Unique name xilinx:zed::0.0
TRACE::2025-02-28.09:55:34::SCWPlatform::Trying to set the existing hwdb with name design_1_wrapper_6
TRACE::2025-02-28.09:55:34::SCWPlatform::Opened existing hwdb design_1_wrapper_6
TRACE::2025-02-28.09:55:34::SCWPlatform::Found the Hw Db part of the input DSA
TRACE::2025-02-28.09:55:34::SCWMssOS::Checking the sw design at  C:/Users/oparker/workspace/design_1_wrapper/ps7_cortexa9_0/domain_ps7_cortexa9_0/bsp/system.mss
TRACE::2025-02-28.09:55:34::SCWMssOS::DEBUG:  swdes dump  C:/Users/oparker/workspace/TPG/zynq_fsbl/zynq_fsbl_bsp/system.mss|system||
C:/Users/oparker/workspace/design_1_wrapper/ps7_cortexa9_0/domain_ps7_cortexa9_0/bsp/system.mss|system_1||
C:/Users/oparker/workspace/design_1_wrapper/zynq_fsbl/zynq_fsbl_bsp/system.mss|system_0||

TRACE::2025-02-28.09:55:34::SCWMssOS::Sw design exists and opened at  C:/Users/oparker/workspace/design_1_wrapper/ps7_cortexa9_0/domain_ps7_cortexa9_0/bsp/system.mss
TRACE::2025-02-28.09:55:34::SCWMssOS::Adding Library:  fmc_ipmi_sw:2.02.a
TRACE::2025-02-28.09:55:34::SCWMssOS::Added Library:  fmc_ipmi_sw
TRACE::2025-02-28.09:55:42::SCWPlatform::Trying to open the hw design at C:/Users/oparker/workspace/design_1_wrapper/hw/design_1_wrapper.xsa
TRACE::2025-02-28.09:55:42::SCWPlatform::DSA given C:/Users/oparker/workspace/design_1_wrapper/hw/design_1_wrapper.xsa
TRACE::2025-02-28.09:55:42::SCWPlatform::DSA absoulate path C:/Users/oparker/workspace/design_1_wrapper/hw/design_1_wrapper.xsa
TRACE::2025-02-28.09:55:42::SCWPlatform::DSA directory C:/Users/oparker/workspace/design_1_wrapper/hw
TRACE::2025-02-28.09:55:42::SCWPlatform:: Platform Path C:/Users/oparker/workspace/design_1_wrapper/hw/design_1_wrapper.xsa
TRACE::2025-02-28.09:55:42::SCWPlatform:: Unique name xilinx:zed::0.0
TRACE::2025-02-28.09:55:42::SCWPlatform::Trying to set the existing hwdb with name design_1_wrapper_6
TRACE::2025-02-28.09:55:42::SCWPlatform::Opened existing hwdb design_1_wrapper_6
TRACE::2025-02-28.09:55:42::SCWPlatform::Found the Hw Db part of the input DSA
TRACE::2025-02-28.09:55:42::SCWMssOS::Checking the sw design at  C:/Users/oparker/workspace/design_1_wrapper/ps7_cortexa9_0/domain_ps7_cortexa9_0/bsp/system.mss
TRACE::2025-02-28.09:55:42::SCWMssOS::DEBUG:  swdes dump  C:/Users/oparker/workspace/TPG/zynq_fsbl/zynq_fsbl_bsp/system.mss|system||
C:/Users/oparker/workspace/design_1_wrapper/ps7_cortexa9_0/domain_ps7_cortexa9_0/bsp/system.mss|system_1||
C:/Users/oparker/workspace/design_1_wrapper/zynq_fsbl/zynq_fsbl_bsp/system.mss|system_0||

TRACE::2025-02-28.09:55:42::SCWMssOS::Sw design exists and opened at  C:/Users/oparker/workspace/design_1_wrapper/ps7_cortexa9_0/domain_ps7_cortexa9_0/bsp/system.mss
TRACE::2025-02-28.09:55:42::SCWMssOS::Adding Library:  onsemi_vita_sw:3.3
TRACE::2025-02-28.09:55:42::SCWMssOS::Added Library:  onsemi_vita_sw
TRACE::2025-02-28.09:55:48::SCWMssOS::Saving the mss changes C:/Users/oparker/workspace/design_1_wrapper/zynq_fsbl/zynq_fsbl_bsp/system.mss
TRACE::2025-02-28.09:55:48::SCWMssOS::Found a swdesign opened with the mssfile.
TRACE::2025-02-28.09:55:48::SCWMssOS::Completed writemss as part of save.
TRACE::2025-02-28.09:55:48::SCWMssOS::Commit changes completed.
TRACE::2025-02-28.09:55:48::SCWMssOS::Saving the mss changes C:/Users/oparker/workspace/design_1_wrapper/ps7_cortexa9_0/domain_ps7_cortexa9_0/bsp/system.mss
TRACE::2025-02-28.09:55:48::SCWMssOS::Found a swdesign opened with the mssfile.
TRACE::2025-02-28.09:55:48::SCWMssOS::Completed writemss as part of save.
TRACE::2025-02-28.09:55:48::SCWMssOS::Commit changes completed.
TRACE::2025-02-28.09:55:48::SCWPlatform::Trying to open the hw design at C:/Users/oparker/workspace/design_1_wrapper/hw/design_1_wrapper.xsa
TRACE::2025-02-28.09:55:48::SCWPlatform::DSA given C:/Users/oparker/workspace/design_1_wrapper/hw/design_1_wrapper.xsa
TRACE::2025-02-28.09:55:48::SCWPlatform::DSA absoulate path C:/Users/oparker/workspace/design_1_wrapper/hw/design_1_wrapper.xsa
TRACE::2025-02-28.09:55:48::SCWPlatform::DSA directory C:/Users/oparker/workspace/design_1_wrapper/hw
TRACE::2025-02-28.09:55:48::SCWPlatform:: Platform Path C:/Users/oparker/workspace/design_1_wrapper/hw/design_1_wrapper.xsa
TRACE::2025-02-28.09:55:48::SCWPlatform:: Unique name xilinx:zed::0.0
TRACE::2025-02-28.09:55:48::SCWPlatform::Trying to set the existing hwdb with name design_1_wrapper_6
TRACE::2025-02-28.09:55:48::SCWPlatform::Opened existing hwdb design_1_wrapper_6
TRACE::2025-02-28.09:55:48::SCWPlatform::Found the Hw Db part of the input DSA
TRACE::2025-02-28.09:55:48::SCWMssOS::Checking the sw design at  C:/Users/oparker/workspace/design_1_wrapper/zynq_fsbl/zynq_fsbl_bsp/system.mss
TRACE::2025-02-28.09:55:48::SCWMssOS::DEBUG:  swdes dump  C:/Users/oparker/workspace/TPG/zynq_fsbl/zynq_fsbl_bsp/system.mss|system||
C:/Users/oparker/workspace/design_1_wrapper/ps7_cortexa9_0/domain_ps7_cortexa9_0/bsp/system.mss|system_1||
C:/Users/oparker/workspace/design_1_wrapper/zynq_fsbl/zynq_fsbl_bsp/system.mss|system_0||

TRACE::2025-02-28.09:55:48::SCWMssOS::Sw design exists and opened at  C:/Users/oparker/workspace/design_1_wrapper/zynq_fsbl/zynq_fsbl_bsp/system.mss
TRACE::2025-02-28.09:55:48::SCWPlatform::Trying to open the hw design at C:/Users/oparker/workspace/design_1_wrapper/hw/design_1_wrapper.xsa
TRACE::2025-02-28.09:55:48::SCWPlatform::DSA given C:/Users/oparker/workspace/design_1_wrapper/hw/design_1_wrapper.xsa
TRACE::2025-02-28.09:55:48::SCWPlatform::DSA absoulate path C:/Users/oparker/workspace/design_1_wrapper/hw/design_1_wrapper.xsa
TRACE::2025-02-28.09:55:48::SCWPlatform::DSA directory C:/Users/oparker/workspace/design_1_wrapper/hw
TRACE::2025-02-28.09:55:48::SCWPlatform:: Platform Path C:/Users/oparker/workspace/design_1_wrapper/hw/design_1_wrapper.xsa
TRACE::2025-02-28.09:55:48::SCWPlatform:: Unique name xilinx:zed::0.0
TRACE::2025-02-28.09:55:48::SCWPlatform::Trying to set the existing hwdb with name design_1_wrapper_6
TRACE::2025-02-28.09:55:48::SCWPlatform::Opened existing hwdb design_1_wrapper_6
TRACE::2025-02-28.09:55:48::SCWPlatform::Found the Hw Db part of the input DSA
TRACE::2025-02-28.09:55:48::SCWMssOS::Checking the sw design at  C:/Users/oparker/workspace/design_1_wrapper/ps7_cortexa9_0/domain_ps7_cortexa9_0/bsp/system.mss
TRACE::2025-02-28.09:55:48::SCWMssOS::DEBUG:  swdes dump  C:/Users/oparker/workspace/TPG/zynq_fsbl/zynq_fsbl_bsp/system.mss|system||
C:/Users/oparker/workspace/design_1_wrapper/ps7_cortexa9_0/domain_ps7_cortexa9_0/bsp/system.mss|system_1||
C:/Users/oparker/workspace/design_1_wrapper/zynq_fsbl/zynq_fsbl_bsp/system.mss|system_0||

TRACE::2025-02-28.09:55:48::SCWMssOS::Sw design exists and opened at  C:/Users/oparker/workspace/design_1_wrapper/ps7_cortexa9_0/domain_ps7_cortexa9_0/bsp/system.mss
TRACE::2025-02-28.09:55:48::SCWWriter::formatted JSON is {
	"platformName":	"design_1_wrapper",
	"sprVersion":	"2.0",
	"mode":	"gui",
	"dsaType":	"Fixed",
	"platformDesc":	"design_1_wrapper",
	"platHandOff":	"C:/Users/oparker/cpre488-mp2/project_1/design_1_wrapper.xsa",
	"platIntHandOff":	"<platformDir>/hw/design_1_wrapper.xsa",
	"deviceType":	"zynq",
	"platIsPrebuiltAutogen":	"false",
	"platIsNoBootBsp":	"false",
	"hasFsblMakeHasChanges":	"false",
	"hasPmufwMakeHasChanges":	"false",
	"fsblExtraCompilerFlags":	"-MMD -MP       -mcpu=cortex-a9 -mfpu=vfpv3 -mfloat-abi=hard ",
	"platPreBuiltFlag":	false,
	"platformSamplesDir":	"",
	"platActiveSys":	"design_1_wrapper",
	"systems":	[{
			"systemName":	"design_1_wrapper",
			"systemDesc":	"design_1_wrapper",
			"sysIsBootAutoGen":	"true",
			"systemDispName":	"design_1_wrapper",
			"sysActiveDom":	"domain_ps7_cortexa9_0",
			"sysDefaultDom":	"domain_ps7_cortexa9_0",
			"domains":	[{
					"domainName":	"zynq_fsbl",
					"domainDispName":	"zynq_fsbl",
					"domainDesc":	"FSBL Application BSP - Auto Generated.",
					"processors":	"ps7_cortexa9_0",
					"os":	"standalone",
					"sdxOs":	"standalone",
					"debugEnable":	"",
					"domRuntimes":	["cpp"],
					"swRepo":	"",
					"mssOsVer":	"7.2",
					"mssFile":	"",
					"md5Digest":	"158a679dab493f3308b1d2cbafc496b0",
					"compatibleApp":	"zynq_fsbl",
					"domType":	"bootDomain",
					"arch":	"32-bit",
					"appSettings":	{
						"appCompilerFlags":	"",
						"appLinkerFlags":	""
					},
					"addedLibs":	["xilffs:4.3", "xilrsa:1.6"],
					"libOptions":	{
						"libsContainingOptions":	[]
					},
					"prebuiltLibs":	{
						"prebuiltIncPath":	[],
						"prebuiltLibPath":	[]
					},
					"isolation":	{
					}
				}, {
					"domainName":	"domain_ps7_cortexa9_0",
					"domainDispName":	"domain_ps7_cortexa9_0",
					"domainDesc":	"domain_ps7_cortexa9_0",
					"processors":	"ps7_cortexa9_0",
					"os":	"standalone",
					"sdxOs":	"standalone",
					"qemuArgs":	"C:/Xilinx/Vitis/2020.1/data/emulation/platforms/zynq/qemu/qemu_args.txt",
					"qemuData":	"C:/Xilinx/Vitis/2020.1/data/emulation/platforms/zynq/qemu/",
					"debugEnable":	"False",
					"domRuntimes":	["cpp"],
					"swRepo":	"",
					"mssOsVer":	"7.2",
					"mssFile":	"",
					"md5Digest":	"85ba41434c82914f0e9e24fa6ddcf962",
					"compatibleApp":	"",
					"domType":	"mssDomain",
					"arch":	"32-bit",
					"appSettings":	{
						"appCompilerFlags":	"",
						"appLinkerFlags":	""
					},
					"addedLibs":	["fmc_iic_sw:2.03.a", "fmc_imageon_sw:2.01.a", "fmc_ipmi_sw:2.02.a", "onsemi_vita_sw:3.3"],
					"libOptions":	{
						"libsContainingOptions":	[]
					},
					"prebuiltLibs":	{
						"prebuiltIncPath":	[],
						"prebuiltLibPath":	[]
					},
					"isolation":	{
					}
				}]
		}]
}
TRACE::2025-02-28.09:55:48::SCWMssOS::Saving the mss changes C:/Users/oparker/workspace/design_1_wrapper/ps7_cortexa9_0/domain_ps7_cortexa9_0/bsp/system.mss
TRACE::2025-02-28.09:55:48::SCWMssOS::Found a swdesign opened with the mssfile.
TRACE::2025-02-28.09:55:48::SCWMssOS::Completed writemss as part of save.
TRACE::2025-02-28.09:55:48::SCWMssOS::Commit changes completed.
TRACE::2025-02-28.09:55:48::SCWPlatform::Trying to open the hw design at C:/Users/oparker/workspace/design_1_wrapper/hw/design_1_wrapper.xsa
TRACE::2025-02-28.09:55:48::SCWPlatform::DSA given C:/Users/oparker/workspace/design_1_wrapper/hw/design_1_wrapper.xsa
TRACE::2025-02-28.09:55:48::SCWPlatform::DSA absoulate path C:/Users/oparker/workspace/design_1_wrapper/hw/design_1_wrapper.xsa
TRACE::2025-02-28.09:55:48::SCWPlatform::DSA directory C:/Users/oparker/workspace/design_1_wrapper/hw
TRACE::2025-02-28.09:55:48::SCWPlatform:: Platform Path C:/Users/oparker/workspace/design_1_wrapper/hw/design_1_wrapper.xsa
TRACE::2025-02-28.09:55:48::SCWPlatform:: Unique name xilinx:zed::0.0
TRACE::2025-02-28.09:55:48::SCWPlatform::Trying to set the existing hwdb with name design_1_wrapper_6
TRACE::2025-02-28.09:55:48::SCWPlatform::Opened existing hwdb design_1_wrapper_6
TRACE::2025-02-28.09:55:48::SCWPlatform::Found the Hw Db part of the input DSA
TRACE::2025-02-28.09:55:48::SCWMssOS::Checking the sw design at  C:/Users/oparker/workspace/design_1_wrapper/ps7_cortexa9_0/domain_ps7_cortexa9_0/bsp/system.mss
TRACE::2025-02-28.09:55:48::SCWMssOS::DEBUG:  swdes dump  C:/Users/oparker/workspace/TPG/zynq_fsbl/zynq_fsbl_bsp/system.mss|system||
C:/Users/oparker/workspace/design_1_wrapper/ps7_cortexa9_0/domain_ps7_cortexa9_0/bsp/system.mss|system_1||
C:/Users/oparker/workspace/design_1_wrapper/zynq_fsbl/zynq_fsbl_bsp/system.mss|system_0||

TRACE::2025-02-28.09:55:48::SCWMssOS::Sw design exists and opened at  C:/Users/oparker/workspace/design_1_wrapper/ps7_cortexa9_0/domain_ps7_cortexa9_0/bsp/system.mss
TRACE::2025-02-28.09:55:48::SCWMssOS::Removing the swdes entry for  C:/Users/oparker/workspace/design_1_wrapper/ps7_cortexa9_0/domain_ps7_cortexa9_0/bsp/system.mss
TRACE::2025-02-28.09:55:48::SCWMssOS::In reload Mss file.
TRACE::2025-02-28.09:55:48::SCWPlatform::Trying to open the hw design at C:/Users/oparker/workspace/design_1_wrapper/hw/design_1_wrapper.xsa
TRACE::2025-02-28.09:55:48::SCWPlatform::DSA given C:/Users/oparker/workspace/design_1_wrapper/hw/design_1_wrapper.xsa
TRACE::2025-02-28.09:55:48::SCWPlatform::DSA absoulate path C:/Users/oparker/workspace/design_1_wrapper/hw/design_1_wrapper.xsa
TRACE::2025-02-28.09:55:48::SCWPlatform::DSA directory C:/Users/oparker/workspace/design_1_wrapper/hw
TRACE::2025-02-28.09:55:48::SCWPlatform:: Platform Path C:/Users/oparker/workspace/design_1_wrapper/hw/design_1_wrapper.xsa
TRACE::2025-02-28.09:55:48::SCWPlatform:: Unique name xilinx:zed::0.0
TRACE::2025-02-28.09:55:48::SCWPlatform::Trying to set the existing hwdb with name design_1_wrapper_6
TRACE::2025-02-28.09:55:48::SCWPlatform::Opened existing hwdb design_1_wrapper_6
TRACE::2025-02-28.09:55:48::SCWPlatform::Found the Hw Db part of the input DSA
TRACE::2025-02-28.09:55:48::SCWMssOS::Checking the sw design at  C:/Users/oparker/workspace/design_1_wrapper/ps7_cortexa9_0/domain_ps7_cortexa9_0/bsp/system.mss
TRACE::2025-02-28.09:55:48::SCWMssOS::DEBUG:  swdes dump  C:/Users/oparker/workspace/TPG/zynq_fsbl/zynq_fsbl_bsp/system.mss|system||
C:/Users/oparker/workspace/design_1_wrapper/zynq_fsbl/zynq_fsbl_bsp/system.mss|system_0||

TRACE::2025-02-28.09:55:48::SCWMssOS::No sw design opened at  C:/Users/oparker/workspace/design_1_wrapper/ps7_cortexa9_0/domain_ps7_cortexa9_0/bsp/system.mss
TRACE::2025-02-28.09:55:48::SCWMssOS::mss exists loading the mss file  C:/Users/oparker/workspace/design_1_wrapper/ps7_cortexa9_0/domain_ps7_cortexa9_0/bsp/system.mss
TRACE::2025-02-28.09:55:48::SCWMssOS::Opened the sw design from mss  C:/Users/oparker/workspace/design_1_wrapper/ps7_cortexa9_0/domain_ps7_cortexa9_0/bsp/system.mss
TRACE::2025-02-28.09:55:48::SCWMssOS::Adding the swdes entry C:/Users/oparker/workspace/design_1_wrapper/ps7_cortexa9_0/domain_ps7_cortexa9_0/bsp/system.mss with des name system_1
TRACE::2025-02-28.09:55:48::SCWMssOS::updating the scw layer about changes
TRACE::2025-02-28.09:55:48::SCWMssOS::Opened the sw design.  C:/Users/oparker/workspace/design_1_wrapper/ps7_cortexa9_0/domain_ps7_cortexa9_0/bsp/system.mss
TRACE::2025-02-28.09:55:48::SCWPlatform::Trying to open the hw design at C:/Users/oparker/workspace/design_1_wrapper/hw/design_1_wrapper.xsa
TRACE::2025-02-28.09:55:48::SCWPlatform::DSA given C:/Users/oparker/workspace/design_1_wrapper/hw/design_1_wrapper.xsa
TRACE::2025-02-28.09:55:48::SCWPlatform::DSA absoulate path C:/Users/oparker/workspace/design_1_wrapper/hw/design_1_wrapper.xsa
TRACE::2025-02-28.09:55:48::SCWPlatform::DSA directory C:/Users/oparker/workspace/design_1_wrapper/hw
TRACE::2025-02-28.09:55:48::SCWPlatform:: Platform Path C:/Users/oparker/workspace/design_1_wrapper/hw/design_1_wrapper.xsa
TRACE::2025-02-28.09:55:48::SCWPlatform:: Unique name xilinx:zed::0.0
TRACE::2025-02-28.09:55:48::SCWPlatform::Trying to set the existing hwdb with name design_1_wrapper_6
TRACE::2025-02-28.09:55:48::SCWPlatform::Opened existing hwdb design_1_wrapper_6
TRACE::2025-02-28.09:55:48::SCWPlatform::Found the Hw Db part of the input DSA
TRACE::2025-02-28.09:55:48::SCWMssOS::Checking the sw design at  C:/Users/oparker/workspace/design_1_wrapper/ps7_cortexa9_0/domain_ps7_cortexa9_0/bsp/system.mss
TRACE::2025-02-28.09:55:48::SCWMssOS::DEBUG:  swdes dump  C:/Users/oparker/workspace/TPG/zynq_fsbl/zynq_fsbl_bsp/system.mss|system||
C:/Users/oparker/workspace/design_1_wrapper/ps7_cortexa9_0/domain_ps7_cortexa9_0/bsp/system.mss|system_1||
C:/Users/oparker/workspace/design_1_wrapper/zynq_fsbl/zynq_fsbl_bsp/system.mss|system_0||

TRACE::2025-02-28.09:55:48::SCWMssOS::Sw design exists and opened at  C:/Users/oparker/workspace/design_1_wrapper/ps7_cortexa9_0/domain_ps7_cortexa9_0/bsp/system.mss
TRACE::2025-02-28.09:55:48::SCWMssOS:: library already available in sw design:  fmc_iic_sw:2.03.a
TRACE::2025-02-28.09:55:48::SCWPlatform::Trying to open the hw design at C:/Users/oparker/workspace/design_1_wrapper/hw/design_1_wrapper.xsa
TRACE::2025-02-28.09:55:48::SCWPlatform::DSA given C:/Users/oparker/workspace/design_1_wrapper/hw/design_1_wrapper.xsa
TRACE::2025-02-28.09:55:48::SCWPlatform::DSA absoulate path C:/Users/oparker/workspace/design_1_wrapper/hw/design_1_wrapper.xsa
TRACE::2025-02-28.09:55:48::SCWPlatform::DSA directory C:/Users/oparker/workspace/design_1_wrapper/hw
TRACE::2025-02-28.09:55:48::SCWPlatform:: Platform Path C:/Users/oparker/workspace/design_1_wrapper/hw/design_1_wrapper.xsa
TRACE::2025-02-28.09:55:48::SCWPlatform:: Unique name xilinx:zed::0.0
TRACE::2025-02-28.09:55:48::SCWPlatform::Trying to set the existing hwdb with name design_1_wrapper_6
TRACE::2025-02-28.09:55:48::SCWPlatform::Opened existing hwdb design_1_wrapper_6
TRACE::2025-02-28.09:55:48::SCWPlatform::Found the Hw Db part of the input DSA
TRACE::2025-02-28.09:55:48::SCWMssOS::Checking the sw design at  C:/Users/oparker/workspace/design_1_wrapper/ps7_cortexa9_0/domain_ps7_cortexa9_0/bsp/system.mss
TRACE::2025-02-28.09:55:48::SCWMssOS::DEBUG:  swdes dump  C:/Users/oparker/workspace/TPG/zynq_fsbl/zynq_fsbl_bsp/system.mss|system||
C:/Users/oparker/workspace/design_1_wrapper/ps7_cortexa9_0/domain_ps7_cortexa9_0/bsp/system.mss|system_1||
C:/Users/oparker/workspace/design_1_wrapper/zynq_fsbl/zynq_fsbl_bsp/system.mss|system_0||

TRACE::2025-02-28.09:55:48::SCWMssOS::Sw design exists and opened at  C:/Users/oparker/workspace/design_1_wrapper/ps7_cortexa9_0/domain_ps7_cortexa9_0/bsp/system.mss
TRACE::2025-02-28.09:55:48::SCWMssOS:: library already available in sw design:  fmc_imageon_sw:2.01.a
TRACE::2025-02-28.09:55:48::SCWPlatform::Trying to open the hw design at C:/Users/oparker/workspace/design_1_wrapper/hw/design_1_wrapper.xsa
TRACE::2025-02-28.09:55:48::SCWPlatform::DSA given C:/Users/oparker/workspace/design_1_wrapper/hw/design_1_wrapper.xsa
TRACE::2025-02-28.09:55:48::SCWPlatform::DSA absoulate path C:/Users/oparker/workspace/design_1_wrapper/hw/design_1_wrapper.xsa
TRACE::2025-02-28.09:55:48::SCWPlatform::DSA directory C:/Users/oparker/workspace/design_1_wrapper/hw
TRACE::2025-02-28.09:55:48::SCWPlatform:: Platform Path C:/Users/oparker/workspace/design_1_wrapper/hw/design_1_wrapper.xsa
TRACE::2025-02-28.09:55:48::SCWPlatform:: Unique name xilinx:zed::0.0
TRACE::2025-02-28.09:55:48::SCWPlatform::Trying to set the existing hwdb with name design_1_wrapper_6
TRACE::2025-02-28.09:55:48::SCWPlatform::Opened existing hwdb design_1_wrapper_6
TRACE::2025-02-28.09:55:48::SCWPlatform::Found the Hw Db part of the input DSA
TRACE::2025-02-28.09:55:48::SCWMssOS::Checking the sw design at  C:/Users/oparker/workspace/design_1_wrapper/ps7_cortexa9_0/domain_ps7_cortexa9_0/bsp/system.mss
TRACE::2025-02-28.09:55:48::SCWMssOS::DEBUG:  swdes dump  C:/Users/oparker/workspace/TPG/zynq_fsbl/zynq_fsbl_bsp/system.mss|system||
C:/Users/oparker/workspace/design_1_wrapper/ps7_cortexa9_0/domain_ps7_cortexa9_0/bsp/system.mss|system_1||
C:/Users/oparker/workspace/design_1_wrapper/zynq_fsbl/zynq_fsbl_bsp/system.mss|system_0||

TRACE::2025-02-28.09:55:48::SCWMssOS::Sw design exists and opened at  C:/Users/oparker/workspace/design_1_wrapper/ps7_cortexa9_0/domain_ps7_cortexa9_0/bsp/system.mss
TRACE::2025-02-28.09:55:48::SCWMssOS:: library already available in sw design:  fmc_ipmi_sw:2.02.a
TRACE::2025-02-28.09:55:48::SCWPlatform::Trying to open the hw design at C:/Users/oparker/workspace/design_1_wrapper/hw/design_1_wrapper.xsa
TRACE::2025-02-28.09:55:48::SCWPlatform::DSA given C:/Users/oparker/workspace/design_1_wrapper/hw/design_1_wrapper.xsa
TRACE::2025-02-28.09:55:48::SCWPlatform::DSA absoulate path C:/Users/oparker/workspace/design_1_wrapper/hw/design_1_wrapper.xsa
TRACE::2025-02-28.09:55:48::SCWPlatform::DSA directory C:/Users/oparker/workspace/design_1_wrapper/hw
TRACE::2025-02-28.09:55:48::SCWPlatform:: Platform Path C:/Users/oparker/workspace/design_1_wrapper/hw/design_1_wrapper.xsa
TRACE::2025-02-28.09:55:48::SCWPlatform:: Unique name xilinx:zed::0.0
TRACE::2025-02-28.09:55:48::SCWPlatform::Trying to set the existing hwdb with name design_1_wrapper_6
TRACE::2025-02-28.09:55:48::SCWPlatform::Opened existing hwdb design_1_wrapper_6
TRACE::2025-02-28.09:55:48::SCWPlatform::Found the Hw Db part of the input DSA
TRACE::2025-02-28.09:55:48::SCWMssOS::Checking the sw design at  C:/Users/oparker/workspace/design_1_wrapper/ps7_cortexa9_0/domain_ps7_cortexa9_0/bsp/system.mss
TRACE::2025-02-28.09:55:48::SCWMssOS::DEBUG:  swdes dump  C:/Users/oparker/workspace/TPG/zynq_fsbl/zynq_fsbl_bsp/system.mss|system||
C:/Users/oparker/workspace/design_1_wrapper/ps7_cortexa9_0/domain_ps7_cortexa9_0/bsp/system.mss|system_1||
C:/Users/oparker/workspace/design_1_wrapper/zynq_fsbl/zynq_fsbl_bsp/system.mss|system_0||

TRACE::2025-02-28.09:55:48::SCWMssOS::Sw design exists and opened at  C:/Users/oparker/workspace/design_1_wrapper/ps7_cortexa9_0/domain_ps7_cortexa9_0/bsp/system.mss
TRACE::2025-02-28.09:55:48::SCWMssOS:: library already available in sw design:  onsemi_vita_sw:3.3
TRACE::2025-02-28.09:55:48::SCWMssOS::Saving the mss changes C:/Users/oparker/workspace/design_1_wrapper/ps7_cortexa9_0/domain_ps7_cortexa9_0/bsp/system.mss
TRACE::2025-02-28.09:55:48::SCWMssOS::Found a swdesign opened with the mssfile.
TRACE::2025-02-28.09:55:48::SCWMssOS::Completed writemss as part of save.
TRACE::2025-02-28.09:55:48::SCWMssOS::Commit changes completed.
TRACE::2025-02-28.09:55:48::SCWPlatform::Trying to open the hw design at C:/Users/oparker/workspace/design_1_wrapper/hw/design_1_wrapper.xsa
TRACE::2025-02-28.09:55:48::SCWPlatform::DSA given C:/Users/oparker/workspace/design_1_wrapper/hw/design_1_wrapper.xsa
TRACE::2025-02-28.09:55:48::SCWPlatform::DSA absoulate path C:/Users/oparker/workspace/design_1_wrapper/hw/design_1_wrapper.xsa
TRACE::2025-02-28.09:55:48::SCWPlatform::DSA directory C:/Users/oparker/workspace/design_1_wrapper/hw
TRACE::2025-02-28.09:55:48::SCWPlatform:: Platform Path C:/Users/oparker/workspace/design_1_wrapper/hw/design_1_wrapper.xsa
TRACE::2025-02-28.09:55:48::SCWPlatform:: Unique name xilinx:zed::0.0
TRACE::2025-02-28.09:55:48::SCWPlatform::Trying to set the existing hwdb with name design_1_wrapper_6
TRACE::2025-02-28.09:55:48::SCWPlatform::Opened existing hwdb design_1_wrapper_6
TRACE::2025-02-28.09:55:48::SCWPlatform::Found the Hw Db part of the input DSA
TRACE::2025-02-28.09:55:48::SCWMssOS::Checking the sw design at  C:/Users/oparker/workspace/design_1_wrapper/ps7_cortexa9_0/domain_ps7_cortexa9_0/bsp/system.mss
TRACE::2025-02-28.09:55:48::SCWMssOS::DEBUG:  swdes dump  C:/Users/oparker/workspace/TPG/zynq_fsbl/zynq_fsbl_bsp/system.mss|system||
C:/Users/oparker/workspace/design_1_wrapper/ps7_cortexa9_0/domain_ps7_cortexa9_0/bsp/system.mss|system_1||
C:/Users/oparker/workspace/design_1_wrapper/zynq_fsbl/zynq_fsbl_bsp/system.mss|system_0||

TRACE::2025-02-28.09:55:48::SCWMssOS::Sw design exists and opened at  C:/Users/oparker/workspace/design_1_wrapper/ps7_cortexa9_0/domain_ps7_cortexa9_0/bsp/system.mss
TRACE::2025-02-28.09:55:48::SCWMssOS::Removing the swdes entry for  C:/Users/oparker/workspace/design_1_wrapper/ps7_cortexa9_0/domain_ps7_cortexa9_0/bsp/system.mss
TRACE::2025-02-28.09:55:48::SCWPlatform::Trying to open the hw design at C:/Users/oparker/workspace/design_1_wrapper/hw/design_1_wrapper.xsa
TRACE::2025-02-28.09:55:48::SCWPlatform::DSA given C:/Users/oparker/workspace/design_1_wrapper/hw/design_1_wrapper.xsa
TRACE::2025-02-28.09:55:48::SCWPlatform::DSA absoulate path C:/Users/oparker/workspace/design_1_wrapper/hw/design_1_wrapper.xsa
TRACE::2025-02-28.09:55:48::SCWPlatform::DSA directory C:/Users/oparker/workspace/design_1_wrapper/hw
TRACE::2025-02-28.09:55:48::SCWPlatform:: Platform Path C:/Users/oparker/workspace/design_1_wrapper/hw/design_1_wrapper.xsa
TRACE::2025-02-28.09:55:48::SCWPlatform:: Unique name xilinx:zed::0.0
TRACE::2025-02-28.09:55:48::SCWPlatform::Trying to set the existing hwdb with name design_1_wrapper_6
TRACE::2025-02-28.09:55:48::SCWPlatform::Opened existing hwdb design_1_wrapper_6
TRACE::2025-02-28.09:55:48::SCWPlatform::Found the Hw Db part of the input DSA
TRACE::2025-02-28.09:55:48::SCWMssOS::Checking the sw design at  C:/Users/oparker/workspace/design_1_wrapper/ps7_cortexa9_0/domain_ps7_cortexa9_0/bsp/system.mss
TRACE::2025-02-28.09:55:48::SCWMssOS::DEBUG:  swdes dump  C:/Users/oparker/workspace/TPG/zynq_fsbl/zynq_fsbl_bsp/system.mss|system||
C:/Users/oparker/workspace/design_1_wrapper/zynq_fsbl/zynq_fsbl_bsp/system.mss|system_0||

TRACE::2025-02-28.09:55:48::SCWMssOS::No sw design opened at  C:/Users/oparker/workspace/design_1_wrapper/ps7_cortexa9_0/domain_ps7_cortexa9_0/bsp/system.mss
TRACE::2025-02-28.09:55:48::SCWMssOS::mss exists loading the mss file  C:/Users/oparker/workspace/design_1_wrapper/ps7_cortexa9_0/domain_ps7_cortexa9_0/bsp/system.mss
TRACE::2025-02-28.09:55:48::SCWMssOS::Opened the sw design from mss  C:/Users/oparker/workspace/design_1_wrapper/ps7_cortexa9_0/domain_ps7_cortexa9_0/bsp/system.mss
TRACE::2025-02-28.09:55:48::SCWMssOS::Adding the swdes entry C:/Users/oparker/workspace/design_1_wrapper/ps7_cortexa9_0/domain_ps7_cortexa9_0/bsp/system.mss with des name system_1
TRACE::2025-02-28.09:55:48::SCWMssOS::updating the scw layer about changes
TRACE::2025-02-28.09:55:48::SCWMssOS::Opened the sw design.  C:/Users/oparker/workspace/design_1_wrapper/ps7_cortexa9_0/domain_ps7_cortexa9_0/bsp/system.mss
TRACE::2025-02-28.09:55:48::SCWMssOS::Completed writing the mss file at C:/Users/oparker/workspace/design_1_wrapper/ps7_cortexa9_0/domain_ps7_cortexa9_0/bsp
TRACE::2025-02-28.09:55:48::SCWMssOS::Forcing BSP Sources regeneration.
KEYINFO::2025-02-28.09:55:49::SCWMssOS::Removing file C:/Users/oparker/workspace/design_1_wrapper/ps7_cortexa9_0/domain_ps7_cortexa9_0/bsp\system_1.mss
TRACE::2025-02-28.09:56:07::SCWBDomain::System Command Ran  C:&  cd  C:/Users/oparker/workspace/design_1_wrapper/zynq_fsbl & make clean
TRACE::2025-02-28.09:56:07::SCWBDomain::rm -rf  sd.o  nand.o  nor.o  image_mover.o  md5.o  fsbl_hooks.o  main.o  rsa.o  qspi.o  ps7_init.o  pcap.o  fsbl_handoff.o zynq
TRACE::2025-02-28.09:56:07::SCWBDomain::_fsbl_bsp/ps7_cortexa9_0/lib/libxil.a executable.elf *.o

ERROR::2025-02-28.09:56:07::SCWSystem::Error in Processing the domain zynq_fsbl
LOG::2025-02-28.09:56:23::SCWPlatform::Started generating the artifacts platform design_1_wrapper
TRACE::2025-02-28.09:56:23::SCWPlatform::Sanity checking of platform is completed
LOG::2025-02-28.09:56:23::SCWPlatform::Started generating the artifacts for system configuration design_1_wrapper
LOG::2025-02-28.09:56:23::SCWSystem::Checking the domain zynq_fsbl
LOG::2025-02-28.09:56:23::SCWSystem::Doing application build for :  zynq_fsbl
TRACE::2025-02-28.09:56:23::SCWBDomain::Not a forced makefile updation, No changes are present. 
TRACE::2025-02-28.09:56:23::SCWDomain::Building the domain as part of full build :  zynq_fsbl
TRACE::2025-02-28.09:56:23::SCWPlatform::Trying to open the hw design at C:/Users/oparker/workspace/design_1_wrapper/hw/design_1_wrapper.xsa
TRACE::2025-02-28.09:56:23::SCWPlatform::DSA given C:/Users/oparker/workspace/design_1_wrapper/hw/design_1_wrapper.xsa
TRACE::2025-02-28.09:56:23::SCWPlatform::DSA absoulate path C:/Users/oparker/workspace/design_1_wrapper/hw/design_1_wrapper.xsa
TRACE::2025-02-28.09:56:23::SCWPlatform::DSA directory C:/Users/oparker/workspace/design_1_wrapper/hw
TRACE::2025-02-28.09:56:23::SCWPlatform:: Platform Path C:/Users/oparker/workspace/design_1_wrapper/hw/design_1_wrapper.xsa
TRACE::2025-02-28.09:56:23::SCWPlatform:: Unique name xilinx:zed::0.0
TRACE::2025-02-28.09:56:23::SCWPlatform::Trying to set the existing hwdb with name design_1_wrapper_6
TRACE::2025-02-28.09:56:23::SCWPlatform::Opened existing hwdb design_1_wrapper_6
TRACE::2025-02-28.09:56:23::SCWPlatform::Found the Hw Db part of the input DSA
TRACE::2025-02-28.09:56:23::SCWMssOS::Checking the sw design at  C:/Users/oparker/workspace/design_1_wrapper/zynq_fsbl/zynq_fsbl_bsp/system.mss
TRACE::2025-02-28.09:56:23::SCWMssOS::DEBUG:  swdes dump  C:/Users/oparker/workspace/TPG/zynq_fsbl/zynq_fsbl_bsp/system.mss|system||
C:/Users/oparker/workspace/design_1_wrapper/ps7_cortexa9_0/domain_ps7_cortexa9_0/bsp/system.mss|system_1||
C:/Users/oparker/workspace/design_1_wrapper/zynq_fsbl/zynq_fsbl_bsp/system.mss|system_0||

TRACE::2025-02-28.09:56:23::SCWMssOS::Sw design exists and opened at  C:/Users/oparker/workspace/design_1_wrapper/zynq_fsbl/zynq_fsbl_bsp/system.mss
TRACE::2025-02-28.09:56:23::SCWBDomain::Completed writing the mss file at C:/Users/oparker/workspace/design_1_wrapper/zynq_fsbl/zynq_fsbl_bsp
TRACE::2025-02-28.09:56:23::SCWBDomain::bsp generated is upto date with the mss file. Skipping bsp generation.
TRACE::2025-02-28.09:56:23::SCWBDomain::Not a forced makefile updation, No changes are present. 
TRACE::2025-02-28.09:56:23::SCWBDomain::System Command Ran  C:&  cd  C:/Users/oparker/workspace/design_1_wrapper/zynq_fsbl & make 
TRACE::2025-02-28.09:56:23::SCWBDomain::make -C zynq_fsbl_bsp

TRACE::2025-02-28.09:56:23::SCWBDomain::make[1]: Entering directory 'C:/Users/oparker/workspace/design_1_wrapper/zynq_fsbl/zynq_fsbl_bsp'

TRACE::2025-02-28.09:56:23::SCWBDomain::"Running Make include in ps7_cortexa9_0/libsrc/axivdma_v6_7/src"

TRACE::2025-02-28.09:56:23::SCWBDomain::make -C ps7_cortexa9_0/libsrc/axivdma_v6_7/src -s include  "SHELL=CMD" "COMPILER=arm-none-eabi-gcc" "ASSEMBLER=arm-none-eabi-as
TRACE::2025-02-28.09:56:23::SCWBDomain::" "ARCHIVER=arm-none-eabi-ar" "COMPILER_FLAGS=  -O2 -c" "EXTRA_COMPILER_FLAGS=-mcpu=cortex-a9 -mfpu=vfpv3 -mfloat-abi=hard -nos
TRACE::2025-02-28.09:56:23::SCWBDomain::tartfiles -g -Wall -Wextra"

TRACE::2025-02-28.09:56:23::SCWBDomain::make[2]: Entering directory 'C:/Users/oparker/workspace/design_1_wrapper/zynq_fsbl/zynq_fsbl_bsp/ps7_cortexa9_0/libsrc/axivdma_
TRACE::2025-02-28.09:56:23::SCWBDomain::v6_7/src'

TRACE::2025-02-28.09:56:23::SCWBDomain::make[2]: Leaving directory 'C:/Users/oparker/workspace/design_1_wrapper/zynq_fsbl/zynq_fsbl_bsp/ps7_cortexa9_0/libsrc/axivdma_v
TRACE::2025-02-28.09:56:23::SCWBDomain::6_7/src'

TRACE::2025-02-28.09:56:23::SCWBDomain::"Running Make include in ps7_cortexa9_0/libsrc/coresightps_dcc_v1_7/src"

TRACE::2025-02-28.09:56:23::SCWBDomain::make -C ps7_cortexa9_0/libsrc/coresightps_dcc_v1_7/src -s include  "SHELL=CMD" "COMPILER=arm-none-eabi-gcc" "ASSEMBLER=arm-none
TRACE::2025-02-28.09:56:23::SCWBDomain::-eabi-as" "ARCHIVER=arm-none-eabi-ar" "COMPILER_FLAGS=  -O2 -c" "EXTRA_COMPILER_FLAGS=-mcpu=cortex-a9 -mfpu=vfpv3 -mfloat-abi=h
TRACE::2025-02-28.09:56:23::SCWBDomain::ard -nostartfiles -g -Wall -Wextra"

TRACE::2025-02-28.09:56:23::SCWBDomain::make[2]: Entering directory 'C:/Users/oparker/workspace/design_1_wrapper/zynq_fsbl/zynq_fsbl_bsp/ps7_cortexa9_0/libsrc/coresigh
TRACE::2025-02-28.09:56:23::SCWBDomain::tps_dcc_v1_7/src'

TRACE::2025-02-28.09:56:23::SCWBDomain::make[2]: Leaving directory 'C:/Users/oparker/workspace/design_1_wrapper/zynq_fsbl/zynq_fsbl_bsp/ps7_cortexa9_0/libsrc/coresight
TRACE::2025-02-28.09:56:23::SCWBDomain::ps_dcc_v1_7/src'

TRACE::2025-02-28.09:56:23::SCWBDomain::"Running Make include in ps7_cortexa9_0/libsrc/cpu_cortexa9_v2_9/src"

TRACE::2025-02-28.09:56:23::SCWBDomain::make -C ps7_cortexa9_0/libsrc/cpu_cortexa9_v2_9/src -s include  "SHELL=CMD" "COMPILER=arm-none-eabi-gcc" "ASSEMBLER=arm-none-ea
TRACE::2025-02-28.09:56:23::SCWBDomain::bi-as" "ARCHIVER=arm-none-eabi-ar" "COMPILER_FLAGS=  -O2 -c" "EXTRA_COMPILER_FLAGS=-mcpu=cortex-a9 -mfpu=vfpv3 -mfloat-abi=hard
TRACE::2025-02-28.09:56:23::SCWBDomain:: -nostartfiles -g -Wall -Wextra"

TRACE::2025-02-28.09:56:23::SCWBDomain::make[2]: Entering directory 'C:/Users/oparker/workspace/design_1_wrapper/zynq_fsbl/zynq_fsbl_bsp/ps7_cortexa9_0/libsrc/cpu_cort
TRACE::2025-02-28.09:56:23::SCWBDomain::exa9_v2_9/src'

TRACE::2025-02-28.09:56:23::SCWBDomain::make[2]: Leaving directory 'C:/Users/oparker/workspace/design_1_wrapper/zynq_fsbl/zynq_fsbl_bsp/ps7_cortexa9_0/libsrc/cpu_corte
TRACE::2025-02-28.09:56:23::SCWBDomain::xa9_v2_9/src'

TRACE::2025-02-28.09:56:23::SCWBDomain::"Running Make include in ps7_cortexa9_0/libsrc/ddrps_v1_1/src"

TRACE::2025-02-28.09:56:23::SCWBDomain::make -C ps7_cortexa9_0/libsrc/ddrps_v1_1/src -s include  "SHELL=CMD" "COMPILER=arm-none-eabi-gcc" "ASSEMBLER=arm-none-eabi-as" 
TRACE::2025-02-28.09:56:23::SCWBDomain::"ARCHIVER=arm-none-eabi-ar" "COMPILER_FLAGS=  -O2 -c" "EXTRA_COMPILER_FLAGS=-mcpu=cortex-a9 -mfpu=vfpv3 -mfloat-abi=hard -nosta
TRACE::2025-02-28.09:56:23::SCWBDomain::rtfiles -g -Wall -Wextra"

TRACE::2025-02-28.09:56:23::SCWBDomain::make[2]: Entering directory 'C:/Users/oparker/workspace/design_1_wrapper/zynq_fsbl/zynq_fsbl_bsp/ps7_cortexa9_0/libsrc/ddrps_v1
TRACE::2025-02-28.09:56:23::SCWBDomain::_1/src'

TRACE::2025-02-28.09:56:23::SCWBDomain::make[2]: Leaving directory 'C:/Users/oparker/workspace/design_1_wrapper/zynq_fsbl/zynq_fsbl_bsp/ps7_cortexa9_0/libsrc/ddrps_v1_
TRACE::2025-02-28.09:56:23::SCWBDomain::1/src'

TRACE::2025-02-28.09:56:23::SCWBDomain::"Running Make include in ps7_cortexa9_0/libsrc/devcfg_v3_6/src"

TRACE::2025-02-28.09:56:23::SCWBDomain::make -C ps7_cortexa9_0/libsrc/devcfg_v3_6/src -s include  "SHELL=CMD" "COMPILER=arm-none-eabi-gcc" "ASSEMBLER=arm-none-eabi-as"
TRACE::2025-02-28.09:56:23::SCWBDomain:: "ARCHIVER=arm-none-eabi-ar" "COMPILER_FLAGS=  -O2 -c" "EXTRA_COMPILER_FLAGS=-mcpu=cortex-a9 -mfpu=vfpv3 -mfloat-abi=hard -nost
TRACE::2025-02-28.09:56:23::SCWBDomain::artfiles -g -Wall -Wextra"

TRACE::2025-02-28.09:56:23::SCWBDomain::make[2]: Entering directory 'C:/Users/oparker/workspace/design_1_wrapper/zynq_fsbl/zynq_fsbl_bsp/ps7_cortexa9_0/libsrc/devcfg_v
TRACE::2025-02-28.09:56:23::SCWBDomain::3_6/src'

TRACE::2025-02-28.09:56:23::SCWBDomain::make[2]: Leaving directory 'C:/Users/oparker/workspace/design_1_wrapper/zynq_fsbl/zynq_fsbl_bsp/ps7_cortexa9_0/libsrc/devcfg_v3
TRACE::2025-02-28.09:56:23::SCWBDomain::_6/src'

TRACE::2025-02-28.09:56:23::SCWBDomain::"Running Make include in ps7_cortexa9_0/libsrc/dmaps_v2_6/src"

TRACE::2025-02-28.09:56:23::SCWBDomain::make -C ps7_cortexa9_0/libsrc/dmaps_v2_6/src -s include  "SHELL=CMD" "COMPILER=arm-none-eabi-gcc" "ASSEMBLER=arm-none-eabi-as" 
TRACE::2025-02-28.09:56:23::SCWBDomain::"ARCHIVER=arm-none-eabi-ar" "COMPILER_FLAGS=  -O2 -c" "EXTRA_COMPILER_FLAGS=-mcpu=cortex-a9 -mfpu=vfpv3 -mfloat-abi=hard -nosta
TRACE::2025-02-28.09:56:23::SCWBDomain::rtfiles -g -Wall -Wextra"

TRACE::2025-02-28.09:56:23::SCWBDomain::make[2]: Entering directory 'C:/Users/oparker/workspace/design_1_wrapper/zynq_fsbl/zynq_fsbl_bsp/ps7_cortexa9_0/libsrc/dmaps_v2
TRACE::2025-02-28.09:56:23::SCWBDomain::_6/src'

TRACE::2025-02-28.09:56:23::SCWBDomain::make[2]: Leaving directory 'C:/Users/oparker/workspace/design_1_wrapper/zynq_fsbl/zynq_fsbl_bsp/ps7_cortexa9_0/libsrc/dmaps_v2_
TRACE::2025-02-28.09:56:23::SCWBDomain::6/src'

TRACE::2025-02-28.09:56:23::SCWBDomain::"Running Make include in ps7_cortexa9_0/libsrc/emacps_v3_11/src"

TRACE::2025-02-28.09:56:23::SCWBDomain::make -C ps7_cortexa9_0/libsrc/emacps_v3_11/src -s include  "SHELL=CMD" "COMPILER=arm-none-eabi-gcc" "ASSEMBLER=arm-none-eabi-as
TRACE::2025-02-28.09:56:23::SCWBDomain::" "ARCHIVER=arm-none-eabi-ar" "COMPILER_FLAGS=  -O2 -c" "EXTRA_COMPILER_FLAGS=-mcpu=cortex-a9 -mfpu=vfpv3 -mfloat-abi=hard -nos
TRACE::2025-02-28.09:56:23::SCWBDomain::tartfiles -g -Wall -Wextra"

TRACE::2025-02-28.09:56:23::SCWBDomain::make[2]: Entering directory 'C:/Users/oparker/workspace/design_1_wrapper/zynq_fsbl/zynq_fsbl_bsp/ps7_cortexa9_0/libsrc/emacps_v
TRACE::2025-02-28.09:56:23::SCWBDomain::3_11/src'

TRACE::2025-02-28.09:56:23::SCWBDomain::make[2]: Leaving directory 'C:/Users/oparker/workspace/design_1_wrapper/zynq_fsbl/zynq_fsbl_bsp/ps7_cortexa9_0/libsrc/emacps_v3
TRACE::2025-02-28.09:56:23::SCWBDomain::_11/src'

TRACE::2025-02-28.09:56:23::SCWBDomain::"Running Make include in ps7_cortexa9_0/libsrc/gpiops_v3_7/src"

TRACE::2025-02-28.09:56:23::SCWBDomain::make -C ps7_cortexa9_0/libsrc/gpiops_v3_7/src -s include  "SHELL=CMD" "COMPILER=arm-none-eabi-gcc" "ASSEMBLER=arm-none-eabi-as"
TRACE::2025-02-28.09:56:23::SCWBDomain:: "ARCHIVER=arm-none-eabi-ar" "COMPILER_FLAGS=  -O2 -c" "EXTRA_COMPILER_FLAGS=-mcpu=cortex-a9 -mfpu=vfpv3 -mfloat-abi=hard -nost
TRACE::2025-02-28.09:56:23::SCWBDomain::artfiles -g -Wall -Wextra"

TRACE::2025-02-28.09:56:23::SCWBDomain::make[2]: Entering directory 'C:/Users/oparker/workspace/design_1_wrapper/zynq_fsbl/zynq_fsbl_bsp/ps7_cortexa9_0/libsrc/gpiops_v
TRACE::2025-02-28.09:56:23::SCWBDomain::3_7/src'

TRACE::2025-02-28.09:56:23::SCWBDomain::make[2]: Leaving directory 'C:/Users/oparker/workspace/design_1_wrapper/zynq_fsbl/zynq_fsbl_bsp/ps7_cortexa9_0/libsrc/gpiops_v3
TRACE::2025-02-28.09:56:23::SCWBDomain::_7/src'

TRACE::2025-02-28.09:56:23::SCWBDomain::"Running Make include in ps7_cortexa9_0/libsrc/iic_v3_6/src"

TRACE::2025-02-28.09:56:23::SCWBDomain::make -C ps7_cortexa9_0/libsrc/iic_v3_6/src -s include  "SHELL=CMD" "COMPILER=arm-none-eabi-gcc" "ASSEMBLER=arm-none-eabi-as" "A
TRACE::2025-02-28.09:56:23::SCWBDomain::RCHIVER=arm-none-eabi-ar" "COMPILER_FLAGS=  -O2 -c" "EXTRA_COMPILER_FLAGS=-mcpu=cortex-a9 -mfpu=vfpv3 -mfloat-abi=hard -nostart
TRACE::2025-02-28.09:56:23::SCWBDomain::files -g -Wall -Wextra"

TRACE::2025-02-28.09:56:23::SCWBDomain::make[2]: Entering directory 'C:/Users/oparker/workspace/design_1_wrapper/zynq_fsbl/zynq_fsbl_bsp/ps7_cortexa9_0/libsrc/iic_v3_6
TRACE::2025-02-28.09:56:23::SCWBDomain::/src'

TRACE::2025-02-28.09:56:23::SCWBDomain::make[2]: Leaving directory 'C:/Users/oparker/workspace/design_1_wrapper/zynq_fsbl/zynq_fsbl_bsp/ps7_cortexa9_0/libsrc/iic_v3_6/
TRACE::2025-02-28.09:56:23::SCWBDomain::src'

TRACE::2025-02-28.09:56:24::SCWBDomain::"Running Make include in ps7_cortexa9_0/libsrc/qspips_v3_7/src"

TRACE::2025-02-28.09:56:24::SCWBDomain::make -C ps7_cortexa9_0/libsrc/qspips_v3_7/src -s include  "SHELL=CMD" "COMPILER=arm-none-eabi-gcc" "ASSEMBLER=arm-none-eabi-as"
TRACE::2025-02-28.09:56:24::SCWBDomain:: "ARCHIVER=arm-none-eabi-ar" "COMPILER_FLAGS=  -O2 -c" "EXTRA_COMPILER_FLAGS=-mcpu=cortex-a9 -mfpu=vfpv3 -mfloat-abi=hard -nost
TRACE::2025-02-28.09:56:24::SCWBDomain::artfiles -g -Wall -Wextra"

TRACE::2025-02-28.09:56:24::SCWBDomain::make[2]: Entering directory 'C:/Users/oparker/workspace/design_1_wrapper/zynq_fsbl/zynq_fsbl_bsp/ps7_cortexa9_0/libsrc/qspips_v
TRACE::2025-02-28.09:56:24::SCWBDomain::3_7/src'

TRACE::2025-02-28.09:56:24::SCWBDomain::make[2]: Leaving directory 'C:/Users/oparker/workspace/design_1_wrapper/zynq_fsbl/zynq_fsbl_bsp/ps7_cortexa9_0/libsrc/qspips_v3
TRACE::2025-02-28.09:56:24::SCWBDomain::_7/src'

TRACE::2025-02-28.09:56:24::SCWBDomain::"Running Make include in ps7_cortexa9_0/libsrc/scugic_v4_2/src"

TRACE::2025-02-28.09:56:24::SCWBDomain::make -C ps7_cortexa9_0/libsrc/scugic_v4_2/src -s include  "SHELL=CMD" "COMPILER=arm-none-eabi-gcc" "ASSEMBLER=arm-none-eabi-as"
TRACE::2025-02-28.09:56:24::SCWBDomain:: "ARCHIVER=arm-none-eabi-ar" "COMPILER_FLAGS=  -O2 -c" "EXTRA_COMPILER_FLAGS=-mcpu=cortex-a9 -mfpu=vfpv3 -mfloat-abi=hard -nost
TRACE::2025-02-28.09:56:24::SCWBDomain::artfiles -g -Wall -Wextra"

TRACE::2025-02-28.09:56:24::SCWBDomain::make[2]: Entering directory 'C:/Users/oparker/workspace/design_1_wrapper/zynq_fsbl/zynq_fsbl_bsp/ps7_cortexa9_0/libsrc/scugic_v
TRACE::2025-02-28.09:56:24::SCWBDomain::4_2/src'

TRACE::2025-02-28.09:56:24::SCWBDomain::make[2]: Leaving directory 'C:/Users/oparker/workspace/design_1_wrapper/zynq_fsbl/zynq_fsbl_bsp/ps7_cortexa9_0/libsrc/scugic_v4
TRACE::2025-02-28.09:56:24::SCWBDomain::_2/src'

TRACE::2025-02-28.09:56:24::SCWBDomain::"Running Make include in ps7_cortexa9_0/libsrc/scutimer_v2_2/src"

TRACE::2025-02-28.09:56:24::SCWBDomain::make -C ps7_cortexa9_0/libsrc/scutimer_v2_2/src -s include  "SHELL=CMD" "COMPILER=arm-none-eabi-gcc" "ASSEMBLER=arm-none-eabi-a
TRACE::2025-02-28.09:56:24::SCWBDomain::s" "ARCHIVER=arm-none-eabi-ar" "COMPILER_FLAGS=  -O2 -c" "EXTRA_COMPILER_FLAGS=-mcpu=cortex-a9 -mfpu=vfpv3 -mfloat-abi=hard -no
TRACE::2025-02-28.09:56:24::SCWBDomain::startfiles -g -Wall -Wextra"

TRACE::2025-02-28.09:56:24::SCWBDomain::make[2]: Entering directory 'C:/Users/oparker/workspace/design_1_wrapper/zynq_fsbl/zynq_fsbl_bsp/ps7_cortexa9_0/libsrc/scutimer
TRACE::2025-02-28.09:56:24::SCWBDomain::_v2_2/src'

TRACE::2025-02-28.09:56:24::SCWBDomain::make[2]: Leaving directory 'C:/Users/oparker/workspace/design_1_wrapper/zynq_fsbl/zynq_fsbl_bsp/ps7_cortexa9_0/libsrc/scutimer_
TRACE::2025-02-28.09:56:24::SCWBDomain::v2_2/src'

TRACE::2025-02-28.09:56:24::SCWBDomain::"Running Make include in ps7_cortexa9_0/libsrc/scuwdt_v2_2/src"

TRACE::2025-02-28.09:56:24::SCWBDomain::make -C ps7_cortexa9_0/libsrc/scuwdt_v2_2/src -s include  "SHELL=CMD" "COMPILER=arm-none-eabi-gcc" "ASSEMBLER=arm-none-eabi-as"
TRACE::2025-02-28.09:56:24::SCWBDomain:: "ARCHIVER=arm-none-eabi-ar" "COMPILER_FLAGS=  -O2 -c" "EXTRA_COMPILER_FLAGS=-mcpu=cortex-a9 -mfpu=vfpv3 -mfloat-abi=hard -nost
TRACE::2025-02-28.09:56:24::SCWBDomain::artfiles -g -Wall -Wextra"

TRACE::2025-02-28.09:56:24::SCWBDomain::make[2]: Entering directory 'C:/Users/oparker/workspace/design_1_wrapper/zynq_fsbl/zynq_fsbl_bsp/ps7_cortexa9_0/libsrc/scuwdt_v
TRACE::2025-02-28.09:56:24::SCWBDomain::2_2/src'

TRACE::2025-02-28.09:56:24::SCWBDomain::make[2]: Leaving directory 'C:/Users/oparker/workspace/design_1_wrapper/zynq_fsbl/zynq_fsbl_bsp/ps7_cortexa9_0/libsrc/scuwdt_v2
TRACE::2025-02-28.09:56:24::SCWBDomain::_2/src'

TRACE::2025-02-28.09:56:24::SCWBDomain::"Running Make include in ps7_cortexa9_0/libsrc/sdps_v3_9/src"

TRACE::2025-02-28.09:56:24::SCWBDomain::make -C ps7_cortexa9_0/libsrc/sdps_v3_9/src -s include  "SHELL=CMD" "COMPILER=arm-none-eabi-gcc" "ASSEMBLER=arm-none-eabi-as" "
TRACE::2025-02-28.09:56:24::SCWBDomain::ARCHIVER=arm-none-eabi-ar" "COMPILER_FLAGS=  -O2 -c" "EXTRA_COMPILER_FLAGS=-mcpu=cortex-a9 -mfpu=vfpv3 -mfloat-abi=hard -nostar
TRACE::2025-02-28.09:56:24::SCWBDomain::tfiles -g -Wall -Wextra"

TRACE::2025-02-28.09:56:24::SCWBDomain::make[2]: Entering directory 'C:/Users/oparker/workspace/design_1_wrapper/zynq_fsbl/zynq_fsbl_bsp/ps7_cortexa9_0/libsrc/sdps_v3_
TRACE::2025-02-28.09:56:24::SCWBDomain::9/src'

TRACE::2025-02-28.09:56:24::SCWBDomain::make[2]: Leaving directory 'C:/Users/oparker/workspace/design_1_wrapper/zynq_fsbl/zynq_fsbl_bsp/ps7_cortexa9_0/libsrc/sdps_v3_9
TRACE::2025-02-28.09:56:24::SCWBDomain::/src'

TRACE::2025-02-28.09:56:24::SCWBDomain::"Running Make include in ps7_cortexa9_0/libsrc/standalone_v7_2/src"

TRACE::2025-02-28.09:56:24::SCWBDomain::make -C ps7_cortexa9_0/libsrc/standalone_v7_2/src -s include  "SHELL=CMD" "COMPILER=arm-none-eabi-gcc" "ASSEMBLER=arm-none-eabi
TRACE::2025-02-28.09:56:24::SCWBDomain::-as" "ARCHIVER=arm-none-eabi-ar" "COMPILER_FLAGS=  -O2 -c" "EXTRA_COMPILER_FLAGS=-mcpu=cortex-a9 -mfpu=vfpv3 -mfloat-abi=hard -
TRACE::2025-02-28.09:56:24::SCWBDomain::nostartfiles -g -Wall -Wextra"

TRACE::2025-02-28.09:56:24::SCWBDomain::make[2]: Entering directory 'C:/Users/oparker/workspace/design_1_wrapper/zynq_fsbl/zynq_fsbl_bsp/ps7_cortexa9_0/libsrc/standalo
TRACE::2025-02-28.09:56:24::SCWBDomain::ne_v7_2/src'

TRACE::2025-02-28.09:56:24::SCWBDomain::make[3]: Entering directory 'C:/Users/oparker/workspace/design_1_wrapper/zynq_fsbl/zynq_fsbl_bsp/ps7_cortexa9_0/libsrc/standalo
TRACE::2025-02-28.09:56:24::SCWBDomain::ne_v7_2/src/profile'

TRACE::2025-02-28.09:56:24::SCWBDomain::make[3]: Leaving directory 'C:/Users/oparker/workspace/design_1_wrapper/zynq_fsbl/zynq_fsbl_bsp/ps7_cortexa9_0/libsrc/standalon
TRACE::2025-02-28.09:56:24::SCWBDomain::e_v7_2/src/profile'

TRACE::2025-02-28.09:56:24::SCWBDomain::make[2]: Leaving directory 'C:/Users/oparker/workspace/design_1_wrapper/zynq_fsbl/zynq_fsbl_bsp/ps7_cortexa9_0/libsrc/standalon
TRACE::2025-02-28.09:56:24::SCWBDomain::e_v7_2/src'

TRACE::2025-02-28.09:56:24::SCWBDomain::"Running Make include in ps7_cortexa9_0/libsrc/ttcps_v3_11/src"

TRACE::2025-02-28.09:56:24::SCWBDomain::make -C ps7_cortexa9_0/libsrc/ttcps_v3_11/src -s include  "SHELL=CMD" "COMPILER=arm-none-eabi-gcc" "ASSEMBLER=arm-none-eabi-as"
TRACE::2025-02-28.09:56:24::SCWBDomain:: "ARCHIVER=arm-none-eabi-ar" "COMPILER_FLAGS=  -O2 -c" "EXTRA_COMPILER_FLAGS=-mcpu=cortex-a9 -mfpu=vfpv3 -mfloat-abi=hard -nost
TRACE::2025-02-28.09:56:24::SCWBDomain::artfiles -g -Wall -Wextra"

TRACE::2025-02-28.09:56:24::SCWBDomain::make[2]: Entering directory 'C:/Users/oparker/workspace/design_1_wrapper/zynq_fsbl/zynq_fsbl_bsp/ps7_cortexa9_0/libsrc/ttcps_v3
TRACE::2025-02-28.09:56:24::SCWBDomain::_11/src'

TRACE::2025-02-28.09:56:24::SCWBDomain::make[2]: Leaving directory 'C:/Users/oparker/workspace/design_1_wrapper/zynq_fsbl/zynq_fsbl_bsp/ps7_cortexa9_0/libsrc/ttcps_v3_
TRACE::2025-02-28.09:56:24::SCWBDomain::11/src'

TRACE::2025-02-28.09:56:24::SCWBDomain::"Running Make include in ps7_cortexa9_0/libsrc/uartps_v3_9/src"

TRACE::2025-02-28.09:56:24::SCWBDomain::make -C ps7_cortexa9_0/libsrc/uartps_v3_9/src -s include  "SHELL=CMD" "COMPILER=arm-none-eabi-gcc" "ASSEMBLER=arm-none-eabi-as"
TRACE::2025-02-28.09:56:24::SCWBDomain:: "ARCHIVER=arm-none-eabi-ar" "COMPILER_FLAGS=  -O2 -c" "EXTRA_COMPILER_FLAGS=-mcpu=cortex-a9 -mfpu=vfpv3 -mfloat-abi=hard -nost
TRACE::2025-02-28.09:56:24::SCWBDomain::artfiles -g -Wall -Wextra"

TRACE::2025-02-28.09:56:24::SCWBDomain::make[2]: Entering directory 'C:/Users/oparker/workspace/design_1_wrapper/zynq_fsbl/zynq_fsbl_bsp/ps7_cortexa9_0/libsrc/uartps_v
TRACE::2025-02-28.09:56:24::SCWBDomain::3_9/src'

TRACE::2025-02-28.09:56:24::SCWBDomain::make[2]: Leaving directory 'C:/Users/oparker/workspace/design_1_wrapper/zynq_fsbl/zynq_fsbl_bsp/ps7_cortexa9_0/libsrc/uartps_v3
TRACE::2025-02-28.09:56:24::SCWBDomain::_9/src'

TRACE::2025-02-28.09:56:24::SCWBDomain::"Running Make include in ps7_cortexa9_0/libsrc/usbps_v2_5/src"

TRACE::2025-02-28.09:56:24::SCWBDomain::make -C ps7_cortexa9_0/libsrc/usbps_v2_5/src -s include  "SHELL=CMD" "COMPILER=arm-none-eabi-gcc" "ASSEMBLER=arm-none-eabi-as" 
TRACE::2025-02-28.09:56:24::SCWBDomain::"ARCHIVER=arm-none-eabi-ar" "COMPILER_FLAGS=  -O2 -c" "EXTRA_COMPILER_FLAGS=-mcpu=cortex-a9 -mfpu=vfpv3 -mfloat-abi=hard -nosta
TRACE::2025-02-28.09:56:24::SCWBDomain::rtfiles -g -Wall -Wextra"

TRACE::2025-02-28.09:56:24::SCWBDomain::make[2]: Entering directory 'C:/Users/oparker/workspace/design_1_wrapper/zynq_fsbl/zynq_fsbl_bsp/ps7_cortexa9_0/libsrc/usbps_v2
TRACE::2025-02-28.09:56:24::SCWBDomain::_5/src'

TRACE::2025-02-28.09:56:24::SCWBDomain::make[2]: Leaving directory 'C:/Users/oparker/workspace/design_1_wrapper/zynq_fsbl/zynq_fsbl_bsp/ps7_cortexa9_0/libsrc/usbps_v2_
TRACE::2025-02-28.09:56:24::SCWBDomain::5/src'

TRACE::2025-02-28.09:56:24::SCWBDomain::"Running Make include in ps7_cortexa9_0/libsrc/vtc_v8_2/src"

TRACE::2025-02-28.09:56:24::SCWBDomain::make -C ps7_cortexa9_0/libsrc/vtc_v8_2/src -s include  "SHELL=CMD" "COMPILER=arm-none-eabi-gcc" "ASSEMBLER=arm-none-eabi-as" "A
TRACE::2025-02-28.09:56:24::SCWBDomain::RCHIVER=arm-none-eabi-ar" "COMPILER_FLAGS=  -O2 -c" "EXTRA_COMPILER_FLAGS=-mcpu=cortex-a9 -mfpu=vfpv3 -mfloat-abi=hard -nostart
TRACE::2025-02-28.09:56:24::SCWBDomain::files -g -Wall -Wextra"

TRACE::2025-02-28.09:56:24::SCWBDomain::make[2]: Entering directory 'C:/Users/oparker/workspace/design_1_wrapper/zynq_fsbl/zynq_fsbl_bsp/ps7_cortexa9_0/libsrc/vtc_v8_2
TRACE::2025-02-28.09:56:24::SCWBDomain::/src'

TRACE::2025-02-28.09:56:24::SCWBDomain::make[2]: Leaving directory 'C:/Users/oparker/workspace/design_1_wrapper/zynq_fsbl/zynq_fsbl_bsp/ps7_cortexa9_0/libsrc/vtc_v8_2/
TRACE::2025-02-28.09:56:24::SCWBDomain::src'

TRACE::2025-02-28.09:56:24::SCWBDomain::"Running Make include in ps7_cortexa9_0/libsrc/xadcps_v2_4/src"

TRACE::2025-02-28.09:56:24::SCWBDomain::make -C ps7_cortexa9_0/libsrc/xadcps_v2_4/src -s include  "SHELL=CMD" "COMPILER=arm-none-eabi-gcc" "ASSEMBLER=arm-none-eabi-as"
TRACE::2025-02-28.09:56:24::SCWBDomain:: "ARCHIVER=arm-none-eabi-ar" "COMPILER_FLAGS=  -O2 -c" "EXTRA_COMPILER_FLAGS=-mcpu=cortex-a9 -mfpu=vfpv3 -mfloat-abi=hard -nost
TRACE::2025-02-28.09:56:24::SCWBDomain::artfiles -g -Wall -Wextra"

TRACE::2025-02-28.09:56:24::SCWBDomain::make[2]: Entering directory 'C:/Users/oparker/workspace/design_1_wrapper/zynq_fsbl/zynq_fsbl_bsp/ps7_cortexa9_0/libsrc/xadcps_v
TRACE::2025-02-28.09:56:24::SCWBDomain::2_4/src'

TRACE::2025-02-28.09:56:25::SCWBDomain::make[2]: Leaving directory 'C:/Users/oparker/workspace/design_1_wrapper/zynq_fsbl/zynq_fsbl_bsp/ps7_cortexa9_0/libsrc/xadcps_v2
TRACE::2025-02-28.09:56:25::SCWBDomain::_4/src'

TRACE::2025-02-28.09:56:25::SCWBDomain::"Running Make include in ps7_cortexa9_0/libsrc/xilffs_v4_3/src"

TRACE::2025-02-28.09:56:25::SCWBDomain::make -C ps7_cortexa9_0/libsrc/xilffs_v4_3/src -s include  "SHELL=CMD" "COMPILER=arm-none-eabi-gcc" "ASSEMBLER=arm-none-eabi-as"
TRACE::2025-02-28.09:56:25::SCWBDomain:: "ARCHIVER=arm-none-eabi-ar" "COMPILER_FLAGS=  -O2 -c" "EXTRA_COMPILER_FLAGS=-mcpu=cortex-a9 -mfpu=vfpv3 -mfloat-abi=hard -nost
TRACE::2025-02-28.09:56:25::SCWBDomain::artfiles -g -Wall -Wextra"

TRACE::2025-02-28.09:56:25::SCWBDomain::make[2]: Entering directory 'C:/Users/oparker/workspace/design_1_wrapper/zynq_fsbl/zynq_fsbl_bsp/ps7_cortexa9_0/libsrc/xilffs_v
TRACE::2025-02-28.09:56:25::SCWBDomain::4_3/src'

TRACE::2025-02-28.09:56:25::SCWBDomain::make[2]: Leaving directory 'C:/Users/oparker/workspace/design_1_wrapper/zynq_fsbl/zynq_fsbl_bsp/ps7_cortexa9_0/libsrc/xilffs_v4
TRACE::2025-02-28.09:56:25::SCWBDomain::_3/src'

TRACE::2025-02-28.09:56:25::SCWBDomain::"Running Make include in ps7_cortexa9_0/libsrc/xilrsa_v1_6/src"

TRACE::2025-02-28.09:56:25::SCWBDomain::make -C ps7_cortexa9_0/libsrc/xilrsa_v1_6/src -s include  "SHELL=CMD" "COMPILER=arm-none-eabi-gcc" "ASSEMBLER=arm-none-eabi-as"
TRACE::2025-02-28.09:56:25::SCWBDomain:: "ARCHIVER=arm-none-eabi-ar" "COMPILER_FLAGS=  -O2 -c" "EXTRA_COMPILER_FLAGS=-mcpu=cortex-a9 -mfpu=vfpv3 -mfloat-abi=hard -nost
TRACE::2025-02-28.09:56:25::SCWBDomain::artfiles -g -Wall -Wextra"

TRACE::2025-02-28.09:56:25::SCWBDomain::make[2]: Entering directory 'C:/Users/oparker/workspace/design_1_wrapper/zynq_fsbl/zynq_fsbl_bsp/ps7_cortexa9_0/libsrc/xilrsa_v
TRACE::2025-02-28.09:56:25::SCWBDomain::1_6/src'

TRACE::2025-02-28.09:56:25::SCWBDomain::make[2]: Leaving directory 'C:/Users/oparker/workspace/design_1_wrapper/zynq_fsbl/zynq_fsbl_bsp/ps7_cortexa9_0/libsrc/xilrsa_v1
TRACE::2025-02-28.09:56:25::SCWBDomain::_6/src'

TRACE::2025-02-28.09:56:25::SCWBDomain::"Running Make libs in ps7_cortexa9_0/libsrc/axivdma_v6_7/src"

TRACE::2025-02-28.09:56:25::SCWBDomain::make -C ps7_cortexa9_0/libsrc/axivdma_v6_7/src -s libs  "SHELL=CMD" "COMPILER=arm-none-eabi-gcc" "ASSEMBLER=arm-none-eabi-as" "
TRACE::2025-02-28.09:56:25::SCWBDomain::ARCHIVER=arm-none-eabi-ar" "COMPILER_FLAGS=  -O2 -c" "EXTRA_COMPILER_FLAGS=-mcpu=cortex-a9 -mfpu=vfpv3 -mfloat-abi=hard -nostar
TRACE::2025-02-28.09:56:25::SCWBDomain::tfiles -g -Wall -Wextra"

TRACE::2025-02-28.09:56:25::SCWBDomain::make[2]: Entering directory 'C:/Users/oparker/workspace/design_1_wrapper/zynq_fsbl/zynq_fsbl_bsp/ps7_cortexa9_0/libsrc/axivdma_
TRACE::2025-02-28.09:56:25::SCWBDomain::v6_7/src'

TRACE::2025-02-28.09:56:25::SCWBDomain::"Compiling axivdma"

TRACE::2025-02-28.09:56:26::SCWBDomain::make[2]: Leaving directory 'C:/Users/oparker/workspace/design_1_wrapper/zynq_fsbl/zynq_fsbl_bsp/ps7_cortexa9_0/libsrc/axivdma_v
TRACE::2025-02-28.09:56:26::SCWBDomain::6_7/src'

TRACE::2025-02-28.09:56:26::SCWBDomain::"Running Make libs in ps7_cortexa9_0/libsrc/coresightps_dcc_v1_7/src"

TRACE::2025-02-28.09:56:26::SCWBDomain::make -C ps7_cortexa9_0/libsrc/coresightps_dcc_v1_7/src -s libs  "SHELL=CMD" "COMPILER=arm-none-eabi-gcc" "ASSEMBLER=arm-none-ea
TRACE::2025-02-28.09:56:26::SCWBDomain::bi-as" "ARCHIVER=arm-none-eabi-ar" "COMPILER_FLAGS=  -O2 -c" "EXTRA_COMPILER_FLAGS=-mcpu=cortex-a9 -mfpu=vfpv3 -mfloat-abi=hard
TRACE::2025-02-28.09:56:26::SCWBDomain:: -nostartfiles -g -Wall -Wextra"

TRACE::2025-02-28.09:56:26::SCWBDomain::make[2]: Entering directory 'C:/Users/oparker/workspace/design_1_wrapper/zynq_fsbl/zynq_fsbl_bsp/ps7_cortexa9_0/libsrc/coresigh
TRACE::2025-02-28.09:56:26::SCWBDomain::tps_dcc_v1_7/src'

TRACE::2025-02-28.09:56:26::SCWBDomain::"Compiling coresightps_dcc"

TRACE::2025-02-28.09:56:26::SCWBDomain::make[2]: Leaving directory 'C:/Users/oparker/workspace/design_1_wrapper/zynq_fsbl/zynq_fsbl_bsp/ps7_cortexa9_0/libsrc/coresight
TRACE::2025-02-28.09:56:26::SCWBDomain::ps_dcc_v1_7/src'

TRACE::2025-02-28.09:56:26::SCWBDomain::"Running Make libs in ps7_cortexa9_0/libsrc/cpu_cortexa9_v2_9/src"

TRACE::2025-02-28.09:56:26::SCWBDomain::make -C ps7_cortexa9_0/libsrc/cpu_cortexa9_v2_9/src -s libs  "SHELL=CMD" "COMPILER=arm-none-eabi-gcc" "ASSEMBLER=arm-none-eabi-
TRACE::2025-02-28.09:56:26::SCWBDomain::as" "ARCHIVER=arm-none-eabi-ar" "COMPILER_FLAGS=  -O2 -c" "EXTRA_COMPILER_FLAGS=-mcpu=cortex-a9 -mfpu=vfpv3 -mfloat-abi=hard -n
TRACE::2025-02-28.09:56:26::SCWBDomain::ostartfiles -g -Wall -Wextra"

TRACE::2025-02-28.09:56:26::SCWBDomain::make[2]: Entering directory 'C:/Users/oparker/workspace/design_1_wrapper/zynq_fsbl/zynq_fsbl_bsp/ps7_cortexa9_0/libsrc/cpu_cort
TRACE::2025-02-28.09:56:26::SCWBDomain::exa9_v2_9/src'

TRACE::2025-02-28.09:56:26::SCWBDomain::"Compiling cpu_cortexa9"

TRACE::2025-02-28.09:56:26::SCWBDomain::make[2]: Leaving directory 'C:/Users/oparker/workspace/design_1_wrapper/zynq_fsbl/zynq_fsbl_bsp/ps7_cortexa9_0/libsrc/cpu_corte
TRACE::2025-02-28.09:56:26::SCWBDomain::xa9_v2_9/src'

TRACE::2025-02-28.09:56:26::SCWBDomain::"Running Make libs in ps7_cortexa9_0/libsrc/ddrps_v1_1/src"

TRACE::2025-02-28.09:56:26::SCWBDomain::make -C ps7_cortexa9_0/libsrc/ddrps_v1_1/src -s libs  "SHELL=CMD" "COMPILER=arm-none-eabi-gcc" "ASSEMBLER=arm-none-eabi-as" "AR
TRACE::2025-02-28.09:56:26::SCWBDomain::CHIVER=arm-none-eabi-ar" "COMPILER_FLAGS=  -O2 -c" "EXTRA_COMPILER_FLAGS=-mcpu=cortex-a9 -mfpu=vfpv3 -mfloat-abi=hard -nostartf
TRACE::2025-02-28.09:56:26::SCWBDomain::iles -g -Wall -Wextra"

TRACE::2025-02-28.09:56:26::SCWBDomain::make[2]: Entering directory 'C:/Users/oparker/workspace/design_1_wrapper/zynq_fsbl/zynq_fsbl_bsp/ps7_cortexa9_0/libsrc/ddrps_v1
TRACE::2025-02-28.09:56:26::SCWBDomain::_1/src'

TRACE::2025-02-28.09:56:26::SCWBDomain::"Compiling ddrps"

TRACE::2025-02-28.09:56:26::SCWBDomain::make[2]: Leaving directory 'C:/Users/oparker/workspace/design_1_wrapper/zynq_fsbl/zynq_fsbl_bsp/ps7_cortexa9_0/libsrc/ddrps_v1_
TRACE::2025-02-28.09:56:26::SCWBDomain::1/src'

TRACE::2025-02-28.09:56:26::SCWBDomain::"Running Make libs in ps7_cortexa9_0/libsrc/devcfg_v3_6/src"

TRACE::2025-02-28.09:56:26::SCWBDomain::make -C ps7_cortexa9_0/libsrc/devcfg_v3_6/src -s libs  "SHELL=CMD" "COMPILER=arm-none-eabi-gcc" "ASSEMBLER=arm-none-eabi-as" "A
TRACE::2025-02-28.09:56:26::SCWBDomain::RCHIVER=arm-none-eabi-ar" "COMPILER_FLAGS=  -O2 -c" "EXTRA_COMPILER_FLAGS=-mcpu=cortex-a9 -mfpu=vfpv3 -mfloat-abi=hard -nostart
TRACE::2025-02-28.09:56:26::SCWBDomain::files -g -Wall -Wextra"

TRACE::2025-02-28.09:56:26::SCWBDomain::make[2]: Entering directory 'C:/Users/oparker/workspace/design_1_wrapper/zynq_fsbl/zynq_fsbl_bsp/ps7_cortexa9_0/libsrc/devcfg_v
TRACE::2025-02-28.09:56:26::SCWBDomain::3_6/src'

TRACE::2025-02-28.09:56:26::SCWBDomain::"Compiling devcfg"

TRACE::2025-02-28.09:56:27::SCWBDomain::make[2]: Leaving directory 'C:/Users/oparker/workspace/design_1_wrapper/zynq_fsbl/zynq_fsbl_bsp/ps7_cortexa9_0/libsrc/devcfg_v3
TRACE::2025-02-28.09:56:27::SCWBDomain::_6/src'

TRACE::2025-02-28.09:56:27::SCWBDomain::"Running Make libs in ps7_cortexa9_0/libsrc/dmaps_v2_6/src"

TRACE::2025-02-28.09:56:27::SCWBDomain::make -C ps7_cortexa9_0/libsrc/dmaps_v2_6/src -s libs  "SHELL=CMD" "COMPILER=arm-none-eabi-gcc" "ASSEMBLER=arm-none-eabi-as" "AR
TRACE::2025-02-28.09:56:27::SCWBDomain::CHIVER=arm-none-eabi-ar" "COMPILER_FLAGS=  -O2 -c" "EXTRA_COMPILER_FLAGS=-mcpu=cortex-a9 -mfpu=vfpv3 -mfloat-abi=hard -nostartf
TRACE::2025-02-28.09:56:27::SCWBDomain::iles -g -Wall -Wextra"

TRACE::2025-02-28.09:56:27::SCWBDomain::make[2]: Entering directory 'C:/Users/oparker/workspace/design_1_wrapper/zynq_fsbl/zynq_fsbl_bsp/ps7_cortexa9_0/libsrc/dmaps_v2
TRACE::2025-02-28.09:56:27::SCWBDomain::_6/src'

TRACE::2025-02-28.09:56:27::SCWBDomain::"Compiling dmaps"

TRACE::2025-02-28.09:56:27::SCWBDomain::make[2]: Leaving directory 'C:/Users/oparker/workspace/design_1_wrapper/zynq_fsbl/zynq_fsbl_bsp/ps7_cortexa9_0/libsrc/dmaps_v2_
TRACE::2025-02-28.09:56:27::SCWBDomain::6/src'

TRACE::2025-02-28.09:56:27::SCWBDomain::"Running Make libs in ps7_cortexa9_0/libsrc/emacps_v3_11/src"

TRACE::2025-02-28.09:56:27::SCWBDomain::make -C ps7_cortexa9_0/libsrc/emacps_v3_11/src -s libs  "SHELL=CMD" "COMPILER=arm-none-eabi-gcc" "ASSEMBLER=arm-none-eabi-as" "
TRACE::2025-02-28.09:56:27::SCWBDomain::ARCHIVER=arm-none-eabi-ar" "COMPILER_FLAGS=  -O2 -c" "EXTRA_COMPILER_FLAGS=-mcpu=cortex-a9 -mfpu=vfpv3 -mfloat-abi=hard -nostar
TRACE::2025-02-28.09:56:27::SCWBDomain::tfiles -g -Wall -Wextra"

TRACE::2025-02-28.09:56:27::SCWBDomain::make[2]: Entering directory 'C:/Users/oparker/workspace/design_1_wrapper/zynq_fsbl/zynq_fsbl_bsp/ps7_cortexa9_0/libsrc/emacps_v
TRACE::2025-02-28.09:56:27::SCWBDomain::3_11/src'

TRACE::2025-02-28.09:56:27::SCWBDomain::"Compiling emacps"

TRACE::2025-02-28.09:56:28::SCWBDomain::make[2]: Leaving directory 'C:/Users/oparker/workspace/design_1_wrapper/zynq_fsbl/zynq_fsbl_bsp/ps7_cortexa9_0/libsrc/emacps_v3
TRACE::2025-02-28.09:56:28::SCWBDomain::_11/src'

TRACE::2025-02-28.09:56:28::SCWBDomain::"Running Make libs in ps7_cortexa9_0/libsrc/gpiops_v3_7/src"

TRACE::2025-02-28.09:56:28::SCWBDomain::make -C ps7_cortexa9_0/libsrc/gpiops_v3_7/src -s libs  "SHELL=CMD" "COMPILER=arm-none-eabi-gcc" "ASSEMBLER=arm-none-eabi-as" "A
TRACE::2025-02-28.09:56:28::SCWBDomain::RCHIVER=arm-none-eabi-ar" "COMPILER_FLAGS=  -O2 -c" "EXTRA_COMPILER_FLAGS=-mcpu=cortex-a9 -mfpu=vfpv3 -mfloat-abi=hard -nostart
TRACE::2025-02-28.09:56:28::SCWBDomain::files -g -Wall -Wextra"

TRACE::2025-02-28.09:56:28::SCWBDomain::make[2]: Entering directory 'C:/Users/oparker/workspace/design_1_wrapper/zynq_fsbl/zynq_fsbl_bsp/ps7_cortexa9_0/libsrc/gpiops_v
TRACE::2025-02-28.09:56:28::SCWBDomain::3_7/src'

TRACE::2025-02-28.09:56:28::SCWBDomain::"Compiling gpiops"

TRACE::2025-02-28.09:56:29::SCWBDomain::make[2]: Leaving directory 'C:/Users/oparker/workspace/design_1_wrapper/zynq_fsbl/zynq_fsbl_bsp/ps7_cortexa9_0/libsrc/gpiops_v3
TRACE::2025-02-28.09:56:29::SCWBDomain::_7/src'

TRACE::2025-02-28.09:56:29::SCWBDomain::"Running Make libs in ps7_cortexa9_0/libsrc/iic_v3_6/src"

TRACE::2025-02-28.09:56:29::SCWBDomain::make -C ps7_cortexa9_0/libsrc/iic_v3_6/src -s libs  "SHELL=CMD" "COMPILER=arm-none-eabi-gcc" "ASSEMBLER=arm-none-eabi-as" "ARCH
TRACE::2025-02-28.09:56:29::SCWBDomain::IVER=arm-none-eabi-ar" "COMPILER_FLAGS=  -O2 -c" "EXTRA_COMPILER_FLAGS=-mcpu=cortex-a9 -mfpu=vfpv3 -mfloat-abi=hard -nostartfil
TRACE::2025-02-28.09:56:29::SCWBDomain::es -g -Wall -Wextra"

TRACE::2025-02-28.09:56:29::SCWBDomain::make[2]: Entering directory 'C:/Users/oparker/workspace/design_1_wrapper/zynq_fsbl/zynq_fsbl_bsp/ps7_cortexa9_0/libsrc/iic_v3_6
TRACE::2025-02-28.09:56:29::SCWBDomain::/src'

TRACE::2025-02-28.09:56:29::SCWBDomain::"Compiling iic"

TRACE::2025-02-28.09:56:30::SCWBDomain::make[2]: Leaving directory 'C:/Users/oparker/workspace/design_1_wrapper/zynq_fsbl/zynq_fsbl_bsp/ps7_cortexa9_0/libsrc/iic_v3_6/
TRACE::2025-02-28.09:56:30::SCWBDomain::src'

TRACE::2025-02-28.09:56:30::SCWBDomain::"Running Make libs in ps7_cortexa9_0/libsrc/qspips_v3_7/src"

TRACE::2025-02-28.09:56:30::SCWBDomain::make -C ps7_cortexa9_0/libsrc/qspips_v3_7/src -s libs  "SHELL=CMD" "COMPILER=arm-none-eabi-gcc" "ASSEMBLER=arm-none-eabi-as" "A
TRACE::2025-02-28.09:56:30::SCWBDomain::RCHIVER=arm-none-eabi-ar" "COMPILER_FLAGS=  -O2 -c" "EXTRA_COMPILER_FLAGS=-mcpu=cortex-a9 -mfpu=vfpv3 -mfloat-abi=hard -nostart
TRACE::2025-02-28.09:56:30::SCWBDomain::files -g -Wall -Wextra"

TRACE::2025-02-28.09:56:30::SCWBDomain::make[2]: Entering directory 'C:/Users/oparker/workspace/design_1_wrapper/zynq_fsbl/zynq_fsbl_bsp/ps7_cortexa9_0/libsrc/qspips_v
TRACE::2025-02-28.09:56:30::SCWBDomain::3_7/src'

TRACE::2025-02-28.09:56:30::SCWBDomain::"Compiling qspips"

TRACE::2025-02-28.09:56:30::SCWBDomain::make[2]: Leaving directory 'C:/Users/oparker/workspace/design_1_wrapper/zynq_fsbl/zynq_fsbl_bsp/ps7_cortexa9_0/libsrc/qspips_v3
TRACE::2025-02-28.09:56:30::SCWBDomain::_7/src'

TRACE::2025-02-28.09:56:30::SCWBDomain::"Running Make libs in ps7_cortexa9_0/libsrc/scugic_v4_2/src"

TRACE::2025-02-28.09:56:30::SCWBDomain::make -C ps7_cortexa9_0/libsrc/scugic_v4_2/src -s libs  "SHELL=CMD" "COMPILER=arm-none-eabi-gcc" "ASSEMBLER=arm-none-eabi-as" "A
TRACE::2025-02-28.09:56:30::SCWBDomain::RCHIVER=arm-none-eabi-ar" "COMPILER_FLAGS=  -O2 -c" "EXTRA_COMPILER_FLAGS=-mcpu=cortex-a9 -mfpu=vfpv3 -mfloat-abi=hard -nostart
TRACE::2025-02-28.09:56:30::SCWBDomain::files -g -Wall -Wextra"

TRACE::2025-02-28.09:56:30::SCWBDomain::make[2]: Entering directory 'C:/Users/oparker/workspace/design_1_wrapper/zynq_fsbl/zynq_fsbl_bsp/ps7_cortexa9_0/libsrc/scugic_v
TRACE::2025-02-28.09:56:30::SCWBDomain::4_2/src'

TRACE::2025-02-28.09:56:30::SCWBDomain::"Compiling scugic"

TRACE::2025-02-28.09:56:31::SCWBDomain::make[2]: Leaving directory 'C:/Users/oparker/workspace/design_1_wrapper/zynq_fsbl/zynq_fsbl_bsp/ps7_cortexa9_0/libsrc/scugic_v4
TRACE::2025-02-28.09:56:31::SCWBDomain::_2/src'

TRACE::2025-02-28.09:56:31::SCWBDomain::"Running Make libs in ps7_cortexa9_0/libsrc/scutimer_v2_2/src"

TRACE::2025-02-28.09:56:31::SCWBDomain::make -C ps7_cortexa9_0/libsrc/scutimer_v2_2/src -s libs  "SHELL=CMD" "COMPILER=arm-none-eabi-gcc" "ASSEMBLER=arm-none-eabi-as" 
TRACE::2025-02-28.09:56:31::SCWBDomain::"ARCHIVER=arm-none-eabi-ar" "COMPILER_FLAGS=  -O2 -c" "EXTRA_COMPILER_FLAGS=-mcpu=cortex-a9 -mfpu=vfpv3 -mfloat-abi=hard -nosta
TRACE::2025-02-28.09:56:31::SCWBDomain::rtfiles -g -Wall -Wextra"

TRACE::2025-02-28.09:56:31::SCWBDomain::make[2]: Entering directory 'C:/Users/oparker/workspace/design_1_wrapper/zynq_fsbl/zynq_fsbl_bsp/ps7_cortexa9_0/libsrc/scutimer
TRACE::2025-02-28.09:56:31::SCWBDomain::_v2_2/src'

TRACE::2025-02-28.09:56:31::SCWBDomain::"Compiling scutimer"

TRACE::2025-02-28.09:56:31::SCWBDomain::make[2]: Leaving directory 'C:/Users/oparker/workspace/design_1_wrapper/zynq_fsbl/zynq_fsbl_bsp/ps7_cortexa9_0/libsrc/scutimer_
TRACE::2025-02-28.09:56:31::SCWBDomain::v2_2/src'

TRACE::2025-02-28.09:56:31::SCWBDomain::"Running Make libs in ps7_cortexa9_0/libsrc/scuwdt_v2_2/src"

TRACE::2025-02-28.09:56:31::SCWBDomain::make -C ps7_cortexa9_0/libsrc/scuwdt_v2_2/src -s libs  "SHELL=CMD" "COMPILER=arm-none-eabi-gcc" "ASSEMBLER=arm-none-eabi-as" "A
TRACE::2025-02-28.09:56:31::SCWBDomain::RCHIVER=arm-none-eabi-ar" "COMPILER_FLAGS=  -O2 -c" "EXTRA_COMPILER_FLAGS=-mcpu=cortex-a9 -mfpu=vfpv3 -mfloat-abi=hard -nostart
TRACE::2025-02-28.09:56:31::SCWBDomain::files -g -Wall -Wextra"

TRACE::2025-02-28.09:56:31::SCWBDomain::make[2]: Entering directory 'C:/Users/oparker/workspace/design_1_wrapper/zynq_fsbl/zynq_fsbl_bsp/ps7_cortexa9_0/libsrc/scuwdt_v
TRACE::2025-02-28.09:56:31::SCWBDomain::2_2/src'

TRACE::2025-02-28.09:56:31::SCWBDomain::"Compiling scuwdt"

TRACE::2025-02-28.09:56:31::SCWBDomain::make[2]: Leaving directory 'C:/Users/oparker/workspace/design_1_wrapper/zynq_fsbl/zynq_fsbl_bsp/ps7_cortexa9_0/libsrc/scuwdt_v2
TRACE::2025-02-28.09:56:31::SCWBDomain::_2/src'

TRACE::2025-02-28.09:56:31::SCWBDomain::"Running Make libs in ps7_cortexa9_0/libsrc/sdps_v3_9/src"

TRACE::2025-02-28.09:56:31::SCWBDomain::make -C ps7_cortexa9_0/libsrc/sdps_v3_9/src -s libs  "SHELL=CMD" "COMPILER=arm-none-eabi-gcc" "ASSEMBLER=arm-none-eabi-as" "ARC
TRACE::2025-02-28.09:56:31::SCWBDomain::HIVER=arm-none-eabi-ar" "COMPILER_FLAGS=  -O2 -c" "EXTRA_COMPILER_FLAGS=-mcpu=cortex-a9 -mfpu=vfpv3 -mfloat-abi=hard -nostartfi
TRACE::2025-02-28.09:56:31::SCWBDomain::les -g -Wall -Wextra"

TRACE::2025-02-28.09:56:31::SCWBDomain::make[2]: Entering directory 'C:/Users/oparker/workspace/design_1_wrapper/zynq_fsbl/zynq_fsbl_bsp/ps7_cortexa9_0/libsrc/sdps_v3_
TRACE::2025-02-28.09:56:31::SCWBDomain::9/src'

TRACE::2025-02-28.09:56:31::SCWBDomain::"Compiling sdps"

TRACE::2025-02-28.09:56:32::SCWBDomain::make[2]: Leaving directory 'C:/Users/oparker/workspace/design_1_wrapper/zynq_fsbl/zynq_fsbl_bsp/ps7_cortexa9_0/libsrc/sdps_v3_9
TRACE::2025-02-28.09:56:32::SCWBDomain::/src'

TRACE::2025-02-28.09:56:32::SCWBDomain::"Running Make libs in ps7_cortexa9_0/libsrc/standalone_v7_2/src"

TRACE::2025-02-28.09:56:32::SCWBDomain::make -C ps7_cortexa9_0/libsrc/standalone_v7_2/src -s libs  "SHELL=CMD" "COMPILER=arm-none-eabi-gcc" "ASSEMBLER=arm-none-eabi-as
TRACE::2025-02-28.09:56:32::SCWBDomain::" "ARCHIVER=arm-none-eabi-ar" "COMPILER_FLAGS=  -O2 -c" "EXTRA_COMPILER_FLAGS=-mcpu=cortex-a9 -mfpu=vfpv3 -mfloat-abi=hard -nos
TRACE::2025-02-28.09:56:32::SCWBDomain::tartfiles -g -Wall -Wextra"

TRACE::2025-02-28.09:56:32::SCWBDomain::make[2]: Entering directory 'C:/Users/oparker/workspace/design_1_wrapper/zynq_fsbl/zynq_fsbl_bsp/ps7_cortexa9_0/libsrc/standalo
TRACE::2025-02-28.09:56:32::SCWBDomain::ne_v7_2/src'

TRACE::2025-02-28.09:56:32::SCWBDomain::"Compiling standalone"

TRACE::2025-02-28.09:56:34::SCWBDomain::make[3]: Entering directory 'C:/Users/oparker/workspace/design_1_wrapper/zynq_fsbl/zynq_fsbl_bsp/ps7_cortexa9_0/libsrc/standalo
TRACE::2025-02-28.09:56:34::SCWBDomain::ne_v7_2/src/profile'

TRACE::2025-02-28.09:56:34::SCWBDomain::make[3]: Leaving directory 'C:/Users/oparker/workspace/design_1_wrapper/zynq_fsbl/zynq_fsbl_bsp/ps7_cortexa9_0/libsrc/standalon
TRACE::2025-02-28.09:56:34::SCWBDomain::e_v7_2/src/profile'

TRACE::2025-02-28.09:56:34::SCWBDomain::make[2]: Leaving directory 'C:/Users/oparker/workspace/design_1_wrapper/zynq_fsbl/zynq_fsbl_bsp/ps7_cortexa9_0/libsrc/standalon
TRACE::2025-02-28.09:56:34::SCWBDomain::e_v7_2/src'

TRACE::2025-02-28.09:56:34::SCWBDomain::"Running Make libs in ps7_cortexa9_0/libsrc/ttcps_v3_11/src"

TRACE::2025-02-28.09:56:34::SCWBDomain::make -C ps7_cortexa9_0/libsrc/ttcps_v3_11/src -s libs  "SHELL=CMD" "COMPILER=arm-none-eabi-gcc" "ASSEMBLER=arm-none-eabi-as" "A
TRACE::2025-02-28.09:56:34::SCWBDomain::RCHIVER=arm-none-eabi-ar" "COMPILER_FLAGS=  -O2 -c" "EXTRA_COMPILER_FLAGS=-mcpu=cortex-a9 -mfpu=vfpv3 -mfloat-abi=hard -nostart
TRACE::2025-02-28.09:56:34::SCWBDomain::files -g -Wall -Wextra"

TRACE::2025-02-28.09:56:34::SCWBDomain::make[2]: Entering directory 'C:/Users/oparker/workspace/design_1_wrapper/zynq_fsbl/zynq_fsbl_bsp/ps7_cortexa9_0/libsrc/ttcps_v3
TRACE::2025-02-28.09:56:34::SCWBDomain::_11/src'

TRACE::2025-02-28.09:56:34::SCWBDomain::"Compiling ttcps"

TRACE::2025-02-28.09:56:35::SCWBDomain::make[2]: Leaving directory 'C:/Users/oparker/workspace/design_1_wrapper/zynq_fsbl/zynq_fsbl_bsp/ps7_cortexa9_0/libsrc/ttcps_v3_
TRACE::2025-02-28.09:56:35::SCWBDomain::11/src'

TRACE::2025-02-28.09:56:35::SCWBDomain::"Running Make libs in ps7_cortexa9_0/libsrc/uartps_v3_9/src"

TRACE::2025-02-28.09:56:35::SCWBDomain::make -C ps7_cortexa9_0/libsrc/uartps_v3_9/src -s libs  "SHELL=CMD" "COMPILER=arm-none-eabi-gcc" "ASSEMBLER=arm-none-eabi-as" "A
TRACE::2025-02-28.09:56:35::SCWBDomain::RCHIVER=arm-none-eabi-ar" "COMPILER_FLAGS=  -O2 -c" "EXTRA_COMPILER_FLAGS=-mcpu=cortex-a9 -mfpu=vfpv3 -mfloat-abi=hard -nostart
TRACE::2025-02-28.09:56:35::SCWBDomain::files -g -Wall -Wextra"

TRACE::2025-02-28.09:56:35::SCWBDomain::make[2]: Entering directory 'C:/Users/oparker/workspace/design_1_wrapper/zynq_fsbl/zynq_fsbl_bsp/ps7_cortexa9_0/libsrc/uartps_v
TRACE::2025-02-28.09:56:35::SCWBDomain::3_9/src'

TRACE::2025-02-28.09:56:35::SCWBDomain::"Compiling uartps"

TRACE::2025-02-28.09:56:35::SCWBDomain::make[2]: Leaving directory 'C:/Users/oparker/workspace/design_1_wrapper/zynq_fsbl/zynq_fsbl_bsp/ps7_cortexa9_0/libsrc/uartps_v3
TRACE::2025-02-28.09:56:35::SCWBDomain::_9/src'

TRACE::2025-02-28.09:56:35::SCWBDomain::"Running Make libs in ps7_cortexa9_0/libsrc/usbps_v2_5/src"

TRACE::2025-02-28.09:56:35::SCWBDomain::make -C ps7_cortexa9_0/libsrc/usbps_v2_5/src -s libs  "SHELL=CMD" "COMPILER=arm-none-eabi-gcc" "ASSEMBLER=arm-none-eabi-as" "AR
TRACE::2025-02-28.09:56:35::SCWBDomain::CHIVER=arm-none-eabi-ar" "COMPILER_FLAGS=  -O2 -c" "EXTRA_COMPILER_FLAGS=-mcpu=cortex-a9 -mfpu=vfpv3 -mfloat-abi=hard -nostartf
TRACE::2025-02-28.09:56:35::SCWBDomain::iles -g -Wall -Wextra"

TRACE::2025-02-28.09:56:35::SCWBDomain::make[2]: Entering directory 'C:/Users/oparker/workspace/design_1_wrapper/zynq_fsbl/zynq_fsbl_bsp/ps7_cortexa9_0/libsrc/usbps_v2
TRACE::2025-02-28.09:56:35::SCWBDomain::_5/src'

TRACE::2025-02-28.09:56:35::SCWBDomain::"Compiling usbps"

TRACE::2025-02-28.09:56:36::SCWBDomain::make[2]: Leaving directory 'C:/Users/oparker/workspace/design_1_wrapper/zynq_fsbl/zynq_fsbl_bsp/ps7_cortexa9_0/libsrc/usbps_v2_
TRACE::2025-02-28.09:56:36::SCWBDomain::5/src'

TRACE::2025-02-28.09:56:36::SCWBDomain::"Running Make libs in ps7_cortexa9_0/libsrc/vtc_v8_2/src"

TRACE::2025-02-28.09:56:36::SCWBDomain::make -C ps7_cortexa9_0/libsrc/vtc_v8_2/src -s libs  "SHELL=CMD" "COMPILER=arm-none-eabi-gcc" "ASSEMBLER=arm-none-eabi-as" "ARCH
TRACE::2025-02-28.09:56:36::SCWBDomain::IVER=arm-none-eabi-ar" "COMPILER_FLAGS=  -O2 -c" "EXTRA_COMPILER_FLAGS=-mcpu=cortex-a9 -mfpu=vfpv3 -mfloat-abi=hard -nostartfil
TRACE::2025-02-28.09:56:36::SCWBDomain::es -g -Wall -Wextra"

TRACE::2025-02-28.09:56:36::SCWBDomain::make[2]: Entering directory 'C:/Users/oparker/workspace/design_1_wrapper/zynq_fsbl/zynq_fsbl_bsp/ps7_cortexa9_0/libsrc/vtc_v8_2
TRACE::2025-02-28.09:56:36::SCWBDomain::/src'

TRACE::2025-02-28.09:56:36::SCWBDomain::"Compiling video timing controller"

TRACE::2025-02-28.09:56:36::SCWBDomain::make[3]: Entering directory 'C:/Users/oparker/workspace/design_1_wrapper/zynq_fsbl/zynq_fsbl_bsp/ps7_cortexa9_0/libsrc/vtc_v8_2
TRACE::2025-02-28.09:56:36::SCWBDomain::/src'

TRACE::2025-02-28.09:56:36::SCWBDomain::make[3]: Leaving directory 'C:/Users/oparker/workspace/design_1_wrapper/zynq_fsbl/zynq_fsbl_bsp/ps7_cortexa9_0/libsrc/vtc_v8_2/
TRACE::2025-02-28.09:56:36::SCWBDomain::src'

TRACE::2025-02-28.09:56:36::SCWBDomain::make[2]: Leaving directory 'C:/Users/oparker/workspace/design_1_wrapper/zynq_fsbl/zynq_fsbl_bsp/ps7_cortexa9_0/libsrc/vtc_v8_2/
TRACE::2025-02-28.09:56:36::SCWBDomain::src'

TRACE::2025-02-28.09:56:36::SCWBDomain::"Running Make libs in ps7_cortexa9_0/libsrc/xadcps_v2_4/src"

TRACE::2025-02-28.09:56:36::SCWBDomain::make -C ps7_cortexa9_0/libsrc/xadcps_v2_4/src -s libs  "SHELL=CMD" "COMPILER=arm-none-eabi-gcc" "ASSEMBLER=arm-none-eabi-as" "A
TRACE::2025-02-28.09:56:36::SCWBDomain::RCHIVER=arm-none-eabi-ar" "COMPILER_FLAGS=  -O2 -c" "EXTRA_COMPILER_FLAGS=-mcpu=cortex-a9 -mfpu=vfpv3 -mfloat-abi=hard -nostart
TRACE::2025-02-28.09:56:36::SCWBDomain::files -g -Wall -Wextra"

TRACE::2025-02-28.09:56:36::SCWBDomain::make[2]: Entering directory 'C:/Users/oparker/workspace/design_1_wrapper/zynq_fsbl/zynq_fsbl_bsp/ps7_cortexa9_0/libsrc/xadcps_v
TRACE::2025-02-28.09:56:36::SCWBDomain::2_4/src'

TRACE::2025-02-28.09:56:36::SCWBDomain::"Compiling xadcps"

TRACE::2025-02-28.09:56:37::SCWBDomain::make[2]: Leaving directory 'C:/Users/oparker/workspace/design_1_wrapper/zynq_fsbl/zynq_fsbl_bsp/ps7_cortexa9_0/libsrc/xadcps_v2
TRACE::2025-02-28.09:56:37::SCWBDomain::_4/src'

TRACE::2025-02-28.09:56:37::SCWBDomain::"Running Make libs in ps7_cortexa9_0/libsrc/xilffs_v4_3/src"

TRACE::2025-02-28.09:56:37::SCWBDomain::make -C ps7_cortexa9_0/libsrc/xilffs_v4_3/src -s libs  "SHELL=CMD" "COMPILER=arm-none-eabi-gcc" "ASSEMBLER=arm-none-eabi-as" "A
TRACE::2025-02-28.09:56:37::SCWBDomain::RCHIVER=arm-none-eabi-ar" "COMPILER_FLAGS=  -O2 -c" "EXTRA_COMPILER_FLAGS=-mcpu=cortex-a9 -mfpu=vfpv3 -mfloat-abi=hard -nostart
TRACE::2025-02-28.09:56:37::SCWBDomain::files -g -Wall -Wextra"

TRACE::2025-02-28.09:56:37::SCWBDomain::make[2]: Entering directory 'C:/Users/oparker/workspace/design_1_wrapper/zynq_fsbl/zynq_fsbl_bsp/ps7_cortexa9_0/libsrc/xilffs_v
TRACE::2025-02-28.09:56:37::SCWBDomain::4_3/src'

TRACE::2025-02-28.09:56:37::SCWBDomain::"Compiling XilFFs Library"

TRACE::2025-02-28.09:56:38::SCWBDomain::make[2]: Leaving directory 'C:/Users/oparker/workspace/design_1_wrapper/zynq_fsbl/zynq_fsbl_bsp/ps7_cortexa9_0/libsrc/xilffs_v4
TRACE::2025-02-28.09:56:38::SCWBDomain::_3/src'

TRACE::2025-02-28.09:56:38::SCWBDomain::"Running Make libs in ps7_cortexa9_0/libsrc/xilrsa_v1_6/src"

TRACE::2025-02-28.09:56:38::SCWBDomain::make -C ps7_cortexa9_0/libsrc/xilrsa_v1_6/src -s libs  "SHELL=CMD" "COMPILER=arm-none-eabi-gcc" "ASSEMBLER=arm-none-eabi-as" "A
TRACE::2025-02-28.09:56:38::SCWBDomain::RCHIVER=arm-none-eabi-ar" "COMPILER_FLAGS=  -O2 -c" "EXTRA_COMPILER_FLAGS=-mcpu=cortex-a9 -mfpu=vfpv3 -mfloat-abi=hard -nostart
TRACE::2025-02-28.09:56:38::SCWBDomain::files -g -Wall -Wextra"

TRACE::2025-02-28.09:56:38::SCWBDomain::make[2]: Entering directory 'C:/Users/oparker/workspace/design_1_wrapper/zynq_fsbl/zynq_fsbl_bsp/ps7_cortexa9_0/libsrc/xilrsa_v
TRACE::2025-02-28.09:56:38::SCWBDomain::1_6/src'

TRACE::2025-02-28.09:56:38::SCWBDomain::make[2]: Leaving directory 'C:/Users/oparker/workspace/design_1_wrapper/zynq_fsbl/zynq_fsbl_bsp/ps7_cortexa9_0/libsrc/xilrsa_v1
TRACE::2025-02-28.09:56:38::SCWBDomain::_6/src'

TRACE::2025-02-28.09:56:38::SCWBDomain::'Finished building libraries'

TRACE::2025-02-28.09:56:38::SCWBDomain::make[1]: Leaving directory 'C:/Users/oparker/workspace/design_1_wrapper/zynq_fsbl/zynq_fsbl_bsp'

TRACE::2025-02-28.09:56:38::SCWBDomain::arm-none-eabi-gcc -MMD -MP       -mcpu=cortex-a9 -mfpu=vfpv3 -mfloat-abi=hard   -O2 -c -c sd.c -o sd.o -Izynq_fsbl_bsp/ps7_cort
TRACE::2025-02-28.09:56:38::SCWBDomain::exa9_0/include -I.

TRACE::2025-02-28.09:56:38::SCWBDomain::arm-none-eabi-gcc -MMD -MP       -mcpu=cortex-a9 -mfpu=vfpv3 -mfloat-abi=hard   -O2 -c -c nand.c -o nand.o -Izynq_fsbl_bsp/ps7_
TRACE::2025-02-28.09:56:38::SCWBDomain::cortexa9_0/include -I.

TRACE::2025-02-28.09:56:38::SCWBDomain::arm-none-eabi-gcc -MMD -MP       -mcpu=cortex-a9 -mfpu=vfpv3 -mfloat-abi=hard   -O2 -c -c nor.c -o nor.o -Izynq_fsbl_bsp/ps7_co
TRACE::2025-02-28.09:56:38::SCWBDomain::rtexa9_0/include -I.

TRACE::2025-02-28.09:56:38::SCWBDomain::arm-none-eabi-gcc -MMD -MP       -mcpu=cortex-a9 -mfpu=vfpv3 -mfloat-abi=hard   -O2 -c -c image_mover.c -o image_mover.o -Izynq
TRACE::2025-02-28.09:56:38::SCWBDomain::_fsbl_bsp/ps7_cortexa9_0/include -I.

TRACE::2025-02-28.09:56:38::SCWBDomain::arm-none-eabi-gcc -MMD -MP       -mcpu=cortex-a9 -mfpu=vfpv3 -mfloat-abi=hard   -O2 -c -c md5.c -o md5.o -Izynq_fsbl_bsp/ps7_co
TRACE::2025-02-28.09:56:38::SCWBDomain::rtexa9_0/include -I.

TRACE::2025-02-28.09:56:38::SCWBDomain::arm-none-eabi-gcc -MMD -MP       -mcpu=cortex-a9 -mfpu=vfpv3 -mfloat-abi=hard   -O2 -c -c fsbl_hooks.c -o fsbl_hooks.o -Izynq_f
TRACE::2025-02-28.09:56:38::SCWBDomain::sbl_bsp/ps7_cortexa9_0/include -I.

TRACE::2025-02-28.09:56:38::SCWBDomain::arm-none-eabi-gcc -MMD -MP       -mcpu=cortex-a9 -mfpu=vfpv3 -mfloat-abi=hard   -O2 -c -c main.c -o main.o -Izynq_fsbl_bsp/ps7_
TRACE::2025-02-28.09:56:38::SCWBDomain::cortexa9_0/include -I.

TRACE::2025-02-28.09:56:38::SCWBDomain::arm-none-eabi-gcc -MMD -MP       -mcpu=cortex-a9 -mfpu=vfpv3 -mfloat-abi=hard   -O2 -c -c rsa.c -o rsa.o -Izynq_fsbl_bsp/ps7_co
TRACE::2025-02-28.09:56:38::SCWBDomain::rtexa9_0/include -I.

TRACE::2025-02-28.09:56:38::SCWBDomain::arm-none-eabi-gcc -MMD -MP       -mcpu=cortex-a9 -mfpu=vfpv3 -mfloat-abi=hard   -O2 -c -c qspi.c -o qspi.o -Izynq_fsbl_bsp/ps7_
TRACE::2025-02-28.09:56:38::SCWBDomain::cortexa9_0/include -I.

TRACE::2025-02-28.09:56:38::SCWBDomain::arm-none-eabi-gcc -MMD -MP       -mcpu=cortex-a9 -mfpu=vfpv3 -mfloat-abi=hard   -O2 -c -c ps7_init.c -o ps7_init.o -Izynq_fsbl_
TRACE::2025-02-28.09:56:38::SCWBDomain::bsp/ps7_cortexa9_0/include -I.

TRACE::2025-02-28.09:56:38::SCWBDomain::arm-none-eabi-gcc -MMD -MP       -mcpu=cortex-a9 -mfpu=vfpv3 -mfloat-abi=hard   -O2 -c -c pcap.c -o pcap.o -Izynq_fsbl_bsp/ps7_
TRACE::2025-02-28.09:56:38::SCWBDomain::cortexa9_0/include -I.

TRACE::2025-02-28.09:56:38::SCWBDomain::arm-none-eabi-gcc -MMD -MP       -mcpu=cortex-a9 -mfpu=vfpv3 -mfloat-abi=hard   -O2 -c -c fsbl_handoff.S -o fsbl_handoff.o -Izy
TRACE::2025-02-28.09:56:38::SCWBDomain::nq_fsbl_bsp/ps7_cortexa9_0/include -I.

TRACE::2025-02-28.09:56:39::SCWBDomain::arm-none-eabi-gcc -o executable.elf  sd.o  nand.o  nor.o  image_mover.o  md5.o  fsbl_hooks.o  main.o  rsa.o  qspi.o  ps7_init.o
TRACE::2025-02-28.09:56:39::SCWBDomain::  pcap.o  fsbl_handoff.o -MMD -MP       -mcpu=cortex-a9 -mfpu=vfpv3 -mfloat-abi=hard   -mcpu=cortex-a9 -mfpu=vfpv3 -mfloat-abi=
TRACE::2025-02-28.09:56:39::SCWBDomain::hard -Wl,-build-id=none -specs=Xilinx.spec  -lrsa -Wl,--start-group,-lxil,-lgcc,-lc,--end-group -Wl,--start-group,-lxilffs,-lxi
TRACE::2025-02-28.09:56:39::SCWBDomain::l,-lgcc,-lc,--end-group -Wl,--start-group,-lrsa,-lxil,-lgcc,-lc,--end-group                                          -Wl,--gc-s
TRACE::2025-02-28.09:56:39::SCWBDomain::ections -Lzynq_fsbl_bsp/ps7_cortexa9_0/lib -L./ -Tlscript.ld

LOG::2025-02-28.09:56:39::SCWSystem::Checking the domain domain_ps7_cortexa9_0
LOG::2025-02-28.09:56:39::SCWSystem::Not a boot domain 
LOG::2025-02-28.09:56:39::SCWSystem::Started Processing the domain domain_ps7_cortexa9_0
TRACE::2025-02-28.09:56:39::SCWDomain::Generating domain artifcats
TRACE::2025-02-28.09:56:39::SCWMssOS::Generating standalone artifcats
TRACE::2025-02-28.09:56:39::SCWMssOS::Copying the qemu file from  C:/Xilinx/Vitis/2020.1/data/emulation/platforms/zynq/qemu/qemu_args.txt To C:/Users/oparker/workspace/design_1_wrapper/export/design_1_wrapper/sw/design_1_wrapper/qemu/
TRACE::2025-02-28.09:56:39::SCWMssOS::Copying the qemu file from  C:/Xilinx/Vitis/2020.1/data/emulation/platforms/zynq/qemu/qemu_args.txt To C:/Users/oparker/workspace/design_1_wrapper/export/design_1_wrapper/sw/design_1_wrapper/domain_ps7_cortexa9_0/qemu/
TRACE::2025-02-28.09:56:39::SCWMssOS:: Copying the user libraries. 
TRACE::2025-02-28.09:56:39::SCWPlatform::Trying to open the hw design at C:/Users/oparker/workspace/design_1_wrapper/hw/design_1_wrapper.xsa
TRACE::2025-02-28.09:56:39::SCWPlatform::DSA given C:/Users/oparker/workspace/design_1_wrapper/hw/design_1_wrapper.xsa
TRACE::2025-02-28.09:56:39::SCWPlatform::DSA absoulate path C:/Users/oparker/workspace/design_1_wrapper/hw/design_1_wrapper.xsa
TRACE::2025-02-28.09:56:39::SCWPlatform::DSA directory C:/Users/oparker/workspace/design_1_wrapper/hw
TRACE::2025-02-28.09:56:39::SCWPlatform:: Platform Path C:/Users/oparker/workspace/design_1_wrapper/hw/design_1_wrapper.xsa
TRACE::2025-02-28.09:56:39::SCWPlatform:: Unique name xilinx:zed::0.0
TRACE::2025-02-28.09:56:39::SCWPlatform::Trying to set the existing hwdb with name design_1_wrapper_6
TRACE::2025-02-28.09:56:39::SCWPlatform::Opened existing hwdb design_1_wrapper_6
TRACE::2025-02-28.09:56:39::SCWPlatform::Found the Hw Db part of the input DSA
TRACE::2025-02-28.09:56:39::SCWMssOS::Checking the sw design at  C:/Users/oparker/workspace/design_1_wrapper/ps7_cortexa9_0/domain_ps7_cortexa9_0/bsp/system.mss
TRACE::2025-02-28.09:56:39::SCWMssOS::DEBUG:  swdes dump  C:/Users/oparker/workspace/TPG/zynq_fsbl/zynq_fsbl_bsp/system.mss|system||
C:/Users/oparker/workspace/design_1_wrapper/ps7_cortexa9_0/domain_ps7_cortexa9_0/bsp/system.mss|system_1||
C:/Users/oparker/workspace/design_1_wrapper/zynq_fsbl/zynq_fsbl_bsp/system.mss|system_0||

KEYINFO::2025-02-28.09:56:39::SCWMssOS::Could not open the swdb for system_1
KEYINFO::2025-02-28.09:56:39::SCWMssOS::Could not open the sw design at  system_1
ERROR: [Hsi 55-1558] Software Design system_1 is not found

TRACE::2025-02-28.09:56:39::SCWMssOS::Cleared the swdb table entry
TRACE::2025-02-28.09:56:39::SCWMssOS::No sw design opened at  C:/Users/oparker/workspace/design_1_wrapper/ps7_cortexa9_0/domain_ps7_cortexa9_0/bsp/system.mss
TRACE::2025-02-28.09:56:39::SCWMssOS::mss exists loading the mss file  C:/Users/oparker/workspace/design_1_wrapper/ps7_cortexa9_0/domain_ps7_cortexa9_0/bsp/system.mss
TRACE::2025-02-28.09:56:39::SCWMssOS::Opened the sw design from mss  C:/Users/oparker/workspace/design_1_wrapper/ps7_cortexa9_0/domain_ps7_cortexa9_0/bsp/system.mss
TRACE::2025-02-28.09:56:39::SCWMssOS::Adding the swdes entry C:/Users/oparker/workspace/design_1_wrapper/ps7_cortexa9_0/domain_ps7_cortexa9_0/bsp/system.mss with des name system_1
TRACE::2025-02-28.09:56:39::SCWMssOS::updating the scw layer about changes
TRACE::2025-02-28.09:56:39::SCWMssOS::Opened the sw design.  C:/Users/oparker/workspace/design_1_wrapper/ps7_cortexa9_0/domain_ps7_cortexa9_0/bsp/system.mss
TRACE::2025-02-28.09:56:39::SCWMssOS::Completed writing the mss file at C:/Users/oparker/workspace/design_1_wrapper/ps7_cortexa9_0/domain_ps7_cortexa9_0/bsp
TRACE::2025-02-28.09:56:39::SCWMssOS::Mss edits present, copying mssfile into export location C:/Users/oparker/workspace/design_1_wrapper/ps7_cortexa9_0/domain_ps7_cortexa9_0/bsp/system.mss
TRACE::2025-02-28.09:56:39::SCWMssOS::bsp generated is upto date with the mss file. Skipping bsp generation.
TRACE::2025-02-28.09:56:39::SCWMssOS::BSP is already built. skipping the bsp build ... 
TRACE::2025-02-28.09:56:39::SCWDomain::Building the domain as part of full build :  domain_ps7_cortexa9_0
TRACE::2025-02-28.09:56:39::SCWMssOS::doing bsp build ... 
TRACE::2025-02-28.09:56:39::SCWMssOS::System Command Ran  C: & cd  C:/Users/oparker/workspace/design_1_wrapper/ps7_cortexa9_0/domain_ps7_cortexa9_0/bsp & make 
TRACE::2025-02-28.09:56:39::SCWMssOS::"Running Make include in ps7_cortexa9_0/libsrc/axivdma_v6_7/src"

TRACE::2025-02-28.09:56:39::SCWMssOS::make -C ps7_cortexa9_0/libsrc/axivdma_v6_7/src -s include  "SHELL=CMD" "COMPILER=arm-none-eabi-gcc" "ASSEMBLER=arm-none-eabi-as
TRACE::2025-02-28.09:56:39::SCWMssOS::" "ARCHIVER=arm-none-eabi-ar" "COMPILER_FLAGS=  -O2 -c" "EXTRA_COMPILER_FLAGS=-mcpu=cortex-a9 -mfpu=vfpv3 -mfloat-abi=hard -nos
TRACE::2025-02-28.09:56:39::SCWMssOS::tartfiles -g -Wall -Wextra"

TRACE::2025-02-28.09:56:39::SCWMssOS::"Running Make include in ps7_cortexa9_0/libsrc/coresightps_dcc_v1_7/src"

TRACE::2025-02-28.09:56:39::SCWMssOS::make -C ps7_cortexa9_0/libsrc/coresightps_dcc_v1_7/src -s include  "SHELL=CMD" "COMPILER=arm-none-eabi-gcc" "ASSEMBLER=arm-none
TRACE::2025-02-28.09:56:39::SCWMssOS::-eabi-as" "ARCHIVER=arm-none-eabi-ar" "COMPILER_FLAGS=  -O2 -c" "EXTRA_COMPILER_FLAGS=-mcpu=cortex-a9 -mfpu=vfpv3 -mfloat-abi=h
TRACE::2025-02-28.09:56:39::SCWMssOS::ard -nostartfiles -g -Wall -Wextra"

TRACE::2025-02-28.09:56:39::SCWMssOS::"Running Make include in ps7_cortexa9_0/libsrc/cpu_cortexa9_v2_9/src"

TRACE::2025-02-28.09:56:39::SCWMssOS::make -C ps7_cortexa9_0/libsrc/cpu_cortexa9_v2_9/src -s include  "SHELL=CMD" "COMPILER=arm-none-eabi-gcc" "ASSEMBLER=arm-none-ea
TRACE::2025-02-28.09:56:39::SCWMssOS::bi-as" "ARCHIVER=arm-none-eabi-ar" "COMPILER_FLAGS=  -O2 -c" "EXTRA_COMPILER_FLAGS=-mcpu=cortex-a9 -mfpu=vfpv3 -mfloat-abi=hard
TRACE::2025-02-28.09:56:39::SCWMssOS:: -nostartfiles -g -Wall -Wextra"

TRACE::2025-02-28.09:56:39::SCWMssOS::"Running Make include in ps7_cortexa9_0/libsrc/ddrps_v1_1/src"

TRACE::2025-02-28.09:56:39::SCWMssOS::make -C ps7_cortexa9_0/libsrc/ddrps_v1_1/src -s include  "SHELL=CMD" "COMPILER=arm-none-eabi-gcc" "ASSEMBLER=arm-none-eabi-as" 
TRACE::2025-02-28.09:56:39::SCWMssOS::"ARCHIVER=arm-none-eabi-ar" "COMPILER_FLAGS=  -O2 -c" "EXTRA_COMPILER_FLAGS=-mcpu=cortex-a9 -mfpu=vfpv3 -mfloat-abi=hard -nosta
TRACE::2025-02-28.09:56:39::SCWMssOS::rtfiles -g -Wall -Wextra"

TRACE::2025-02-28.09:56:39::SCWMssOS::"Running Make include in ps7_cortexa9_0/libsrc/devcfg_v3_6/src"

TRACE::2025-02-28.09:56:39::SCWMssOS::make -C ps7_cortexa9_0/libsrc/devcfg_v3_6/src -s include  "SHELL=CMD" "COMPILER=arm-none-eabi-gcc" "ASSEMBLER=arm-none-eabi-as"
TRACE::2025-02-28.09:56:39::SCWMssOS:: "ARCHIVER=arm-none-eabi-ar" "COMPILER_FLAGS=  -O2 -c" "EXTRA_COMPILER_FLAGS=-mcpu=cortex-a9 -mfpu=vfpv3 -mfloat-abi=hard -nost
TRACE::2025-02-28.09:56:39::SCWMssOS::artfiles -g -Wall -Wextra"

TRACE::2025-02-28.09:56:39::SCWMssOS::"Running Make include in ps7_cortexa9_0/libsrc/dmaps_v2_6/src"

TRACE::2025-02-28.09:56:39::SCWMssOS::make -C ps7_cortexa9_0/libsrc/dmaps_v2_6/src -s include  "SHELL=CMD" "COMPILER=arm-none-eabi-gcc" "ASSEMBLER=arm-none-eabi-as" 
TRACE::2025-02-28.09:56:39::SCWMssOS::"ARCHIVER=arm-none-eabi-ar" "COMPILER_FLAGS=  -O2 -c" "EXTRA_COMPILER_FLAGS=-mcpu=cortex-a9 -mfpu=vfpv3 -mfloat-abi=hard -nosta
TRACE::2025-02-28.09:56:39::SCWMssOS::rtfiles -g -Wall -Wextra"

TRACE::2025-02-28.09:56:39::SCWMssOS::"Running Make include in ps7_cortexa9_0/libsrc/emacps_v3_11/src"

TRACE::2025-02-28.09:56:39::SCWMssOS::make -C ps7_cortexa9_0/libsrc/emacps_v3_11/src -s include  "SHELL=CMD" "COMPILER=arm-none-eabi-gcc" "ASSEMBLER=arm-none-eabi-as
TRACE::2025-02-28.09:56:39::SCWMssOS::" "ARCHIVER=arm-none-eabi-ar" "COMPILER_FLAGS=  -O2 -c" "EXTRA_COMPILER_FLAGS=-mcpu=cortex-a9 -mfpu=vfpv3 -mfloat-abi=hard -nos
TRACE::2025-02-28.09:56:39::SCWMssOS::tartfiles -g -Wall -Wextra"

TRACE::2025-02-28.09:56:39::SCWMssOS::"Running Make include in ps7_cortexa9_0/libsrc/fmc_iic_sw_v2_03_a/src"

TRACE::2025-02-28.09:56:39::SCWMssOS::make -C ps7_cortexa9_0/libsrc/fmc_iic_sw_v2_03_a/src -s include  "SHELL=CMD" "COMPILER=arm-none-eabi-gcc" "ASSEMBLER=arm-none-e
TRACE::2025-02-28.09:56:39::SCWMssOS::abi-as" "ARCHIVER=arm-none-eabi-ar" "COMPILER_FLAGS=  -O2 -c" "EXTRA_COMPILER_FLAGS=-mcpu=cortex-a9 -mfpu=vfpv3 -mfloat-abi=har
TRACE::2025-02-28.09:56:39::SCWMssOS::d -nostartfiles -g -Wall -Wextra"

TRACE::2025-02-28.09:56:39::SCWMssOS::"Running Make include in ps7_cortexa9_0/libsrc/fmc_imageon_sw_v2_01_a/src"

TRACE::2025-02-28.09:56:39::SCWMssOS::make -C ps7_cortexa9_0/libsrc/fmc_imageon_sw_v2_01_a/src -s include  "SHELL=CMD" "COMPILER=arm-none-eabi-gcc" "ASSEMBLER=arm-no
TRACE::2025-02-28.09:56:39::SCWMssOS::ne-eabi-as" "ARCHIVER=arm-none-eabi-ar" "COMPILER_FLAGS=  -O2 -c" "EXTRA_COMPILER_FLAGS=-mcpu=cortex-a9 -mfpu=vfpv3 -mfloat-abi
TRACE::2025-02-28.09:56:39::SCWMssOS::=hard -nostartfiles -g -Wall -Wextra"

TRACE::2025-02-28.09:56:39::SCWMssOS::"Running Make include in ps7_cortexa9_0/libsrc/fmc_ipmi_sw_v2_02_a/src"

TRACE::2025-02-28.09:56:39::SCWMssOS::make -C ps7_cortexa9_0/libsrc/fmc_ipmi_sw_v2_02_a/src -s include  "SHELL=CMD" "COMPILER=arm-none-eabi-gcc" "ASSEMBLER=arm-none-
TRACE::2025-02-28.09:56:39::SCWMssOS::eabi-as" "ARCHIVER=arm-none-eabi-ar" "COMPILER_FLAGS=  -O2 -c" "EXTRA_COMPILER_FLAGS=-mcpu=cortex-a9 -mfpu=vfpv3 -mfloat-abi=ha
TRACE::2025-02-28.09:56:39::SCWMssOS::rd -nostartfiles -g -Wall -Wextra"

TRACE::2025-02-28.09:56:39::SCWMssOS::"Running Make include in ps7_cortexa9_0/libsrc/gpiops_v3_7/src"

TRACE::2025-02-28.09:56:39::SCWMssOS::make -C ps7_cortexa9_0/libsrc/gpiops_v3_7/src -s include  "SHELL=CMD" "COMPILER=arm-none-eabi-gcc" "ASSEMBLER=arm-none-eabi-as"
TRACE::2025-02-28.09:56:39::SCWMssOS:: "ARCHIVER=arm-none-eabi-ar" "COMPILER_FLAGS=  -O2 -c" "EXTRA_COMPILER_FLAGS=-mcpu=cortex-a9 -mfpu=vfpv3 -mfloat-abi=hard -nost
TRACE::2025-02-28.09:56:39::SCWMssOS::artfiles -g -Wall -Wextra"

TRACE::2025-02-28.09:56:40::SCWMssOS::"Running Make include in ps7_cortexa9_0/libsrc/iic_v3_6/src"

TRACE::2025-02-28.09:56:40::SCWMssOS::make -C ps7_cortexa9_0/libsrc/iic_v3_6/src -s include  "SHELL=CMD" "COMPILER=arm-none-eabi-gcc" "ASSEMBLER=arm-none-eabi-as" "A
TRACE::2025-02-28.09:56:40::SCWMssOS::RCHIVER=arm-none-eabi-ar" "COMPILER_FLAGS=  -O2 -c" "EXTRA_COMPILER_FLAGS=-mcpu=cortex-a9 -mfpu=vfpv3 -mfloat-abi=hard -nostart
TRACE::2025-02-28.09:56:40::SCWMssOS::files -g -Wall -Wextra"

TRACE::2025-02-28.09:56:40::SCWMssOS::"Running Make include in ps7_cortexa9_0/libsrc/onsemi_vita_sw_v3_3/src"

TRACE::2025-02-28.09:56:40::SCWMssOS::make -C ps7_cortexa9_0/libsrc/onsemi_vita_sw_v3_3/src -s include  "SHELL=CMD" "COMPILER=arm-none-eabi-gcc" "ASSEMBLER=arm-none-
TRACE::2025-02-28.09:56:40::SCWMssOS::eabi-as" "ARCHIVER=arm-none-eabi-ar" "COMPILER_FLAGS=  -O2 -c" "EXTRA_COMPILER_FLAGS=-mcpu=cortex-a9 -mfpu=vfpv3 -mfloat-abi=ha
TRACE::2025-02-28.09:56:40::SCWMssOS::rd -nostartfiles -g -Wall -Wextra"

TRACE::2025-02-28.09:56:40::SCWMssOS::"Running Make include in ps7_cortexa9_0/libsrc/qspips_v3_7/src"

TRACE::2025-02-28.09:56:40::SCWMssOS::make -C ps7_cortexa9_0/libsrc/qspips_v3_7/src -s include  "SHELL=CMD" "COMPILER=arm-none-eabi-gcc" "ASSEMBLER=arm-none-eabi-as"
TRACE::2025-02-28.09:56:40::SCWMssOS:: "ARCHIVER=arm-none-eabi-ar" "COMPILER_FLAGS=  -O2 -c" "EXTRA_COMPILER_FLAGS=-mcpu=cortex-a9 -mfpu=vfpv3 -mfloat-abi=hard -nost
TRACE::2025-02-28.09:56:40::SCWMssOS::artfiles -g -Wall -Wextra"

TRACE::2025-02-28.09:56:40::SCWMssOS::"Running Make include in ps7_cortexa9_0/libsrc/scugic_v4_2/src"

TRACE::2025-02-28.09:56:40::SCWMssOS::make -C ps7_cortexa9_0/libsrc/scugic_v4_2/src -s include  "SHELL=CMD" "COMPILER=arm-none-eabi-gcc" "ASSEMBLER=arm-none-eabi-as"
TRACE::2025-02-28.09:56:40::SCWMssOS:: "ARCHIVER=arm-none-eabi-ar" "COMPILER_FLAGS=  -O2 -c" "EXTRA_COMPILER_FLAGS=-mcpu=cortex-a9 -mfpu=vfpv3 -mfloat-abi=hard -nost
TRACE::2025-02-28.09:56:40::SCWMssOS::artfiles -g -Wall -Wextra"

TRACE::2025-02-28.09:56:40::SCWMssOS::"Running Make include in ps7_cortexa9_0/libsrc/scutimer_v2_2/src"

TRACE::2025-02-28.09:56:40::SCWMssOS::make -C ps7_cortexa9_0/libsrc/scutimer_v2_2/src -s include  "SHELL=CMD" "COMPILER=arm-none-eabi-gcc" "ASSEMBLER=arm-none-eabi-a
TRACE::2025-02-28.09:56:40::SCWMssOS::s" "ARCHIVER=arm-none-eabi-ar" "COMPILER_FLAGS=  -O2 -c" "EXTRA_COMPILER_FLAGS=-mcpu=cortex-a9 -mfpu=vfpv3 -mfloat-abi=hard -no
TRACE::2025-02-28.09:56:40::SCWMssOS::startfiles -g -Wall -Wextra"

TRACE::2025-02-28.09:56:40::SCWMssOS::"Running Make include in ps7_cortexa9_0/libsrc/scuwdt_v2_2/src"

TRACE::2025-02-28.09:56:40::SCWMssOS::make -C ps7_cortexa9_0/libsrc/scuwdt_v2_2/src -s include  "SHELL=CMD" "COMPILER=arm-none-eabi-gcc" "ASSEMBLER=arm-none-eabi-as"
TRACE::2025-02-28.09:56:40::SCWMssOS:: "ARCHIVER=arm-none-eabi-ar" "COMPILER_FLAGS=  -O2 -c" "EXTRA_COMPILER_FLAGS=-mcpu=cortex-a9 -mfpu=vfpv3 -mfloat-abi=hard -nost
TRACE::2025-02-28.09:56:40::SCWMssOS::artfiles -g -Wall -Wextra"

TRACE::2025-02-28.09:56:40::SCWMssOS::"Running Make include in ps7_cortexa9_0/libsrc/sdps_v3_9/src"

TRACE::2025-02-28.09:56:40::SCWMssOS::make -C ps7_cortexa9_0/libsrc/sdps_v3_9/src -s include  "SHELL=CMD" "COMPILER=arm-none-eabi-gcc" "ASSEMBLER=arm-none-eabi-as" "
TRACE::2025-02-28.09:56:40::SCWMssOS::ARCHIVER=arm-none-eabi-ar" "COMPILER_FLAGS=  -O2 -c" "EXTRA_COMPILER_FLAGS=-mcpu=cortex-a9 -mfpu=vfpv3 -mfloat-abi=hard -nostar
TRACE::2025-02-28.09:56:40::SCWMssOS::tfiles -g -Wall -Wextra"

TRACE::2025-02-28.09:56:40::SCWMssOS::"Running Make include in ps7_cortexa9_0/libsrc/standalone_v7_2/src"

TRACE::2025-02-28.09:56:40::SCWMssOS::make -C ps7_cortexa9_0/libsrc/standalone_v7_2/src -s include  "SHELL=CMD" "COMPILER=arm-none-eabi-gcc" "ASSEMBLER=arm-none-eabi
TRACE::2025-02-28.09:56:40::SCWMssOS::-as" "ARCHIVER=arm-none-eabi-ar" "COMPILER_FLAGS=  -O2 -c" "EXTRA_COMPILER_FLAGS=-mcpu=cortex-a9 -mfpu=vfpv3 -mfloat-abi=hard -
TRACE::2025-02-28.09:56:40::SCWMssOS::nostartfiles -g -Wall -Wextra"

TRACE::2025-02-28.09:56:40::SCWMssOS::"Running Make include in ps7_cortexa9_0/libsrc/ttcps_v3_11/src"

TRACE::2025-02-28.09:56:40::SCWMssOS::make -C ps7_cortexa9_0/libsrc/ttcps_v3_11/src -s include  "SHELL=CMD" "COMPILER=arm-none-eabi-gcc" "ASSEMBLER=arm-none-eabi-as"
TRACE::2025-02-28.09:56:40::SCWMssOS:: "ARCHIVER=arm-none-eabi-ar" "COMPILER_FLAGS=  -O2 -c" "EXTRA_COMPILER_FLAGS=-mcpu=cortex-a9 -mfpu=vfpv3 -mfloat-abi=hard -nost
TRACE::2025-02-28.09:56:40::SCWMssOS::artfiles -g -Wall -Wextra"

TRACE::2025-02-28.09:56:40::SCWMssOS::"Running Make include in ps7_cortexa9_0/libsrc/uartps_v3_9/src"

TRACE::2025-02-28.09:56:40::SCWMssOS::make -C ps7_cortexa9_0/libsrc/uartps_v3_9/src -s include  "SHELL=CMD" "COMPILER=arm-none-eabi-gcc" "ASSEMBLER=arm-none-eabi-as"
TRACE::2025-02-28.09:56:40::SCWMssOS:: "ARCHIVER=arm-none-eabi-ar" "COMPILER_FLAGS=  -O2 -c" "EXTRA_COMPILER_FLAGS=-mcpu=cortex-a9 -mfpu=vfpv3 -mfloat-abi=hard -nost
TRACE::2025-02-28.09:56:40::SCWMssOS::artfiles -g -Wall -Wextra"

TRACE::2025-02-28.09:56:40::SCWMssOS::"Running Make include in ps7_cortexa9_0/libsrc/usbps_v2_5/src"

TRACE::2025-02-28.09:56:40::SCWMssOS::make -C ps7_cortexa9_0/libsrc/usbps_v2_5/src -s include  "SHELL=CMD" "COMPILER=arm-none-eabi-gcc" "ASSEMBLER=arm-none-eabi-as" 
TRACE::2025-02-28.09:56:40::SCWMssOS::"ARCHIVER=arm-none-eabi-ar" "COMPILER_FLAGS=  -O2 -c" "EXTRA_COMPILER_FLAGS=-mcpu=cortex-a9 -mfpu=vfpv3 -mfloat-abi=hard -nosta
TRACE::2025-02-28.09:56:40::SCWMssOS::rtfiles -g -Wall -Wextra"

TRACE::2025-02-28.09:56:41::SCWMssOS::"Running Make include in ps7_cortexa9_0/libsrc/vtc_v8_2/src"

TRACE::2025-02-28.09:56:41::SCWMssOS::make -C ps7_cortexa9_0/libsrc/vtc_v8_2/src -s include  "SHELL=CMD" "COMPILER=arm-none-eabi-gcc" "ASSEMBLER=arm-none-eabi-as" "A
TRACE::2025-02-28.09:56:41::SCWMssOS::RCHIVER=arm-none-eabi-ar" "COMPILER_FLAGS=  -O2 -c" "EXTRA_COMPILER_FLAGS=-mcpu=cortex-a9 -mfpu=vfpv3 -mfloat-abi=hard -nostart
TRACE::2025-02-28.09:56:41::SCWMssOS::files -g -Wall -Wextra"

TRACE::2025-02-28.09:56:41::SCWMssOS::"Running Make include in ps7_cortexa9_0/libsrc/xadcps_v2_4/src"

TRACE::2025-02-28.09:56:41::SCWMssOS::make -C ps7_cortexa9_0/libsrc/xadcps_v2_4/src -s include  "SHELL=CMD" "COMPILER=arm-none-eabi-gcc" "ASSEMBLER=arm-none-eabi-as"
TRACE::2025-02-28.09:56:41::SCWMssOS:: "ARCHIVER=arm-none-eabi-ar" "COMPILER_FLAGS=  -O2 -c" "EXTRA_COMPILER_FLAGS=-mcpu=cortex-a9 -mfpu=vfpv3 -mfloat-abi=hard -nost
TRACE::2025-02-28.09:56:41::SCWMssOS::artfiles -g -Wall -Wextra"

TRACE::2025-02-28.09:56:41::SCWMssOS::"Running Make libs in ps7_cortexa9_0/libsrc/axivdma_v6_7/src"

TRACE::2025-02-28.09:56:41::SCWMssOS::make -C ps7_cortexa9_0/libsrc/axivdma_v6_7/src -s libs  "SHELL=CMD" "COMPILER=arm-none-eabi-gcc" "ASSEMBLER=arm-none-eabi-as" "
TRACE::2025-02-28.09:56:41::SCWMssOS::ARCHIVER=arm-none-eabi-ar" "COMPILER_FLAGS=  -O2 -c" "EXTRA_COMPILER_FLAGS=-mcpu=cortex-a9 -mfpu=vfpv3 -mfloat-abi=hard -nostar
TRACE::2025-02-28.09:56:41::SCWMssOS::tfiles -g -Wall -Wextra"

TRACE::2025-02-28.09:56:41::SCWMssOS::"Compiling axivdma"

TRACE::2025-02-28.09:56:41::SCWMssOS::"Running Make libs in ps7_cortexa9_0/libsrc/coresightps_dcc_v1_7/src"

TRACE::2025-02-28.09:56:41::SCWMssOS::make -C ps7_cortexa9_0/libsrc/coresightps_dcc_v1_7/src -s libs  "SHELL=CMD" "COMPILER=arm-none-eabi-gcc" "ASSEMBLER=arm-none-ea
TRACE::2025-02-28.09:56:41::SCWMssOS::bi-as" "ARCHIVER=arm-none-eabi-ar" "COMPILER_FLAGS=  -O2 -c" "EXTRA_COMPILER_FLAGS=-mcpu=cortex-a9 -mfpu=vfpv3 -mfloat-abi=hard
TRACE::2025-02-28.09:56:41::SCWMssOS:: -nostartfiles -g -Wall -Wextra"

TRACE::2025-02-28.09:56:41::SCWMssOS::"Compiling coresightps_dcc"

TRACE::2025-02-28.09:56:41::SCWMssOS::"Running Make libs in ps7_cortexa9_0/libsrc/cpu_cortexa9_v2_9/src"

TRACE::2025-02-28.09:56:41::SCWMssOS::make -C ps7_cortexa9_0/libsrc/cpu_cortexa9_v2_9/src -s libs  "SHELL=CMD" "COMPILER=arm-none-eabi-gcc" "ASSEMBLER=arm-none-eabi-
TRACE::2025-02-28.09:56:41::SCWMssOS::as" "ARCHIVER=arm-none-eabi-ar" "COMPILER_FLAGS=  -O2 -c" "EXTRA_COMPILER_FLAGS=-mcpu=cortex-a9 -mfpu=vfpv3 -mfloat-abi=hard -n
TRACE::2025-02-28.09:56:41::SCWMssOS::ostartfiles -g -Wall -Wextra"

TRACE::2025-02-28.09:56:41::SCWMssOS::"Compiling cpu_cortexa9"

TRACE::2025-02-28.09:56:41::SCWMssOS::"Running Make libs in ps7_cortexa9_0/libsrc/ddrps_v1_1/src"

TRACE::2025-02-28.09:56:41::SCWMssOS::make -C ps7_cortexa9_0/libsrc/ddrps_v1_1/src -s libs  "SHELL=CMD" "COMPILER=arm-none-eabi-gcc" "ASSEMBLER=arm-none-eabi-as" "AR
TRACE::2025-02-28.09:56:41::SCWMssOS::CHIVER=arm-none-eabi-ar" "COMPILER_FLAGS=  -O2 -c" "EXTRA_COMPILER_FLAGS=-mcpu=cortex-a9 -mfpu=vfpv3 -mfloat-abi=hard -nostartf
TRACE::2025-02-28.09:56:41::SCWMssOS::iles -g -Wall -Wextra"

TRACE::2025-02-28.09:56:42::SCWMssOS::"Compiling ddrps"

TRACE::2025-02-28.09:56:42::SCWMssOS::"Running Make libs in ps7_cortexa9_0/libsrc/devcfg_v3_6/src"

TRACE::2025-02-28.09:56:42::SCWMssOS::make -C ps7_cortexa9_0/libsrc/devcfg_v3_6/src -s libs  "SHELL=CMD" "COMPILER=arm-none-eabi-gcc" "ASSEMBLER=arm-none-eabi-as" "A
TRACE::2025-02-28.09:56:42::SCWMssOS::RCHIVER=arm-none-eabi-ar" "COMPILER_FLAGS=  -O2 -c" "EXTRA_COMPILER_FLAGS=-mcpu=cortex-a9 -mfpu=vfpv3 -mfloat-abi=hard -nostart
TRACE::2025-02-28.09:56:42::SCWMssOS::files -g -Wall -Wextra"

TRACE::2025-02-28.09:56:42::SCWMssOS::"Compiling devcfg"

TRACE::2025-02-28.09:56:42::SCWMssOS::"Running Make libs in ps7_cortexa9_0/libsrc/dmaps_v2_6/src"

TRACE::2025-02-28.09:56:42::SCWMssOS::make -C ps7_cortexa9_0/libsrc/dmaps_v2_6/src -s libs  "SHELL=CMD" "COMPILER=arm-none-eabi-gcc" "ASSEMBLER=arm-none-eabi-as" "AR
TRACE::2025-02-28.09:56:42::SCWMssOS::CHIVER=arm-none-eabi-ar" "COMPILER_FLAGS=  -O2 -c" "EXTRA_COMPILER_FLAGS=-mcpu=cortex-a9 -mfpu=vfpv3 -mfloat-abi=hard -nostartf
TRACE::2025-02-28.09:56:42::SCWMssOS::iles -g -Wall -Wextra"

TRACE::2025-02-28.09:56:42::SCWMssOS::"Compiling dmaps"

TRACE::2025-02-28.09:56:43::SCWMssOS::"Running Make libs in ps7_cortexa9_0/libsrc/emacps_v3_11/src"

TRACE::2025-02-28.09:56:43::SCWMssOS::make -C ps7_cortexa9_0/libsrc/emacps_v3_11/src -s libs  "SHELL=CMD" "COMPILER=arm-none-eabi-gcc" "ASSEMBLER=arm-none-eabi-as" "
TRACE::2025-02-28.09:56:43::SCWMssOS::ARCHIVER=arm-none-eabi-ar" "COMPILER_FLAGS=  -O2 -c" "EXTRA_COMPILER_FLAGS=-mcpu=cortex-a9 -mfpu=vfpv3 -mfloat-abi=hard -nostar
TRACE::2025-02-28.09:56:43::SCWMssOS::tfiles -g -Wall -Wextra"

TRACE::2025-02-28.09:56:43::SCWMssOS::"Compiling emacps"

TRACE::2025-02-28.09:56:43::SCWMssOS::"Running Make libs in ps7_cortexa9_0/libsrc/fmc_iic_sw_v2_03_a/src"

TRACE::2025-02-28.09:56:43::SCWMssOS::make -C ps7_cortexa9_0/libsrc/fmc_iic_sw_v2_03_a/src -s libs  "SHELL=CMD" "COMPILER=arm-none-eabi-gcc" "ASSEMBLER=arm-none-eabi
TRACE::2025-02-28.09:56:43::SCWMssOS::-as" "ARCHIVER=arm-none-eabi-ar" "COMPILER_FLAGS=  -O2 -c" "EXTRA_COMPILER_FLAGS=-mcpu=cortex-a9 -mfpu=vfpv3 -mfloat-abi=hard -
TRACE::2025-02-28.09:56:43::SCWMssOS::nostartfiles -g -Wall -Wextra"

TRACE::2025-02-28.09:56:43::SCWMssOS::"Compiling fmc_iic_sw"

TRACE::2025-02-28.09:56:43::SCWMssOS::"Running Make libs in ps7_cortexa9_0/libsrc/fmc_imageon_sw_v2_01_a/src"

TRACE::2025-02-28.09:56:43::SCWMssOS::make -C ps7_cortexa9_0/libsrc/fmc_imageon_sw_v2_01_a/src -s libs  "SHELL=CMD" "COMPILER=arm-none-eabi-gcc" "ASSEMBLER=arm-none-
TRACE::2025-02-28.09:56:43::SCWMssOS::eabi-as" "ARCHIVER=arm-none-eabi-ar" "COMPILER_FLAGS=  -O2 -c" "EXTRA_COMPILER_FLAGS=-mcpu=cortex-a9 -mfpu=vfpv3 -mfloat-abi=ha
TRACE::2025-02-28.09:56:43::SCWMssOS::rd -nostartfiles -g -Wall -Wextra"

TRACE::2025-02-28.09:56:43::SCWMssOS::"Compiling fmc_imageon_sw"

TRACE::2025-02-28.09:56:44::SCWMssOS::"Running Make libs in ps7_cortexa9_0/libsrc/fmc_ipmi_sw_v2_02_a/src"

TRACE::2025-02-28.09:56:44::SCWMssOS::make -C ps7_cortexa9_0/libsrc/fmc_ipmi_sw_v2_02_a/src -s libs  "SHELL=CMD" "COMPILER=arm-none-eabi-gcc" "ASSEMBLER=arm-none-eab
TRACE::2025-02-28.09:56:44::SCWMssOS::i-as" "ARCHIVER=arm-none-eabi-ar" "COMPILER_FLAGS=  -O2 -c" "EXTRA_COMPILER_FLAGS=-mcpu=cortex-a9 -mfpu=vfpv3 -mfloat-abi=hard 
TRACE::2025-02-28.09:56:44::SCWMssOS::-nostartfiles -g -Wall -Wextra"

TRACE::2025-02-28.09:56:44::SCWMssOS::"Compiling fmc_ipmi_sw"

TRACE::2025-02-28.09:56:44::SCWMssOS::"Running Make libs in ps7_cortexa9_0/libsrc/gpiops_v3_7/src"

TRACE::2025-02-28.09:56:44::SCWMssOS::make -C ps7_cortexa9_0/libsrc/gpiops_v3_7/src -s libs  "SHELL=CMD" "COMPILER=arm-none-eabi-gcc" "ASSEMBLER=arm-none-eabi-as" "A
TRACE::2025-02-28.09:56:44::SCWMssOS::RCHIVER=arm-none-eabi-ar" "COMPILER_FLAGS=  -O2 -c" "EXTRA_COMPILER_FLAGS=-mcpu=cortex-a9 -mfpu=vfpv3 -mfloat-abi=hard -nostart
TRACE::2025-02-28.09:56:44::SCWMssOS::files -g -Wall -Wextra"

TRACE::2025-02-28.09:56:44::SCWMssOS::"Compiling gpiops"

TRACE::2025-02-28.09:56:45::SCWMssOS::"Running Make libs in ps7_cortexa9_0/libsrc/iic_v3_6/src"

TRACE::2025-02-28.09:56:45::SCWMssOS::make -C ps7_cortexa9_0/libsrc/iic_v3_6/src -s libs  "SHELL=CMD" "COMPILER=arm-none-eabi-gcc" "ASSEMBLER=arm-none-eabi-as" "ARCH
TRACE::2025-02-28.09:56:45::SCWMssOS::IVER=arm-none-eabi-ar" "COMPILER_FLAGS=  -O2 -c" "EXTRA_COMPILER_FLAGS=-mcpu=cortex-a9 -mfpu=vfpv3 -mfloat-abi=hard -nostartfil
TRACE::2025-02-28.09:56:45::SCWMssOS::es -g -Wall -Wextra"

TRACE::2025-02-28.09:56:45::SCWMssOS::"Compiling iic"

TRACE::2025-02-28.09:56:46::SCWMssOS::"Running Make libs in ps7_cortexa9_0/libsrc/onsemi_vita_sw_v3_3/src"

TRACE::2025-02-28.09:56:46::SCWMssOS::make -C ps7_cortexa9_0/libsrc/onsemi_vita_sw_v3_3/src -s libs  "SHELL=CMD" "COMPILER=arm-none-eabi-gcc" "ASSEMBLER=arm-none-eab
TRACE::2025-02-28.09:56:46::SCWMssOS::i-as" "ARCHIVER=arm-none-eabi-ar" "COMPILER_FLAGS=  -O2 -c" "EXTRA_COMPILER_FLAGS=-mcpu=cortex-a9 -mfpu=vfpv3 -mfloat-abi=hard 
TRACE::2025-02-28.09:56:46::SCWMssOS::-nostartfiles -g -Wall -Wextra"

TRACE::2025-02-28.09:56:46::SCWMssOS::"Compiling ON Semiconductor VITA Camera Receiver Library..."

TRACE::2025-02-28.09:56:46::SCWMssOS::"Running Make libs in ps7_cortexa9_0/libsrc/qspips_v3_7/src"

TRACE::2025-02-28.09:56:46::SCWMssOS::make -C ps7_cortexa9_0/libsrc/qspips_v3_7/src -s libs  "SHELL=CMD" "COMPILER=arm-none-eabi-gcc" "ASSEMBLER=arm-none-eabi-as" "A
TRACE::2025-02-28.09:56:46::SCWMssOS::RCHIVER=arm-none-eabi-ar" "COMPILER_FLAGS=  -O2 -c" "EXTRA_COMPILER_FLAGS=-mcpu=cortex-a9 -mfpu=vfpv3 -mfloat-abi=hard -nostart
TRACE::2025-02-28.09:56:46::SCWMssOS::files -g -Wall -Wextra"

TRACE::2025-02-28.09:56:46::SCWMssOS::"Compiling qspips"

TRACE::2025-02-28.09:56:47::SCWMssOS::"Running Make libs in ps7_cortexa9_0/libsrc/scugic_v4_2/src"

TRACE::2025-02-28.09:56:47::SCWMssOS::make -C ps7_cortexa9_0/libsrc/scugic_v4_2/src -s libs  "SHELL=CMD" "COMPILER=arm-none-eabi-gcc" "ASSEMBLER=arm-none-eabi-as" "A
TRACE::2025-02-28.09:56:47::SCWMssOS::RCHIVER=arm-none-eabi-ar" "COMPILER_FLAGS=  -O2 -c" "EXTRA_COMPILER_FLAGS=-mcpu=cortex-a9 -mfpu=vfpv3 -mfloat-abi=hard -nostart
TRACE::2025-02-28.09:56:47::SCWMssOS::files -g -Wall -Wextra"

TRACE::2025-02-28.09:56:47::SCWMssOS::"Compiling scugic"

TRACE::2025-02-28.09:56:47::SCWMssOS::"Running Make libs in ps7_cortexa9_0/libsrc/scutimer_v2_2/src"

TRACE::2025-02-28.09:56:47::SCWMssOS::make -C ps7_cortexa9_0/libsrc/scutimer_v2_2/src -s libs  "SHELL=CMD" "COMPILER=arm-none-eabi-gcc" "ASSEMBLER=arm-none-eabi-as" 
TRACE::2025-02-28.09:56:47::SCWMssOS::"ARCHIVER=arm-none-eabi-ar" "COMPILER_FLAGS=  -O2 -c" "EXTRA_COMPILER_FLAGS=-mcpu=cortex-a9 -mfpu=vfpv3 -mfloat-abi=hard -nosta
TRACE::2025-02-28.09:56:47::SCWMssOS::rtfiles -g -Wall -Wextra"

TRACE::2025-02-28.09:56:47::SCWMssOS::"Compiling scutimer"

TRACE::2025-02-28.09:56:47::SCWMssOS::"Running Make libs in ps7_cortexa9_0/libsrc/scuwdt_v2_2/src"

TRACE::2025-02-28.09:56:47::SCWMssOS::make -C ps7_cortexa9_0/libsrc/scuwdt_v2_2/src -s libs  "SHELL=CMD" "COMPILER=arm-none-eabi-gcc" "ASSEMBLER=arm-none-eabi-as" "A
TRACE::2025-02-28.09:56:47::SCWMssOS::RCHIVER=arm-none-eabi-ar" "COMPILER_FLAGS=  -O2 -c" "EXTRA_COMPILER_FLAGS=-mcpu=cortex-a9 -mfpu=vfpv3 -mfloat-abi=hard -nostart
TRACE::2025-02-28.09:56:47::SCWMssOS::files -g -Wall -Wextra"

TRACE::2025-02-28.09:56:47::SCWMssOS::"Compiling scuwdt"

TRACE::2025-02-28.09:56:48::SCWMssOS::"Running Make libs in ps7_cortexa9_0/libsrc/sdps_v3_9/src"

TRACE::2025-02-28.09:56:48::SCWMssOS::make -C ps7_cortexa9_0/libsrc/sdps_v3_9/src -s libs  "SHELL=CMD" "COMPILER=arm-none-eabi-gcc" "ASSEMBLER=arm-none-eabi-as" "ARC
TRACE::2025-02-28.09:56:48::SCWMssOS::HIVER=arm-none-eabi-ar" "COMPILER_FLAGS=  -O2 -c" "EXTRA_COMPILER_FLAGS=-mcpu=cortex-a9 -mfpu=vfpv3 -mfloat-abi=hard -nostartfi
TRACE::2025-02-28.09:56:48::SCWMssOS::les -g -Wall -Wextra"

TRACE::2025-02-28.09:56:48::SCWMssOS::"Compiling sdps"

TRACE::2025-02-28.09:56:49::SCWMssOS::"Running Make libs in ps7_cortexa9_0/libsrc/standalone_v7_2/src"

TRACE::2025-02-28.09:56:49::SCWMssOS::make -C ps7_cortexa9_0/libsrc/standalone_v7_2/src -s libs  "SHELL=CMD" "COMPILER=arm-none-eabi-gcc" "ASSEMBLER=arm-none-eabi-as
TRACE::2025-02-28.09:56:49::SCWMssOS::" "ARCHIVER=arm-none-eabi-ar" "COMPILER_FLAGS=  -O2 -c" "EXTRA_COMPILER_FLAGS=-mcpu=cortex-a9 -mfpu=vfpv3 -mfloat-abi=hard -nos
TRACE::2025-02-28.09:56:49::SCWMssOS::tartfiles -g -Wall -Wextra"

TRACE::2025-02-28.09:56:49::SCWMssOS::"Compiling standalone"

TRACE::2025-02-28.09:56:51::SCWMssOS::"Running Make libs in ps7_cortexa9_0/libsrc/ttcps_v3_11/src"

TRACE::2025-02-28.09:56:51::SCWMssOS::make -C ps7_cortexa9_0/libsrc/ttcps_v3_11/src -s libs  "SHELL=CMD" "COMPILER=arm-none-eabi-gcc" "ASSEMBLER=arm-none-eabi-as" "A
TRACE::2025-02-28.09:56:51::SCWMssOS::RCHIVER=arm-none-eabi-ar" "COMPILER_FLAGS=  -O2 -c" "EXTRA_COMPILER_FLAGS=-mcpu=cortex-a9 -mfpu=vfpv3 -mfloat-abi=hard -nostart
TRACE::2025-02-28.09:56:51::SCWMssOS::files -g -Wall -Wextra"

TRACE::2025-02-28.09:56:51::SCWMssOS::"Compiling ttcps"

TRACE::2025-02-28.09:56:51::SCWMssOS::"Running Make libs in ps7_cortexa9_0/libsrc/uartps_v3_9/src"

TRACE::2025-02-28.09:56:51::SCWMssOS::make -C ps7_cortexa9_0/libsrc/uartps_v3_9/src -s libs  "SHELL=CMD" "COMPILER=arm-none-eabi-gcc" "ASSEMBLER=arm-none-eabi-as" "A
TRACE::2025-02-28.09:56:51::SCWMssOS::RCHIVER=arm-none-eabi-ar" "COMPILER_FLAGS=  -O2 -c" "EXTRA_COMPILER_FLAGS=-mcpu=cortex-a9 -mfpu=vfpv3 -mfloat-abi=hard -nostart
TRACE::2025-02-28.09:56:51::SCWMssOS::files -g -Wall -Wextra"

TRACE::2025-02-28.09:56:51::SCWMssOS::"Compiling uartps"

TRACE::2025-02-28.09:56:52::SCWMssOS::"Running Make libs in ps7_cortexa9_0/libsrc/usbps_v2_5/src"

TRACE::2025-02-28.09:56:52::SCWMssOS::make -C ps7_cortexa9_0/libsrc/usbps_v2_5/src -s libs  "SHELL=CMD" "COMPILER=arm-none-eabi-gcc" "ASSEMBLER=arm-none-eabi-as" "AR
TRACE::2025-02-28.09:56:52::SCWMssOS::CHIVER=arm-none-eabi-ar" "COMPILER_FLAGS=  -O2 -c" "EXTRA_COMPILER_FLAGS=-mcpu=cortex-a9 -mfpu=vfpv3 -mfloat-abi=hard -nostartf
TRACE::2025-02-28.09:56:52::SCWMssOS::iles -g -Wall -Wextra"

TRACE::2025-02-28.09:56:52::SCWMssOS::"Compiling usbps"

TRACE::2025-02-28.09:56:52::SCWMssOS::"Running Make libs in ps7_cortexa9_0/libsrc/vtc_v8_2/src"

TRACE::2025-02-28.09:56:52::SCWMssOS::make -C ps7_cortexa9_0/libsrc/vtc_v8_2/src -s libs  "SHELL=CMD" "COMPILER=arm-none-eabi-gcc" "ASSEMBLER=arm-none-eabi-as" "ARCH
TRACE::2025-02-28.09:56:52::SCWMssOS::IVER=arm-none-eabi-ar" "COMPILER_FLAGS=  -O2 -c" "EXTRA_COMPILER_FLAGS=-mcpu=cortex-a9 -mfpu=vfpv3 -mfloat-abi=hard -nostartfil
TRACE::2025-02-28.09:56:52::SCWMssOS::es -g -Wall -Wextra"

TRACE::2025-02-28.09:56:52::SCWMssOS::"Compiling video timing controller"

TRACE::2025-02-28.09:56:53::SCWMssOS::"Running Make libs in ps7_cortexa9_0/libsrc/xadcps_v2_4/src"

TRACE::2025-02-28.09:56:53::SCWMssOS::make -C ps7_cortexa9_0/libsrc/xadcps_v2_4/src -s libs  "SHELL=CMD" "COMPILER=arm-none-eabi-gcc" "ASSEMBLER=arm-none-eabi-as" "A
TRACE::2025-02-28.09:56:53::SCWMssOS::RCHIVER=arm-none-eabi-ar" "COMPILER_FLAGS=  -O2 -c" "EXTRA_COMPILER_FLAGS=-mcpu=cortex-a9 -mfpu=vfpv3 -mfloat-abi=hard -nostart
TRACE::2025-02-28.09:56:53::SCWMssOS::files -g -Wall -Wextra"

TRACE::2025-02-28.09:56:53::SCWMssOS::"Compiling xadcps"

TRACE::2025-02-28.09:56:53::SCWMssOS::'Finished building libraries'

TRACE::2025-02-28.09:56:54::SCWMssOS::Copying to export directory.
TRACE::2025-02-28.09:56:54::SCWMssOS:: Checking if to create the Supporting Applications
TRACE::2025-02-28.09:56:54::SCWMssOS:: No Linux domain exists, trying to generate FSBL 
LOG::2025-02-28.09:56:54::SCWSystem::Completed Processing the domain domain_ps7_cortexa9_0
LOG::2025-02-28.09:56:54::SCWSystem::Completed Processing the sysconfig design_1_wrapper
LOG::2025-02-28.09:56:54::SCWPlatform::Completed generating the artifacts for system configuration design_1_wrapper
TRACE::2025-02-28.09:56:54::SCWPlatform::Started preparing the platform 
TRACE::2025-02-28.09:56:54::SCWSystem::Writing the bif file for system config design_1_wrapper
TRACE::2025-02-28.09:56:54::SCWSystem::dir created 
TRACE::2025-02-28.09:56:54::SCWSystem::Writing the bif 
TRACE::2025-02-28.09:56:54::SCWPlatform::Started writing the spfm file 
TRACE::2025-02-28.09:56:54::SCWPlatform::Started writing the xpfm file 
TRACE::2025-02-28.09:56:54::SCWPlatform::Completed generating the platform
TRACE::2025-02-28.09:56:54::SCWMssOS::Saving the mss changes C:/Users/oparker/workspace/design_1_wrapper/zynq_fsbl/zynq_fsbl_bsp/system.mss
TRACE::2025-02-28.09:56:54::SCWMssOS::Found a swdesign opened with the mssfile.
TRACE::2025-02-28.09:56:54::SCWMssOS::Completed writemss as part of save.
TRACE::2025-02-28.09:56:54::SCWMssOS::Commit changes completed.
TRACE::2025-02-28.09:56:54::SCWMssOS::Saving the mss changes C:/Users/oparker/workspace/design_1_wrapper/ps7_cortexa9_0/domain_ps7_cortexa9_0/bsp/system.mss
TRACE::2025-02-28.09:56:54::SCWMssOS::Found a swdesign opened with the mssfile.
TRACE::2025-02-28.09:56:54::SCWMssOS::Completed writemss as part of save.
TRACE::2025-02-28.09:56:54::SCWMssOS::Commit changes completed.
TRACE::2025-02-28.09:56:54::SCWPlatform::Trying to open the hw design at C:/Users/oparker/workspace/design_1_wrapper/hw/design_1_wrapper.xsa
TRACE::2025-02-28.09:56:54::SCWPlatform::DSA given C:/Users/oparker/workspace/design_1_wrapper/hw/design_1_wrapper.xsa
TRACE::2025-02-28.09:56:54::SCWPlatform::DSA absoulate path C:/Users/oparker/workspace/design_1_wrapper/hw/design_1_wrapper.xsa
TRACE::2025-02-28.09:56:54::SCWPlatform::DSA directory C:/Users/oparker/workspace/design_1_wrapper/hw
TRACE::2025-02-28.09:56:54::SCWPlatform:: Platform Path C:/Users/oparker/workspace/design_1_wrapper/hw/design_1_wrapper.xsa
TRACE::2025-02-28.09:56:54::SCWPlatform:: Unique name xilinx:zed::0.0
TRACE::2025-02-28.09:56:54::SCWPlatform::Trying to set the existing hwdb with name design_1_wrapper_6
TRACE::2025-02-28.09:56:54::SCWPlatform::Opened existing hwdb design_1_wrapper_6
TRACE::2025-02-28.09:56:54::SCWPlatform::Found the Hw Db part of the input DSA
TRACE::2025-02-28.09:56:54::SCWMssOS::Checking the sw design at  C:/Users/oparker/workspace/design_1_wrapper/zynq_fsbl/zynq_fsbl_bsp/system.mss
TRACE::2025-02-28.09:56:54::SCWMssOS::DEBUG:  swdes dump  C:/Users/oparker/workspace/TPG/zynq_fsbl/zynq_fsbl_bsp/system.mss|system||
C:/Users/oparker/workspace/design_1_wrapper/ps7_cortexa9_0/domain_ps7_cortexa9_0/bsp/system.mss|system_1||
C:/Users/oparker/workspace/design_1_wrapper/zynq_fsbl/zynq_fsbl_bsp/system.mss|system_0||

TRACE::2025-02-28.09:56:54::SCWMssOS::Sw design exists and opened at  C:/Users/oparker/workspace/design_1_wrapper/zynq_fsbl/zynq_fsbl_bsp/system.mss
TRACE::2025-02-28.09:56:54::SCWPlatform::Trying to open the hw design at C:/Users/oparker/workspace/design_1_wrapper/hw/design_1_wrapper.xsa
TRACE::2025-02-28.09:56:54::SCWPlatform::DSA given C:/Users/oparker/workspace/design_1_wrapper/hw/design_1_wrapper.xsa
TRACE::2025-02-28.09:56:54::SCWPlatform::DSA absoulate path C:/Users/oparker/workspace/design_1_wrapper/hw/design_1_wrapper.xsa
TRACE::2025-02-28.09:56:54::SCWPlatform::DSA directory C:/Users/oparker/workspace/design_1_wrapper/hw
TRACE::2025-02-28.09:56:54::SCWPlatform:: Platform Path C:/Users/oparker/workspace/design_1_wrapper/hw/design_1_wrapper.xsa
TRACE::2025-02-28.09:56:54::SCWPlatform:: Unique name xilinx:zed::0.0
TRACE::2025-02-28.09:56:54::SCWPlatform::Trying to set the existing hwdb with name design_1_wrapper_6
TRACE::2025-02-28.09:56:54::SCWPlatform::Opened existing hwdb design_1_wrapper_6
TRACE::2025-02-28.09:56:54::SCWPlatform::Found the Hw Db part of the input DSA
TRACE::2025-02-28.09:56:54::SCWMssOS::Checking the sw design at  C:/Users/oparker/workspace/design_1_wrapper/ps7_cortexa9_0/domain_ps7_cortexa9_0/bsp/system.mss
TRACE::2025-02-28.09:56:54::SCWMssOS::DEBUG:  swdes dump  C:/Users/oparker/workspace/TPG/zynq_fsbl/zynq_fsbl_bsp/system.mss|system||
C:/Users/oparker/workspace/design_1_wrapper/ps7_cortexa9_0/domain_ps7_cortexa9_0/bsp/system.mss|system_1||
C:/Users/oparker/workspace/design_1_wrapper/zynq_fsbl/zynq_fsbl_bsp/system.mss|system_0||

TRACE::2025-02-28.09:56:54::SCWMssOS::Sw design exists and opened at  C:/Users/oparker/workspace/design_1_wrapper/ps7_cortexa9_0/domain_ps7_cortexa9_0/bsp/system.mss
TRACE::2025-02-28.09:56:54::SCWWriter::formatted JSON is {
	"platformName":	"design_1_wrapper",
	"sprVersion":	"2.0",
	"mode":	"gui",
	"dsaType":	"Fixed",
	"platformDesc":	"design_1_wrapper",
	"platHandOff":	"C:/Users/oparker/cpre488-mp2/project_1/design_1_wrapper.xsa",
	"platIntHandOff":	"<platformDir>/hw/design_1_wrapper.xsa",
	"deviceType":	"zynq",
	"platIsPrebuiltAutogen":	"false",
	"platIsNoBootBsp":	"false",
	"hasFsblMakeHasChanges":	"false",
	"hasPmufwMakeHasChanges":	"false",
	"fsblExtraCompilerFlags":	"-MMD -MP       -mcpu=cortex-a9 -mfpu=vfpv3 -mfloat-abi=hard ",
	"platPreBuiltFlag":	false,
	"platformSamplesDir":	"",
	"platActiveSys":	"design_1_wrapper",
	"systems":	[{
			"systemName":	"design_1_wrapper",
			"systemDesc":	"design_1_wrapper",
			"sysIsBootAutoGen":	"true",
			"systemDispName":	"design_1_wrapper",
			"sysActiveDom":	"domain_ps7_cortexa9_0",
			"sysDefaultDom":	"domain_ps7_cortexa9_0",
			"domains":	[{
					"domainName":	"zynq_fsbl",
					"domainDispName":	"zynq_fsbl",
					"domainDesc":	"FSBL Application BSP - Auto Generated.",
					"processors":	"ps7_cortexa9_0",
					"os":	"standalone",
					"sdxOs":	"standalone",
					"debugEnable":	"",
					"domRuntimes":	["cpp"],
					"swRepo":	"",
					"mssOsVer":	"7.2",
					"mssFile":	"",
					"md5Digest":	"158a679dab493f3308b1d2cbafc496b0",
					"compatibleApp":	"zynq_fsbl",
					"domType":	"bootDomain",
					"arch":	"32-bit",
					"appSettings":	{
						"appCompilerFlags":	"",
						"appLinkerFlags":	""
					},
					"addedLibs":	["xilffs:4.3", "xilrsa:1.6"],
					"libOptions":	{
						"libsContainingOptions":	[]
					},
					"prebuiltLibs":	{
						"prebuiltIncPath":	[],
						"prebuiltLibPath":	[]
					},
					"isolation":	{
					}
				}, {
					"domainName":	"domain_ps7_cortexa9_0",
					"domainDispName":	"domain_ps7_cortexa9_0",
					"domainDesc":	"domain_ps7_cortexa9_0",
					"processors":	"ps7_cortexa9_0",
					"os":	"standalone",
					"sdxOs":	"standalone",
					"qemuArgs":	"C:/Xilinx/Vitis/2020.1/data/emulation/platforms/zynq/qemu/qemu_args.txt",
					"qemuData":	"C:/Xilinx/Vitis/2020.1/data/emulation/platforms/zynq/qemu/",
					"debugEnable":	"False",
					"domRuntimes":	["cpp"],
					"swRepo":	"",
					"mssOsVer":	"7.2",
					"mssFile":	"",
					"md5Digest":	"068c76f6f2053ae984c5832beff83f45",
					"compatibleApp":	"",
					"domType":	"mssDomain",
					"arch":	"32-bit",
					"appSettings":	{
						"appCompilerFlags":	"",
						"appLinkerFlags":	""
					},
					"addedLibs":	["fmc_iic_sw:2.03.a", "fmc_imageon_sw:2.01.a", "fmc_ipmi_sw:2.02.a", "onsemi_vita_sw:3.3"],
					"libOptions":	{
						"libsContainingOptions":	[]
					},
					"prebuiltLibs":	{
						"prebuiltIncPath":	[],
						"prebuiltLibPath":	[]
					},
					"isolation":	{
					}
				}]
		}]
}
KEYINFO::2025-02-28.09:56:54::SCWPlatform::updated the xpfm file.
TRACE::2025-02-28.09:56:54::SCWPlatform::Trying to open the hw design at C:/Users/oparker/workspace/design_1_wrapper/hw/design_1_wrapper.xsa
TRACE::2025-02-28.09:56:54::SCWPlatform::DSA given C:/Users/oparker/workspace/design_1_wrapper/hw/design_1_wrapper.xsa
TRACE::2025-02-28.09:56:54::SCWPlatform::DSA absoulate path C:/Users/oparker/workspace/design_1_wrapper/hw/design_1_wrapper.xsa
TRACE::2025-02-28.09:56:54::SCWPlatform::DSA directory C:/Users/oparker/workspace/design_1_wrapper/hw
TRACE::2025-02-28.09:56:54::SCWPlatform:: Platform Path C:/Users/oparker/workspace/design_1_wrapper/hw/design_1_wrapper.xsa
TRACE::2025-02-28.09:56:54::SCWPlatform:: Unique name xilinx:zed::0.0
TRACE::2025-02-28.09:56:54::SCWPlatform::Trying to set the existing hwdb with name design_1_wrapper_6
TRACE::2025-02-28.09:56:54::SCWPlatform::Opened existing hwdb design_1_wrapper_6
TRACE::2025-02-28.09:56:54::SCWPlatform::Found the Hw Db part of the input DSA
TRACE::2025-02-28.09:56:54::SCWMssOS::Checking the sw design at  C:/Users/oparker/workspace/design_1_wrapper/ps7_cortexa9_0/domain_ps7_cortexa9_0/bsp/system.mss
TRACE::2025-02-28.09:56:54::SCWMssOS::DEBUG:  swdes dump  C:/Users/oparker/workspace/TPG/zynq_fsbl/zynq_fsbl_bsp/system.mss|system||
C:/Users/oparker/workspace/design_1_wrapper/ps7_cortexa9_0/domain_ps7_cortexa9_0/bsp/system.mss|system_1||
C:/Users/oparker/workspace/design_1_wrapper/zynq_fsbl/zynq_fsbl_bsp/system.mss|system_0||

TRACE::2025-02-28.09:56:54::SCWMssOS::Sw design exists and opened at  C:/Users/oparker/workspace/design_1_wrapper/ps7_cortexa9_0/domain_ps7_cortexa9_0/bsp/system.mss
TRACE::2025-02-28.10:17:27::SCWBDomain::System Command Ran  C:&  cd  C:/Users/oparker/workspace/design_1_wrapper/zynq_fsbl & make clean
TRACE::2025-02-28.10:17:27::SCWBDomain::rm -rf  sd.o  nand.o  image_mover.o  md5.o  fsbl_hooks.o  main.o  nor.o  qspi.o  rsa.o  ps7_init.o  pcap.o  fsbl_handoff.o zynq
TRACE::2025-02-28.10:17:27::SCWBDomain::_fsbl_bsp/ps7_cortexa9_0/lib/libxil.a executable.elf *.o

TRACE::2025-02-28.10:17:27::SCWBDomain::System Command Ran  C:&  cd  C:/Users/oparker/workspace/design_1_wrapper/zynq_fsbl/zynq_fsbl_bsp & make clean
TRACE::2025-02-28.10:17:27::SCWBDomain::make -C ps7_cortexa9_0/libsrc/axivdma_v6_7/src -s clean 

TRACE::2025-02-28.10:17:27::SCWBDomain::make -C ps7_cortexa9_0/libsrc/coresightps_dcc_v1_7/src -s clean 

TRACE::2025-02-28.10:17:27::SCWBDomain::make -C ps7_cortexa9_0/libsrc/cpu_cortexa9_v2_9/src -s clean 

TRACE::2025-02-28.10:17:27::SCWBDomain::make -C ps7_cortexa9_0/libsrc/ddrps_v1_1/src -s clean 

TRACE::2025-02-28.10:17:27::SCWBDomain::make -C ps7_cortexa9_0/libsrc/devcfg_v3_6/src -s clean 

TRACE::2025-02-28.10:17:27::SCWBDomain::make -C ps7_cortexa9_0/libsrc/dmaps_v2_6/src -s clean 

TRACE::2025-02-28.10:17:27::SCWBDomain::make -C ps7_cortexa9_0/libsrc/emacps_v3_11/src -s clean 

TRACE::2025-02-28.10:17:27::SCWBDomain::make -C ps7_cortexa9_0/libsrc/gpiops_v3_7/src -s clean 

TRACE::2025-02-28.10:17:27::SCWBDomain::make -C ps7_cortexa9_0/libsrc/iic_v3_6/src -s clean 

TRACE::2025-02-28.10:17:27::SCWBDomain::make -C ps7_cortexa9_0/libsrc/qspips_v3_7/src -s clean 

TRACE::2025-02-28.10:17:27::SCWBDomain::make -C ps7_cortexa9_0/libsrc/scugic_v4_2/src -s clean 

TRACE::2025-02-28.10:17:27::SCWBDomain::make -C ps7_cortexa9_0/libsrc/scutimer_v2_2/src -s clean 

TRACE::2025-02-28.10:17:27::SCWBDomain::make -C ps7_cortexa9_0/libsrc/scuwdt_v2_2/src -s clean 

TRACE::2025-02-28.10:17:27::SCWBDomain::make -C ps7_cortexa9_0/libsrc/sdps_v3_9/src -s clean 

TRACE::2025-02-28.10:17:27::SCWBDomain::make -C ps7_cortexa9_0/libsrc/standalone_v7_2/src -s clean 

TRACE::2025-02-28.10:17:27::SCWBDomain::make -C ps7_cortexa9_0/libsrc/ttcps_v3_11/src -s clean 

TRACE::2025-02-28.10:17:27::SCWBDomain::make -C ps7_cortexa9_0/libsrc/uartps_v3_9/src -s clean 

TRACE::2025-02-28.10:17:27::SCWBDomain::make -C ps7_cortexa9_0/libsrc/usbps_v2_5/src -s clean 

TRACE::2025-02-28.10:17:27::SCWBDomain::make -C ps7_cortexa9_0/libsrc/vtc_v8_2/src -s clean 

TRACE::2025-02-28.10:17:27::SCWBDomain::make -C ps7_cortexa9_0/libsrc/xadcps_v2_4/src -s clean 

TRACE::2025-02-28.10:17:27::SCWBDomain::make -C ps7_cortexa9_0/libsrc/xilffs_v4_3/src -s clean 

TRACE::2025-02-28.10:17:27::SCWBDomain::make -C ps7_cortexa9_0/libsrc/xilrsa_v1_6/src -s clean 

TRACE::2025-02-28.10:17:27::SCWBDomain::rm -f ps7_cortexa9_0/lib/libxil.a

TRACE::2025-02-28.10:17:27::SCWMssOS::cleaning the bsp 
TRACE::2025-02-28.10:17:27::SCWMssOS::System Command Ran  C: & cd  C:/Users/oparker/workspace/design_1_wrapper/ps7_cortexa9_0/domain_ps7_cortexa9_0/bsp & make clean 
TRACE::2025-02-28.10:17:27::SCWMssOS::make -C ps7_cortexa9_0/libsrc/axivdma_v6_7/src -s clean 

TRACE::2025-02-28.10:17:27::SCWMssOS::make -C ps7_cortexa9_0/libsrc/coresightps_dcc_v1_7/src -s clean 

TRACE::2025-02-28.10:17:27::SCWMssOS::make -C ps7_cortexa9_0/libsrc/cpu_cortexa9_v2_9/src -s clean 

TRACE::2025-02-28.10:17:27::SCWMssOS::make -C ps7_cortexa9_0/libsrc/ddrps_v1_1/src -s clean 

TRACE::2025-02-28.10:17:27::SCWMssOS::make -C ps7_cortexa9_0/libsrc/devcfg_v3_6/src -s clean 

TRACE::2025-02-28.10:17:27::SCWMssOS::make -C ps7_cortexa9_0/libsrc/dmaps_v2_6/src -s clean 

TRACE::2025-02-28.10:17:27::SCWMssOS::make -C ps7_cortexa9_0/libsrc/emacps_v3_11/src -s clean 

TRACE::2025-02-28.10:17:27::SCWMssOS::make -C ps7_cortexa9_0/libsrc/fmc_iic_sw_v2_03_a/src -s clean 

ERROR::2025-02-28.10:17:27::SCWSystem::Error in Processing the domain domain_ps7_cortexa9_0
TRACE::2025-02-28.10:17:31::SCWBDomain::System Command Ran  C:&  cd  C:/Users/oparker/workspace/design_1_wrapper/zynq_fsbl & make clean
TRACE::2025-02-28.10:17:31::SCWBDomain::rm -rf  sd.o  nand.o  image_mover.o  md5.o  fsbl_hooks.o  main.o  rsa.o  nor.o  qspi.o  ps7_init.o  pcap.o  fsbl_handoff.o zynq
TRACE::2025-02-28.10:17:31::SCWBDomain::_fsbl_bsp/ps7_cortexa9_0/lib/libxil.a executable.elf *.o

ERROR::2025-02-28.10:17:31::SCWSystem::Error in Processing the domain zynq_fsbl
LOG::2025-02-28.10:17:35::SCWPlatform::Started generating the artifacts platform design_1_wrapper
TRACE::2025-02-28.10:17:35::SCWPlatform::Sanity checking of platform is completed
LOG::2025-02-28.10:17:35::SCWPlatform::Started generating the artifacts for system configuration design_1_wrapper
LOG::2025-02-28.10:17:35::SCWSystem::Checking the domain zynq_fsbl
LOG::2025-02-28.10:17:35::SCWSystem::Doing application build for :  zynq_fsbl
TRACE::2025-02-28.10:17:35::SCWBDomain::Not a forced makefile updation, No changes are present. 
TRACE::2025-02-28.10:17:35::SCWDomain::Building the domain as part of full build :  zynq_fsbl
TRACE::2025-02-28.10:17:35::SCWPlatform::Trying to open the hw design at C:/Users/oparker/workspace/design_1_wrapper/hw/design_1_wrapper.xsa
TRACE::2025-02-28.10:17:35::SCWPlatform::DSA given C:/Users/oparker/workspace/design_1_wrapper/hw/design_1_wrapper.xsa
TRACE::2025-02-28.10:17:35::SCWPlatform::DSA absoulate path C:/Users/oparker/workspace/design_1_wrapper/hw/design_1_wrapper.xsa
TRACE::2025-02-28.10:17:35::SCWPlatform::DSA directory C:/Users/oparker/workspace/design_1_wrapper/hw
TRACE::2025-02-28.10:17:35::SCWPlatform:: Platform Path C:/Users/oparker/workspace/design_1_wrapper/hw/design_1_wrapper.xsa
TRACE::2025-02-28.10:17:35::SCWPlatform:: Unique name xilinx:zed::0.0
TRACE::2025-02-28.10:17:35::SCWPlatform::Trying to set the existing hwdb with name design_1_wrapper_6
TRACE::2025-02-28.10:17:35::SCWPlatform::Opened existing hwdb design_1_wrapper_6
TRACE::2025-02-28.10:17:35::SCWPlatform::Found the Hw Db part of the input DSA
TRACE::2025-02-28.10:17:35::SCWMssOS::Checking the sw design at  C:/Users/oparker/workspace/design_1_wrapper/zynq_fsbl/zynq_fsbl_bsp/system.mss
TRACE::2025-02-28.10:17:35::SCWMssOS::DEBUG:  swdes dump  C:/Users/oparker/workspace/TPG/ps7_cortexa9_0/standalone_domain/bsp/system.mss|system_2||
C:/Users/oparker/workspace/TPG/zynq_fsbl/zynq_fsbl_bsp/system.mss|system||
C:/Users/oparker/workspace/design_1_wrapper/ps7_cortexa9_0/domain_ps7_cortexa9_0/bsp/system.mss|system_1||
C:/Users/oparker/workspace/design_1_wrapper/zynq_fsbl/zynq_fsbl_bsp/system.mss|system_0||

TRACE::2025-02-28.10:17:35::SCWMssOS::Sw design exists and opened at  C:/Users/oparker/workspace/design_1_wrapper/zynq_fsbl/zynq_fsbl_bsp/system.mss
TRACE::2025-02-28.10:17:35::SCWBDomain::Completed writing the mss file at C:/Users/oparker/workspace/design_1_wrapper/zynq_fsbl/zynq_fsbl_bsp
TRACE::2025-02-28.10:17:35::SCWBDomain::bsp generated is upto date with the mss file. Skipping bsp generation.
TRACE::2025-02-28.10:17:35::SCWBDomain::Not a forced makefile updation, No changes are present. 
TRACE::2025-02-28.10:17:35::SCWBDomain::System Command Ran  C:&  cd  C:/Users/oparker/workspace/design_1_wrapper/zynq_fsbl & make 
TRACE::2025-02-28.10:17:35::SCWBDomain::make -C zynq_fsbl_bsp

TRACE::2025-02-28.10:17:35::SCWBDomain::make[1]: Entering directory 'C:/Users/oparker/workspace/design_1_wrapper/zynq_fsbl/zynq_fsbl_bsp'

TRACE::2025-02-28.10:17:35::SCWBDomain::"Running Make include in ps7_cortexa9_0/libsrc/axivdma_v6_7/src"

TRACE::2025-02-28.10:17:35::SCWBDomain::make -C ps7_cortexa9_0/libsrc/axivdma_v6_7/src -s include  "SHELL=CMD" "COMPILER=arm-none-eabi-gcc" "ASSEMBLER=arm-none-eabi-as
TRACE::2025-02-28.10:17:35::SCWBDomain::" "ARCHIVER=arm-none-eabi-ar" "COMPILER_FLAGS=  -O2 -c" "EXTRA_COMPILER_FLAGS=-mcpu=cortex-a9 -mfpu=vfpv3 -mfloat-abi=hard -nos
TRACE::2025-02-28.10:17:35::SCWBDomain::tartfiles -g -Wall -Wextra"

TRACE::2025-02-28.10:17:35::SCWBDomain::make[2]: Entering directory 'C:/Users/oparker/workspace/design_1_wrapper/zynq_fsbl/zynq_fsbl_bsp/ps7_cortexa9_0/libsrc/axivdma_
TRACE::2025-02-28.10:17:35::SCWBDomain::v6_7/src'

TRACE::2025-02-28.10:17:35::SCWBDomain::make[2]: Leaving directory 'C:/Users/oparker/workspace/design_1_wrapper/zynq_fsbl/zynq_fsbl_bsp/ps7_cortexa9_0/libsrc/axivdma_v
TRACE::2025-02-28.10:17:35::SCWBDomain::6_7/src'

TRACE::2025-02-28.10:17:35::SCWBDomain::"Running Make include in ps7_cortexa9_0/libsrc/coresightps_dcc_v1_7/src"

TRACE::2025-02-28.10:17:35::SCWBDomain::make -C ps7_cortexa9_0/libsrc/coresightps_dcc_v1_7/src -s include  "SHELL=CMD" "COMPILER=arm-none-eabi-gcc" "ASSEMBLER=arm-none
TRACE::2025-02-28.10:17:35::SCWBDomain::-eabi-as" "ARCHIVER=arm-none-eabi-ar" "COMPILER_FLAGS=  -O2 -c" "EXTRA_COMPILER_FLAGS=-mcpu=cortex-a9 -mfpu=vfpv3 -mfloat-abi=h
TRACE::2025-02-28.10:17:35::SCWBDomain::ard -nostartfiles -g -Wall -Wextra"

TRACE::2025-02-28.10:17:35::SCWBDomain::make[2]: Entering directory 'C:/Users/oparker/workspace/design_1_wrapper/zynq_fsbl/zynq_fsbl_bsp/ps7_cortexa9_0/libsrc/coresigh
TRACE::2025-02-28.10:17:35::SCWBDomain::tps_dcc_v1_7/src'

TRACE::2025-02-28.10:17:35::SCWBDomain::make[2]: Leaving directory 'C:/Users/oparker/workspace/design_1_wrapper/zynq_fsbl/zynq_fsbl_bsp/ps7_cortexa9_0/libsrc/coresight
TRACE::2025-02-28.10:17:35::SCWBDomain::ps_dcc_v1_7/src'

TRACE::2025-02-28.10:17:35::SCWBDomain::"Running Make include in ps7_cortexa9_0/libsrc/cpu_cortexa9_v2_9/src"

TRACE::2025-02-28.10:17:35::SCWBDomain::make -C ps7_cortexa9_0/libsrc/cpu_cortexa9_v2_9/src -s include  "SHELL=CMD" "COMPILER=arm-none-eabi-gcc" "ASSEMBLER=arm-none-ea
TRACE::2025-02-28.10:17:35::SCWBDomain::bi-as" "ARCHIVER=arm-none-eabi-ar" "COMPILER_FLAGS=  -O2 -c" "EXTRA_COMPILER_FLAGS=-mcpu=cortex-a9 -mfpu=vfpv3 -mfloat-abi=hard
TRACE::2025-02-28.10:17:35::SCWBDomain:: -nostartfiles -g -Wall -Wextra"

TRACE::2025-02-28.10:17:35::SCWBDomain::make[2]: Entering directory 'C:/Users/oparker/workspace/design_1_wrapper/zynq_fsbl/zynq_fsbl_bsp/ps7_cortexa9_0/libsrc/cpu_cort
TRACE::2025-02-28.10:17:35::SCWBDomain::exa9_v2_9/src'

TRACE::2025-02-28.10:17:35::SCWBDomain::make[2]: Leaving directory 'C:/Users/oparker/workspace/design_1_wrapper/zynq_fsbl/zynq_fsbl_bsp/ps7_cortexa9_0/libsrc/cpu_corte
TRACE::2025-02-28.10:17:35::SCWBDomain::xa9_v2_9/src'

TRACE::2025-02-28.10:17:35::SCWBDomain::"Running Make include in ps7_cortexa9_0/libsrc/ddrps_v1_1/src"

TRACE::2025-02-28.10:17:35::SCWBDomain::make -C ps7_cortexa9_0/libsrc/ddrps_v1_1/src -s include  "SHELL=CMD" "COMPILER=arm-none-eabi-gcc" "ASSEMBLER=arm-none-eabi-as" 
TRACE::2025-02-28.10:17:35::SCWBDomain::"ARCHIVER=arm-none-eabi-ar" "COMPILER_FLAGS=  -O2 -c" "EXTRA_COMPILER_FLAGS=-mcpu=cortex-a9 -mfpu=vfpv3 -mfloat-abi=hard -nosta
TRACE::2025-02-28.10:17:35::SCWBDomain::rtfiles -g -Wall -Wextra"

TRACE::2025-02-28.10:17:35::SCWBDomain::make[2]: Entering directory 'C:/Users/oparker/workspace/design_1_wrapper/zynq_fsbl/zynq_fsbl_bsp/ps7_cortexa9_0/libsrc/ddrps_v1
TRACE::2025-02-28.10:17:35::SCWBDomain::_1/src'

TRACE::2025-02-28.10:17:35::SCWBDomain::make[2]: Leaving directory 'C:/Users/oparker/workspace/design_1_wrapper/zynq_fsbl/zynq_fsbl_bsp/ps7_cortexa9_0/libsrc/ddrps_v1_
TRACE::2025-02-28.10:17:35::SCWBDomain::1/src'

TRACE::2025-02-28.10:17:35::SCWBDomain::"Running Make include in ps7_cortexa9_0/libsrc/devcfg_v3_6/src"

TRACE::2025-02-28.10:17:35::SCWBDomain::make -C ps7_cortexa9_0/libsrc/devcfg_v3_6/src -s include  "SHELL=CMD" "COMPILER=arm-none-eabi-gcc" "ASSEMBLER=arm-none-eabi-as"
TRACE::2025-02-28.10:17:35::SCWBDomain:: "ARCHIVER=arm-none-eabi-ar" "COMPILER_FLAGS=  -O2 -c" "EXTRA_COMPILER_FLAGS=-mcpu=cortex-a9 -mfpu=vfpv3 -mfloat-abi=hard -nost
TRACE::2025-02-28.10:17:35::SCWBDomain::artfiles -g -Wall -Wextra"

TRACE::2025-02-28.10:17:35::SCWBDomain::make[2]: Entering directory 'C:/Users/oparker/workspace/design_1_wrapper/zynq_fsbl/zynq_fsbl_bsp/ps7_cortexa9_0/libsrc/devcfg_v
TRACE::2025-02-28.10:17:35::SCWBDomain::3_6/src'

TRACE::2025-02-28.10:17:35::SCWBDomain::make[2]: Leaving directory 'C:/Users/oparker/workspace/design_1_wrapper/zynq_fsbl/zynq_fsbl_bsp/ps7_cortexa9_0/libsrc/devcfg_v3
TRACE::2025-02-28.10:17:35::SCWBDomain::_6/src'

TRACE::2025-02-28.10:17:35::SCWBDomain::"Running Make include in ps7_cortexa9_0/libsrc/dmaps_v2_6/src"

TRACE::2025-02-28.10:17:35::SCWBDomain::make -C ps7_cortexa9_0/libsrc/dmaps_v2_6/src -s include  "SHELL=CMD" "COMPILER=arm-none-eabi-gcc" "ASSEMBLER=arm-none-eabi-as" 
TRACE::2025-02-28.10:17:35::SCWBDomain::"ARCHIVER=arm-none-eabi-ar" "COMPILER_FLAGS=  -O2 -c" "EXTRA_COMPILER_FLAGS=-mcpu=cortex-a9 -mfpu=vfpv3 -mfloat-abi=hard -nosta
TRACE::2025-02-28.10:17:35::SCWBDomain::rtfiles -g -Wall -Wextra"

TRACE::2025-02-28.10:17:35::SCWBDomain::make[2]: Entering directory 'C:/Users/oparker/workspace/design_1_wrapper/zynq_fsbl/zynq_fsbl_bsp/ps7_cortexa9_0/libsrc/dmaps_v2
TRACE::2025-02-28.10:17:35::SCWBDomain::_6/src'

TRACE::2025-02-28.10:17:35::SCWBDomain::make[2]: Leaving directory 'C:/Users/oparker/workspace/design_1_wrapper/zynq_fsbl/zynq_fsbl_bsp/ps7_cortexa9_0/libsrc/dmaps_v2_
TRACE::2025-02-28.10:17:35::SCWBDomain::6/src'

TRACE::2025-02-28.10:17:35::SCWBDomain::"Running Make include in ps7_cortexa9_0/libsrc/emacps_v3_11/src"

TRACE::2025-02-28.10:17:35::SCWBDomain::make -C ps7_cortexa9_0/libsrc/emacps_v3_11/src -s include  "SHELL=CMD" "COMPILER=arm-none-eabi-gcc" "ASSEMBLER=arm-none-eabi-as
TRACE::2025-02-28.10:17:35::SCWBDomain::" "ARCHIVER=arm-none-eabi-ar" "COMPILER_FLAGS=  -O2 -c" "EXTRA_COMPILER_FLAGS=-mcpu=cortex-a9 -mfpu=vfpv3 -mfloat-abi=hard -nos
TRACE::2025-02-28.10:17:35::SCWBDomain::tartfiles -g -Wall -Wextra"

TRACE::2025-02-28.10:17:35::SCWBDomain::make[2]: Entering directory 'C:/Users/oparker/workspace/design_1_wrapper/zynq_fsbl/zynq_fsbl_bsp/ps7_cortexa9_0/libsrc/emacps_v
TRACE::2025-02-28.10:17:35::SCWBDomain::3_11/src'

TRACE::2025-02-28.10:17:35::SCWBDomain::make[2]: Leaving directory 'C:/Users/oparker/workspace/design_1_wrapper/zynq_fsbl/zynq_fsbl_bsp/ps7_cortexa9_0/libsrc/emacps_v3
TRACE::2025-02-28.10:17:35::SCWBDomain::_11/src'

TRACE::2025-02-28.10:17:35::SCWBDomain::"Running Make include in ps7_cortexa9_0/libsrc/gpiops_v3_7/src"

TRACE::2025-02-28.10:17:35::SCWBDomain::make -C ps7_cortexa9_0/libsrc/gpiops_v3_7/src -s include  "SHELL=CMD" "COMPILER=arm-none-eabi-gcc" "ASSEMBLER=arm-none-eabi-as"
TRACE::2025-02-28.10:17:35::SCWBDomain:: "ARCHIVER=arm-none-eabi-ar" "COMPILER_FLAGS=  -O2 -c" "EXTRA_COMPILER_FLAGS=-mcpu=cortex-a9 -mfpu=vfpv3 -mfloat-abi=hard -nost
TRACE::2025-02-28.10:17:35::SCWBDomain::artfiles -g -Wall -Wextra"

TRACE::2025-02-28.10:17:35::SCWBDomain::make[2]: Entering directory 'C:/Users/oparker/workspace/design_1_wrapper/zynq_fsbl/zynq_fsbl_bsp/ps7_cortexa9_0/libsrc/gpiops_v
TRACE::2025-02-28.10:17:35::SCWBDomain::3_7/src'

TRACE::2025-02-28.10:17:35::SCWBDomain::make[2]: Leaving directory 'C:/Users/oparker/workspace/design_1_wrapper/zynq_fsbl/zynq_fsbl_bsp/ps7_cortexa9_0/libsrc/gpiops_v3
TRACE::2025-02-28.10:17:35::SCWBDomain::_7/src'

TRACE::2025-02-28.10:17:35::SCWBDomain::"Running Make include in ps7_cortexa9_0/libsrc/iic_v3_6/src"

TRACE::2025-02-28.10:17:35::SCWBDomain::make -C ps7_cortexa9_0/libsrc/iic_v3_6/src -s include  "SHELL=CMD" "COMPILER=arm-none-eabi-gcc" "ASSEMBLER=arm-none-eabi-as" "A
TRACE::2025-02-28.10:17:35::SCWBDomain::RCHIVER=arm-none-eabi-ar" "COMPILER_FLAGS=  -O2 -c" "EXTRA_COMPILER_FLAGS=-mcpu=cortex-a9 -mfpu=vfpv3 -mfloat-abi=hard -nostart
TRACE::2025-02-28.10:17:35::SCWBDomain::files -g -Wall -Wextra"

TRACE::2025-02-28.10:17:35::SCWBDomain::make[2]: Entering directory 'C:/Users/oparker/workspace/design_1_wrapper/zynq_fsbl/zynq_fsbl_bsp/ps7_cortexa9_0/libsrc/iic_v3_6
TRACE::2025-02-28.10:17:35::SCWBDomain::/src'

TRACE::2025-02-28.10:17:35::SCWBDomain::make[2]: Leaving directory 'C:/Users/oparker/workspace/design_1_wrapper/zynq_fsbl/zynq_fsbl_bsp/ps7_cortexa9_0/libsrc/iic_v3_6/
TRACE::2025-02-28.10:17:35::SCWBDomain::src'

TRACE::2025-02-28.10:17:35::SCWBDomain::"Running Make include in ps7_cortexa9_0/libsrc/qspips_v3_7/src"

TRACE::2025-02-28.10:17:35::SCWBDomain::make -C ps7_cortexa9_0/libsrc/qspips_v3_7/src -s include  "SHELL=CMD" "COMPILER=arm-none-eabi-gcc" "ASSEMBLER=arm-none-eabi-as"
TRACE::2025-02-28.10:17:35::SCWBDomain:: "ARCHIVER=arm-none-eabi-ar" "COMPILER_FLAGS=  -O2 -c" "EXTRA_COMPILER_FLAGS=-mcpu=cortex-a9 -mfpu=vfpv3 -mfloat-abi=hard -nost
TRACE::2025-02-28.10:17:35::SCWBDomain::artfiles -g -Wall -Wextra"

TRACE::2025-02-28.10:17:35::SCWBDomain::make[2]: Entering directory 'C:/Users/oparker/workspace/design_1_wrapper/zynq_fsbl/zynq_fsbl_bsp/ps7_cortexa9_0/libsrc/qspips_v
TRACE::2025-02-28.10:17:35::SCWBDomain::3_7/src'

TRACE::2025-02-28.10:17:35::SCWBDomain::make[2]: Leaving directory 'C:/Users/oparker/workspace/design_1_wrapper/zynq_fsbl/zynq_fsbl_bsp/ps7_cortexa9_0/libsrc/qspips_v3
TRACE::2025-02-28.10:17:35::SCWBDomain::_7/src'

TRACE::2025-02-28.10:17:35::SCWBDomain::"Running Make include in ps7_cortexa9_0/libsrc/scugic_v4_2/src"

TRACE::2025-02-28.10:17:35::SCWBDomain::make -C ps7_cortexa9_0/libsrc/scugic_v4_2/src -s include  "SHELL=CMD" "COMPILER=arm-none-eabi-gcc" "ASSEMBLER=arm-none-eabi-as"
TRACE::2025-02-28.10:17:35::SCWBDomain:: "ARCHIVER=arm-none-eabi-ar" "COMPILER_FLAGS=  -O2 -c" "EXTRA_COMPILER_FLAGS=-mcpu=cortex-a9 -mfpu=vfpv3 -mfloat-abi=hard -nost
TRACE::2025-02-28.10:17:35::SCWBDomain::artfiles -g -Wall -Wextra"

TRACE::2025-02-28.10:17:35::SCWBDomain::make[2]: Entering directory 'C:/Users/oparker/workspace/design_1_wrapper/zynq_fsbl/zynq_fsbl_bsp/ps7_cortexa9_0/libsrc/scugic_v
TRACE::2025-02-28.10:17:35::SCWBDomain::4_2/src'

TRACE::2025-02-28.10:17:35::SCWBDomain::make[2]: Leaving directory 'C:/Users/oparker/workspace/design_1_wrapper/zynq_fsbl/zynq_fsbl_bsp/ps7_cortexa9_0/libsrc/scugic_v4
TRACE::2025-02-28.10:17:35::SCWBDomain::_2/src'

TRACE::2025-02-28.10:17:35::SCWBDomain::"Running Make include in ps7_cortexa9_0/libsrc/scutimer_v2_2/src"

TRACE::2025-02-28.10:17:35::SCWBDomain::make -C ps7_cortexa9_0/libsrc/scutimer_v2_2/src -s include  "SHELL=CMD" "COMPILER=arm-none-eabi-gcc" "ASSEMBLER=arm-none-eabi-a
TRACE::2025-02-28.10:17:35::SCWBDomain::s" "ARCHIVER=arm-none-eabi-ar" "COMPILER_FLAGS=  -O2 -c" "EXTRA_COMPILER_FLAGS=-mcpu=cortex-a9 -mfpu=vfpv3 -mfloat-abi=hard -no
TRACE::2025-02-28.10:17:35::SCWBDomain::startfiles -g -Wall -Wextra"

TRACE::2025-02-28.10:17:35::SCWBDomain::make[2]: Entering directory 'C:/Users/oparker/workspace/design_1_wrapper/zynq_fsbl/zynq_fsbl_bsp/ps7_cortexa9_0/libsrc/scutimer
TRACE::2025-02-28.10:17:35::SCWBDomain::_v2_2/src'

TRACE::2025-02-28.10:17:35::SCWBDomain::make[2]: Leaving directory 'C:/Users/oparker/workspace/design_1_wrapper/zynq_fsbl/zynq_fsbl_bsp/ps7_cortexa9_0/libsrc/scutimer_
TRACE::2025-02-28.10:17:35::SCWBDomain::v2_2/src'

TRACE::2025-02-28.10:17:36::SCWBDomain::"Running Make include in ps7_cortexa9_0/libsrc/scuwdt_v2_2/src"

TRACE::2025-02-28.10:17:36::SCWBDomain::make -C ps7_cortexa9_0/libsrc/scuwdt_v2_2/src -s include  "SHELL=CMD" "COMPILER=arm-none-eabi-gcc" "ASSEMBLER=arm-none-eabi-as"
TRACE::2025-02-28.10:17:36::SCWBDomain:: "ARCHIVER=arm-none-eabi-ar" "COMPILER_FLAGS=  -O2 -c" "EXTRA_COMPILER_FLAGS=-mcpu=cortex-a9 -mfpu=vfpv3 -mfloat-abi=hard -nost
TRACE::2025-02-28.10:17:36::SCWBDomain::artfiles -g -Wall -Wextra"

TRACE::2025-02-28.10:17:36::SCWBDomain::make[2]: Entering directory 'C:/Users/oparker/workspace/design_1_wrapper/zynq_fsbl/zynq_fsbl_bsp/ps7_cortexa9_0/libsrc/scuwdt_v
TRACE::2025-02-28.10:17:36::SCWBDomain::2_2/src'

TRACE::2025-02-28.10:17:36::SCWBDomain::make[2]: Leaving directory 'C:/Users/oparker/workspace/design_1_wrapper/zynq_fsbl/zynq_fsbl_bsp/ps7_cortexa9_0/libsrc/scuwdt_v2
TRACE::2025-02-28.10:17:36::SCWBDomain::_2/src'

TRACE::2025-02-28.10:17:36::SCWBDomain::"Running Make include in ps7_cortexa9_0/libsrc/sdps_v3_9/src"

TRACE::2025-02-28.10:17:36::SCWBDomain::make -C ps7_cortexa9_0/libsrc/sdps_v3_9/src -s include  "SHELL=CMD" "COMPILER=arm-none-eabi-gcc" "ASSEMBLER=arm-none-eabi-as" "
TRACE::2025-02-28.10:17:36::SCWBDomain::ARCHIVER=arm-none-eabi-ar" "COMPILER_FLAGS=  -O2 -c" "EXTRA_COMPILER_FLAGS=-mcpu=cortex-a9 -mfpu=vfpv3 -mfloat-abi=hard -nostar
TRACE::2025-02-28.10:17:36::SCWBDomain::tfiles -g -Wall -Wextra"

TRACE::2025-02-28.10:17:36::SCWBDomain::make[2]: Entering directory 'C:/Users/oparker/workspace/design_1_wrapper/zynq_fsbl/zynq_fsbl_bsp/ps7_cortexa9_0/libsrc/sdps_v3_
TRACE::2025-02-28.10:17:36::SCWBDomain::9/src'

TRACE::2025-02-28.10:17:36::SCWBDomain::make[2]: Leaving directory 'C:/Users/oparker/workspace/design_1_wrapper/zynq_fsbl/zynq_fsbl_bsp/ps7_cortexa9_0/libsrc/sdps_v3_9
TRACE::2025-02-28.10:17:36::SCWBDomain::/src'

TRACE::2025-02-28.10:17:36::SCWBDomain::"Running Make include in ps7_cortexa9_0/libsrc/standalone_v7_2/src"

TRACE::2025-02-28.10:17:36::SCWBDomain::make -C ps7_cortexa9_0/libsrc/standalone_v7_2/src -s include  "SHELL=CMD" "COMPILER=arm-none-eabi-gcc" "ASSEMBLER=arm-none-eabi
TRACE::2025-02-28.10:17:36::SCWBDomain::-as" "ARCHIVER=arm-none-eabi-ar" "COMPILER_FLAGS=  -O2 -c" "EXTRA_COMPILER_FLAGS=-mcpu=cortex-a9 -mfpu=vfpv3 -mfloat-abi=hard -
TRACE::2025-02-28.10:17:36::SCWBDomain::nostartfiles -g -Wall -Wextra"

TRACE::2025-02-28.10:17:36::SCWBDomain::make[2]: Entering directory 'C:/Users/oparker/workspace/design_1_wrapper/zynq_fsbl/zynq_fsbl_bsp/ps7_cortexa9_0/libsrc/standalo
TRACE::2025-02-28.10:17:36::SCWBDomain::ne_v7_2/src'

TRACE::2025-02-28.10:17:36::SCWBDomain::make[3]: Entering directory 'C:/Users/oparker/workspace/design_1_wrapper/zynq_fsbl/zynq_fsbl_bsp/ps7_cortexa9_0/libsrc/standalo
TRACE::2025-02-28.10:17:36::SCWBDomain::ne_v7_2/src/profile'

TRACE::2025-02-28.10:17:36::SCWBDomain::make[3]: Leaving directory 'C:/Users/oparker/workspace/design_1_wrapper/zynq_fsbl/zynq_fsbl_bsp/ps7_cortexa9_0/libsrc/standalon
TRACE::2025-02-28.10:17:36::SCWBDomain::e_v7_2/src/profile'

TRACE::2025-02-28.10:17:36::SCWBDomain::make[2]: Leaving directory 'C:/Users/oparker/workspace/design_1_wrapper/zynq_fsbl/zynq_fsbl_bsp/ps7_cortexa9_0/libsrc/standalon
TRACE::2025-02-28.10:17:36::SCWBDomain::e_v7_2/src'

TRACE::2025-02-28.10:17:36::SCWBDomain::"Running Make include in ps7_cortexa9_0/libsrc/ttcps_v3_11/src"

TRACE::2025-02-28.10:17:36::SCWBDomain::make -C ps7_cortexa9_0/libsrc/ttcps_v3_11/src -s include  "SHELL=CMD" "COMPILER=arm-none-eabi-gcc" "ASSEMBLER=arm-none-eabi-as"
TRACE::2025-02-28.10:17:36::SCWBDomain:: "ARCHIVER=arm-none-eabi-ar" "COMPILER_FLAGS=  -O2 -c" "EXTRA_COMPILER_FLAGS=-mcpu=cortex-a9 -mfpu=vfpv3 -mfloat-abi=hard -nost
TRACE::2025-02-28.10:17:36::SCWBDomain::artfiles -g -Wall -Wextra"

TRACE::2025-02-28.10:17:36::SCWBDomain::make[2]: Entering directory 'C:/Users/oparker/workspace/design_1_wrapper/zynq_fsbl/zynq_fsbl_bsp/ps7_cortexa9_0/libsrc/ttcps_v3
TRACE::2025-02-28.10:17:36::SCWBDomain::_11/src'

TRACE::2025-02-28.10:17:36::SCWBDomain::make[2]: Leaving directory 'C:/Users/oparker/workspace/design_1_wrapper/zynq_fsbl/zynq_fsbl_bsp/ps7_cortexa9_0/libsrc/ttcps_v3_
TRACE::2025-02-28.10:17:36::SCWBDomain::11/src'

TRACE::2025-02-28.10:17:36::SCWBDomain::"Running Make include in ps7_cortexa9_0/libsrc/uartps_v3_9/src"

TRACE::2025-02-28.10:17:36::SCWBDomain::make -C ps7_cortexa9_0/libsrc/uartps_v3_9/src -s include  "SHELL=CMD" "COMPILER=arm-none-eabi-gcc" "ASSEMBLER=arm-none-eabi-as"
TRACE::2025-02-28.10:17:36::SCWBDomain:: "ARCHIVER=arm-none-eabi-ar" "COMPILER_FLAGS=  -O2 -c" "EXTRA_COMPILER_FLAGS=-mcpu=cortex-a9 -mfpu=vfpv3 -mfloat-abi=hard -nost
TRACE::2025-02-28.10:17:36::SCWBDomain::artfiles -g -Wall -Wextra"

TRACE::2025-02-28.10:17:36::SCWBDomain::make[2]: Entering directory 'C:/Users/oparker/workspace/design_1_wrapper/zynq_fsbl/zynq_fsbl_bsp/ps7_cortexa9_0/libsrc/uartps_v
TRACE::2025-02-28.10:17:36::SCWBDomain::3_9/src'

TRACE::2025-02-28.10:17:36::SCWBDomain::make[2]: Leaving directory 'C:/Users/oparker/workspace/design_1_wrapper/zynq_fsbl/zynq_fsbl_bsp/ps7_cortexa9_0/libsrc/uartps_v3
TRACE::2025-02-28.10:17:36::SCWBDomain::_9/src'

TRACE::2025-02-28.10:17:36::SCWBDomain::"Running Make include in ps7_cortexa9_0/libsrc/usbps_v2_5/src"

TRACE::2025-02-28.10:17:36::SCWBDomain::make -C ps7_cortexa9_0/libsrc/usbps_v2_5/src -s include  "SHELL=CMD" "COMPILER=arm-none-eabi-gcc" "ASSEMBLER=arm-none-eabi-as" 
TRACE::2025-02-28.10:17:36::SCWBDomain::"ARCHIVER=arm-none-eabi-ar" "COMPILER_FLAGS=  -O2 -c" "EXTRA_COMPILER_FLAGS=-mcpu=cortex-a9 -mfpu=vfpv3 -mfloat-abi=hard -nosta
TRACE::2025-02-28.10:17:36::SCWBDomain::rtfiles -g -Wall -Wextra"

TRACE::2025-02-28.10:17:36::SCWBDomain::make[2]: Entering directory 'C:/Users/oparker/workspace/design_1_wrapper/zynq_fsbl/zynq_fsbl_bsp/ps7_cortexa9_0/libsrc/usbps_v2
TRACE::2025-02-28.10:17:36::SCWBDomain::_5/src'

TRACE::2025-02-28.10:17:36::SCWBDomain::make[2]: Leaving directory 'C:/Users/oparker/workspace/design_1_wrapper/zynq_fsbl/zynq_fsbl_bsp/ps7_cortexa9_0/libsrc/usbps_v2_
TRACE::2025-02-28.10:17:36::SCWBDomain::5/src'

TRACE::2025-02-28.10:17:36::SCWBDomain::"Running Make include in ps7_cortexa9_0/libsrc/vtc_v8_2/src"

TRACE::2025-02-28.10:17:36::SCWBDomain::make -C ps7_cortexa9_0/libsrc/vtc_v8_2/src -s include  "SHELL=CMD" "COMPILER=arm-none-eabi-gcc" "ASSEMBLER=arm-none-eabi-as" "A
TRACE::2025-02-28.10:17:36::SCWBDomain::RCHIVER=arm-none-eabi-ar" "COMPILER_FLAGS=  -O2 -c" "EXTRA_COMPILER_FLAGS=-mcpu=cortex-a9 -mfpu=vfpv3 -mfloat-abi=hard -nostart
TRACE::2025-02-28.10:17:36::SCWBDomain::files -g -Wall -Wextra"

TRACE::2025-02-28.10:17:36::SCWBDomain::make[2]: Entering directory 'C:/Users/oparker/workspace/design_1_wrapper/zynq_fsbl/zynq_fsbl_bsp/ps7_cortexa9_0/libsrc/vtc_v8_2
TRACE::2025-02-28.10:17:36::SCWBDomain::/src'

TRACE::2025-02-28.10:17:36::SCWBDomain::make[2]: Leaving directory 'C:/Users/oparker/workspace/design_1_wrapper/zynq_fsbl/zynq_fsbl_bsp/ps7_cortexa9_0/libsrc/vtc_v8_2/
TRACE::2025-02-28.10:17:36::SCWBDomain::src'

TRACE::2025-02-28.10:17:36::SCWBDomain::"Running Make include in ps7_cortexa9_0/libsrc/xadcps_v2_4/src"

TRACE::2025-02-28.10:17:36::SCWBDomain::make -C ps7_cortexa9_0/libsrc/xadcps_v2_4/src -s include  "SHELL=CMD" "COMPILER=arm-none-eabi-gcc" "ASSEMBLER=arm-none-eabi-as"
TRACE::2025-02-28.10:17:36::SCWBDomain:: "ARCHIVER=arm-none-eabi-ar" "COMPILER_FLAGS=  -O2 -c" "EXTRA_COMPILER_FLAGS=-mcpu=cortex-a9 -mfpu=vfpv3 -mfloat-abi=hard -nost
TRACE::2025-02-28.10:17:36::SCWBDomain::artfiles -g -Wall -Wextra"

TRACE::2025-02-28.10:17:36::SCWBDomain::make[2]: Entering directory 'C:/Users/oparker/workspace/design_1_wrapper/zynq_fsbl/zynq_fsbl_bsp/ps7_cortexa9_0/libsrc/xadcps_v
TRACE::2025-02-28.10:17:36::SCWBDomain::2_4/src'

TRACE::2025-02-28.10:17:36::SCWBDomain::make[2]: Leaving directory 'C:/Users/oparker/workspace/design_1_wrapper/zynq_fsbl/zynq_fsbl_bsp/ps7_cortexa9_0/libsrc/xadcps_v2
TRACE::2025-02-28.10:17:36::SCWBDomain::_4/src'

TRACE::2025-02-28.10:17:36::SCWBDomain::"Running Make include in ps7_cortexa9_0/libsrc/xilffs_v4_3/src"

TRACE::2025-02-28.10:17:36::SCWBDomain::make -C ps7_cortexa9_0/libsrc/xilffs_v4_3/src -s include  "SHELL=CMD" "COMPILER=arm-none-eabi-gcc" "ASSEMBLER=arm-none-eabi-as"
TRACE::2025-02-28.10:17:36::SCWBDomain:: "ARCHIVER=arm-none-eabi-ar" "COMPILER_FLAGS=  -O2 -c" "EXTRA_COMPILER_FLAGS=-mcpu=cortex-a9 -mfpu=vfpv3 -mfloat-abi=hard -nost
TRACE::2025-02-28.10:17:36::SCWBDomain::artfiles -g -Wall -Wextra"

TRACE::2025-02-28.10:17:36::SCWBDomain::make[2]: Entering directory 'C:/Users/oparker/workspace/design_1_wrapper/zynq_fsbl/zynq_fsbl_bsp/ps7_cortexa9_0/libsrc/xilffs_v
TRACE::2025-02-28.10:17:36::SCWBDomain::4_3/src'

TRACE::2025-02-28.10:17:36::SCWBDomain::make[2]: Leaving directory 'C:/Users/oparker/workspace/design_1_wrapper/zynq_fsbl/zynq_fsbl_bsp/ps7_cortexa9_0/libsrc/xilffs_v4
TRACE::2025-02-28.10:17:36::SCWBDomain::_3/src'

TRACE::2025-02-28.10:17:36::SCWBDomain::"Running Make include in ps7_cortexa9_0/libsrc/xilrsa_v1_6/src"

TRACE::2025-02-28.10:17:36::SCWBDomain::make -C ps7_cortexa9_0/libsrc/xilrsa_v1_6/src -s include  "SHELL=CMD" "COMPILER=arm-none-eabi-gcc" "ASSEMBLER=arm-none-eabi-as"
TRACE::2025-02-28.10:17:36::SCWBDomain:: "ARCHIVER=arm-none-eabi-ar" "COMPILER_FLAGS=  -O2 -c" "EXTRA_COMPILER_FLAGS=-mcpu=cortex-a9 -mfpu=vfpv3 -mfloat-abi=hard -nost
TRACE::2025-02-28.10:17:36::SCWBDomain::artfiles -g -Wall -Wextra"

TRACE::2025-02-28.10:17:36::SCWBDomain::make[2]: Entering directory 'C:/Users/oparker/workspace/design_1_wrapper/zynq_fsbl/zynq_fsbl_bsp/ps7_cortexa9_0/libsrc/xilrsa_v
TRACE::2025-02-28.10:17:36::SCWBDomain::1_6/src'

TRACE::2025-02-28.10:17:36::SCWBDomain::make[2]: Leaving directory 'C:/Users/oparker/workspace/design_1_wrapper/zynq_fsbl/zynq_fsbl_bsp/ps7_cortexa9_0/libsrc/xilrsa_v1
TRACE::2025-02-28.10:17:36::SCWBDomain::_6/src'

TRACE::2025-02-28.10:17:36::SCWBDomain::"Running Make libs in ps7_cortexa9_0/libsrc/axivdma_v6_7/src"

TRACE::2025-02-28.10:17:36::SCWBDomain::make -C ps7_cortexa9_0/libsrc/axivdma_v6_7/src -s libs  "SHELL=CMD" "COMPILER=arm-none-eabi-gcc" "ASSEMBLER=arm-none-eabi-as" "
TRACE::2025-02-28.10:17:36::SCWBDomain::ARCHIVER=arm-none-eabi-ar" "COMPILER_FLAGS=  -O2 -c" "EXTRA_COMPILER_FLAGS=-mcpu=cortex-a9 -mfpu=vfpv3 -mfloat-abi=hard -nostar
TRACE::2025-02-28.10:17:36::SCWBDomain::tfiles -g -Wall -Wextra"

TRACE::2025-02-28.10:17:36::SCWBDomain::make[2]: Entering directory 'C:/Users/oparker/workspace/design_1_wrapper/zynq_fsbl/zynq_fsbl_bsp/ps7_cortexa9_0/libsrc/axivdma_
TRACE::2025-02-28.10:17:36::SCWBDomain::v6_7/src'

TRACE::2025-02-28.10:17:36::SCWBDomain::"Compiling axivdma"

TRACE::2025-02-28.10:17:37::SCWBDomain::make[2]: Leaving directory 'C:/Users/oparker/workspace/design_1_wrapper/zynq_fsbl/zynq_fsbl_bsp/ps7_cortexa9_0/libsrc/axivdma_v
TRACE::2025-02-28.10:17:37::SCWBDomain::6_7/src'

TRACE::2025-02-28.10:17:37::SCWBDomain::"Running Make libs in ps7_cortexa9_0/libsrc/coresightps_dcc_v1_7/src"

TRACE::2025-02-28.10:17:37::SCWBDomain::make -C ps7_cortexa9_0/libsrc/coresightps_dcc_v1_7/src -s libs  "SHELL=CMD" "COMPILER=arm-none-eabi-gcc" "ASSEMBLER=arm-none-ea
TRACE::2025-02-28.10:17:37::SCWBDomain::bi-as" "ARCHIVER=arm-none-eabi-ar" "COMPILER_FLAGS=  -O2 -c" "EXTRA_COMPILER_FLAGS=-mcpu=cortex-a9 -mfpu=vfpv3 -mfloat-abi=hard
TRACE::2025-02-28.10:17:37::SCWBDomain:: -nostartfiles -g -Wall -Wextra"

TRACE::2025-02-28.10:17:37::SCWBDomain::make[2]: Entering directory 'C:/Users/oparker/workspace/design_1_wrapper/zynq_fsbl/zynq_fsbl_bsp/ps7_cortexa9_0/libsrc/coresigh
TRACE::2025-02-28.10:17:37::SCWBDomain::tps_dcc_v1_7/src'

TRACE::2025-02-28.10:17:37::SCWBDomain::"Compiling coresightps_dcc"

TRACE::2025-02-28.10:17:37::SCWBDomain::make[2]: Leaving directory 'C:/Users/oparker/workspace/design_1_wrapper/zynq_fsbl/zynq_fsbl_bsp/ps7_cortexa9_0/libsrc/coresight
TRACE::2025-02-28.10:17:37::SCWBDomain::ps_dcc_v1_7/src'

TRACE::2025-02-28.10:17:37::SCWBDomain::"Running Make libs in ps7_cortexa9_0/libsrc/cpu_cortexa9_v2_9/src"

TRACE::2025-02-28.10:17:37::SCWBDomain::make -C ps7_cortexa9_0/libsrc/cpu_cortexa9_v2_9/src -s libs  "SHELL=CMD" "COMPILER=arm-none-eabi-gcc" "ASSEMBLER=arm-none-eabi-
TRACE::2025-02-28.10:17:37::SCWBDomain::as" "ARCHIVER=arm-none-eabi-ar" "COMPILER_FLAGS=  -O2 -c" "EXTRA_COMPILER_FLAGS=-mcpu=cortex-a9 -mfpu=vfpv3 -mfloat-abi=hard -n
TRACE::2025-02-28.10:17:37::SCWBDomain::ostartfiles -g -Wall -Wextra"

TRACE::2025-02-28.10:17:37::SCWBDomain::make[2]: Entering directory 'C:/Users/oparker/workspace/design_1_wrapper/zynq_fsbl/zynq_fsbl_bsp/ps7_cortexa9_0/libsrc/cpu_cort
TRACE::2025-02-28.10:17:37::SCWBDomain::exa9_v2_9/src'

TRACE::2025-02-28.10:17:37::SCWBDomain::"Compiling cpu_cortexa9"

TRACE::2025-02-28.10:17:37::SCWBDomain::make[2]: Leaving directory 'C:/Users/oparker/workspace/design_1_wrapper/zynq_fsbl/zynq_fsbl_bsp/ps7_cortexa9_0/libsrc/cpu_corte
TRACE::2025-02-28.10:17:37::SCWBDomain::xa9_v2_9/src'

TRACE::2025-02-28.10:17:37::SCWBDomain::"Running Make libs in ps7_cortexa9_0/libsrc/ddrps_v1_1/src"

TRACE::2025-02-28.10:17:37::SCWBDomain::make -C ps7_cortexa9_0/libsrc/ddrps_v1_1/src -s libs  "SHELL=CMD" "COMPILER=arm-none-eabi-gcc" "ASSEMBLER=arm-none-eabi-as" "AR
TRACE::2025-02-28.10:17:37::SCWBDomain::CHIVER=arm-none-eabi-ar" "COMPILER_FLAGS=  -O2 -c" "EXTRA_COMPILER_FLAGS=-mcpu=cortex-a9 -mfpu=vfpv3 -mfloat-abi=hard -nostartf
TRACE::2025-02-28.10:17:37::SCWBDomain::iles -g -Wall -Wextra"

TRACE::2025-02-28.10:17:37::SCWBDomain::make[2]: Entering directory 'C:/Users/oparker/workspace/design_1_wrapper/zynq_fsbl/zynq_fsbl_bsp/ps7_cortexa9_0/libsrc/ddrps_v1
TRACE::2025-02-28.10:17:37::SCWBDomain::_1/src'

TRACE::2025-02-28.10:17:37::SCWBDomain::"Compiling ddrps"

TRACE::2025-02-28.10:17:37::SCWBDomain::make[2]: Leaving directory 'C:/Users/oparker/workspace/design_1_wrapper/zynq_fsbl/zynq_fsbl_bsp/ps7_cortexa9_0/libsrc/ddrps_v1_
TRACE::2025-02-28.10:17:37::SCWBDomain::1/src'

TRACE::2025-02-28.10:17:37::SCWBDomain::"Running Make libs in ps7_cortexa9_0/libsrc/devcfg_v3_6/src"

TRACE::2025-02-28.10:17:37::SCWBDomain::make -C ps7_cortexa9_0/libsrc/devcfg_v3_6/src -s libs  "SHELL=CMD" "COMPILER=arm-none-eabi-gcc" "ASSEMBLER=arm-none-eabi-as" "A
TRACE::2025-02-28.10:17:37::SCWBDomain::RCHIVER=arm-none-eabi-ar" "COMPILER_FLAGS=  -O2 -c" "EXTRA_COMPILER_FLAGS=-mcpu=cortex-a9 -mfpu=vfpv3 -mfloat-abi=hard -nostart
TRACE::2025-02-28.10:17:37::SCWBDomain::files -g -Wall -Wextra"

TRACE::2025-02-28.10:17:37::SCWBDomain::make[2]: Entering directory 'C:/Users/oparker/workspace/design_1_wrapper/zynq_fsbl/zynq_fsbl_bsp/ps7_cortexa9_0/libsrc/devcfg_v
TRACE::2025-02-28.10:17:37::SCWBDomain::3_6/src'

TRACE::2025-02-28.10:17:37::SCWBDomain::"Compiling devcfg"

TRACE::2025-02-28.10:17:38::SCWBDomain::make[2]: Leaving directory 'C:/Users/oparker/workspace/design_1_wrapper/zynq_fsbl/zynq_fsbl_bsp/ps7_cortexa9_0/libsrc/devcfg_v3
TRACE::2025-02-28.10:17:38::SCWBDomain::_6/src'

TRACE::2025-02-28.10:17:38::SCWBDomain::"Running Make libs in ps7_cortexa9_0/libsrc/dmaps_v2_6/src"

TRACE::2025-02-28.10:17:38::SCWBDomain::make -C ps7_cortexa9_0/libsrc/dmaps_v2_6/src -s libs  "SHELL=CMD" "COMPILER=arm-none-eabi-gcc" "ASSEMBLER=arm-none-eabi-as" "AR
TRACE::2025-02-28.10:17:38::SCWBDomain::CHIVER=arm-none-eabi-ar" "COMPILER_FLAGS=  -O2 -c" "EXTRA_COMPILER_FLAGS=-mcpu=cortex-a9 -mfpu=vfpv3 -mfloat-abi=hard -nostartf
TRACE::2025-02-28.10:17:38::SCWBDomain::iles -g -Wall -Wextra"

TRACE::2025-02-28.10:17:38::SCWBDomain::make[2]: Entering directory 'C:/Users/oparker/workspace/design_1_wrapper/zynq_fsbl/zynq_fsbl_bsp/ps7_cortexa9_0/libsrc/dmaps_v2
TRACE::2025-02-28.10:17:38::SCWBDomain::_6/src'

TRACE::2025-02-28.10:17:38::SCWBDomain::"Compiling dmaps"

TRACE::2025-02-28.10:17:38::SCWBDomain::make[2]: Leaving directory 'C:/Users/oparker/workspace/design_1_wrapper/zynq_fsbl/zynq_fsbl_bsp/ps7_cortexa9_0/libsrc/dmaps_v2_
TRACE::2025-02-28.10:17:38::SCWBDomain::6/src'

TRACE::2025-02-28.10:17:38::SCWBDomain::"Running Make libs in ps7_cortexa9_0/libsrc/emacps_v3_11/src"

TRACE::2025-02-28.10:17:38::SCWBDomain::make -C ps7_cortexa9_0/libsrc/emacps_v3_11/src -s libs  "SHELL=CMD" "COMPILER=arm-none-eabi-gcc" "ASSEMBLER=arm-none-eabi-as" "
TRACE::2025-02-28.10:17:38::SCWBDomain::ARCHIVER=arm-none-eabi-ar" "COMPILER_FLAGS=  -O2 -c" "EXTRA_COMPILER_FLAGS=-mcpu=cortex-a9 -mfpu=vfpv3 -mfloat-abi=hard -nostar
TRACE::2025-02-28.10:17:38::SCWBDomain::tfiles -g -Wall -Wextra"

TRACE::2025-02-28.10:17:38::SCWBDomain::make[2]: Entering directory 'C:/Users/oparker/workspace/design_1_wrapper/zynq_fsbl/zynq_fsbl_bsp/ps7_cortexa9_0/libsrc/emacps_v
TRACE::2025-02-28.10:17:38::SCWBDomain::3_11/src'

TRACE::2025-02-28.10:17:38::SCWBDomain::"Compiling emacps"

TRACE::2025-02-28.10:17:39::SCWBDomain::make[2]: Leaving directory 'C:/Users/oparker/workspace/design_1_wrapper/zynq_fsbl/zynq_fsbl_bsp/ps7_cortexa9_0/libsrc/emacps_v3
TRACE::2025-02-28.10:17:39::SCWBDomain::_11/src'

TRACE::2025-02-28.10:17:39::SCWBDomain::"Running Make libs in ps7_cortexa9_0/libsrc/gpiops_v3_7/src"

TRACE::2025-02-28.10:17:39::SCWBDomain::make -C ps7_cortexa9_0/libsrc/gpiops_v3_7/src -s libs  "SHELL=CMD" "COMPILER=arm-none-eabi-gcc" "ASSEMBLER=arm-none-eabi-as" "A
TRACE::2025-02-28.10:17:39::SCWBDomain::RCHIVER=arm-none-eabi-ar" "COMPILER_FLAGS=  -O2 -c" "EXTRA_COMPILER_FLAGS=-mcpu=cortex-a9 -mfpu=vfpv3 -mfloat-abi=hard -nostart
TRACE::2025-02-28.10:17:39::SCWBDomain::files -g -Wall -Wextra"

TRACE::2025-02-28.10:17:39::SCWBDomain::make[2]: Entering directory 'C:/Users/oparker/workspace/design_1_wrapper/zynq_fsbl/zynq_fsbl_bsp/ps7_cortexa9_0/libsrc/gpiops_v
TRACE::2025-02-28.10:17:39::SCWBDomain::3_7/src'

TRACE::2025-02-28.10:17:39::SCWBDomain::"Compiling gpiops"

TRACE::2025-02-28.10:17:40::SCWBDomain::make[2]: Leaving directory 'C:/Users/oparker/workspace/design_1_wrapper/zynq_fsbl/zynq_fsbl_bsp/ps7_cortexa9_0/libsrc/gpiops_v3
TRACE::2025-02-28.10:17:40::SCWBDomain::_7/src'

TRACE::2025-02-28.10:17:40::SCWBDomain::"Running Make libs in ps7_cortexa9_0/libsrc/iic_v3_6/src"

TRACE::2025-02-28.10:17:40::SCWBDomain::make -C ps7_cortexa9_0/libsrc/iic_v3_6/src -s libs  "SHELL=CMD" "COMPILER=arm-none-eabi-gcc" "ASSEMBLER=arm-none-eabi-as" "ARCH
TRACE::2025-02-28.10:17:40::SCWBDomain::IVER=arm-none-eabi-ar" "COMPILER_FLAGS=  -O2 -c" "EXTRA_COMPILER_FLAGS=-mcpu=cortex-a9 -mfpu=vfpv3 -mfloat-abi=hard -nostartfil
TRACE::2025-02-28.10:17:40::SCWBDomain::es -g -Wall -Wextra"

TRACE::2025-02-28.10:17:40::SCWBDomain::make[2]: Entering directory 'C:/Users/oparker/workspace/design_1_wrapper/zynq_fsbl/zynq_fsbl_bsp/ps7_cortexa9_0/libsrc/iic_v3_6
TRACE::2025-02-28.10:17:40::SCWBDomain::/src'

TRACE::2025-02-28.10:17:40::SCWBDomain::"Compiling iic"

TRACE::2025-02-28.10:17:41::SCWBDomain::make[2]: Leaving directory 'C:/Users/oparker/workspace/design_1_wrapper/zynq_fsbl/zynq_fsbl_bsp/ps7_cortexa9_0/libsrc/iic_v3_6/
TRACE::2025-02-28.10:17:41::SCWBDomain::src'

TRACE::2025-02-28.10:17:41::SCWBDomain::"Running Make libs in ps7_cortexa9_0/libsrc/qspips_v3_7/src"

TRACE::2025-02-28.10:17:41::SCWBDomain::make -C ps7_cortexa9_0/libsrc/qspips_v3_7/src -s libs  "SHELL=CMD" "COMPILER=arm-none-eabi-gcc" "ASSEMBLER=arm-none-eabi-as" "A
TRACE::2025-02-28.10:17:41::SCWBDomain::RCHIVER=arm-none-eabi-ar" "COMPILER_FLAGS=  -O2 -c" "EXTRA_COMPILER_FLAGS=-mcpu=cortex-a9 -mfpu=vfpv3 -mfloat-abi=hard -nostart
TRACE::2025-02-28.10:17:41::SCWBDomain::files -g -Wall -Wextra"

TRACE::2025-02-28.10:17:41::SCWBDomain::make[2]: Entering directory 'C:/Users/oparker/workspace/design_1_wrapper/zynq_fsbl/zynq_fsbl_bsp/ps7_cortexa9_0/libsrc/qspips_v
TRACE::2025-02-28.10:17:41::SCWBDomain::3_7/src'

TRACE::2025-02-28.10:17:41::SCWBDomain::"Compiling qspips"

TRACE::2025-02-28.10:17:41::SCWBDomain::make[2]: Leaving directory 'C:/Users/oparker/workspace/design_1_wrapper/zynq_fsbl/zynq_fsbl_bsp/ps7_cortexa9_0/libsrc/qspips_v3
TRACE::2025-02-28.10:17:41::SCWBDomain::_7/src'

TRACE::2025-02-28.10:17:41::SCWBDomain::"Running Make libs in ps7_cortexa9_0/libsrc/scugic_v4_2/src"

TRACE::2025-02-28.10:17:41::SCWBDomain::make -C ps7_cortexa9_0/libsrc/scugic_v4_2/src -s libs  "SHELL=CMD" "COMPILER=arm-none-eabi-gcc" "ASSEMBLER=arm-none-eabi-as" "A
TRACE::2025-02-28.10:17:41::SCWBDomain::RCHIVER=arm-none-eabi-ar" "COMPILER_FLAGS=  -O2 -c" "EXTRA_COMPILER_FLAGS=-mcpu=cortex-a9 -mfpu=vfpv3 -mfloat-abi=hard -nostart
TRACE::2025-02-28.10:17:41::SCWBDomain::files -g -Wall -Wextra"

TRACE::2025-02-28.10:17:41::SCWBDomain::make[2]: Entering directory 'C:/Users/oparker/workspace/design_1_wrapper/zynq_fsbl/zynq_fsbl_bsp/ps7_cortexa9_0/libsrc/scugic_v
TRACE::2025-02-28.10:17:41::SCWBDomain::4_2/src'

TRACE::2025-02-28.10:17:41::SCWBDomain::"Compiling scugic"

TRACE::2025-02-28.10:17:42::SCWBDomain::make[2]: Leaving directory 'C:/Users/oparker/workspace/design_1_wrapper/zynq_fsbl/zynq_fsbl_bsp/ps7_cortexa9_0/libsrc/scugic_v4
TRACE::2025-02-28.10:17:42::SCWBDomain::_2/src'

TRACE::2025-02-28.10:17:42::SCWBDomain::"Running Make libs in ps7_cortexa9_0/libsrc/scutimer_v2_2/src"

TRACE::2025-02-28.10:17:42::SCWBDomain::make -C ps7_cortexa9_0/libsrc/scutimer_v2_2/src -s libs  "SHELL=CMD" "COMPILER=arm-none-eabi-gcc" "ASSEMBLER=arm-none-eabi-as" 
TRACE::2025-02-28.10:17:42::SCWBDomain::"ARCHIVER=arm-none-eabi-ar" "COMPILER_FLAGS=  -O2 -c" "EXTRA_COMPILER_FLAGS=-mcpu=cortex-a9 -mfpu=vfpv3 -mfloat-abi=hard -nosta
TRACE::2025-02-28.10:17:42::SCWBDomain::rtfiles -g -Wall -Wextra"

TRACE::2025-02-28.10:17:42::SCWBDomain::make[2]: Entering directory 'C:/Users/oparker/workspace/design_1_wrapper/zynq_fsbl/zynq_fsbl_bsp/ps7_cortexa9_0/libsrc/scutimer
TRACE::2025-02-28.10:17:42::SCWBDomain::_v2_2/src'

TRACE::2025-02-28.10:17:42::SCWBDomain::"Compiling scutimer"

TRACE::2025-02-28.10:17:42::SCWBDomain::make[2]: Leaving directory 'C:/Users/oparker/workspace/design_1_wrapper/zynq_fsbl/zynq_fsbl_bsp/ps7_cortexa9_0/libsrc/scutimer_
TRACE::2025-02-28.10:17:42::SCWBDomain::v2_2/src'

TRACE::2025-02-28.10:17:42::SCWBDomain::"Running Make libs in ps7_cortexa9_0/libsrc/scuwdt_v2_2/src"

TRACE::2025-02-28.10:17:42::SCWBDomain::make -C ps7_cortexa9_0/libsrc/scuwdt_v2_2/src -s libs  "SHELL=CMD" "COMPILER=arm-none-eabi-gcc" "ASSEMBLER=arm-none-eabi-as" "A
TRACE::2025-02-28.10:17:42::SCWBDomain::RCHIVER=arm-none-eabi-ar" "COMPILER_FLAGS=  -O2 -c" "EXTRA_COMPILER_FLAGS=-mcpu=cortex-a9 -mfpu=vfpv3 -mfloat-abi=hard -nostart
TRACE::2025-02-28.10:17:42::SCWBDomain::files -g -Wall -Wextra"

TRACE::2025-02-28.10:17:42::SCWBDomain::make[2]: Entering directory 'C:/Users/oparker/workspace/design_1_wrapper/zynq_fsbl/zynq_fsbl_bsp/ps7_cortexa9_0/libsrc/scuwdt_v
TRACE::2025-02-28.10:17:42::SCWBDomain::2_2/src'

TRACE::2025-02-28.10:17:42::SCWBDomain::"Compiling scuwdt"

TRACE::2025-02-28.10:17:43::SCWBDomain::make[2]: Leaving directory 'C:/Users/oparker/workspace/design_1_wrapper/zynq_fsbl/zynq_fsbl_bsp/ps7_cortexa9_0/libsrc/scuwdt_v2
TRACE::2025-02-28.10:17:43::SCWBDomain::_2/src'

TRACE::2025-02-28.10:17:43::SCWBDomain::"Running Make libs in ps7_cortexa9_0/libsrc/sdps_v3_9/src"

TRACE::2025-02-28.10:17:43::SCWBDomain::make -C ps7_cortexa9_0/libsrc/sdps_v3_9/src -s libs  "SHELL=CMD" "COMPILER=arm-none-eabi-gcc" "ASSEMBLER=arm-none-eabi-as" "ARC
TRACE::2025-02-28.10:17:43::SCWBDomain::HIVER=arm-none-eabi-ar" "COMPILER_FLAGS=  -O2 -c" "EXTRA_COMPILER_FLAGS=-mcpu=cortex-a9 -mfpu=vfpv3 -mfloat-abi=hard -nostartfi
TRACE::2025-02-28.10:17:43::SCWBDomain::les -g -Wall -Wextra"

TRACE::2025-02-28.10:17:43::SCWBDomain::make[2]: Entering directory 'C:/Users/oparker/workspace/design_1_wrapper/zynq_fsbl/zynq_fsbl_bsp/ps7_cortexa9_0/libsrc/sdps_v3_
TRACE::2025-02-28.10:17:43::SCWBDomain::9/src'

TRACE::2025-02-28.10:17:43::SCWBDomain::"Compiling sdps"

TRACE::2025-02-28.10:17:43::SCWBDomain::make[2]: Leaving directory 'C:/Users/oparker/workspace/design_1_wrapper/zynq_fsbl/zynq_fsbl_bsp/ps7_cortexa9_0/libsrc/sdps_v3_9
TRACE::2025-02-28.10:17:43::SCWBDomain::/src'

TRACE::2025-02-28.10:17:43::SCWBDomain::"Running Make libs in ps7_cortexa9_0/libsrc/standalone_v7_2/src"

TRACE::2025-02-28.10:17:43::SCWBDomain::make -C ps7_cortexa9_0/libsrc/standalone_v7_2/src -s libs  "SHELL=CMD" "COMPILER=arm-none-eabi-gcc" "ASSEMBLER=arm-none-eabi-as
TRACE::2025-02-28.10:17:43::SCWBDomain::" "ARCHIVER=arm-none-eabi-ar" "COMPILER_FLAGS=  -O2 -c" "EXTRA_COMPILER_FLAGS=-mcpu=cortex-a9 -mfpu=vfpv3 -mfloat-abi=hard -nos
TRACE::2025-02-28.10:17:43::SCWBDomain::tartfiles -g -Wall -Wextra"

TRACE::2025-02-28.10:17:43::SCWBDomain::make[2]: Entering directory 'C:/Users/oparker/workspace/design_1_wrapper/zynq_fsbl/zynq_fsbl_bsp/ps7_cortexa9_0/libsrc/standalo
TRACE::2025-02-28.10:17:43::SCWBDomain::ne_v7_2/src'

TRACE::2025-02-28.10:17:43::SCWBDomain::"Compiling standalone"

TRACE::2025-02-28.10:17:45::SCWBDomain::make[3]: Entering directory 'C:/Users/oparker/workspace/design_1_wrapper/zynq_fsbl/zynq_fsbl_bsp/ps7_cortexa9_0/libsrc/standalo
TRACE::2025-02-28.10:17:45::SCWBDomain::ne_v7_2/src/profile'

TRACE::2025-02-28.10:17:45::SCWBDomain::make[3]: Leaving directory 'C:/Users/oparker/workspace/design_1_wrapper/zynq_fsbl/zynq_fsbl_bsp/ps7_cortexa9_0/libsrc/standalon
TRACE::2025-02-28.10:17:45::SCWBDomain::e_v7_2/src/profile'

TRACE::2025-02-28.10:17:45::SCWBDomain::make[2]: Leaving directory 'C:/Users/oparker/workspace/design_1_wrapper/zynq_fsbl/zynq_fsbl_bsp/ps7_cortexa9_0/libsrc/standalon
TRACE::2025-02-28.10:17:45::SCWBDomain::e_v7_2/src'

TRACE::2025-02-28.10:17:45::SCWBDomain::"Running Make libs in ps7_cortexa9_0/libsrc/ttcps_v3_11/src"

TRACE::2025-02-28.10:17:45::SCWBDomain::make -C ps7_cortexa9_0/libsrc/ttcps_v3_11/src -s libs  "SHELL=CMD" "COMPILER=arm-none-eabi-gcc" "ASSEMBLER=arm-none-eabi-as" "A
TRACE::2025-02-28.10:17:45::SCWBDomain::RCHIVER=arm-none-eabi-ar" "COMPILER_FLAGS=  -O2 -c" "EXTRA_COMPILER_FLAGS=-mcpu=cortex-a9 -mfpu=vfpv3 -mfloat-abi=hard -nostart
TRACE::2025-02-28.10:17:45::SCWBDomain::files -g -Wall -Wextra"

TRACE::2025-02-28.10:17:45::SCWBDomain::make[2]: Entering directory 'C:/Users/oparker/workspace/design_1_wrapper/zynq_fsbl/zynq_fsbl_bsp/ps7_cortexa9_0/libsrc/ttcps_v3
TRACE::2025-02-28.10:17:45::SCWBDomain::_11/src'

TRACE::2025-02-28.10:17:45::SCWBDomain::"Compiling ttcps"

TRACE::2025-02-28.10:17:46::SCWBDomain::make[2]: Leaving directory 'C:/Users/oparker/workspace/design_1_wrapper/zynq_fsbl/zynq_fsbl_bsp/ps7_cortexa9_0/libsrc/ttcps_v3_
TRACE::2025-02-28.10:17:46::SCWBDomain::11/src'

TRACE::2025-02-28.10:17:46::SCWBDomain::"Running Make libs in ps7_cortexa9_0/libsrc/uartps_v3_9/src"

TRACE::2025-02-28.10:17:46::SCWBDomain::make -C ps7_cortexa9_0/libsrc/uartps_v3_9/src -s libs  "SHELL=CMD" "COMPILER=arm-none-eabi-gcc" "ASSEMBLER=arm-none-eabi-as" "A
TRACE::2025-02-28.10:17:46::SCWBDomain::RCHIVER=arm-none-eabi-ar" "COMPILER_FLAGS=  -O2 -c" "EXTRA_COMPILER_FLAGS=-mcpu=cortex-a9 -mfpu=vfpv3 -mfloat-abi=hard -nostart
TRACE::2025-02-28.10:17:46::SCWBDomain::files -g -Wall -Wextra"

TRACE::2025-02-28.10:17:46::SCWBDomain::make[2]: Entering directory 'C:/Users/oparker/workspace/design_1_wrapper/zynq_fsbl/zynq_fsbl_bsp/ps7_cortexa9_0/libsrc/uartps_v
TRACE::2025-02-28.10:17:46::SCWBDomain::3_9/src'

TRACE::2025-02-28.10:17:46::SCWBDomain::"Compiling uartps"

TRACE::2025-02-28.10:17:46::SCWBDomain::make[2]: Leaving directory 'C:/Users/oparker/workspace/design_1_wrapper/zynq_fsbl/zynq_fsbl_bsp/ps7_cortexa9_0/libsrc/uartps_v3
TRACE::2025-02-28.10:17:46::SCWBDomain::_9/src'

TRACE::2025-02-28.10:17:46::SCWBDomain::"Running Make libs in ps7_cortexa9_0/libsrc/usbps_v2_5/src"

TRACE::2025-02-28.10:17:46::SCWBDomain::make -C ps7_cortexa9_0/libsrc/usbps_v2_5/src -s libs  "SHELL=CMD" "COMPILER=arm-none-eabi-gcc" "ASSEMBLER=arm-none-eabi-as" "AR
TRACE::2025-02-28.10:17:46::SCWBDomain::CHIVER=arm-none-eabi-ar" "COMPILER_FLAGS=  -O2 -c" "EXTRA_COMPILER_FLAGS=-mcpu=cortex-a9 -mfpu=vfpv3 -mfloat-abi=hard -nostartf
TRACE::2025-02-28.10:17:46::SCWBDomain::iles -g -Wall -Wextra"

TRACE::2025-02-28.10:17:46::SCWBDomain::make[2]: Entering directory 'C:/Users/oparker/workspace/design_1_wrapper/zynq_fsbl/zynq_fsbl_bsp/ps7_cortexa9_0/libsrc/usbps_v2
TRACE::2025-02-28.10:17:46::SCWBDomain::_5/src'

TRACE::2025-02-28.10:17:46::SCWBDomain::"Compiling usbps"

TRACE::2025-02-28.10:17:47::SCWBDomain::make[2]: Leaving directory 'C:/Users/oparker/workspace/design_1_wrapper/zynq_fsbl/zynq_fsbl_bsp/ps7_cortexa9_0/libsrc/usbps_v2_
TRACE::2025-02-28.10:17:47::SCWBDomain::5/src'

TRACE::2025-02-28.10:17:47::SCWBDomain::"Running Make libs in ps7_cortexa9_0/libsrc/vtc_v8_2/src"

TRACE::2025-02-28.10:17:47::SCWBDomain::make -C ps7_cortexa9_0/libsrc/vtc_v8_2/src -s libs  "SHELL=CMD" "COMPILER=arm-none-eabi-gcc" "ASSEMBLER=arm-none-eabi-as" "ARCH
TRACE::2025-02-28.10:17:47::SCWBDomain::IVER=arm-none-eabi-ar" "COMPILER_FLAGS=  -O2 -c" "EXTRA_COMPILER_FLAGS=-mcpu=cortex-a9 -mfpu=vfpv3 -mfloat-abi=hard -nostartfil
TRACE::2025-02-28.10:17:47::SCWBDomain::es -g -Wall -Wextra"

TRACE::2025-02-28.10:17:47::SCWBDomain::make[2]: Entering directory 'C:/Users/oparker/workspace/design_1_wrapper/zynq_fsbl/zynq_fsbl_bsp/ps7_cortexa9_0/libsrc/vtc_v8_2
TRACE::2025-02-28.10:17:47::SCWBDomain::/src'

TRACE::2025-02-28.10:17:47::SCWBDomain::"Compiling video timing controller"

TRACE::2025-02-28.10:17:48::SCWBDomain::make[3]: Entering directory 'C:/Users/oparker/workspace/design_1_wrapper/zynq_fsbl/zynq_fsbl_bsp/ps7_cortexa9_0/libsrc/vtc_v8_2
TRACE::2025-02-28.10:17:48::SCWBDomain::/src'

TRACE::2025-02-28.10:17:48::SCWBDomain::make[3]: Leaving directory 'C:/Users/oparker/workspace/design_1_wrapper/zynq_fsbl/zynq_fsbl_bsp/ps7_cortexa9_0/libsrc/vtc_v8_2/
TRACE::2025-02-28.10:17:48::SCWBDomain::src'

TRACE::2025-02-28.10:17:48::SCWBDomain::make[2]: Leaving directory 'C:/Users/oparker/workspace/design_1_wrapper/zynq_fsbl/zynq_fsbl_bsp/ps7_cortexa9_0/libsrc/vtc_v8_2/
TRACE::2025-02-28.10:17:48::SCWBDomain::src'

TRACE::2025-02-28.10:17:48::SCWBDomain::"Running Make libs in ps7_cortexa9_0/libsrc/xadcps_v2_4/src"

TRACE::2025-02-28.10:17:48::SCWBDomain::make -C ps7_cortexa9_0/libsrc/xadcps_v2_4/src -s libs  "SHELL=CMD" "COMPILER=arm-none-eabi-gcc" "ASSEMBLER=arm-none-eabi-as" "A
TRACE::2025-02-28.10:17:48::SCWBDomain::RCHIVER=arm-none-eabi-ar" "COMPILER_FLAGS=  -O2 -c" "EXTRA_COMPILER_FLAGS=-mcpu=cortex-a9 -mfpu=vfpv3 -mfloat-abi=hard -nostart
TRACE::2025-02-28.10:17:48::SCWBDomain::files -g -Wall -Wextra"

TRACE::2025-02-28.10:17:48::SCWBDomain::make[2]: Entering directory 'C:/Users/oparker/workspace/design_1_wrapper/zynq_fsbl/zynq_fsbl_bsp/ps7_cortexa9_0/libsrc/xadcps_v
TRACE::2025-02-28.10:17:48::SCWBDomain::2_4/src'

TRACE::2025-02-28.10:17:48::SCWBDomain::"Compiling xadcps"

TRACE::2025-02-28.10:17:48::SCWBDomain::make[2]: Leaving directory 'C:/Users/oparker/workspace/design_1_wrapper/zynq_fsbl/zynq_fsbl_bsp/ps7_cortexa9_0/libsrc/xadcps_v2
TRACE::2025-02-28.10:17:48::SCWBDomain::_4/src'

TRACE::2025-02-28.10:17:48::SCWBDomain::"Running Make libs in ps7_cortexa9_0/libsrc/xilffs_v4_3/src"

TRACE::2025-02-28.10:17:48::SCWBDomain::make -C ps7_cortexa9_0/libsrc/xilffs_v4_3/src -s libs  "SHELL=CMD" "COMPILER=arm-none-eabi-gcc" "ASSEMBLER=arm-none-eabi-as" "A
TRACE::2025-02-28.10:17:48::SCWBDomain::RCHIVER=arm-none-eabi-ar" "COMPILER_FLAGS=  -O2 -c" "EXTRA_COMPILER_FLAGS=-mcpu=cortex-a9 -mfpu=vfpv3 -mfloat-abi=hard -nostart
TRACE::2025-02-28.10:17:48::SCWBDomain::files -g -Wall -Wextra"

TRACE::2025-02-28.10:17:48::SCWBDomain::make[2]: Entering directory 'C:/Users/oparker/workspace/design_1_wrapper/zynq_fsbl/zynq_fsbl_bsp/ps7_cortexa9_0/libsrc/xilffs_v
TRACE::2025-02-28.10:17:48::SCWBDomain::4_3/src'

TRACE::2025-02-28.10:17:48::SCWBDomain::"Compiling XilFFs Library"

TRACE::2025-02-28.10:17:49::SCWBDomain::make[2]: Leaving directory 'C:/Users/oparker/workspace/design_1_wrapper/zynq_fsbl/zynq_fsbl_bsp/ps7_cortexa9_0/libsrc/xilffs_v4
TRACE::2025-02-28.10:17:49::SCWBDomain::_3/src'

TRACE::2025-02-28.10:17:49::SCWBDomain::"Running Make libs in ps7_cortexa9_0/libsrc/xilrsa_v1_6/src"

TRACE::2025-02-28.10:17:49::SCWBDomain::make -C ps7_cortexa9_0/libsrc/xilrsa_v1_6/src -s libs  "SHELL=CMD" "COMPILER=arm-none-eabi-gcc" "ASSEMBLER=arm-none-eabi-as" "A
TRACE::2025-02-28.10:17:49::SCWBDomain::RCHIVER=arm-none-eabi-ar" "COMPILER_FLAGS=  -O2 -c" "EXTRA_COMPILER_FLAGS=-mcpu=cortex-a9 -mfpu=vfpv3 -mfloat-abi=hard -nostart
TRACE::2025-02-28.10:17:49::SCWBDomain::files -g -Wall -Wextra"

TRACE::2025-02-28.10:17:49::SCWBDomain::make[2]: Entering directory 'C:/Users/oparker/workspace/design_1_wrapper/zynq_fsbl/zynq_fsbl_bsp/ps7_cortexa9_0/libsrc/xilrsa_v
TRACE::2025-02-28.10:17:49::SCWBDomain::1_6/src'

TRACE::2025-02-28.10:17:49::SCWBDomain::make[2]: Leaving directory 'C:/Users/oparker/workspace/design_1_wrapper/zynq_fsbl/zynq_fsbl_bsp/ps7_cortexa9_0/libsrc/xilrsa_v1
TRACE::2025-02-28.10:17:49::SCWBDomain::_6/src'

TRACE::2025-02-28.10:17:49::SCWBDomain::'Finished building libraries'

TRACE::2025-02-28.10:17:49::SCWBDomain::make[1]: Leaving directory 'C:/Users/oparker/workspace/design_1_wrapper/zynq_fsbl/zynq_fsbl_bsp'

TRACE::2025-02-28.10:17:49::SCWBDomain::arm-none-eabi-gcc -MMD -MP       -mcpu=cortex-a9 -mfpu=vfpv3 -mfloat-abi=hard   -O2 -c -c sd.c -o sd.o -Izynq_fsbl_bsp/ps7_cort
TRACE::2025-02-28.10:17:49::SCWBDomain::exa9_0/include -I.

TRACE::2025-02-28.10:17:49::SCWBDomain::arm-none-eabi-gcc -MMD -MP       -mcpu=cortex-a9 -mfpu=vfpv3 -mfloat-abi=hard   -O2 -c -c nand.c -o nand.o -Izynq_fsbl_bsp/ps7_
TRACE::2025-02-28.10:17:49::SCWBDomain::cortexa9_0/include -I.

TRACE::2025-02-28.10:17:49::SCWBDomain::arm-none-eabi-gcc -MMD -MP       -mcpu=cortex-a9 -mfpu=vfpv3 -mfloat-abi=hard   -O2 -c -c image_mover.c -o image_mover.o -Izynq
TRACE::2025-02-28.10:17:49::SCWBDomain::_fsbl_bsp/ps7_cortexa9_0/include -I.

TRACE::2025-02-28.10:17:49::SCWBDomain::arm-none-eabi-gcc -MMD -MP       -mcpu=cortex-a9 -mfpu=vfpv3 -mfloat-abi=hard   -O2 -c -c md5.c -o md5.o -Izynq_fsbl_bsp/ps7_co
TRACE::2025-02-28.10:17:49::SCWBDomain::rtexa9_0/include -I.

TRACE::2025-02-28.10:17:49::SCWBDomain::arm-none-eabi-gcc -MMD -MP       -mcpu=cortex-a9 -mfpu=vfpv3 -mfloat-abi=hard   -O2 -c -c fsbl_hooks.c -o fsbl_hooks.o -Izynq_f
TRACE::2025-02-28.10:17:49::SCWBDomain::sbl_bsp/ps7_cortexa9_0/include -I.

TRACE::2025-02-28.10:17:50::SCWBDomain::arm-none-eabi-gcc -MMD -MP       -mcpu=cortex-a9 -mfpu=vfpv3 -mfloat-abi=hard   -O2 -c -c main.c -o main.o -Izynq_fsbl_bsp/ps7_
TRACE::2025-02-28.10:17:50::SCWBDomain::cortexa9_0/include -I.

TRACE::2025-02-28.10:17:50::SCWBDomain::arm-none-eabi-gcc -MMD -MP       -mcpu=cortex-a9 -mfpu=vfpv3 -mfloat-abi=hard   -O2 -c -c rsa.c -o rsa.o -Izynq_fsbl_bsp/ps7_co
TRACE::2025-02-28.10:17:50::SCWBDomain::rtexa9_0/include -I.

TRACE::2025-02-28.10:17:50::SCWBDomain::arm-none-eabi-gcc -MMD -MP       -mcpu=cortex-a9 -mfpu=vfpv3 -mfloat-abi=hard   -O2 -c -c nor.c -o nor.o -Izynq_fsbl_bsp/ps7_co
TRACE::2025-02-28.10:17:50::SCWBDomain::rtexa9_0/include -I.

TRACE::2025-02-28.10:17:50::SCWBDomain::arm-none-eabi-gcc -MMD -MP       -mcpu=cortex-a9 -mfpu=vfpv3 -mfloat-abi=hard   -O2 -c -c qspi.c -o qspi.o -Izynq_fsbl_bsp/ps7_
TRACE::2025-02-28.10:17:50::SCWBDomain::cortexa9_0/include -I.

TRACE::2025-02-28.10:17:50::SCWBDomain::arm-none-eabi-gcc -MMD -MP       -mcpu=cortex-a9 -mfpu=vfpv3 -mfloat-abi=hard   -O2 -c -c ps7_init.c -o ps7_init.o -Izynq_fsbl_
TRACE::2025-02-28.10:17:50::SCWBDomain::bsp/ps7_cortexa9_0/include -I.

TRACE::2025-02-28.10:17:50::SCWBDomain::arm-none-eabi-gcc -MMD -MP       -mcpu=cortex-a9 -mfpu=vfpv3 -mfloat-abi=hard   -O2 -c -c pcap.c -o pcap.o -Izynq_fsbl_bsp/ps7_
TRACE::2025-02-28.10:17:50::SCWBDomain::cortexa9_0/include -I.

TRACE::2025-02-28.10:17:50::SCWBDomain::arm-none-eabi-gcc -MMD -MP       -mcpu=cortex-a9 -mfpu=vfpv3 -mfloat-abi=hard   -O2 -c -c fsbl_handoff.S -o fsbl_handoff.o -Izy
TRACE::2025-02-28.10:17:50::SCWBDomain::nq_fsbl_bsp/ps7_cortexa9_0/include -I.

TRACE::2025-02-28.10:17:50::SCWBDomain::arm-none-eabi-gcc -o executable.elf  sd.o  nand.o  image_mover.o  md5.o  fsbl_hooks.o  main.o  rsa.o  nor.o  qspi.o  ps7_init.o
TRACE::2025-02-28.10:17:50::SCWBDomain::  pcap.o  fsbl_handoff.o -MMD -MP       -mcpu=cortex-a9 -mfpu=vfpv3 -mfloat-abi=hard   -mcpu=cortex-a9 -mfpu=vfpv3 -mfloat-abi=
TRACE::2025-02-28.10:17:50::SCWBDomain::hard -Wl,-build-id=none -specs=Xilinx.spec  -lrsa -Wl,--start-group,-lxil,-lgcc,-lc,--end-group -Wl,--start-group,-lxilffs,-lxi
TRACE::2025-02-28.10:17:50::SCWBDomain::l,-lgcc,-lc,--end-group -Wl,--start-group,-lrsa,-lxil,-lgcc,-lc,--end-group                                          -Wl,--gc-s
TRACE::2025-02-28.10:17:50::SCWBDomain::ections -Lzynq_fsbl_bsp/ps7_cortexa9_0/lib -L./ -Tlscript.ld

LOG::2025-02-28.10:17:50::SCWSystem::Checking the domain domain_ps7_cortexa9_0
LOG::2025-02-28.10:17:50::SCWSystem::Not a boot domain 
LOG::2025-02-28.10:17:50::SCWSystem::Started Processing the domain domain_ps7_cortexa9_0
TRACE::2025-02-28.10:17:50::SCWDomain::Generating domain artifcats
TRACE::2025-02-28.10:17:50::SCWMssOS::Generating standalone artifcats
TRACE::2025-02-28.10:17:50::SCWMssOS::Copying the qemu file from  C:/Xilinx/Vitis/2020.1/data/emulation/platforms/zynq/qemu/qemu_args.txt To C:/Users/oparker/workspace/design_1_wrapper/export/design_1_wrapper/sw/design_1_wrapper/qemu/
TRACE::2025-02-28.10:17:50::SCWMssOS::Copying the qemu file from  C:/Xilinx/Vitis/2020.1/data/emulation/platforms/zynq/qemu/qemu_args.txt To C:/Users/oparker/workspace/design_1_wrapper/export/design_1_wrapper/sw/design_1_wrapper/domain_ps7_cortexa9_0/qemu/
TRACE::2025-02-28.10:17:50::SCWMssOS:: Copying the user libraries. 
TRACE::2025-02-28.10:17:50::SCWPlatform::Trying to open the hw design at C:/Users/oparker/workspace/design_1_wrapper/hw/design_1_wrapper.xsa
TRACE::2025-02-28.10:17:50::SCWPlatform::DSA given C:/Users/oparker/workspace/design_1_wrapper/hw/design_1_wrapper.xsa
TRACE::2025-02-28.10:17:50::SCWPlatform::DSA absoulate path C:/Users/oparker/workspace/design_1_wrapper/hw/design_1_wrapper.xsa
TRACE::2025-02-28.10:17:50::SCWPlatform::DSA directory C:/Users/oparker/workspace/design_1_wrapper/hw
TRACE::2025-02-28.10:17:50::SCWPlatform:: Platform Path C:/Users/oparker/workspace/design_1_wrapper/hw/design_1_wrapper.xsa
TRACE::2025-02-28.10:17:50::SCWPlatform:: Unique name xilinx:zed::0.0
TRACE::2025-02-28.10:17:50::SCWPlatform::Trying to set the existing hwdb with name design_1_wrapper_6
TRACE::2025-02-28.10:17:50::SCWPlatform::Opened existing hwdb design_1_wrapper_6
TRACE::2025-02-28.10:17:50::SCWPlatform::Found the Hw Db part of the input DSA
TRACE::2025-02-28.10:17:50::SCWMssOS::Checking the sw design at  C:/Users/oparker/workspace/design_1_wrapper/ps7_cortexa9_0/domain_ps7_cortexa9_0/bsp/system.mss
TRACE::2025-02-28.10:17:50::SCWMssOS::DEBUG:  swdes dump  C:/Users/oparker/workspace/TPG/ps7_cortexa9_0/standalone_domain/bsp/system.mss|system_2||
C:/Users/oparker/workspace/TPG/zynq_fsbl/zynq_fsbl_bsp/system.mss|system||
C:/Users/oparker/workspace/design_1_wrapper/ps7_cortexa9_0/domain_ps7_cortexa9_0/bsp/system.mss|system_1||
C:/Users/oparker/workspace/design_1_wrapper/zynq_fsbl/zynq_fsbl_bsp/system.mss|system_0||

TRACE::2025-02-28.10:17:50::SCWMssOS::Sw design exists and opened at  C:/Users/oparker/workspace/design_1_wrapper/ps7_cortexa9_0/domain_ps7_cortexa9_0/bsp/system.mss
TRACE::2025-02-28.10:17:50::SCWMssOS::Completed writing the mss file at C:/Users/oparker/workspace/design_1_wrapper/ps7_cortexa9_0/domain_ps7_cortexa9_0/bsp
TRACE::2025-02-28.10:17:50::SCWMssOS::Mss edits present, copying mssfile into export location C:/Users/oparker/workspace/design_1_wrapper/ps7_cortexa9_0/domain_ps7_cortexa9_0/bsp/system.mss
TRACE::2025-02-28.10:17:50::SCWMssOS::bsp generated is upto date with the mss file. Skipping bsp generation.
TRACE::2025-02-28.10:17:50::SCWMssOS::BSP is already built. skipping the bsp build ... 
TRACE::2025-02-28.10:17:50::SCWDomain::Building the domain as part of full build :  domain_ps7_cortexa9_0
TRACE::2025-02-28.10:17:50::SCWMssOS::doing bsp build ... 
TRACE::2025-02-28.10:17:50::SCWMssOS::System Command Ran  C: & cd  C:/Users/oparker/workspace/design_1_wrapper/ps7_cortexa9_0/domain_ps7_cortexa9_0/bsp & make 
TRACE::2025-02-28.10:17:50::SCWMssOS::"Running Make include in ps7_cortexa9_0/libsrc/axivdma_v6_7/src"

TRACE::2025-02-28.10:17:50::SCWMssOS::make -C ps7_cortexa9_0/libsrc/axivdma_v6_7/src -s include  "SHELL=CMD" "COMPILER=arm-none-eabi-gcc" "ASSEMBLER=arm-none-eabi-as
TRACE::2025-02-28.10:17:50::SCWMssOS::" "ARCHIVER=arm-none-eabi-ar" "COMPILER_FLAGS=  -O2 -c" "EXTRA_COMPILER_FLAGS=-mcpu=cortex-a9 -mfpu=vfpv3 -mfloat-abi=hard -nos
TRACE::2025-02-28.10:17:50::SCWMssOS::tartfiles -g -Wall -Wextra"

TRACE::2025-02-28.10:17:50::SCWMssOS::"Running Make include in ps7_cortexa9_0/libsrc/coresightps_dcc_v1_7/src"

TRACE::2025-02-28.10:17:50::SCWMssOS::make -C ps7_cortexa9_0/libsrc/coresightps_dcc_v1_7/src -s include  "SHELL=CMD" "COMPILER=arm-none-eabi-gcc" "ASSEMBLER=arm-none
TRACE::2025-02-28.10:17:50::SCWMssOS::-eabi-as" "ARCHIVER=arm-none-eabi-ar" "COMPILER_FLAGS=  -O2 -c" "EXTRA_COMPILER_FLAGS=-mcpu=cortex-a9 -mfpu=vfpv3 -mfloat-abi=h
TRACE::2025-02-28.10:17:50::SCWMssOS::ard -nostartfiles -g -Wall -Wextra"

TRACE::2025-02-28.10:17:50::SCWMssOS::"Running Make include in ps7_cortexa9_0/libsrc/cpu_cortexa9_v2_9/src"

TRACE::2025-02-28.10:17:50::SCWMssOS::make -C ps7_cortexa9_0/libsrc/cpu_cortexa9_v2_9/src -s include  "SHELL=CMD" "COMPILER=arm-none-eabi-gcc" "ASSEMBLER=arm-none-ea
TRACE::2025-02-28.10:17:50::SCWMssOS::bi-as" "ARCHIVER=arm-none-eabi-ar" "COMPILER_FLAGS=  -O2 -c" "EXTRA_COMPILER_FLAGS=-mcpu=cortex-a9 -mfpu=vfpv3 -mfloat-abi=hard
TRACE::2025-02-28.10:17:50::SCWMssOS:: -nostartfiles -g -Wall -Wextra"

TRACE::2025-02-28.10:17:50::SCWMssOS::"Running Make include in ps7_cortexa9_0/libsrc/ddrps_v1_1/src"

TRACE::2025-02-28.10:17:50::SCWMssOS::make -C ps7_cortexa9_0/libsrc/ddrps_v1_1/src -s include  "SHELL=CMD" "COMPILER=arm-none-eabi-gcc" "ASSEMBLER=arm-none-eabi-as" 
TRACE::2025-02-28.10:17:50::SCWMssOS::"ARCHIVER=arm-none-eabi-ar" "COMPILER_FLAGS=  -O2 -c" "EXTRA_COMPILER_FLAGS=-mcpu=cortex-a9 -mfpu=vfpv3 -mfloat-abi=hard -nosta
TRACE::2025-02-28.10:17:50::SCWMssOS::rtfiles -g -Wall -Wextra"

TRACE::2025-02-28.10:17:50::SCWMssOS::"Running Make include in ps7_cortexa9_0/libsrc/devcfg_v3_6/src"

TRACE::2025-02-28.10:17:50::SCWMssOS::make -C ps7_cortexa9_0/libsrc/devcfg_v3_6/src -s include  "SHELL=CMD" "COMPILER=arm-none-eabi-gcc" "ASSEMBLER=arm-none-eabi-as"
TRACE::2025-02-28.10:17:50::SCWMssOS:: "ARCHIVER=arm-none-eabi-ar" "COMPILER_FLAGS=  -O2 -c" "EXTRA_COMPILER_FLAGS=-mcpu=cortex-a9 -mfpu=vfpv3 -mfloat-abi=hard -nost
TRACE::2025-02-28.10:17:50::SCWMssOS::artfiles -g -Wall -Wextra"

TRACE::2025-02-28.10:17:50::SCWMssOS::"Running Make include in ps7_cortexa9_0/libsrc/dmaps_v2_6/src"

TRACE::2025-02-28.10:17:50::SCWMssOS::make -C ps7_cortexa9_0/libsrc/dmaps_v2_6/src -s include  "SHELL=CMD" "COMPILER=arm-none-eabi-gcc" "ASSEMBLER=arm-none-eabi-as" 
TRACE::2025-02-28.10:17:50::SCWMssOS::"ARCHIVER=arm-none-eabi-ar" "COMPILER_FLAGS=  -O2 -c" "EXTRA_COMPILER_FLAGS=-mcpu=cortex-a9 -mfpu=vfpv3 -mfloat-abi=hard -nosta
TRACE::2025-02-28.10:17:50::SCWMssOS::rtfiles -g -Wall -Wextra"

TRACE::2025-02-28.10:17:50::SCWMssOS::"Running Make include in ps7_cortexa9_0/libsrc/emacps_v3_11/src"

TRACE::2025-02-28.10:17:50::SCWMssOS::make -C ps7_cortexa9_0/libsrc/emacps_v3_11/src -s include  "SHELL=CMD" "COMPILER=arm-none-eabi-gcc" "ASSEMBLER=arm-none-eabi-as
TRACE::2025-02-28.10:17:50::SCWMssOS::" "ARCHIVER=arm-none-eabi-ar" "COMPILER_FLAGS=  -O2 -c" "EXTRA_COMPILER_FLAGS=-mcpu=cortex-a9 -mfpu=vfpv3 -mfloat-abi=hard -nos
TRACE::2025-02-28.10:17:50::SCWMssOS::tartfiles -g -Wall -Wextra"

TRACE::2025-02-28.10:17:50::SCWMssOS::"Running Make include in ps7_cortexa9_0/libsrc/fmc_iic_sw_v2_03_a/src"

TRACE::2025-02-28.10:17:50::SCWMssOS::make -C ps7_cortexa9_0/libsrc/fmc_iic_sw_v2_03_a/src -s include  "SHELL=CMD" "COMPILER=arm-none-eabi-gcc" "ASSEMBLER=arm-none-e
TRACE::2025-02-28.10:17:50::SCWMssOS::abi-as" "ARCHIVER=arm-none-eabi-ar" "COMPILER_FLAGS=  -O2 -c" "EXTRA_COMPILER_FLAGS=-mcpu=cortex-a9 -mfpu=vfpv3 -mfloat-abi=har
TRACE::2025-02-28.10:17:50::SCWMssOS::d -nostartfiles -g -Wall -Wextra"

TRACE::2025-02-28.10:17:51::SCWMssOS::"Running Make include in ps7_cortexa9_0/libsrc/fmc_imageon_sw_v2_01_a/src"

TRACE::2025-02-28.10:17:51::SCWMssOS::make -C ps7_cortexa9_0/libsrc/fmc_imageon_sw_v2_01_a/src -s include  "SHELL=CMD" "COMPILER=arm-none-eabi-gcc" "ASSEMBLER=arm-no
TRACE::2025-02-28.10:17:51::SCWMssOS::ne-eabi-as" "ARCHIVER=arm-none-eabi-ar" "COMPILER_FLAGS=  -O2 -c" "EXTRA_COMPILER_FLAGS=-mcpu=cortex-a9 -mfpu=vfpv3 -mfloat-abi
TRACE::2025-02-28.10:17:51::SCWMssOS::=hard -nostartfiles -g -Wall -Wextra"

TRACE::2025-02-28.10:17:51::SCWMssOS::"Running Make include in ps7_cortexa9_0/libsrc/fmc_ipmi_sw_v2_02_a/src"

TRACE::2025-02-28.10:17:51::SCWMssOS::make -C ps7_cortexa9_0/libsrc/fmc_ipmi_sw_v2_02_a/src -s include  "SHELL=CMD" "COMPILER=arm-none-eabi-gcc" "ASSEMBLER=arm-none-
TRACE::2025-02-28.10:17:51::SCWMssOS::eabi-as" "ARCHIVER=arm-none-eabi-ar" "COMPILER_FLAGS=  -O2 -c" "EXTRA_COMPILER_FLAGS=-mcpu=cortex-a9 -mfpu=vfpv3 -mfloat-abi=ha
TRACE::2025-02-28.10:17:51::SCWMssOS::rd -nostartfiles -g -Wall -Wextra"

TRACE::2025-02-28.10:17:51::SCWMssOS::"Running Make include in ps7_cortexa9_0/libsrc/gpiops_v3_7/src"

TRACE::2025-02-28.10:17:51::SCWMssOS::make -C ps7_cortexa9_0/libsrc/gpiops_v3_7/src -s include  "SHELL=CMD" "COMPILER=arm-none-eabi-gcc" "ASSEMBLER=arm-none-eabi-as"
TRACE::2025-02-28.10:17:51::SCWMssOS:: "ARCHIVER=arm-none-eabi-ar" "COMPILER_FLAGS=  -O2 -c" "EXTRA_COMPILER_FLAGS=-mcpu=cortex-a9 -mfpu=vfpv3 -mfloat-abi=hard -nost
TRACE::2025-02-28.10:17:51::SCWMssOS::artfiles -g -Wall -Wextra"

TRACE::2025-02-28.10:17:51::SCWMssOS::"Running Make include in ps7_cortexa9_0/libsrc/iic_v3_6/src"

TRACE::2025-02-28.10:17:51::SCWMssOS::make -C ps7_cortexa9_0/libsrc/iic_v3_6/src -s include  "SHELL=CMD" "COMPILER=arm-none-eabi-gcc" "ASSEMBLER=arm-none-eabi-as" "A
TRACE::2025-02-28.10:17:51::SCWMssOS::RCHIVER=arm-none-eabi-ar" "COMPILER_FLAGS=  -O2 -c" "EXTRA_COMPILER_FLAGS=-mcpu=cortex-a9 -mfpu=vfpv3 -mfloat-abi=hard -nostart
TRACE::2025-02-28.10:17:51::SCWMssOS::files -g -Wall -Wextra"

TRACE::2025-02-28.10:17:51::SCWMssOS::"Running Make include in ps7_cortexa9_0/libsrc/onsemi_vita_sw_v3_3/src"

TRACE::2025-02-28.10:17:51::SCWMssOS::make -C ps7_cortexa9_0/libsrc/onsemi_vita_sw_v3_3/src -s include  "SHELL=CMD" "COMPILER=arm-none-eabi-gcc" "ASSEMBLER=arm-none-
TRACE::2025-02-28.10:17:51::SCWMssOS::eabi-as" "ARCHIVER=arm-none-eabi-ar" "COMPILER_FLAGS=  -O2 -c" "EXTRA_COMPILER_FLAGS=-mcpu=cortex-a9 -mfpu=vfpv3 -mfloat-abi=ha
TRACE::2025-02-28.10:17:51::SCWMssOS::rd -nostartfiles -g -Wall -Wextra"

TRACE::2025-02-28.10:17:51::SCWMssOS::"Running Make include in ps7_cortexa9_0/libsrc/qspips_v3_7/src"

TRACE::2025-02-28.10:17:51::SCWMssOS::make -C ps7_cortexa9_0/libsrc/qspips_v3_7/src -s include  "SHELL=CMD" "COMPILER=arm-none-eabi-gcc" "ASSEMBLER=arm-none-eabi-as"
TRACE::2025-02-28.10:17:51::SCWMssOS:: "ARCHIVER=arm-none-eabi-ar" "COMPILER_FLAGS=  -O2 -c" "EXTRA_COMPILER_FLAGS=-mcpu=cortex-a9 -mfpu=vfpv3 -mfloat-abi=hard -nost
TRACE::2025-02-28.10:17:51::SCWMssOS::artfiles -g -Wall -Wextra"

TRACE::2025-02-28.10:17:51::SCWMssOS::"Running Make include in ps7_cortexa9_0/libsrc/scugic_v4_2/src"

TRACE::2025-02-28.10:17:51::SCWMssOS::make -C ps7_cortexa9_0/libsrc/scugic_v4_2/src -s include  "SHELL=CMD" "COMPILER=arm-none-eabi-gcc" "ASSEMBLER=arm-none-eabi-as"
TRACE::2025-02-28.10:17:51::SCWMssOS:: "ARCHIVER=arm-none-eabi-ar" "COMPILER_FLAGS=  -O2 -c" "EXTRA_COMPILER_FLAGS=-mcpu=cortex-a9 -mfpu=vfpv3 -mfloat-abi=hard -nost
TRACE::2025-02-28.10:17:51::SCWMssOS::artfiles -g -Wall -Wextra"

TRACE::2025-02-28.10:17:51::SCWMssOS::"Running Make include in ps7_cortexa9_0/libsrc/scutimer_v2_2/src"

TRACE::2025-02-28.10:17:51::SCWMssOS::make -C ps7_cortexa9_0/libsrc/scutimer_v2_2/src -s include  "SHELL=CMD" "COMPILER=arm-none-eabi-gcc" "ASSEMBLER=arm-none-eabi-a
TRACE::2025-02-28.10:17:51::SCWMssOS::s" "ARCHIVER=arm-none-eabi-ar" "COMPILER_FLAGS=  -O2 -c" "EXTRA_COMPILER_FLAGS=-mcpu=cortex-a9 -mfpu=vfpv3 -mfloat-abi=hard -no
TRACE::2025-02-28.10:17:51::SCWMssOS::startfiles -g -Wall -Wextra"

TRACE::2025-02-28.10:17:51::SCWMssOS::"Running Make include in ps7_cortexa9_0/libsrc/scuwdt_v2_2/src"

TRACE::2025-02-28.10:17:51::SCWMssOS::make -C ps7_cortexa9_0/libsrc/scuwdt_v2_2/src -s include  "SHELL=CMD" "COMPILER=arm-none-eabi-gcc" "ASSEMBLER=arm-none-eabi-as"
TRACE::2025-02-28.10:17:51::SCWMssOS:: "ARCHIVER=arm-none-eabi-ar" "COMPILER_FLAGS=  -O2 -c" "EXTRA_COMPILER_FLAGS=-mcpu=cortex-a9 -mfpu=vfpv3 -mfloat-abi=hard -nost
TRACE::2025-02-28.10:17:51::SCWMssOS::artfiles -g -Wall -Wextra"

TRACE::2025-02-28.10:17:51::SCWMssOS::"Running Make include in ps7_cortexa9_0/libsrc/sdps_v3_9/src"

TRACE::2025-02-28.10:17:51::SCWMssOS::make -C ps7_cortexa9_0/libsrc/sdps_v3_9/src -s include  "SHELL=CMD" "COMPILER=arm-none-eabi-gcc" "ASSEMBLER=arm-none-eabi-as" "
TRACE::2025-02-28.10:17:51::SCWMssOS::ARCHIVER=arm-none-eabi-ar" "COMPILER_FLAGS=  -O2 -c" "EXTRA_COMPILER_FLAGS=-mcpu=cortex-a9 -mfpu=vfpv3 -mfloat-abi=hard -nostar
TRACE::2025-02-28.10:17:51::SCWMssOS::tfiles -g -Wall -Wextra"

TRACE::2025-02-28.10:17:51::SCWMssOS::"Running Make include in ps7_cortexa9_0/libsrc/standalone_v7_2/src"

TRACE::2025-02-28.10:17:51::SCWMssOS::make -C ps7_cortexa9_0/libsrc/standalone_v7_2/src -s include  "SHELL=CMD" "COMPILER=arm-none-eabi-gcc" "ASSEMBLER=arm-none-eabi
TRACE::2025-02-28.10:17:51::SCWMssOS::-as" "ARCHIVER=arm-none-eabi-ar" "COMPILER_FLAGS=  -O2 -c" "EXTRA_COMPILER_FLAGS=-mcpu=cortex-a9 -mfpu=vfpv3 -mfloat-abi=hard -
TRACE::2025-02-28.10:17:51::SCWMssOS::nostartfiles -g -Wall -Wextra"

TRACE::2025-02-28.10:17:51::SCWMssOS::"Running Make include in ps7_cortexa9_0/libsrc/ttcps_v3_11/src"

TRACE::2025-02-28.10:17:51::SCWMssOS::make -C ps7_cortexa9_0/libsrc/ttcps_v3_11/src -s include  "SHELL=CMD" "COMPILER=arm-none-eabi-gcc" "ASSEMBLER=arm-none-eabi-as"
TRACE::2025-02-28.10:17:51::SCWMssOS:: "ARCHIVER=arm-none-eabi-ar" "COMPILER_FLAGS=  -O2 -c" "EXTRA_COMPILER_FLAGS=-mcpu=cortex-a9 -mfpu=vfpv3 -mfloat-abi=hard -nost
TRACE::2025-02-28.10:17:51::SCWMssOS::artfiles -g -Wall -Wextra"

TRACE::2025-02-28.10:17:51::SCWMssOS::"Running Make include in ps7_cortexa9_0/libsrc/uartps_v3_9/src"

TRACE::2025-02-28.10:17:51::SCWMssOS::make -C ps7_cortexa9_0/libsrc/uartps_v3_9/src -s include  "SHELL=CMD" "COMPILER=arm-none-eabi-gcc" "ASSEMBLER=arm-none-eabi-as"
TRACE::2025-02-28.10:17:51::SCWMssOS:: "ARCHIVER=arm-none-eabi-ar" "COMPILER_FLAGS=  -O2 -c" "EXTRA_COMPILER_FLAGS=-mcpu=cortex-a9 -mfpu=vfpv3 -mfloat-abi=hard -nost
TRACE::2025-02-28.10:17:51::SCWMssOS::artfiles -g -Wall -Wextra"

TRACE::2025-02-28.10:17:51::SCWMssOS::"Running Make include in ps7_cortexa9_0/libsrc/usbps_v2_5/src"

TRACE::2025-02-28.10:17:51::SCWMssOS::make -C ps7_cortexa9_0/libsrc/usbps_v2_5/src -s include  "SHELL=CMD" "COMPILER=arm-none-eabi-gcc" "ASSEMBLER=arm-none-eabi-as" 
TRACE::2025-02-28.10:17:51::SCWMssOS::"ARCHIVER=arm-none-eabi-ar" "COMPILER_FLAGS=  -O2 -c" "EXTRA_COMPILER_FLAGS=-mcpu=cortex-a9 -mfpu=vfpv3 -mfloat-abi=hard -nosta
TRACE::2025-02-28.10:17:51::SCWMssOS::rtfiles -g -Wall -Wextra"

TRACE::2025-02-28.10:17:51::SCWMssOS::"Running Make include in ps7_cortexa9_0/libsrc/vtc_v8_2/src"

TRACE::2025-02-28.10:17:51::SCWMssOS::make -C ps7_cortexa9_0/libsrc/vtc_v8_2/src -s include  "SHELL=CMD" "COMPILER=arm-none-eabi-gcc" "ASSEMBLER=arm-none-eabi-as" "A
TRACE::2025-02-28.10:17:51::SCWMssOS::RCHIVER=arm-none-eabi-ar" "COMPILER_FLAGS=  -O2 -c" "EXTRA_COMPILER_FLAGS=-mcpu=cortex-a9 -mfpu=vfpv3 -mfloat-abi=hard -nostart
TRACE::2025-02-28.10:17:51::SCWMssOS::files -g -Wall -Wextra"

TRACE::2025-02-28.10:17:52::SCWMssOS::"Running Make include in ps7_cortexa9_0/libsrc/xadcps_v2_4/src"

TRACE::2025-02-28.10:17:52::SCWMssOS::make -C ps7_cortexa9_0/libsrc/xadcps_v2_4/src -s include  "SHELL=CMD" "COMPILER=arm-none-eabi-gcc" "ASSEMBLER=arm-none-eabi-as"
TRACE::2025-02-28.10:17:52::SCWMssOS:: "ARCHIVER=arm-none-eabi-ar" "COMPILER_FLAGS=  -O2 -c" "EXTRA_COMPILER_FLAGS=-mcpu=cortex-a9 -mfpu=vfpv3 -mfloat-abi=hard -nost
TRACE::2025-02-28.10:17:52::SCWMssOS::artfiles -g -Wall -Wextra"

TRACE::2025-02-28.10:17:52::SCWMssOS::"Running Make libs in ps7_cortexa9_0/libsrc/axivdma_v6_7/src"

TRACE::2025-02-28.10:17:52::SCWMssOS::make -C ps7_cortexa9_0/libsrc/axivdma_v6_7/src -s libs  "SHELL=CMD" "COMPILER=arm-none-eabi-gcc" "ASSEMBLER=arm-none-eabi-as" "
TRACE::2025-02-28.10:17:52::SCWMssOS::ARCHIVER=arm-none-eabi-ar" "COMPILER_FLAGS=  -O2 -c" "EXTRA_COMPILER_FLAGS=-mcpu=cortex-a9 -mfpu=vfpv3 -mfloat-abi=hard -nostar
TRACE::2025-02-28.10:17:52::SCWMssOS::tfiles -g -Wall -Wextra"

TRACE::2025-02-28.10:17:52::SCWMssOS::"Compiling axivdma"

TRACE::2025-02-28.10:17:52::SCWMssOS::"Running Make libs in ps7_cortexa9_0/libsrc/coresightps_dcc_v1_7/src"

TRACE::2025-02-28.10:17:52::SCWMssOS::make -C ps7_cortexa9_0/libsrc/coresightps_dcc_v1_7/src -s libs  "SHELL=CMD" "COMPILER=arm-none-eabi-gcc" "ASSEMBLER=arm-none-ea
TRACE::2025-02-28.10:17:52::SCWMssOS::bi-as" "ARCHIVER=arm-none-eabi-ar" "COMPILER_FLAGS=  -O2 -c" "EXTRA_COMPILER_FLAGS=-mcpu=cortex-a9 -mfpu=vfpv3 -mfloat-abi=hard
TRACE::2025-02-28.10:17:52::SCWMssOS:: -nostartfiles -g -Wall -Wextra"

TRACE::2025-02-28.10:17:52::SCWMssOS::"Compiling coresightps_dcc"

TRACE::2025-02-28.10:17:52::SCWMssOS::"Running Make libs in ps7_cortexa9_0/libsrc/cpu_cortexa9_v2_9/src"

TRACE::2025-02-28.10:17:52::SCWMssOS::make -C ps7_cortexa9_0/libsrc/cpu_cortexa9_v2_9/src -s libs  "SHELL=CMD" "COMPILER=arm-none-eabi-gcc" "ASSEMBLER=arm-none-eabi-
TRACE::2025-02-28.10:17:52::SCWMssOS::as" "ARCHIVER=arm-none-eabi-ar" "COMPILER_FLAGS=  -O2 -c" "EXTRA_COMPILER_FLAGS=-mcpu=cortex-a9 -mfpu=vfpv3 -mfloat-abi=hard -n
TRACE::2025-02-28.10:17:52::SCWMssOS::ostartfiles -g -Wall -Wextra"

TRACE::2025-02-28.10:17:53::SCWMssOS::"Compiling cpu_cortexa9"

TRACE::2025-02-28.10:17:53::SCWMssOS::"Running Make libs in ps7_cortexa9_0/libsrc/ddrps_v1_1/src"

TRACE::2025-02-28.10:17:53::SCWMssOS::make -C ps7_cortexa9_0/libsrc/ddrps_v1_1/src -s libs  "SHELL=CMD" "COMPILER=arm-none-eabi-gcc" "ASSEMBLER=arm-none-eabi-as" "AR
TRACE::2025-02-28.10:17:53::SCWMssOS::CHIVER=arm-none-eabi-ar" "COMPILER_FLAGS=  -O2 -c" "EXTRA_COMPILER_FLAGS=-mcpu=cortex-a9 -mfpu=vfpv3 -mfloat-abi=hard -nostartf
TRACE::2025-02-28.10:17:53::SCWMssOS::iles -g -Wall -Wextra"

TRACE::2025-02-28.10:17:53::SCWMssOS::"Compiling ddrps"

TRACE::2025-02-28.10:17:53::SCWMssOS::"Running Make libs in ps7_cortexa9_0/libsrc/devcfg_v3_6/src"

TRACE::2025-02-28.10:17:53::SCWMssOS::make -C ps7_cortexa9_0/libsrc/devcfg_v3_6/src -s libs  "SHELL=CMD" "COMPILER=arm-none-eabi-gcc" "ASSEMBLER=arm-none-eabi-as" "A
TRACE::2025-02-28.10:17:53::SCWMssOS::RCHIVER=arm-none-eabi-ar" "COMPILER_FLAGS=  -O2 -c" "EXTRA_COMPILER_FLAGS=-mcpu=cortex-a9 -mfpu=vfpv3 -mfloat-abi=hard -nostart
TRACE::2025-02-28.10:17:53::SCWMssOS::files -g -Wall -Wextra"

TRACE::2025-02-28.10:17:53::SCWMssOS::"Compiling devcfg"

TRACE::2025-02-28.10:17:53::SCWMssOS::"Running Make libs in ps7_cortexa9_0/libsrc/dmaps_v2_6/src"

TRACE::2025-02-28.10:17:53::SCWMssOS::make -C ps7_cortexa9_0/libsrc/dmaps_v2_6/src -s libs  "SHELL=CMD" "COMPILER=arm-none-eabi-gcc" "ASSEMBLER=arm-none-eabi-as" "AR
TRACE::2025-02-28.10:17:53::SCWMssOS::CHIVER=arm-none-eabi-ar" "COMPILER_FLAGS=  -O2 -c" "EXTRA_COMPILER_FLAGS=-mcpu=cortex-a9 -mfpu=vfpv3 -mfloat-abi=hard -nostartf
TRACE::2025-02-28.10:17:53::SCWMssOS::iles -g -Wall -Wextra"

TRACE::2025-02-28.10:17:53::SCWMssOS::"Compiling dmaps"

TRACE::2025-02-28.10:17:54::SCWMssOS::"Running Make libs in ps7_cortexa9_0/libsrc/emacps_v3_11/src"

TRACE::2025-02-28.10:17:54::SCWMssOS::make -C ps7_cortexa9_0/libsrc/emacps_v3_11/src -s libs  "SHELL=CMD" "COMPILER=arm-none-eabi-gcc" "ASSEMBLER=arm-none-eabi-as" "
TRACE::2025-02-28.10:17:54::SCWMssOS::ARCHIVER=arm-none-eabi-ar" "COMPILER_FLAGS=  -O2 -c" "EXTRA_COMPILER_FLAGS=-mcpu=cortex-a9 -mfpu=vfpv3 -mfloat-abi=hard -nostar
TRACE::2025-02-28.10:17:54::SCWMssOS::tfiles -g -Wall -Wextra"

TRACE::2025-02-28.10:17:54::SCWMssOS::"Compiling emacps"

TRACE::2025-02-28.10:17:54::SCWMssOS::"Running Make libs in ps7_cortexa9_0/libsrc/fmc_iic_sw_v2_03_a/src"

TRACE::2025-02-28.10:17:54::SCWMssOS::make -C ps7_cortexa9_0/libsrc/fmc_iic_sw_v2_03_a/src -s libs  "SHELL=CMD" "COMPILER=arm-none-eabi-gcc" "ASSEMBLER=arm-none-eabi
TRACE::2025-02-28.10:17:54::SCWMssOS::-as" "ARCHIVER=arm-none-eabi-ar" "COMPILER_FLAGS=  -O2 -c" "EXTRA_COMPILER_FLAGS=-mcpu=cortex-a9 -mfpu=vfpv3 -mfloat-abi=hard -
TRACE::2025-02-28.10:17:54::SCWMssOS::nostartfiles -g -Wall -Wextra"

TRACE::2025-02-28.10:17:55::SCWMssOS::"Compiling fmc_iic_sw"

TRACE::2025-02-28.10:17:55::SCWMssOS::"Running Make libs in ps7_cortexa9_0/libsrc/fmc_imageon_sw_v2_01_a/src"

TRACE::2025-02-28.10:17:55::SCWMssOS::make -C ps7_cortexa9_0/libsrc/fmc_imageon_sw_v2_01_a/src -s libs  "SHELL=CMD" "COMPILER=arm-none-eabi-gcc" "ASSEMBLER=arm-none-
TRACE::2025-02-28.10:17:55::SCWMssOS::eabi-as" "ARCHIVER=arm-none-eabi-ar" "COMPILER_FLAGS=  -O2 -c" "EXTRA_COMPILER_FLAGS=-mcpu=cortex-a9 -mfpu=vfpv3 -mfloat-abi=ha
TRACE::2025-02-28.10:17:55::SCWMssOS::rd -nostartfiles -g -Wall -Wextra"

TRACE::2025-02-28.10:17:55::SCWMssOS::"Compiling fmc_imageon_sw"

TRACE::2025-02-28.10:17:55::SCWMssOS::"Running Make libs in ps7_cortexa9_0/libsrc/fmc_ipmi_sw_v2_02_a/src"

TRACE::2025-02-28.10:17:55::SCWMssOS::make -C ps7_cortexa9_0/libsrc/fmc_ipmi_sw_v2_02_a/src -s libs  "SHELL=CMD" "COMPILER=arm-none-eabi-gcc" "ASSEMBLER=arm-none-eab
TRACE::2025-02-28.10:17:55::SCWMssOS::i-as" "ARCHIVER=arm-none-eabi-ar" "COMPILER_FLAGS=  -O2 -c" "EXTRA_COMPILER_FLAGS=-mcpu=cortex-a9 -mfpu=vfpv3 -mfloat-abi=hard 
TRACE::2025-02-28.10:17:55::SCWMssOS::-nostartfiles -g -Wall -Wextra"

TRACE::2025-02-28.10:17:55::SCWMssOS::"Compiling fmc_ipmi_sw"

TRACE::2025-02-28.10:17:55::SCWMssOS::"Running Make libs in ps7_cortexa9_0/libsrc/gpiops_v3_7/src"

TRACE::2025-02-28.10:17:55::SCWMssOS::make -C ps7_cortexa9_0/libsrc/gpiops_v3_7/src -s libs  "SHELL=CMD" "COMPILER=arm-none-eabi-gcc" "ASSEMBLER=arm-none-eabi-as" "A
TRACE::2025-02-28.10:17:55::SCWMssOS::RCHIVER=arm-none-eabi-ar" "COMPILER_FLAGS=  -O2 -c" "EXTRA_COMPILER_FLAGS=-mcpu=cortex-a9 -mfpu=vfpv3 -mfloat-abi=hard -nostart
TRACE::2025-02-28.10:17:55::SCWMssOS::files -g -Wall -Wextra"

TRACE::2025-02-28.10:17:55::SCWMssOS::"Compiling gpiops"

TRACE::2025-02-28.10:17:56::SCWMssOS::"Running Make libs in ps7_cortexa9_0/libsrc/iic_v3_6/src"

TRACE::2025-02-28.10:17:56::SCWMssOS::make -C ps7_cortexa9_0/libsrc/iic_v3_6/src -s libs  "SHELL=CMD" "COMPILER=arm-none-eabi-gcc" "ASSEMBLER=arm-none-eabi-as" "ARCH
TRACE::2025-02-28.10:17:56::SCWMssOS::IVER=arm-none-eabi-ar" "COMPILER_FLAGS=  -O2 -c" "EXTRA_COMPILER_FLAGS=-mcpu=cortex-a9 -mfpu=vfpv3 -mfloat-abi=hard -nostartfil
TRACE::2025-02-28.10:17:56::SCWMssOS::es -g -Wall -Wextra"

TRACE::2025-02-28.10:17:56::SCWMssOS::"Compiling iic"

TRACE::2025-02-28.10:17:57::SCWMssOS::"Running Make libs in ps7_cortexa9_0/libsrc/onsemi_vita_sw_v3_3/src"

TRACE::2025-02-28.10:17:57::SCWMssOS::make -C ps7_cortexa9_0/libsrc/onsemi_vita_sw_v3_3/src -s libs  "SHELL=CMD" "COMPILER=arm-none-eabi-gcc" "ASSEMBLER=arm-none-eab
TRACE::2025-02-28.10:17:57::SCWMssOS::i-as" "ARCHIVER=arm-none-eabi-ar" "COMPILER_FLAGS=  -O2 -c" "EXTRA_COMPILER_FLAGS=-mcpu=cortex-a9 -mfpu=vfpv3 -mfloat-abi=hard 
TRACE::2025-02-28.10:17:57::SCWMssOS::-nostartfiles -g -Wall -Wextra"

TRACE::2025-02-28.10:17:57::SCWMssOS::"Compiling ON Semiconductor VITA Camera Receiver Library..."

TRACE::2025-02-28.10:17:57::SCWMssOS::"Running Make libs in ps7_cortexa9_0/libsrc/qspips_v3_7/src"

TRACE::2025-02-28.10:17:57::SCWMssOS::make -C ps7_cortexa9_0/libsrc/qspips_v3_7/src -s libs  "SHELL=CMD" "COMPILER=arm-none-eabi-gcc" "ASSEMBLER=arm-none-eabi-as" "A
TRACE::2025-02-28.10:17:57::SCWMssOS::RCHIVER=arm-none-eabi-ar" "COMPILER_FLAGS=  -O2 -c" "EXTRA_COMPILER_FLAGS=-mcpu=cortex-a9 -mfpu=vfpv3 -mfloat-abi=hard -nostart
TRACE::2025-02-28.10:17:57::SCWMssOS::files -g -Wall -Wextra"

TRACE::2025-02-28.10:17:58::SCWMssOS::"Compiling qspips"

TRACE::2025-02-28.10:17:58::SCWMssOS::"Running Make libs in ps7_cortexa9_0/libsrc/scugic_v4_2/src"

TRACE::2025-02-28.10:17:58::SCWMssOS::make -C ps7_cortexa9_0/libsrc/scugic_v4_2/src -s libs  "SHELL=CMD" "COMPILER=arm-none-eabi-gcc" "ASSEMBLER=arm-none-eabi-as" "A
TRACE::2025-02-28.10:17:58::SCWMssOS::RCHIVER=arm-none-eabi-ar" "COMPILER_FLAGS=  -O2 -c" "EXTRA_COMPILER_FLAGS=-mcpu=cortex-a9 -mfpu=vfpv3 -mfloat-abi=hard -nostart
TRACE::2025-02-28.10:17:58::SCWMssOS::files -g -Wall -Wextra"

TRACE::2025-02-28.10:17:58::SCWMssOS::"Compiling scugic"

TRACE::2025-02-28.10:17:59::SCWMssOS::"Running Make libs in ps7_cortexa9_0/libsrc/scutimer_v2_2/src"

TRACE::2025-02-28.10:17:59::SCWMssOS::make -C ps7_cortexa9_0/libsrc/scutimer_v2_2/src -s libs  "SHELL=CMD" "COMPILER=arm-none-eabi-gcc" "ASSEMBLER=arm-none-eabi-as" 
TRACE::2025-02-28.10:17:59::SCWMssOS::"ARCHIVER=arm-none-eabi-ar" "COMPILER_FLAGS=  -O2 -c" "EXTRA_COMPILER_FLAGS=-mcpu=cortex-a9 -mfpu=vfpv3 -mfloat-abi=hard -nosta
TRACE::2025-02-28.10:17:59::SCWMssOS::rtfiles -g -Wall -Wextra"

TRACE::2025-02-28.10:17:59::SCWMssOS::"Compiling scutimer"

TRACE::2025-02-28.10:17:59::SCWMssOS::"Running Make libs in ps7_cortexa9_0/libsrc/scuwdt_v2_2/src"

TRACE::2025-02-28.10:17:59::SCWMssOS::make -C ps7_cortexa9_0/libsrc/scuwdt_v2_2/src -s libs  "SHELL=CMD" "COMPILER=arm-none-eabi-gcc" "ASSEMBLER=arm-none-eabi-as" "A
TRACE::2025-02-28.10:17:59::SCWMssOS::RCHIVER=arm-none-eabi-ar" "COMPILER_FLAGS=  -O2 -c" "EXTRA_COMPILER_FLAGS=-mcpu=cortex-a9 -mfpu=vfpv3 -mfloat-abi=hard -nostart
TRACE::2025-02-28.10:17:59::SCWMssOS::files -g -Wall -Wextra"

TRACE::2025-02-28.10:17:59::SCWMssOS::"Compiling scuwdt"

TRACE::2025-02-28.10:17:59::SCWMssOS::"Running Make libs in ps7_cortexa9_0/libsrc/sdps_v3_9/src"

TRACE::2025-02-28.10:17:59::SCWMssOS::make -C ps7_cortexa9_0/libsrc/sdps_v3_9/src -s libs  "SHELL=CMD" "COMPILER=arm-none-eabi-gcc" "ASSEMBLER=arm-none-eabi-as" "ARC
TRACE::2025-02-28.10:17:59::SCWMssOS::HIVER=arm-none-eabi-ar" "COMPILER_FLAGS=  -O2 -c" "EXTRA_COMPILER_FLAGS=-mcpu=cortex-a9 -mfpu=vfpv3 -mfloat-abi=hard -nostartfi
TRACE::2025-02-28.10:17:59::SCWMssOS::les -g -Wall -Wextra"

TRACE::2025-02-28.10:17:59::SCWMssOS::"Compiling sdps"

TRACE::2025-02-28.10:18:00::SCWMssOS::"Running Make libs in ps7_cortexa9_0/libsrc/standalone_v7_2/src"

TRACE::2025-02-28.10:18:00::SCWMssOS::make -C ps7_cortexa9_0/libsrc/standalone_v7_2/src -s libs  "SHELL=CMD" "COMPILER=arm-none-eabi-gcc" "ASSEMBLER=arm-none-eabi-as
TRACE::2025-02-28.10:18:00::SCWMssOS::" "ARCHIVER=arm-none-eabi-ar" "COMPILER_FLAGS=  -O2 -c" "EXTRA_COMPILER_FLAGS=-mcpu=cortex-a9 -mfpu=vfpv3 -mfloat-abi=hard -nos
TRACE::2025-02-28.10:18:00::SCWMssOS::tartfiles -g -Wall -Wextra"

TRACE::2025-02-28.10:18:00::SCWMssOS::"Compiling standalone"

TRACE::2025-02-28.10:18:02::SCWMssOS::"Running Make libs in ps7_cortexa9_0/libsrc/ttcps_v3_11/src"

TRACE::2025-02-28.10:18:02::SCWMssOS::make -C ps7_cortexa9_0/libsrc/ttcps_v3_11/src -s libs  "SHELL=CMD" "COMPILER=arm-none-eabi-gcc" "ASSEMBLER=arm-none-eabi-as" "A
TRACE::2025-02-28.10:18:02::SCWMssOS::RCHIVER=arm-none-eabi-ar" "COMPILER_FLAGS=  -O2 -c" "EXTRA_COMPILER_FLAGS=-mcpu=cortex-a9 -mfpu=vfpv3 -mfloat-abi=hard -nostart
TRACE::2025-02-28.10:18:02::SCWMssOS::files -g -Wall -Wextra"

TRACE::2025-02-28.10:18:02::SCWMssOS::"Compiling ttcps"

TRACE::2025-02-28.10:18:03::SCWMssOS::"Running Make libs in ps7_cortexa9_0/libsrc/uartps_v3_9/src"

TRACE::2025-02-28.10:18:03::SCWMssOS::make -C ps7_cortexa9_0/libsrc/uartps_v3_9/src -s libs  "SHELL=CMD" "COMPILER=arm-none-eabi-gcc" "ASSEMBLER=arm-none-eabi-as" "A
TRACE::2025-02-28.10:18:03::SCWMssOS::RCHIVER=arm-none-eabi-ar" "COMPILER_FLAGS=  -O2 -c" "EXTRA_COMPILER_FLAGS=-mcpu=cortex-a9 -mfpu=vfpv3 -mfloat-abi=hard -nostart
TRACE::2025-02-28.10:18:03::SCWMssOS::files -g -Wall -Wextra"

TRACE::2025-02-28.10:18:03::SCWMssOS::"Compiling uartps"

TRACE::2025-02-28.10:18:03::SCWMssOS::"Running Make libs in ps7_cortexa9_0/libsrc/usbps_v2_5/src"

TRACE::2025-02-28.10:18:03::SCWMssOS::make -C ps7_cortexa9_0/libsrc/usbps_v2_5/src -s libs  "SHELL=CMD" "COMPILER=arm-none-eabi-gcc" "ASSEMBLER=arm-none-eabi-as" "AR
TRACE::2025-02-28.10:18:03::SCWMssOS::CHIVER=arm-none-eabi-ar" "COMPILER_FLAGS=  -O2 -c" "EXTRA_COMPILER_FLAGS=-mcpu=cortex-a9 -mfpu=vfpv3 -mfloat-abi=hard -nostartf
TRACE::2025-02-28.10:18:03::SCWMssOS::iles -g -Wall -Wextra"

TRACE::2025-02-28.10:18:03::SCWMssOS::"Compiling usbps"

TRACE::2025-02-28.10:18:04::SCWMssOS::"Running Make libs in ps7_cortexa9_0/libsrc/vtc_v8_2/src"

TRACE::2025-02-28.10:18:04::SCWMssOS::make -C ps7_cortexa9_0/libsrc/vtc_v8_2/src -s libs  "SHELL=CMD" "COMPILER=arm-none-eabi-gcc" "ASSEMBLER=arm-none-eabi-as" "ARCH
TRACE::2025-02-28.10:18:04::SCWMssOS::IVER=arm-none-eabi-ar" "COMPILER_FLAGS=  -O2 -c" "EXTRA_COMPILER_FLAGS=-mcpu=cortex-a9 -mfpu=vfpv3 -mfloat-abi=hard -nostartfil
TRACE::2025-02-28.10:18:04::SCWMssOS::es -g -Wall -Wextra"

TRACE::2025-02-28.10:18:04::SCWMssOS::"Compiling video timing controller"

TRACE::2025-02-28.10:18:04::SCWMssOS::"Running Make libs in ps7_cortexa9_0/libsrc/xadcps_v2_4/src"

TRACE::2025-02-28.10:18:04::SCWMssOS::make -C ps7_cortexa9_0/libsrc/xadcps_v2_4/src -s libs  "SHELL=CMD" "COMPILER=arm-none-eabi-gcc" "ASSEMBLER=arm-none-eabi-as" "A
TRACE::2025-02-28.10:18:04::SCWMssOS::RCHIVER=arm-none-eabi-ar" "COMPILER_FLAGS=  -O2 -c" "EXTRA_COMPILER_FLAGS=-mcpu=cortex-a9 -mfpu=vfpv3 -mfloat-abi=hard -nostart
TRACE::2025-02-28.10:18:04::SCWMssOS::files -g -Wall -Wextra"

TRACE::2025-02-28.10:18:04::SCWMssOS::"Compiling xadcps"

TRACE::2025-02-28.10:18:05::SCWMssOS::'Finished building libraries'

TRACE::2025-02-28.10:18:05::SCWMssOS::Copying to export directory.
TRACE::2025-02-28.10:18:05::SCWMssOS:: Checking if to create the Supporting Applications
TRACE::2025-02-28.10:18:05::SCWMssOS:: No Linux domain exists, trying to generate FSBL 
LOG::2025-02-28.10:18:05::SCWSystem::Completed Processing the domain domain_ps7_cortexa9_0
LOG::2025-02-28.10:18:05::SCWSystem::Completed Processing the sysconfig design_1_wrapper
LOG::2025-02-28.10:18:05::SCWPlatform::Completed generating the artifacts for system configuration design_1_wrapper
TRACE::2025-02-28.10:18:05::SCWPlatform::Started preparing the platform 
TRACE::2025-02-28.10:18:05::SCWSystem::Writing the bif file for system config design_1_wrapper
TRACE::2025-02-28.10:18:05::SCWSystem::dir created 
TRACE::2025-02-28.10:18:05::SCWSystem::Writing the bif 
TRACE::2025-02-28.10:18:05::SCWPlatform::Started writing the spfm file 
TRACE::2025-02-28.10:18:05::SCWPlatform::Started writing the xpfm file 
TRACE::2025-02-28.10:18:05::SCWPlatform::Completed generating the platform
TRACE::2025-02-28.10:18:05::SCWMssOS::Saving the mss changes C:/Users/oparker/workspace/design_1_wrapper/zynq_fsbl/zynq_fsbl_bsp/system.mss
TRACE::2025-02-28.10:18:05::SCWMssOS::Found a swdesign opened with the mssfile.
TRACE::2025-02-28.10:18:05::SCWMssOS::Completed writemss as part of save.
TRACE::2025-02-28.10:18:05::SCWMssOS::Commit changes completed.
TRACE::2025-02-28.10:18:05::SCWMssOS::Saving the mss changes C:/Users/oparker/workspace/design_1_wrapper/ps7_cortexa9_0/domain_ps7_cortexa9_0/bsp/system.mss
TRACE::2025-02-28.10:18:05::SCWMssOS::Found a swdesign opened with the mssfile.
TRACE::2025-02-28.10:18:05::SCWMssOS::Completed writemss as part of save.
TRACE::2025-02-28.10:18:05::SCWMssOS::Commit changes completed.
TRACE::2025-02-28.10:18:05::SCWPlatform::Trying to open the hw design at C:/Users/oparker/workspace/design_1_wrapper/hw/design_1_wrapper.xsa
TRACE::2025-02-28.10:18:05::SCWPlatform::DSA given C:/Users/oparker/workspace/design_1_wrapper/hw/design_1_wrapper.xsa
TRACE::2025-02-28.10:18:05::SCWPlatform::DSA absoulate path C:/Users/oparker/workspace/design_1_wrapper/hw/design_1_wrapper.xsa
TRACE::2025-02-28.10:18:05::SCWPlatform::DSA directory C:/Users/oparker/workspace/design_1_wrapper/hw
TRACE::2025-02-28.10:18:05::SCWPlatform:: Platform Path C:/Users/oparker/workspace/design_1_wrapper/hw/design_1_wrapper.xsa
TRACE::2025-02-28.10:18:05::SCWPlatform:: Unique name xilinx:zed::0.0
TRACE::2025-02-28.10:18:05::SCWPlatform::Trying to set the existing hwdb with name design_1_wrapper_6
TRACE::2025-02-28.10:18:05::SCWPlatform::Opened existing hwdb design_1_wrapper_6
TRACE::2025-02-28.10:18:05::SCWPlatform::Found the Hw Db part of the input DSA
TRACE::2025-02-28.10:18:05::SCWMssOS::Checking the sw design at  C:/Users/oparker/workspace/design_1_wrapper/zynq_fsbl/zynq_fsbl_bsp/system.mss
TRACE::2025-02-28.10:18:05::SCWMssOS::DEBUG:  swdes dump  C:/Users/oparker/workspace/TPG/ps7_cortexa9_0/standalone_domain/bsp/system.mss|system_2||
C:/Users/oparker/workspace/TPG/zynq_fsbl/zynq_fsbl_bsp/system.mss|system||
C:/Users/oparker/workspace/design_1_wrapper/ps7_cortexa9_0/domain_ps7_cortexa9_0/bsp/system.mss|system_1||
C:/Users/oparker/workspace/design_1_wrapper/zynq_fsbl/zynq_fsbl_bsp/system.mss|system_0||

TRACE::2025-02-28.10:18:05::SCWMssOS::Sw design exists and opened at  C:/Users/oparker/workspace/design_1_wrapper/zynq_fsbl/zynq_fsbl_bsp/system.mss
TRACE::2025-02-28.10:18:05::SCWPlatform::Trying to open the hw design at C:/Users/oparker/workspace/design_1_wrapper/hw/design_1_wrapper.xsa
TRACE::2025-02-28.10:18:05::SCWPlatform::DSA given C:/Users/oparker/workspace/design_1_wrapper/hw/design_1_wrapper.xsa
TRACE::2025-02-28.10:18:05::SCWPlatform::DSA absoulate path C:/Users/oparker/workspace/design_1_wrapper/hw/design_1_wrapper.xsa
TRACE::2025-02-28.10:18:05::SCWPlatform::DSA directory C:/Users/oparker/workspace/design_1_wrapper/hw
TRACE::2025-02-28.10:18:05::SCWPlatform:: Platform Path C:/Users/oparker/workspace/design_1_wrapper/hw/design_1_wrapper.xsa
TRACE::2025-02-28.10:18:05::SCWPlatform:: Unique name xilinx:zed::0.0
TRACE::2025-02-28.10:18:05::SCWPlatform::Trying to set the existing hwdb with name design_1_wrapper_6
TRACE::2025-02-28.10:18:05::SCWPlatform::Opened existing hwdb design_1_wrapper_6
TRACE::2025-02-28.10:18:05::SCWPlatform::Found the Hw Db part of the input DSA
TRACE::2025-02-28.10:18:05::SCWMssOS::Checking the sw design at  C:/Users/oparker/workspace/design_1_wrapper/ps7_cortexa9_0/domain_ps7_cortexa9_0/bsp/system.mss
TRACE::2025-02-28.10:18:05::SCWMssOS::DEBUG:  swdes dump  C:/Users/oparker/workspace/TPG/ps7_cortexa9_0/standalone_domain/bsp/system.mss|system_2||
C:/Users/oparker/workspace/TPG/zynq_fsbl/zynq_fsbl_bsp/system.mss|system||
C:/Users/oparker/workspace/design_1_wrapper/ps7_cortexa9_0/domain_ps7_cortexa9_0/bsp/system.mss|system_1||
C:/Users/oparker/workspace/design_1_wrapper/zynq_fsbl/zynq_fsbl_bsp/system.mss|system_0||

TRACE::2025-02-28.10:18:05::SCWMssOS::Sw design exists and opened at  C:/Users/oparker/workspace/design_1_wrapper/ps7_cortexa9_0/domain_ps7_cortexa9_0/bsp/system.mss
TRACE::2025-02-28.10:18:05::SCWWriter::formatted JSON is {
	"platformName":	"design_1_wrapper",
	"sprVersion":	"2.0",
	"mode":	"gui",
	"dsaType":	"Fixed",
	"platformDesc":	"design_1_wrapper",
	"platHandOff":	"C:/Users/oparker/cpre488-mp2/project_1/design_1_wrapper.xsa",
	"platIntHandOff":	"<platformDir>/hw/design_1_wrapper.xsa",
	"deviceType":	"zynq",
	"platIsPrebuiltAutogen":	"false",
	"platIsNoBootBsp":	"false",
	"hasFsblMakeHasChanges":	"false",
	"hasPmufwMakeHasChanges":	"false",
	"fsblExtraCompilerFlags":	"-MMD -MP       -mcpu=cortex-a9 -mfpu=vfpv3 -mfloat-abi=hard ",
	"platPreBuiltFlag":	false,
	"platformSamplesDir":	"",
	"platActiveSys":	"design_1_wrapper",
	"systems":	[{
			"systemName":	"design_1_wrapper",
			"systemDesc":	"design_1_wrapper",
			"sysIsBootAutoGen":	"true",
			"systemDispName":	"design_1_wrapper",
			"sysActiveDom":	"domain_ps7_cortexa9_0",
			"sysDefaultDom":	"domain_ps7_cortexa9_0",
			"domains":	[{
					"domainName":	"zynq_fsbl",
					"domainDispName":	"zynq_fsbl",
					"domainDesc":	"FSBL Application BSP - Auto Generated.",
					"processors":	"ps7_cortexa9_0",
					"os":	"standalone",
					"sdxOs":	"standalone",
					"debugEnable":	"",
					"domRuntimes":	["cpp"],
					"swRepo":	"",
					"mssOsVer":	"7.2",
					"mssFile":	"",
					"md5Digest":	"158a679dab493f3308b1d2cbafc496b0",
					"compatibleApp":	"zynq_fsbl",
					"domType":	"bootDomain",
					"arch":	"32-bit",
					"appSettings":	{
						"appCompilerFlags":	"",
						"appLinkerFlags":	""
					},
					"addedLibs":	["xilffs:4.3", "xilrsa:1.6"],
					"libOptions":	{
						"libsContainingOptions":	[]
					},
					"prebuiltLibs":	{
						"prebuiltIncPath":	[],
						"prebuiltLibPath":	[]
					},
					"isolation":	{
					}
				}, {
					"domainName":	"domain_ps7_cortexa9_0",
					"domainDispName":	"domain_ps7_cortexa9_0",
					"domainDesc":	"domain_ps7_cortexa9_0",
					"processors":	"ps7_cortexa9_0",
					"os":	"standalone",
					"sdxOs":	"standalone",
					"qemuArgs":	"C:/Xilinx/Vitis/2020.1/data/emulation/platforms/zynq/qemu/qemu_args.txt",
					"qemuData":	"C:/Xilinx/Vitis/2020.1/data/emulation/platforms/zynq/qemu/",
					"debugEnable":	"False",
					"domRuntimes":	["cpp"],
					"swRepo":	"",
					"mssOsVer":	"7.2",
					"mssFile":	"",
					"md5Digest":	"068c76f6f2053ae984c5832beff83f45",
					"compatibleApp":	"",
					"domType":	"mssDomain",
					"arch":	"32-bit",
					"appSettings":	{
						"appCompilerFlags":	"",
						"appLinkerFlags":	""
					},
					"addedLibs":	["fmc_iic_sw:2.03.a", "fmc_imageon_sw:2.01.a", "fmc_ipmi_sw:2.02.a", "onsemi_vita_sw:3.3"],
					"libOptions":	{
						"libsContainingOptions":	[]
					},
					"prebuiltLibs":	{
						"prebuiltIncPath":	[],
						"prebuiltLibPath":	[]
					},
					"isolation":	{
					}
				}]
		}]
}
KEYINFO::2025-02-28.10:18:05::SCWPlatform::updated the xpfm file.
TRACE::2025-02-28.10:18:05::SCWPlatform::Trying to open the hw design at C:/Users/oparker/workspace/design_1_wrapper/hw/design_1_wrapper.xsa
TRACE::2025-02-28.10:18:05::SCWPlatform::DSA given C:/Users/oparker/workspace/design_1_wrapper/hw/design_1_wrapper.xsa
TRACE::2025-02-28.10:18:05::SCWPlatform::DSA absoulate path C:/Users/oparker/workspace/design_1_wrapper/hw/design_1_wrapper.xsa
TRACE::2025-02-28.10:18:05::SCWPlatform::DSA directory C:/Users/oparker/workspace/design_1_wrapper/hw
TRACE::2025-02-28.10:18:05::SCWPlatform:: Platform Path C:/Users/oparker/workspace/design_1_wrapper/hw/design_1_wrapper.xsa
TRACE::2025-02-28.10:18:05::SCWPlatform:: Unique name xilinx:zed::0.0
TRACE::2025-02-28.10:18:05::SCWPlatform::Trying to set the existing hwdb with name design_1_wrapper_6
TRACE::2025-02-28.10:18:05::SCWPlatform::Opened existing hwdb design_1_wrapper_6
TRACE::2025-02-28.10:18:05::SCWPlatform::Found the Hw Db part of the input DSA
TRACE::2025-02-28.10:18:05::SCWMssOS::Checking the sw design at  C:/Users/oparker/workspace/design_1_wrapper/ps7_cortexa9_0/domain_ps7_cortexa9_0/bsp/system.mss
TRACE::2025-02-28.10:18:05::SCWMssOS::DEBUG:  swdes dump  C:/Users/oparker/workspace/TPG/ps7_cortexa9_0/standalone_domain/bsp/system.mss|system_2||
C:/Users/oparker/workspace/TPG/zynq_fsbl/zynq_fsbl_bsp/system.mss|system||
C:/Users/oparker/workspace/design_1_wrapper/ps7_cortexa9_0/domain_ps7_cortexa9_0/bsp/system.mss|system_1||
C:/Users/oparker/workspace/design_1_wrapper/zynq_fsbl/zynq_fsbl_bsp/system.mss|system_0||

TRACE::2025-02-28.10:18:05::SCWMssOS::Sw design exists and opened at  C:/Users/oparker/workspace/design_1_wrapper/ps7_cortexa9_0/domain_ps7_cortexa9_0/bsp/system.mss
TRACE::2025-02-28.10:19:20::SCWPlatform::Clearing the existing platform
TRACE::2025-02-28.10:19:20::SCWSystem::Clearing the existing sysconfig
TRACE::2025-02-28.10:19:20::SCWBDomain::clearing the fsbl build
TRACE::2025-02-28.10:19:20::SCWMssOS::Removing the swdes entry for  C:/Users/oparker/workspace/design_1_wrapper/zynq_fsbl/zynq_fsbl_bsp/system.mss
TRACE::2025-02-28.10:19:20::SCWMssOS::Removing the swdes entry for  C:/Users/oparker/workspace/design_1_wrapper/ps7_cortexa9_0/domain_ps7_cortexa9_0/bsp/system.mss
TRACE::2025-02-28.10:19:20::SCWSystem::Clearing the domains completed.
TRACE::2025-02-28.10:19:20::SCWPlatform::Clearing the opened hw db.
TRACE::2025-02-28.10:19:20::SCWPlatform::DSA given C:/Users/oparker/workspace/design_1_wrapper/hw/design_1_wrapper.xsa
TRACE::2025-02-28.10:19:20::SCWPlatform::DSA absoulate path C:/Users/oparker/workspace/design_1_wrapper/hw/design_1_wrapper.xsa
TRACE::2025-02-28.10:19:20::SCWPlatform:: Platform location is C:/Users/oparker/workspace/design_1_wrapper/hw
TRACE::2025-02-28.10:19:20::SCWPlatform:: Platform Path C:/Users/oparker/workspace/design_1_wrapper/hw/design_1_wrapper.xsa
TRACE::2025-02-28.10:19:20::SCWPlatform:: Unique name xilinx:zed::0.0
TRACE::2025-02-28.10:19:20::SCWPlatform::Removing the HwDB with name C:/Users/oparker/workspace/design_1_wrapper/hw/design_1_wrapper.xsa
TRACE::2025-02-28.10:19:20::SCWPlatform::Trying to open the hw design at C:/Users/oparker/workspace/design_1_wrapper/hw/design_1_wrapper.xsa
TRACE::2025-02-28.10:19:20::SCWPlatform::DSA given C:/Users/oparker/workspace/design_1_wrapper/hw/design_1_wrapper.xsa
TRACE::2025-02-28.10:19:20::SCWPlatform::DSA absoulate path C:/Users/oparker/workspace/design_1_wrapper/hw/design_1_wrapper.xsa
TRACE::2025-02-28.10:19:20::SCWPlatform::DSA directory C:/Users/oparker/workspace/design_1_wrapper/hw
TRACE::2025-02-28.10:19:20::SCWPlatform:: Platform Path C:/Users/oparker/workspace/design_1_wrapper/hw/design_1_wrapper.xsa
TRACE::2025-02-28.10:19:20::SCWPlatform:: Unique name xilinx:zed::0.0
TRACE::2025-02-28.10:19:20::SCWPlatform::Do not have an existing db opened. 
TRACE::2025-02-28.10:19:21::SCWPlatform::Opened new HwDB with name design_1_wrapper_9
TRACE::2025-02-28.10:19:21::SCWReader::Active system found as  design_1_wrapper
TRACE::2025-02-28.10:19:21::SCWReader::Handling sysconfig design_1_wrapper
TRACE::2025-02-28.10:19:21::SCWDomain::checking for install qemu data   : 
TRACE::2025-02-28.10:19:21::SCWDomain:: Using the QEMU Data from install at  : C:/Xilinx/Vitis/2020.1/data/emulation/platforms/zynq/qemu/
TRACE::2025-02-28.10:19:21::SCWDomain:: Using the QEMU args  from install at  : C:/Xilinx/Vitis/2020.1/data/emulation/platforms/zynq/qemu/qemu_args.txt
TRACE::2025-02-28.10:19:21::SCWPlatform::Trying to open the hw design at C:/Users/oparker/workspace/design_1_wrapper/hw/design_1_wrapper.xsa
TRACE::2025-02-28.10:19:21::SCWPlatform::DSA given C:/Users/oparker/workspace/design_1_wrapper/hw/design_1_wrapper.xsa
TRACE::2025-02-28.10:19:21::SCWPlatform::DSA absoulate path C:/Users/oparker/workspace/design_1_wrapper/hw/design_1_wrapper.xsa
TRACE::2025-02-28.10:19:21::SCWPlatform::DSA directory C:/Users/oparker/workspace/design_1_wrapper/hw
TRACE::2025-02-28.10:19:21::SCWPlatform:: Platform Path C:/Users/oparker/workspace/design_1_wrapper/hw/design_1_wrapper.xsa
TRACE::2025-02-28.10:19:21::SCWPlatform:: Unique name xilinx:zed::0.0
TRACE::2025-02-28.10:19:21::SCWPlatform::Trying to set the existing hwdb with name design_1_wrapper_9
TRACE::2025-02-28.10:19:21::SCWPlatform::Opened existing hwdb design_1_wrapper_9
TRACE::2025-02-28.10:19:21::SCWPlatform::Found the Hw Db part of the input DSA
TRACE::2025-02-28.10:19:21::SCWPlatform::Trying to open the hw design at C:/Users/oparker/workspace/design_1_wrapper/hw/design_1_wrapper.xsa
TRACE::2025-02-28.10:19:21::SCWPlatform::DSA given C:/Users/oparker/workspace/design_1_wrapper/hw/design_1_wrapper.xsa
TRACE::2025-02-28.10:19:21::SCWPlatform::DSA absoulate path C:/Users/oparker/workspace/design_1_wrapper/hw/design_1_wrapper.xsa
TRACE::2025-02-28.10:19:21::SCWPlatform::DSA directory C:/Users/oparker/workspace/design_1_wrapper/hw
TRACE::2025-02-28.10:19:21::SCWPlatform:: Platform Path C:/Users/oparker/workspace/design_1_wrapper/hw/design_1_wrapper.xsa
TRACE::2025-02-28.10:19:21::SCWPlatform:: Unique name xilinx:zed::0.0
TRACE::2025-02-28.10:19:21::SCWPlatform::Trying to set the existing hwdb with name design_1_wrapper_9
TRACE::2025-02-28.10:19:21::SCWPlatform::Opened existing hwdb design_1_wrapper_9
TRACE::2025-02-28.10:19:21::SCWPlatform::Found the Hw Db part of the input DSA
TRACE::2025-02-28.10:19:21::SCWPlatform::Trying to open the hw design at C:/Users/oparker/workspace/design_1_wrapper/hw/design_1_wrapper.xsa
TRACE::2025-02-28.10:19:21::SCWPlatform::DSA given C:/Users/oparker/workspace/design_1_wrapper/hw/design_1_wrapper.xsa
TRACE::2025-02-28.10:19:21::SCWPlatform::DSA absoulate path C:/Users/oparker/workspace/design_1_wrapper/hw/design_1_wrapper.xsa
TRACE::2025-02-28.10:19:21::SCWPlatform::DSA directory C:/Users/oparker/workspace/design_1_wrapper/hw
TRACE::2025-02-28.10:19:21::SCWPlatform:: Platform Path C:/Users/oparker/workspace/design_1_wrapper/hw/design_1_wrapper.xsa
TRACE::2025-02-28.10:19:21::SCWPlatform:: Unique name xilinx:zed::0.0
TRACE::2025-02-28.10:19:21::SCWPlatform::Trying to set the existing hwdb with name design_1_wrapper_9
TRACE::2025-02-28.10:19:21::SCWPlatform::Opened existing hwdb design_1_wrapper_9
TRACE::2025-02-28.10:19:21::SCWPlatform::Found the Hw Db part of the input DSA
TRACE::2025-02-28.10:19:21::SCWReader::Boot application domain added for zynq_fsbl
TRACE::2025-02-28.10:19:21::SCWPlatform::Trying to open the hw design at C:/Users/oparker/workspace/design_1_wrapper/hw/design_1_wrapper.xsa
TRACE::2025-02-28.10:19:21::SCWPlatform::DSA given C:/Users/oparker/workspace/design_1_wrapper/hw/design_1_wrapper.xsa
TRACE::2025-02-28.10:19:21::SCWPlatform::DSA absoulate path C:/Users/oparker/workspace/design_1_wrapper/hw/design_1_wrapper.xsa
TRACE::2025-02-28.10:19:21::SCWPlatform::DSA directory C:/Users/oparker/workspace/design_1_wrapper/hw
TRACE::2025-02-28.10:19:21::SCWPlatform:: Platform Path C:/Users/oparker/workspace/design_1_wrapper/hw/design_1_wrapper.xsa
TRACE::2025-02-28.10:19:21::SCWPlatform:: Unique name xilinx:zed::0.0
TRACE::2025-02-28.10:19:21::SCWPlatform::Trying to set the existing hwdb with name design_1_wrapper_9
TRACE::2025-02-28.10:19:21::SCWPlatform::Opened existing hwdb design_1_wrapper_9
TRACE::2025-02-28.10:19:21::SCWPlatform::Found the Hw Db part of the input DSA
TRACE::2025-02-28.10:19:21::SCWMssOS::Checking the sw design at  C:/Users/oparker/workspace/design_1_wrapper/zynq_fsbl/zynq_fsbl_bsp/system.mss
TRACE::2025-02-28.10:19:21::SCWMssOS::DEBUG:  swdes dump  C:/Users/oparker/workspace/TPG/ps7_cortexa9_0/standalone_domain/bsp/system.mss|system_2||
C:/Users/oparker/workspace/TPG/zynq_fsbl/zynq_fsbl_bsp/system.mss|system||

TRACE::2025-02-28.10:19:21::SCWMssOS::No sw design opened at  C:/Users/oparker/workspace/design_1_wrapper/zynq_fsbl/zynq_fsbl_bsp/system.mss
TRACE::2025-02-28.10:19:21::SCWMssOS::mss exists loading the mss file  C:/Users/oparker/workspace/design_1_wrapper/zynq_fsbl/zynq_fsbl_bsp/system.mss
TRACE::2025-02-28.10:19:21::SCWMssOS::Opened the sw design from mss  C:/Users/oparker/workspace/design_1_wrapper/zynq_fsbl/zynq_fsbl_bsp/system.mss
TRACE::2025-02-28.10:19:21::SCWMssOS::Adding the swdes entry C:/Users/oparker/workspace/design_1_wrapper/zynq_fsbl/zynq_fsbl_bsp/system.mss with des name system_0
TRACE::2025-02-28.10:19:21::SCWMssOS::updating the scw layer about changes
TRACE::2025-02-28.10:19:21::SCWMssOS::Opened the sw design.  C:/Users/oparker/workspace/design_1_wrapper/zynq_fsbl/zynq_fsbl_bsp/system.mss
TRACE::2025-02-28.10:19:21::SCWPlatform::Trying to open the hw design at C:/Users/oparker/workspace/design_1_wrapper/hw/design_1_wrapper.xsa
TRACE::2025-02-28.10:19:21::SCWPlatform::DSA given C:/Users/oparker/workspace/design_1_wrapper/hw/design_1_wrapper.xsa
TRACE::2025-02-28.10:19:21::SCWPlatform::DSA absoulate path C:/Users/oparker/workspace/design_1_wrapper/hw/design_1_wrapper.xsa
TRACE::2025-02-28.10:19:21::SCWPlatform::DSA directory C:/Users/oparker/workspace/design_1_wrapper/hw
TRACE::2025-02-28.10:19:21::SCWPlatform:: Platform Path C:/Users/oparker/workspace/design_1_wrapper/hw/design_1_wrapper.xsa
TRACE::2025-02-28.10:19:21::SCWPlatform:: Unique name xilinx:zed::0.0
TRACE::2025-02-28.10:19:21::SCWPlatform::Trying to set the existing hwdb with name design_1_wrapper_9
TRACE::2025-02-28.10:19:21::SCWPlatform::Opened existing hwdb design_1_wrapper_9
TRACE::2025-02-28.10:19:21::SCWPlatform::Found the Hw Db part of the input DSA
TRACE::2025-02-28.10:19:21::SCWMssOS::Checking the sw design at  C:/Users/oparker/workspace/design_1_wrapper/zynq_fsbl/zynq_fsbl_bsp/system.mss
TRACE::2025-02-28.10:19:21::SCWMssOS::DEBUG:  swdes dump  C:/Users/oparker/workspace/TPG/ps7_cortexa9_0/standalone_domain/bsp/system.mss|system_2||
C:/Users/oparker/workspace/TPG/zynq_fsbl/zynq_fsbl_bsp/system.mss|system||
C:/Users/oparker/workspace/design_1_wrapper/zynq_fsbl/zynq_fsbl_bsp/system.mss|system_0||

TRACE::2025-02-28.10:19:21::SCWMssOS::Sw design exists and opened at  C:/Users/oparker/workspace/design_1_wrapper/zynq_fsbl/zynq_fsbl_bsp/system.mss
TRACE::2025-02-28.10:19:21::SCWMssOS:: library already available in sw design:  xilffs:4.3
TRACE::2025-02-28.10:19:21::SCWPlatform::Trying to open the hw design at C:/Users/oparker/workspace/design_1_wrapper/hw/design_1_wrapper.xsa
TRACE::2025-02-28.10:19:21::SCWPlatform::DSA given C:/Users/oparker/workspace/design_1_wrapper/hw/design_1_wrapper.xsa
TRACE::2025-02-28.10:19:21::SCWPlatform::DSA absoulate path C:/Users/oparker/workspace/design_1_wrapper/hw/design_1_wrapper.xsa
TRACE::2025-02-28.10:19:21::SCWPlatform::DSA directory C:/Users/oparker/workspace/design_1_wrapper/hw
TRACE::2025-02-28.10:19:21::SCWPlatform:: Platform Path C:/Users/oparker/workspace/design_1_wrapper/hw/design_1_wrapper.xsa
TRACE::2025-02-28.10:19:21::SCWPlatform:: Unique name xilinx:zed::0.0
TRACE::2025-02-28.10:19:21::SCWPlatform::Trying to set the existing hwdb with name design_1_wrapper_9
TRACE::2025-02-28.10:19:21::SCWPlatform::Opened existing hwdb design_1_wrapper_9
TRACE::2025-02-28.10:19:21::SCWPlatform::Found the Hw Db part of the input DSA
TRACE::2025-02-28.10:19:21::SCWMssOS::Checking the sw design at  C:/Users/oparker/workspace/design_1_wrapper/zynq_fsbl/zynq_fsbl_bsp/system.mss
TRACE::2025-02-28.10:19:21::SCWMssOS::DEBUG:  swdes dump  C:/Users/oparker/workspace/TPG/ps7_cortexa9_0/standalone_domain/bsp/system.mss|system_2||
C:/Users/oparker/workspace/TPG/zynq_fsbl/zynq_fsbl_bsp/system.mss|system||
C:/Users/oparker/workspace/design_1_wrapper/zynq_fsbl/zynq_fsbl_bsp/system.mss|system_0||

TRACE::2025-02-28.10:19:21::SCWMssOS::Sw design exists and opened at  C:/Users/oparker/workspace/design_1_wrapper/zynq_fsbl/zynq_fsbl_bsp/system.mss
TRACE::2025-02-28.10:19:21::SCWMssOS:: library already available in sw design:  xilrsa:1.6
TRACE::2025-02-28.10:19:21::SCWMssOS::Saving the mss changes C:/Users/oparker/workspace/design_1_wrapper/zynq_fsbl/zynq_fsbl_bsp/system.mss
TRACE::2025-02-28.10:19:21::SCWMssOS::Found a swdesign opened with the mssfile.
TRACE::2025-02-28.10:19:21::SCWMssOS::Completed writemss as part of save.
TRACE::2025-02-28.10:19:21::SCWMssOS::Commit changes completed.
TRACE::2025-02-28.10:19:21::SCWReader::Adding prebuilt librarypaths as   
TRACE::2025-02-28.10:19:21::SCWReader::Adding prebuilt incpaths  as   
TRACE::2025-02-28.10:19:21::SCWPlatform::Trying to open the hw design at C:/Users/oparker/workspace/design_1_wrapper/hw/design_1_wrapper.xsa
TRACE::2025-02-28.10:19:21::SCWPlatform::DSA given C:/Users/oparker/workspace/design_1_wrapper/hw/design_1_wrapper.xsa
TRACE::2025-02-28.10:19:21::SCWPlatform::DSA absoulate path C:/Users/oparker/workspace/design_1_wrapper/hw/design_1_wrapper.xsa
TRACE::2025-02-28.10:19:21::SCWPlatform::DSA directory C:/Users/oparker/workspace/design_1_wrapper/hw
TRACE::2025-02-28.10:19:21::SCWPlatform:: Platform Path C:/Users/oparker/workspace/design_1_wrapper/hw/design_1_wrapper.xsa
TRACE::2025-02-28.10:19:21::SCWPlatform:: Unique name xilinx:zed::0.0
TRACE::2025-02-28.10:19:21::SCWPlatform::Trying to set the existing hwdb with name design_1_wrapper_9
TRACE::2025-02-28.10:19:21::SCWPlatform::Opened existing hwdb design_1_wrapper_9
TRACE::2025-02-28.10:19:21::SCWPlatform::Found the Hw Db part of the input DSA
TRACE::2025-02-28.10:19:21::SCWMssOS::Checking the sw design at  C:/Users/oparker/workspace/design_1_wrapper/zynq_fsbl/zynq_fsbl_bsp/system.mss
TRACE::2025-02-28.10:19:21::SCWMssOS::DEBUG:  swdes dump  C:/Users/oparker/workspace/TPG/ps7_cortexa9_0/standalone_domain/bsp/system.mss|system_2||
C:/Users/oparker/workspace/TPG/zynq_fsbl/zynq_fsbl_bsp/system.mss|system||
C:/Users/oparker/workspace/design_1_wrapper/zynq_fsbl/zynq_fsbl_bsp/system.mss|system_0||

TRACE::2025-02-28.10:19:21::SCWMssOS::Sw design exists and opened at  C:/Users/oparker/workspace/design_1_wrapper/zynq_fsbl/zynq_fsbl_bsp/system.mss
TRACE::2025-02-28.10:19:21::SCWReader::No isolation master present  
TRACE::2025-02-28.10:19:21::SCWDomain::checking for install qemu data   : 
TRACE::2025-02-28.10:19:21::SCWDomain:: Using the QEMU Data from install at  : C:/Xilinx/Vitis/2020.1/data/emulation/platforms/zynq/qemu/
TRACE::2025-02-28.10:19:21::SCWDomain:: Using the QEMU args  from install at  : C:/Xilinx/Vitis/2020.1/data/emulation/platforms/zynq/qemu/qemu_args.txt
TRACE::2025-02-28.10:19:21::SCWPlatform::Trying to open the hw design at C:/Users/oparker/workspace/design_1_wrapper/hw/design_1_wrapper.xsa
TRACE::2025-02-28.10:19:21::SCWPlatform::DSA given C:/Users/oparker/workspace/design_1_wrapper/hw/design_1_wrapper.xsa
TRACE::2025-02-28.10:19:21::SCWPlatform::DSA absoulate path C:/Users/oparker/workspace/design_1_wrapper/hw/design_1_wrapper.xsa
TRACE::2025-02-28.10:19:21::SCWPlatform::DSA directory C:/Users/oparker/workspace/design_1_wrapper/hw
TRACE::2025-02-28.10:19:21::SCWPlatform:: Platform Path C:/Users/oparker/workspace/design_1_wrapper/hw/design_1_wrapper.xsa
TRACE::2025-02-28.10:19:21::SCWPlatform:: Unique name xilinx:zed::0.0
TRACE::2025-02-28.10:19:21::SCWPlatform::Trying to set the existing hwdb with name design_1_wrapper_9
TRACE::2025-02-28.10:19:21::SCWPlatform::Opened existing hwdb design_1_wrapper_9
TRACE::2025-02-28.10:19:21::SCWPlatform::Found the Hw Db part of the input DSA
TRACE::2025-02-28.10:19:21::SCWPlatform::Trying to open the hw design at C:/Users/oparker/workspace/design_1_wrapper/hw/design_1_wrapper.xsa
TRACE::2025-02-28.10:19:21::SCWPlatform::DSA given C:/Users/oparker/workspace/design_1_wrapper/hw/design_1_wrapper.xsa
TRACE::2025-02-28.10:19:21::SCWPlatform::DSA absoulate path C:/Users/oparker/workspace/design_1_wrapper/hw/design_1_wrapper.xsa
TRACE::2025-02-28.10:19:21::SCWPlatform::DSA directory C:/Users/oparker/workspace/design_1_wrapper/hw
TRACE::2025-02-28.10:19:21::SCWPlatform:: Platform Path C:/Users/oparker/workspace/design_1_wrapper/hw/design_1_wrapper.xsa
TRACE::2025-02-28.10:19:21::SCWPlatform:: Unique name xilinx:zed::0.0
TRACE::2025-02-28.10:19:21::SCWPlatform::Trying to set the existing hwdb with name design_1_wrapper_9
TRACE::2025-02-28.10:19:21::SCWPlatform::Opened existing hwdb design_1_wrapper_9
TRACE::2025-02-28.10:19:21::SCWPlatform::Found the Hw Db part of the input DSA
TRACE::2025-02-28.10:19:21::SCWPlatform::Trying to open the hw design at C:/Users/oparker/workspace/design_1_wrapper/hw/design_1_wrapper.xsa
TRACE::2025-02-28.10:19:21::SCWPlatform::DSA given C:/Users/oparker/workspace/design_1_wrapper/hw/design_1_wrapper.xsa
TRACE::2025-02-28.10:19:21::SCWPlatform::DSA absoulate path C:/Users/oparker/workspace/design_1_wrapper/hw/design_1_wrapper.xsa
TRACE::2025-02-28.10:19:21::SCWPlatform::DSA directory C:/Users/oparker/workspace/design_1_wrapper/hw
TRACE::2025-02-28.10:19:21::SCWPlatform:: Platform Path C:/Users/oparker/workspace/design_1_wrapper/hw/design_1_wrapper.xsa
TRACE::2025-02-28.10:19:21::SCWPlatform:: Unique name xilinx:zed::0.0
TRACE::2025-02-28.10:19:21::SCWPlatform::Trying to set the existing hwdb with name design_1_wrapper_9
TRACE::2025-02-28.10:19:21::SCWPlatform::Opened existing hwdb design_1_wrapper_9
TRACE::2025-02-28.10:19:21::SCWPlatform::Found the Hw Db part of the input DSA
TRACE::2025-02-28.10:19:21::SCWMssOS::Checking the sw design at  C:/Users/oparker/workspace/design_1_wrapper/ps7_cortexa9_0/domain_ps7_cortexa9_0/bsp/system.mss
TRACE::2025-02-28.10:19:21::SCWMssOS::DEBUG:  swdes dump  C:/Users/oparker/workspace/TPG/ps7_cortexa9_0/standalone_domain/bsp/system.mss|system_2||
C:/Users/oparker/workspace/TPG/zynq_fsbl/zynq_fsbl_bsp/system.mss|system||
C:/Users/oparker/workspace/design_1_wrapper/zynq_fsbl/zynq_fsbl_bsp/system.mss|system_0||

TRACE::2025-02-28.10:19:21::SCWMssOS::No sw design opened at  C:/Users/oparker/workspace/design_1_wrapper/ps7_cortexa9_0/domain_ps7_cortexa9_0/bsp/system.mss
TRACE::2025-02-28.10:19:21::SCWMssOS::mss exists loading the mss file  C:/Users/oparker/workspace/design_1_wrapper/ps7_cortexa9_0/domain_ps7_cortexa9_0/bsp/system.mss
TRACE::2025-02-28.10:19:21::SCWMssOS::Opened the sw design from mss  C:/Users/oparker/workspace/design_1_wrapper/ps7_cortexa9_0/domain_ps7_cortexa9_0/bsp/system.mss
TRACE::2025-02-28.10:19:21::SCWMssOS::Adding the swdes entry C:/Users/oparker/workspace/design_1_wrapper/ps7_cortexa9_0/domain_ps7_cortexa9_0/bsp/system.mss with des name system_1
TRACE::2025-02-28.10:19:21::SCWMssOS::updating the scw layer about changes
TRACE::2025-02-28.10:19:21::SCWMssOS::Opened the sw design.  C:/Users/oparker/workspace/design_1_wrapper/ps7_cortexa9_0/domain_ps7_cortexa9_0/bsp/system.mss
TRACE::2025-02-28.10:19:21::SCWPlatform::Trying to open the hw design at C:/Users/oparker/workspace/design_1_wrapper/hw/design_1_wrapper.xsa
TRACE::2025-02-28.10:19:21::SCWPlatform::DSA given C:/Users/oparker/workspace/design_1_wrapper/hw/design_1_wrapper.xsa
TRACE::2025-02-28.10:19:21::SCWPlatform::DSA absoulate path C:/Users/oparker/workspace/design_1_wrapper/hw/design_1_wrapper.xsa
TRACE::2025-02-28.10:19:21::SCWPlatform::DSA directory C:/Users/oparker/workspace/design_1_wrapper/hw
TRACE::2025-02-28.10:19:21::SCWPlatform:: Platform Path C:/Users/oparker/workspace/design_1_wrapper/hw/design_1_wrapper.xsa
TRACE::2025-02-28.10:19:21::SCWPlatform:: Unique name xilinx:zed::0.0
TRACE::2025-02-28.10:19:21::SCWPlatform::Trying to set the existing hwdb with name design_1_wrapper_9
TRACE::2025-02-28.10:19:21::SCWPlatform::Opened existing hwdb design_1_wrapper_9
TRACE::2025-02-28.10:19:21::SCWPlatform::Found the Hw Db part of the input DSA
TRACE::2025-02-28.10:19:21::SCWMssOS::Checking the sw design at  C:/Users/oparker/workspace/design_1_wrapper/ps7_cortexa9_0/domain_ps7_cortexa9_0/bsp/system.mss
TRACE::2025-02-28.10:19:21::SCWMssOS::DEBUG:  swdes dump  C:/Users/oparker/workspace/TPG/ps7_cortexa9_0/standalone_domain/bsp/system.mss|system_2||
C:/Users/oparker/workspace/TPG/zynq_fsbl/zynq_fsbl_bsp/system.mss|system||
C:/Users/oparker/workspace/design_1_wrapper/ps7_cortexa9_0/domain_ps7_cortexa9_0/bsp/system.mss|system_1||
C:/Users/oparker/workspace/design_1_wrapper/zynq_fsbl/zynq_fsbl_bsp/system.mss|system_0||

TRACE::2025-02-28.10:19:21::SCWMssOS::Sw design exists and opened at  C:/Users/oparker/workspace/design_1_wrapper/ps7_cortexa9_0/domain_ps7_cortexa9_0/bsp/system.mss
TRACE::2025-02-28.10:19:21::SCWMssOS:: library already available in sw design:  fmc_iic_sw:2.03.a
TRACE::2025-02-28.10:19:21::SCWPlatform::Trying to open the hw design at C:/Users/oparker/workspace/design_1_wrapper/hw/design_1_wrapper.xsa
TRACE::2025-02-28.10:19:21::SCWPlatform::DSA given C:/Users/oparker/workspace/design_1_wrapper/hw/design_1_wrapper.xsa
TRACE::2025-02-28.10:19:21::SCWPlatform::DSA absoulate path C:/Users/oparker/workspace/design_1_wrapper/hw/design_1_wrapper.xsa
TRACE::2025-02-28.10:19:21::SCWPlatform::DSA directory C:/Users/oparker/workspace/design_1_wrapper/hw
TRACE::2025-02-28.10:19:21::SCWPlatform:: Platform Path C:/Users/oparker/workspace/design_1_wrapper/hw/design_1_wrapper.xsa
TRACE::2025-02-28.10:19:21::SCWPlatform:: Unique name xilinx:zed::0.0
TRACE::2025-02-28.10:19:21::SCWPlatform::Trying to set the existing hwdb with name design_1_wrapper_9
TRACE::2025-02-28.10:19:21::SCWPlatform::Opened existing hwdb design_1_wrapper_9
TRACE::2025-02-28.10:19:21::SCWPlatform::Found the Hw Db part of the input DSA
TRACE::2025-02-28.10:19:21::SCWMssOS::Checking the sw design at  C:/Users/oparker/workspace/design_1_wrapper/ps7_cortexa9_0/domain_ps7_cortexa9_0/bsp/system.mss
TRACE::2025-02-28.10:19:21::SCWMssOS::DEBUG:  swdes dump  C:/Users/oparker/workspace/TPG/ps7_cortexa9_0/standalone_domain/bsp/system.mss|system_2||
C:/Users/oparker/workspace/TPG/zynq_fsbl/zynq_fsbl_bsp/system.mss|system||
C:/Users/oparker/workspace/design_1_wrapper/ps7_cortexa9_0/domain_ps7_cortexa9_0/bsp/system.mss|system_1||
C:/Users/oparker/workspace/design_1_wrapper/zynq_fsbl/zynq_fsbl_bsp/system.mss|system_0||

TRACE::2025-02-28.10:19:21::SCWMssOS::Sw design exists and opened at  C:/Users/oparker/workspace/design_1_wrapper/ps7_cortexa9_0/domain_ps7_cortexa9_0/bsp/system.mss
TRACE::2025-02-28.10:19:21::SCWMssOS:: library already available in sw design:  fmc_imageon_sw:2.01.a
TRACE::2025-02-28.10:19:21::SCWPlatform::Trying to open the hw design at C:/Users/oparker/workspace/design_1_wrapper/hw/design_1_wrapper.xsa
TRACE::2025-02-28.10:19:21::SCWPlatform::DSA given C:/Users/oparker/workspace/design_1_wrapper/hw/design_1_wrapper.xsa
TRACE::2025-02-28.10:19:21::SCWPlatform::DSA absoulate path C:/Users/oparker/workspace/design_1_wrapper/hw/design_1_wrapper.xsa
TRACE::2025-02-28.10:19:21::SCWPlatform::DSA directory C:/Users/oparker/workspace/design_1_wrapper/hw
TRACE::2025-02-28.10:19:21::SCWPlatform:: Platform Path C:/Users/oparker/workspace/design_1_wrapper/hw/design_1_wrapper.xsa
TRACE::2025-02-28.10:19:21::SCWPlatform:: Unique name xilinx:zed::0.0
TRACE::2025-02-28.10:19:21::SCWPlatform::Trying to set the existing hwdb with name design_1_wrapper_9
TRACE::2025-02-28.10:19:21::SCWPlatform::Opened existing hwdb design_1_wrapper_9
TRACE::2025-02-28.10:19:21::SCWPlatform::Found the Hw Db part of the input DSA
TRACE::2025-02-28.10:19:21::SCWMssOS::Checking the sw design at  C:/Users/oparker/workspace/design_1_wrapper/ps7_cortexa9_0/domain_ps7_cortexa9_0/bsp/system.mss
TRACE::2025-02-28.10:19:21::SCWMssOS::DEBUG:  swdes dump  C:/Users/oparker/workspace/TPG/ps7_cortexa9_0/standalone_domain/bsp/system.mss|system_2||
C:/Users/oparker/workspace/TPG/zynq_fsbl/zynq_fsbl_bsp/system.mss|system||
C:/Users/oparker/workspace/design_1_wrapper/ps7_cortexa9_0/domain_ps7_cortexa9_0/bsp/system.mss|system_1||
C:/Users/oparker/workspace/design_1_wrapper/zynq_fsbl/zynq_fsbl_bsp/system.mss|system_0||

TRACE::2025-02-28.10:19:21::SCWMssOS::Sw design exists and opened at  C:/Users/oparker/workspace/design_1_wrapper/ps7_cortexa9_0/domain_ps7_cortexa9_0/bsp/system.mss
TRACE::2025-02-28.10:19:21::SCWMssOS:: library already available in sw design:  fmc_ipmi_sw:2.02.a
TRACE::2025-02-28.10:19:21::SCWPlatform::Trying to open the hw design at C:/Users/oparker/workspace/design_1_wrapper/hw/design_1_wrapper.xsa
TRACE::2025-02-28.10:19:21::SCWPlatform::DSA given C:/Users/oparker/workspace/design_1_wrapper/hw/design_1_wrapper.xsa
TRACE::2025-02-28.10:19:21::SCWPlatform::DSA absoulate path C:/Users/oparker/workspace/design_1_wrapper/hw/design_1_wrapper.xsa
TRACE::2025-02-28.10:19:21::SCWPlatform::DSA directory C:/Users/oparker/workspace/design_1_wrapper/hw
TRACE::2025-02-28.10:19:21::SCWPlatform:: Platform Path C:/Users/oparker/workspace/design_1_wrapper/hw/design_1_wrapper.xsa
TRACE::2025-02-28.10:19:21::SCWPlatform:: Unique name xilinx:zed::0.0
TRACE::2025-02-28.10:19:21::SCWPlatform::Trying to set the existing hwdb with name design_1_wrapper_9
TRACE::2025-02-28.10:19:21::SCWPlatform::Opened existing hwdb design_1_wrapper_9
TRACE::2025-02-28.10:19:21::SCWPlatform::Found the Hw Db part of the input DSA
TRACE::2025-02-28.10:19:21::SCWMssOS::Checking the sw design at  C:/Users/oparker/workspace/design_1_wrapper/ps7_cortexa9_0/domain_ps7_cortexa9_0/bsp/system.mss
TRACE::2025-02-28.10:19:21::SCWMssOS::DEBUG:  swdes dump  C:/Users/oparker/workspace/TPG/ps7_cortexa9_0/standalone_domain/bsp/system.mss|system_2||
C:/Users/oparker/workspace/TPG/zynq_fsbl/zynq_fsbl_bsp/system.mss|system||
C:/Users/oparker/workspace/design_1_wrapper/ps7_cortexa9_0/domain_ps7_cortexa9_0/bsp/system.mss|system_1||
C:/Users/oparker/workspace/design_1_wrapper/zynq_fsbl/zynq_fsbl_bsp/system.mss|system_0||

TRACE::2025-02-28.10:19:21::SCWMssOS::Sw design exists and opened at  C:/Users/oparker/workspace/design_1_wrapper/ps7_cortexa9_0/domain_ps7_cortexa9_0/bsp/system.mss
TRACE::2025-02-28.10:19:21::SCWMssOS:: library already available in sw design:  onsemi_vita_sw:3.3
TRACE::2025-02-28.10:19:21::SCWMssOS::Saving the mss changes C:/Users/oparker/workspace/design_1_wrapper/ps7_cortexa9_0/domain_ps7_cortexa9_0/bsp/system.mss
TRACE::2025-02-28.10:19:21::SCWMssOS::Found a swdesign opened with the mssfile.
TRACE::2025-02-28.10:19:21::SCWMssOS::Completed writemss as part of save.
TRACE::2025-02-28.10:19:21::SCWMssOS::Commit changes completed.
TRACE::2025-02-28.10:19:21::SCWReader::Adding prebuilt librarypaths as   
TRACE::2025-02-28.10:19:21::SCWReader::Adding prebuilt incpaths  as   
TRACE::2025-02-28.10:19:21::SCWPlatform::Trying to open the hw design at C:/Users/oparker/workspace/design_1_wrapper/hw/design_1_wrapper.xsa
TRACE::2025-02-28.10:19:21::SCWPlatform::DSA given C:/Users/oparker/workspace/design_1_wrapper/hw/design_1_wrapper.xsa
TRACE::2025-02-28.10:19:21::SCWPlatform::DSA absoulate path C:/Users/oparker/workspace/design_1_wrapper/hw/design_1_wrapper.xsa
TRACE::2025-02-28.10:19:21::SCWPlatform::DSA directory C:/Users/oparker/workspace/design_1_wrapper/hw
TRACE::2025-02-28.10:19:21::SCWPlatform:: Platform Path C:/Users/oparker/workspace/design_1_wrapper/hw/design_1_wrapper.xsa
TRACE::2025-02-28.10:19:21::SCWPlatform:: Unique name xilinx:zed::0.0
TRACE::2025-02-28.10:19:21::SCWPlatform::Trying to set the existing hwdb with name design_1_wrapper_9
TRACE::2025-02-28.10:19:21::SCWPlatform::Opened existing hwdb design_1_wrapper_9
TRACE::2025-02-28.10:19:21::SCWPlatform::Found the Hw Db part of the input DSA
TRACE::2025-02-28.10:19:21::SCWMssOS::Checking the sw design at  C:/Users/oparker/workspace/design_1_wrapper/ps7_cortexa9_0/domain_ps7_cortexa9_0/bsp/system.mss
TRACE::2025-02-28.10:19:21::SCWMssOS::DEBUG:  swdes dump  C:/Users/oparker/workspace/TPG/ps7_cortexa9_0/standalone_domain/bsp/system.mss|system_2||
C:/Users/oparker/workspace/TPG/zynq_fsbl/zynq_fsbl_bsp/system.mss|system||
C:/Users/oparker/workspace/design_1_wrapper/ps7_cortexa9_0/domain_ps7_cortexa9_0/bsp/system.mss|system_1||
C:/Users/oparker/workspace/design_1_wrapper/zynq_fsbl/zynq_fsbl_bsp/system.mss|system_0||

TRACE::2025-02-28.10:19:21::SCWMssOS::Sw design exists and opened at  C:/Users/oparker/workspace/design_1_wrapper/ps7_cortexa9_0/domain_ps7_cortexa9_0/bsp/system.mss
TRACE::2025-02-28.10:19:21::SCWReader::No isolation master present  
LOG::2025-02-28.10:19:55::SCWPlatform::Started generating the artifacts platform design_1_wrapper
TRACE::2025-02-28.10:19:55::SCWPlatform::Sanity checking of platform is completed
LOG::2025-02-28.10:19:55::SCWPlatform::Started generating the artifacts for system configuration design_1_wrapper
LOG::2025-02-28.10:19:55::SCWSystem::Checking the domain zynq_fsbl
LOG::2025-02-28.10:19:55::SCWSystem::Doing application build for :  zynq_fsbl
TRACE::2025-02-28.10:19:55::SCWBDomain::Not a forced makefile updation, No changes are present. 
TRACE::2025-02-28.10:19:55::SCWDomain::Skipping the build for domain :  zynq_fsbl
LOG::2025-02-28.10:19:55::SCWSystem::Checking the domain domain_ps7_cortexa9_0
LOG::2025-02-28.10:19:55::SCWSystem::Not a boot domain 
LOG::2025-02-28.10:19:55::SCWSystem::Started Processing the domain domain_ps7_cortexa9_0
TRACE::2025-02-28.10:19:55::SCWDomain::Generating domain artifcats
TRACE::2025-02-28.10:19:55::SCWMssOS::Generating standalone artifcats
TRACE::2025-02-28.10:19:55::SCWMssOS::Copying the qemu file from  C:/Xilinx/Vitis/2020.1/data/emulation/platforms/zynq/qemu/qemu_args.txt To C:/Users/oparker/workspace/design_1_wrapper/export/design_1_wrapper/sw/design_1_wrapper/qemu/
TRACE::2025-02-28.10:19:55::SCWMssOS::Copying the qemu file from  C:/Xilinx/Vitis/2020.1/data/emulation/platforms/zynq/qemu/qemu_args.txt To C:/Users/oparker/workspace/design_1_wrapper/export/design_1_wrapper/sw/design_1_wrapper/domain_ps7_cortexa9_0/qemu/
TRACE::2025-02-28.10:19:55::SCWMssOS:: Copying the user libraries. 
TRACE::2025-02-28.10:19:55::SCWPlatform::Trying to open the hw design at C:/Users/oparker/workspace/design_1_wrapper/hw/design_1_wrapper.xsa
TRACE::2025-02-28.10:19:55::SCWPlatform::DSA given C:/Users/oparker/workspace/design_1_wrapper/hw/design_1_wrapper.xsa
TRACE::2025-02-28.10:19:55::SCWPlatform::DSA absoulate path C:/Users/oparker/workspace/design_1_wrapper/hw/design_1_wrapper.xsa
TRACE::2025-02-28.10:19:55::SCWPlatform::DSA directory C:/Users/oparker/workspace/design_1_wrapper/hw
TRACE::2025-02-28.10:19:55::SCWPlatform:: Platform Path C:/Users/oparker/workspace/design_1_wrapper/hw/design_1_wrapper.xsa
TRACE::2025-02-28.10:19:55::SCWPlatform:: Unique name xilinx:zed::0.0
TRACE::2025-02-28.10:19:55::SCWPlatform::Trying to set the existing hwdb with name design_1_wrapper_9
TRACE::2025-02-28.10:19:55::SCWPlatform::Opened existing hwdb design_1_wrapper_9
TRACE::2025-02-28.10:19:55::SCWPlatform::Found the Hw Db part of the input DSA
TRACE::2025-02-28.10:19:55::SCWMssOS::Checking the sw design at  C:/Users/oparker/workspace/design_1_wrapper/ps7_cortexa9_0/domain_ps7_cortexa9_0/bsp/system.mss
TRACE::2025-02-28.10:19:55::SCWMssOS::DEBUG:  swdes dump  C:/Users/oparker/workspace/TPG/ps7_cortexa9_0/standalone_domain/bsp/system.mss|system_2||
C:/Users/oparker/workspace/TPG/zynq_fsbl/zynq_fsbl_bsp/system.mss|system||
C:/Users/oparker/workspace/design_1_wrapper/ps7_cortexa9_0/domain_ps7_cortexa9_0/bsp/system.mss|system_1||
C:/Users/oparker/workspace/design_1_wrapper/zynq_fsbl/zynq_fsbl_bsp/system.mss|system_0||

TRACE::2025-02-28.10:19:55::SCWMssOS::Sw design exists and opened at  C:/Users/oparker/workspace/design_1_wrapper/ps7_cortexa9_0/domain_ps7_cortexa9_0/bsp/system.mss
TRACE::2025-02-28.10:19:55::SCWMssOS::Completed writing the mss file at C:/Users/oparker/workspace/design_1_wrapper/ps7_cortexa9_0/domain_ps7_cortexa9_0/bsp
TRACE::2025-02-28.10:19:55::SCWMssOS::Mss edits present, copying mssfile into export location C:/Users/oparker/workspace/design_1_wrapper/ps7_cortexa9_0/domain_ps7_cortexa9_0/bsp/system.mss
TRACE::2025-02-28.10:19:55::SCWMssOS::bsp generated is upto date with the mss file. Skipping bsp generation.
TRACE::2025-02-28.10:19:55::SCWMssOS::BSP is already built. skipping the bsp build ... 
TRACE::2025-02-28.10:19:55::SCWDomain::Skipping the build for domain :  domain_ps7_cortexa9_0
TRACE::2025-02-28.10:19:55::SCWMssOS::skipping the bsp build ... 
TRACE::2025-02-28.10:19:55::SCWMssOS::Copying to export directory.
TRACE::2025-02-28.10:19:55::SCWMssOS:: Checking if to create the Supporting Applications
TRACE::2025-02-28.10:19:55::SCWMssOS:: No Linux domain exists, trying to generate FSBL 
LOG::2025-02-28.10:19:55::SCWSystem::Completed Processing the domain domain_ps7_cortexa9_0
LOG::2025-02-28.10:19:55::SCWSystem::Completed Processing the sysconfig design_1_wrapper
LOG::2025-02-28.10:19:55::SCWPlatform::Completed generating the artifacts for system configuration design_1_wrapper
TRACE::2025-02-28.10:19:55::SCWPlatform::Started preparing the platform 
TRACE::2025-02-28.10:19:55::SCWSystem::Writing the bif file for system config design_1_wrapper
TRACE::2025-02-28.10:19:55::SCWSystem::dir created 
TRACE::2025-02-28.10:19:55::SCWSystem::Writing the bif 
TRACE::2025-02-28.10:19:55::SCWPlatform::Started writing the spfm file 
TRACE::2025-02-28.10:19:55::SCWPlatform::Started writing the xpfm file 
TRACE::2025-02-28.10:19:55::SCWPlatform::Completed generating the platform
TRACE::2025-02-28.10:19:55::SCWMssOS::Saving the mss changes C:/Users/oparker/workspace/design_1_wrapper/zynq_fsbl/zynq_fsbl_bsp/system.mss
TRACE::2025-02-28.10:19:55::SCWMssOS::Found a swdesign opened with the mssfile.
TRACE::2025-02-28.10:19:55::SCWMssOS::Completed writemss as part of save.
TRACE::2025-02-28.10:19:55::SCWMssOS::Commit changes completed.
TRACE::2025-02-28.10:19:55::SCWMssOS::Saving the mss changes C:/Users/oparker/workspace/design_1_wrapper/ps7_cortexa9_0/domain_ps7_cortexa9_0/bsp/system.mss
TRACE::2025-02-28.10:19:55::SCWMssOS::Found a swdesign opened with the mssfile.
TRACE::2025-02-28.10:19:55::SCWMssOS::Completed writemss as part of save.
TRACE::2025-02-28.10:19:55::SCWMssOS::Commit changes completed.
TRACE::2025-02-28.10:19:55::SCWPlatform::Trying to open the hw design at C:/Users/oparker/workspace/design_1_wrapper/hw/design_1_wrapper.xsa
TRACE::2025-02-28.10:19:55::SCWPlatform::DSA given C:/Users/oparker/workspace/design_1_wrapper/hw/design_1_wrapper.xsa
TRACE::2025-02-28.10:19:55::SCWPlatform::DSA absoulate path C:/Users/oparker/workspace/design_1_wrapper/hw/design_1_wrapper.xsa
TRACE::2025-02-28.10:19:55::SCWPlatform::DSA directory C:/Users/oparker/workspace/design_1_wrapper/hw
TRACE::2025-02-28.10:19:55::SCWPlatform:: Platform Path C:/Users/oparker/workspace/design_1_wrapper/hw/design_1_wrapper.xsa
TRACE::2025-02-28.10:19:55::SCWPlatform:: Unique name xilinx:zed::0.0
TRACE::2025-02-28.10:19:55::SCWPlatform::Trying to set the existing hwdb with name design_1_wrapper_9
TRACE::2025-02-28.10:19:55::SCWPlatform::Opened existing hwdb design_1_wrapper_9
TRACE::2025-02-28.10:19:55::SCWPlatform::Found the Hw Db part of the input DSA
TRACE::2025-02-28.10:19:55::SCWMssOS::Checking the sw design at  C:/Users/oparker/workspace/design_1_wrapper/zynq_fsbl/zynq_fsbl_bsp/system.mss
TRACE::2025-02-28.10:19:55::SCWMssOS::DEBUG:  swdes dump  C:/Users/oparker/workspace/TPG/ps7_cortexa9_0/standalone_domain/bsp/system.mss|system_2||
C:/Users/oparker/workspace/TPG/zynq_fsbl/zynq_fsbl_bsp/system.mss|system||
C:/Users/oparker/workspace/design_1_wrapper/ps7_cortexa9_0/domain_ps7_cortexa9_0/bsp/system.mss|system_1||
C:/Users/oparker/workspace/design_1_wrapper/zynq_fsbl/zynq_fsbl_bsp/system.mss|system_0||

TRACE::2025-02-28.10:19:55::SCWMssOS::Sw design exists and opened at  C:/Users/oparker/workspace/design_1_wrapper/zynq_fsbl/zynq_fsbl_bsp/system.mss
TRACE::2025-02-28.10:19:55::SCWPlatform::Trying to open the hw design at C:/Users/oparker/workspace/design_1_wrapper/hw/design_1_wrapper.xsa
TRACE::2025-02-28.10:19:55::SCWPlatform::DSA given C:/Users/oparker/workspace/design_1_wrapper/hw/design_1_wrapper.xsa
TRACE::2025-02-28.10:19:55::SCWPlatform::DSA absoulate path C:/Users/oparker/workspace/design_1_wrapper/hw/design_1_wrapper.xsa
TRACE::2025-02-28.10:19:55::SCWPlatform::DSA directory C:/Users/oparker/workspace/design_1_wrapper/hw
TRACE::2025-02-28.10:19:55::SCWPlatform:: Platform Path C:/Users/oparker/workspace/design_1_wrapper/hw/design_1_wrapper.xsa
TRACE::2025-02-28.10:19:55::SCWPlatform:: Unique name xilinx:zed::0.0
TRACE::2025-02-28.10:19:55::SCWPlatform::Trying to set the existing hwdb with name design_1_wrapper_9
TRACE::2025-02-28.10:19:55::SCWPlatform::Opened existing hwdb design_1_wrapper_9
TRACE::2025-02-28.10:19:55::SCWPlatform::Found the Hw Db part of the input DSA
TRACE::2025-02-28.10:19:55::SCWMssOS::Checking the sw design at  C:/Users/oparker/workspace/design_1_wrapper/ps7_cortexa9_0/domain_ps7_cortexa9_0/bsp/system.mss
TRACE::2025-02-28.10:19:55::SCWMssOS::DEBUG:  swdes dump  C:/Users/oparker/workspace/TPG/ps7_cortexa9_0/standalone_domain/bsp/system.mss|system_2||
C:/Users/oparker/workspace/TPG/zynq_fsbl/zynq_fsbl_bsp/system.mss|system||
C:/Users/oparker/workspace/design_1_wrapper/ps7_cortexa9_0/domain_ps7_cortexa9_0/bsp/system.mss|system_1||
C:/Users/oparker/workspace/design_1_wrapper/zynq_fsbl/zynq_fsbl_bsp/system.mss|system_0||

TRACE::2025-02-28.10:19:55::SCWMssOS::Sw design exists and opened at  C:/Users/oparker/workspace/design_1_wrapper/ps7_cortexa9_0/domain_ps7_cortexa9_0/bsp/system.mss
TRACE::2025-02-28.10:19:55::SCWWriter::formatted JSON is {
	"platformName":	"design_1_wrapper",
	"sprVersion":	"2.0",
	"mode":	"gui",
	"dsaType":	"Fixed",
	"platformDesc":	"design_1_wrapper",
	"platHandOff":	"C:/Users/oparker/cpre488-mp2/project_1/design_1_wrapper.xsa",
	"platIntHandOff":	"<platformDir>/hw/design_1_wrapper.xsa",
	"deviceType":	"zynq",
	"platIsPrebuiltAutogen":	"false",
	"platIsNoBootBsp":	"false",
	"hasFsblMakeHasChanges":	"false",
	"hasPmufwMakeHasChanges":	"false",
	"fsblExtraCompilerFlags":	"-MMD -MP       -mcpu=cortex-a9 -mfpu=vfpv3 -mfloat-abi=hard ",
	"platPreBuiltFlag":	false,
	"platformSamplesDir":	"",
	"platActiveSys":	"design_1_wrapper",
	"systems":	[{
			"systemName":	"design_1_wrapper",
			"systemDesc":	"design_1_wrapper",
			"sysIsBootAutoGen":	"true",
			"systemDispName":	"design_1_wrapper",
			"sysActiveDom":	"domain_ps7_cortexa9_0",
			"sysDefaultDom":	"domain_ps7_cortexa9_0",
			"domains":	[{
					"domainName":	"zynq_fsbl",
					"domainDispName":	"zynq_fsbl",
					"domainDesc":	"FSBL Application BSP - Auto Generated.",
					"processors":	"ps7_cortexa9_0",
					"os":	"standalone",
					"sdxOs":	"standalone",
					"debugEnable":	"",
					"domRuntimes":	["cpp"],
					"swRepo":	"",
					"mssOsVer":	"7.2",
					"mssFile":	"",
					"md5Digest":	"158a679dab493f3308b1d2cbafc496b0",
					"compatibleApp":	"zynq_fsbl",
					"domType":	"bootDomain",
					"arch":	"32-bit",
					"appSettings":	{
						"appCompilerFlags":	"",
						"appLinkerFlags":	""
					},
					"addedLibs":	["xilffs:4.3", "xilrsa:1.6"],
					"libOptions":	{
						"libsContainingOptions":	[]
					},
					"prebuiltLibs":	{
						"prebuiltIncPath":	[],
						"prebuiltLibPath":	[]
					},
					"isolation":	{
					}
				}, {
					"domainName":	"domain_ps7_cortexa9_0",
					"domainDispName":	"domain_ps7_cortexa9_0",
					"domainDesc":	"domain_ps7_cortexa9_0",
					"processors":	"ps7_cortexa9_0",
					"os":	"standalone",
					"sdxOs":	"standalone",
					"qemuArgs":	"C:/Xilinx/Vitis/2020.1/data/emulation/platforms/zynq/qemu/qemu_args.txt",
					"qemuData":	"C:/Xilinx/Vitis/2020.1/data/emulation/platforms/zynq/qemu/",
					"debugEnable":	"False",
					"domRuntimes":	["cpp"],
					"swRepo":	"",
					"mssOsVer":	"7.2",
					"mssFile":	"",
					"md5Digest":	"068c76f6f2053ae984c5832beff83f45",
					"compatibleApp":	"",
					"domType":	"mssDomain",
					"arch":	"32-bit",
					"appSettings":	{
						"appCompilerFlags":	"",
						"appLinkerFlags":	""
					},
					"addedLibs":	["fmc_iic_sw:2.03.a", "fmc_imageon_sw:2.01.a", "fmc_ipmi_sw:2.02.a", "onsemi_vita_sw:3.3"],
					"libOptions":	{
						"libsContainingOptions":	[]
					},
					"prebuiltLibs":	{
						"prebuiltIncPath":	[],
						"prebuiltLibPath":	[]
					},
					"isolation":	{
					}
				}]
		}]
}
KEYINFO::2025-02-28.10:19:55::SCWPlatform::updated the xpfm file.
TRACE::2025-02-28.10:19:55::SCWPlatform::Trying to open the hw design at C:/Users/oparker/workspace/design_1_wrapper/hw/design_1_wrapper.xsa
TRACE::2025-02-28.10:19:55::SCWPlatform::DSA given C:/Users/oparker/workspace/design_1_wrapper/hw/design_1_wrapper.xsa
TRACE::2025-02-28.10:19:55::SCWPlatform::DSA absoulate path C:/Users/oparker/workspace/design_1_wrapper/hw/design_1_wrapper.xsa
TRACE::2025-02-28.10:19:55::SCWPlatform::DSA directory C:/Users/oparker/workspace/design_1_wrapper/hw
TRACE::2025-02-28.10:19:55::SCWPlatform:: Platform Path C:/Users/oparker/workspace/design_1_wrapper/hw/design_1_wrapper.xsa
TRACE::2025-02-28.10:19:55::SCWPlatform:: Unique name xilinx:zed::0.0
TRACE::2025-02-28.10:19:55::SCWPlatform::Trying to set the existing hwdb with name design_1_wrapper_9
TRACE::2025-02-28.10:19:55::SCWPlatform::Opened existing hwdb design_1_wrapper_9
TRACE::2025-02-28.10:19:55::SCWPlatform::Found the Hw Db part of the input DSA
TRACE::2025-02-28.10:19:55::SCWMssOS::Checking the sw design at  C:/Users/oparker/workspace/design_1_wrapper/ps7_cortexa9_0/domain_ps7_cortexa9_0/bsp/system.mss
TRACE::2025-02-28.10:19:55::SCWMssOS::DEBUG:  swdes dump  C:/Users/oparker/workspace/TPG/ps7_cortexa9_0/standalone_domain/bsp/system.mss|system_2||
C:/Users/oparker/workspace/TPG/zynq_fsbl/zynq_fsbl_bsp/system.mss|system||
C:/Users/oparker/workspace/design_1_wrapper/ps7_cortexa9_0/domain_ps7_cortexa9_0/bsp/system.mss|system_1||
C:/Users/oparker/workspace/design_1_wrapper/zynq_fsbl/zynq_fsbl_bsp/system.mss|system_0||

TRACE::2025-02-28.10:19:55::SCWMssOS::Sw design exists and opened at  C:/Users/oparker/workspace/design_1_wrapper/ps7_cortexa9_0/domain_ps7_cortexa9_0/bsp/system.mss
TRACE::2025-02-28.10:22:46::SCWPlatform::Trying to open the hw design at C:/Users/oparker/workspace/design_1_wrapper/hw/design_1_wrapper.xsa
TRACE::2025-02-28.10:22:46::SCWPlatform::DSA given C:/Users/oparker/workspace/design_1_wrapper/hw/design_1_wrapper.xsa
TRACE::2025-02-28.10:22:46::SCWPlatform::DSA absoulate path C:/Users/oparker/workspace/design_1_wrapper/hw/design_1_wrapper.xsa
TRACE::2025-02-28.10:22:46::SCWPlatform::DSA directory C:/Users/oparker/workspace/design_1_wrapper/hw
TRACE::2025-02-28.10:22:46::SCWPlatform:: Platform Path C:/Users/oparker/workspace/design_1_wrapper/hw/design_1_wrapper.xsa
TRACE::2025-02-28.10:22:46::SCWPlatform:: Unique name xilinx:zed::0.0
TRACE::2025-02-28.10:22:46::SCWPlatform::Trying to set the existing hwdb with name design_1_wrapper_9
TRACE::2025-02-28.10:22:46::SCWPlatform::Opened existing hwdb design_1_wrapper_9
TRACE::2025-02-28.10:22:46::SCWPlatform::Found the Hw Db part of the input DSA
TRACE::2025-02-28.10:22:46::SCWPlatform::DSA given C:/Users/oparker/workspace/design_1_wrapper/tempdsa/design_1_wrapper.xsa
TRACE::2025-02-28.10:22:46::SCWPlatform::DSA absoulate path C:/Users/oparker/workspace/design_1_wrapper/tempdsa/design_1_wrapper.xsa
TRACE::2025-02-28.10:22:46::SCWPlatform:: Platform location is C:/Users/oparker/workspace/design_1_wrapper/tempdsa
TRACE::2025-02-28.10:22:46::SCWPlatform:: Platform Path C:/Users/oparker/workspace/design_1_wrapper/tempdsa/design_1_wrapper.xsa
TRACE::2025-02-28.10:22:46::SCWPlatform:: Unique name xilinx:zed::0.0
TRACE::2025-02-28.10:22:47::SCWPlatform::Found the Hw Db part of the input DSA
TRACE::2025-02-28.10:22:47::SCWMssOS::Doing hw sync for the mss in domain: zynq_fsbl
TRACE::2025-02-28.10:22:47::SCWPlatform::Trying to open the hw design at C:/Users/oparker/workspace/design_1_wrapper/hw/design_1_wrapper.xsa
TRACE::2025-02-28.10:22:47::SCWPlatform::DSA given C:/Users/oparker/workspace/design_1_wrapper/hw/design_1_wrapper.xsa
TRACE::2025-02-28.10:22:47::SCWPlatform::DSA absoulate path C:/Users/oparker/workspace/design_1_wrapper/hw/design_1_wrapper.xsa
TRACE::2025-02-28.10:22:47::SCWPlatform::DSA directory C:/Users/oparker/workspace/design_1_wrapper/hw
TRACE::2025-02-28.10:22:47::SCWPlatform:: Platform Path C:/Users/oparker/workspace/design_1_wrapper/hw/design_1_wrapper.xsa
TRACE::2025-02-28.10:22:47::SCWPlatform:: Unique name xilinx:zed::0.0
TRACE::2025-02-28.10:22:47::SCWPlatform::Trying to set the existing hwdb with name design_1_wrapper_9
TRACE::2025-02-28.10:22:47::SCWPlatform::Opened existing hwdb design_1_wrapper_9
TRACE::2025-02-28.10:22:47::SCWPlatform::Found the Hw Db part of the input DSA
TRACE::2025-02-28.10:22:47::SCWPlatform::Trying to open the hw design at C:/Users/oparker/workspace/design_1_wrapper/hw/design_1_wrapper.xsa
TRACE::2025-02-28.10:22:47::SCWPlatform::DSA given C:/Users/oparker/workspace/design_1_wrapper/hw/design_1_wrapper.xsa
TRACE::2025-02-28.10:22:47::SCWPlatform::DSA absoulate path C:/Users/oparker/workspace/design_1_wrapper/hw/design_1_wrapper.xsa
TRACE::2025-02-28.10:22:47::SCWPlatform::DSA directory C:/Users/oparker/workspace/design_1_wrapper/hw
TRACE::2025-02-28.10:22:47::SCWPlatform:: Platform Path C:/Users/oparker/workspace/design_1_wrapper/hw/design_1_wrapper.xsa
TRACE::2025-02-28.10:22:47::SCWPlatform:: Unique name xilinx:zed::0.0
TRACE::2025-02-28.10:22:47::SCWPlatform::Trying to set the existing hwdb with name design_1_wrapper_9
TRACE::2025-02-28.10:22:47::SCWPlatform::Opened existing hwdb design_1_wrapper_9
TRACE::2025-02-28.10:22:47::SCWPlatform::Found the Hw Db part of the input DSA
TRACE::2025-02-28.10:22:47::SCWMssOS::Checking the sw design at  C:/Users/oparker/workspace/design_1_wrapper/zynq_fsbl/zynq_fsbl_bsp/system.mss
TRACE::2025-02-28.10:22:47::SCWMssOS::DEBUG:  swdes dump  C:/Users/oparker/workspace/TPG/ps7_cortexa9_0/standalone_domain/bsp/system.mss|system_2||
C:/Users/oparker/workspace/TPG/zynq_fsbl/zynq_fsbl_bsp/system.mss|system||
C:/Users/oparker/workspace/design_1_wrapper/ps7_cortexa9_0/domain_ps7_cortexa9_0/bsp/system.mss|system_1||
C:/Users/oparker/workspace/design_1_wrapper/zynq_fsbl/zynq_fsbl_bsp/system.mss|system_0||

TRACE::2025-02-28.10:22:47::SCWMssOS::Sw design exists and opened at  C:/Users/oparker/workspace/design_1_wrapper/zynq_fsbl/zynq_fsbl_bsp/system.mss
TRACE::2025-02-28.10:22:47::SCWPlatform::Trying to open the hw design at C:/Users/oparker/workspace/design_1_wrapper/tempdsa/design_1_wrapper.xsa
TRACE::2025-02-28.10:22:47::SCWPlatform::DSA given C:/Users/oparker/workspace/design_1_wrapper/tempdsa/design_1_wrapper.xsa
TRACE::2025-02-28.10:22:47::SCWPlatform::DSA absoulate path C:/Users/oparker/workspace/design_1_wrapper/tempdsa/design_1_wrapper.xsa
TRACE::2025-02-28.10:22:47::SCWPlatform::DSA directory C:/Users/oparker/workspace/design_1_wrapper/tempdsa
TRACE::2025-02-28.10:22:47::SCWPlatform:: Platform Path C:/Users/oparker/workspace/design_1_wrapper/tempdsa/design_1_wrapper.xsa
TRACE::2025-02-28.10:22:47::SCWPlatform:: Unique name xilinx:zed::0.0
TRACE::2025-02-28.10:22:47::SCWPlatform::update - Opened existing hwdb design_1_wrapper_14
TRACE::2025-02-28.10:22:47::SCWPlatform::Found the Hw Db part of the input DSA
TRACE::2025-02-28.10:22:47::SCWMssOS::Doing hw sync for the mss in domain: domain_ps7_cortexa9_0
TRACE::2025-02-28.10:22:47::SCWPlatform::Trying to open the hw design at C:/Users/oparker/workspace/design_1_wrapper/hw/design_1_wrapper.xsa
TRACE::2025-02-28.10:22:47::SCWPlatform::DSA given C:/Users/oparker/workspace/design_1_wrapper/hw/design_1_wrapper.xsa
TRACE::2025-02-28.10:22:47::SCWPlatform::DSA absoulate path C:/Users/oparker/workspace/design_1_wrapper/hw/design_1_wrapper.xsa
TRACE::2025-02-28.10:22:47::SCWPlatform::DSA directory C:/Users/oparker/workspace/design_1_wrapper/hw
TRACE::2025-02-28.10:22:47::SCWPlatform:: Platform Path C:/Users/oparker/workspace/design_1_wrapper/hw/design_1_wrapper.xsa
TRACE::2025-02-28.10:22:47::SCWPlatform:: Unique name xilinx:zed::0.0
TRACE::2025-02-28.10:22:47::SCWPlatform::Trying to set the existing hwdb with name design_1_wrapper_9
TRACE::2025-02-28.10:22:47::SCWPlatform::Opened existing hwdb design_1_wrapper_9
TRACE::2025-02-28.10:22:47::SCWPlatform::Found the Hw Db part of the input DSA
TRACE::2025-02-28.10:22:47::SCWPlatform::Trying to open the hw design at C:/Users/oparker/workspace/design_1_wrapper/hw/design_1_wrapper.xsa
TRACE::2025-02-28.10:22:47::SCWPlatform::DSA given C:/Users/oparker/workspace/design_1_wrapper/hw/design_1_wrapper.xsa
TRACE::2025-02-28.10:22:47::SCWPlatform::DSA absoulate path C:/Users/oparker/workspace/design_1_wrapper/hw/design_1_wrapper.xsa
TRACE::2025-02-28.10:22:47::SCWPlatform::DSA directory C:/Users/oparker/workspace/design_1_wrapper/hw
TRACE::2025-02-28.10:22:47::SCWPlatform:: Platform Path C:/Users/oparker/workspace/design_1_wrapper/hw/design_1_wrapper.xsa
TRACE::2025-02-28.10:22:47::SCWPlatform:: Unique name xilinx:zed::0.0
TRACE::2025-02-28.10:22:47::SCWPlatform::Trying to set the existing hwdb with name design_1_wrapper_9
TRACE::2025-02-28.10:22:47::SCWPlatform::Opened existing hwdb design_1_wrapper_9
TRACE::2025-02-28.10:22:47::SCWPlatform::Found the Hw Db part of the input DSA
TRACE::2025-02-28.10:22:47::SCWMssOS::Checking the sw design at  C:/Users/oparker/workspace/design_1_wrapper/ps7_cortexa9_0/domain_ps7_cortexa9_0/bsp/system.mss
TRACE::2025-02-28.10:22:47::SCWMssOS::DEBUG:  swdes dump  C:/Users/oparker/workspace/TPG/ps7_cortexa9_0/standalone_domain/bsp/system.mss|system_2||
C:/Users/oparker/workspace/TPG/zynq_fsbl/zynq_fsbl_bsp/system.mss|system||
C:/Users/oparker/workspace/design_1_wrapper/ps7_cortexa9_0/domain_ps7_cortexa9_0/bsp/system.mss|system_1||
C:/Users/oparker/workspace/design_1_wrapper/zynq_fsbl/zynq_fsbl_bsp/system.mss|system_0||

TRACE::2025-02-28.10:22:47::SCWMssOS::Sw design exists and opened at  C:/Users/oparker/workspace/design_1_wrapper/ps7_cortexa9_0/domain_ps7_cortexa9_0/bsp/system.mss
TRACE::2025-02-28.10:22:47::SCWPlatform::Trying to open the hw design at C:/Users/oparker/workspace/design_1_wrapper/tempdsa/design_1_wrapper.xsa
TRACE::2025-02-28.10:22:47::SCWPlatform::DSA given C:/Users/oparker/workspace/design_1_wrapper/tempdsa/design_1_wrapper.xsa
TRACE::2025-02-28.10:22:47::SCWPlatform::DSA absoulate path C:/Users/oparker/workspace/design_1_wrapper/tempdsa/design_1_wrapper.xsa
TRACE::2025-02-28.10:22:47::SCWPlatform::DSA directory C:/Users/oparker/workspace/design_1_wrapper/tempdsa
TRACE::2025-02-28.10:22:47::SCWPlatform:: Platform Path C:/Users/oparker/workspace/design_1_wrapper/tempdsa/design_1_wrapper.xsa
TRACE::2025-02-28.10:22:47::SCWPlatform:: Unique name xilinx:zed::0.0
TRACE::2025-02-28.10:22:47::SCWPlatform::update - Opened existing hwdb design_1_wrapper_14
TRACE::2025-02-28.10:22:47::SCWPlatform::Found the Hw Db part of the input DSA
TRACE::2025-02-28.10:22:47::SCWMssOS::Saving the mss changes C:/Users/oparker/workspace/design_1_wrapper/zynq_fsbl/zynq_fsbl_bsp/system.mss
TRACE::2025-02-28.10:22:47::SCWMssOS::Found a swdesign opened with the mssfile.
TRACE::2025-02-28.10:22:47::SCWMssOS::Completed writemss as part of save.
TRACE::2025-02-28.10:22:47::SCWMssOS::Commit changes completed.
TRACE::2025-02-28.10:22:47::SCWMssOS::Completed hw sync for the mss in domain: zynq_fsbl
TRACE::2025-02-28.10:22:47::SCWMssOS::Removing the swdes entry for  C:/Users/oparker/workspace/design_1_wrapper/zynq_fsbl/zynq_fsbl_bsp/system.mss
TRACE::2025-02-28.10:22:47::SCWMssOS::Saving the mss changes C:/Users/oparker/workspace/design_1_wrapper/ps7_cortexa9_0/domain_ps7_cortexa9_0/bsp/system.mss
TRACE::2025-02-28.10:22:47::SCWMssOS::Found a swdesign opened with the mssfile.
TRACE::2025-02-28.10:22:47::SCWMssOS::Completed writemss as part of save.
TRACE::2025-02-28.10:22:47::SCWMssOS::Commit changes completed.
TRACE::2025-02-28.10:22:47::SCWMssOS::Completed hw sync for the mss in domain: domain_ps7_cortexa9_0
TRACE::2025-02-28.10:22:47::SCWMssOS::Removing the swdes entry for  C:/Users/oparker/workspace/design_1_wrapper/ps7_cortexa9_0/domain_ps7_cortexa9_0/bsp/system.mss
TRACE::2025-02-28.10:22:47::SCWPlatform::Trying to open the hw design at C:/Users/oparker/workspace/design_1_wrapper/hw/design_1_wrapper.xsa
TRACE::2025-02-28.10:22:47::SCWPlatform::DSA given C:/Users/oparker/workspace/design_1_wrapper/hw/design_1_wrapper.xsa
TRACE::2025-02-28.10:22:47::SCWPlatform::DSA absoulate path C:/Users/oparker/workspace/design_1_wrapper/hw/design_1_wrapper.xsa
TRACE::2025-02-28.10:22:47::SCWPlatform::DSA directory C:/Users/oparker/workspace/design_1_wrapper/hw
TRACE::2025-02-28.10:22:47::SCWPlatform:: Platform Path C:/Users/oparker/workspace/design_1_wrapper/hw/design_1_wrapper.xsa
TRACE::2025-02-28.10:22:47::SCWPlatform:: Unique name xilinx:zed::0.0
TRACE::2025-02-28.10:22:47::SCWPlatform::Do not have an existing db opened. 
TRACE::2025-02-28.10:22:49::SCWPlatform::Opened new HwDB with name design_1_wrapper_15
TRACE::2025-02-28.10:22:49::SCWPlatform::Trying to open the hw design at C:/Users/oparker/workspace/design_1_wrapper/hw/design_1_wrapper.xsa
TRACE::2025-02-28.10:22:49::SCWPlatform::DSA given C:/Users/oparker/workspace/design_1_wrapper/hw/design_1_wrapper.xsa
TRACE::2025-02-28.10:22:49::SCWPlatform::DSA absoulate path C:/Users/oparker/workspace/design_1_wrapper/hw/design_1_wrapper.xsa
TRACE::2025-02-28.10:22:49::SCWPlatform::DSA directory C:/Users/oparker/workspace/design_1_wrapper/hw
TRACE::2025-02-28.10:22:49::SCWPlatform:: Platform Path C:/Users/oparker/workspace/design_1_wrapper/hw/design_1_wrapper.xsa
TRACE::2025-02-28.10:22:49::SCWPlatform:: Unique name xilinx:zed::0.0
TRACE::2025-02-28.10:22:49::SCWPlatform::Trying to set the existing hwdb with name design_1_wrapper_15
TRACE::2025-02-28.10:22:49::SCWPlatform::Opened existing hwdb design_1_wrapper_15
TRACE::2025-02-28.10:22:49::SCWPlatform::Found the Hw Db part of the input DSA
TRACE::2025-02-28.10:22:49::SCWMssOS::Checking the sw design at  C:/Users/oparker/workspace/design_1_wrapper/zynq_fsbl/zynq_fsbl_bsp/system.mss
TRACE::2025-02-28.10:22:49::SCWMssOS::DEBUG:  swdes dump  C:/Users/oparker/workspace/TPG/ps7_cortexa9_0/standalone_domain/bsp/system.mss|system_2||
C:/Users/oparker/workspace/TPG/zynq_fsbl/zynq_fsbl_bsp/system.mss|system||

TRACE::2025-02-28.10:22:49::SCWMssOS::No sw design opened at  C:/Users/oparker/workspace/design_1_wrapper/zynq_fsbl/zynq_fsbl_bsp/system.mss
TRACE::2025-02-28.10:22:49::SCWMssOS::mss exists loading the mss file  C:/Users/oparker/workspace/design_1_wrapper/zynq_fsbl/zynq_fsbl_bsp/system.mss
TRACE::2025-02-28.10:22:49::SCWMssOS::Opened the sw design from mss  C:/Users/oparker/workspace/design_1_wrapper/zynq_fsbl/zynq_fsbl_bsp/system.mss
TRACE::2025-02-28.10:22:49::SCWMssOS::Adding the swdes entry C:/Users/oparker/workspace/design_1_wrapper/zynq_fsbl/zynq_fsbl_bsp/system.mss with des name system_0
TRACE::2025-02-28.10:22:49::SCWMssOS::updating the scw layer about changes
TRACE::2025-02-28.10:22:49::SCWMssOS::Opened the sw design.  C:/Users/oparker/workspace/design_1_wrapper/zynq_fsbl/zynq_fsbl_bsp/system.mss
TRACE::2025-02-28.10:22:49::SCWMssOS::Saving the mss changes C:/Users/oparker/workspace/design_1_wrapper/zynq_fsbl/zynq_fsbl_bsp/system.mss
TRACE::2025-02-28.10:22:49::SCWMssOS::Found a swdesign opened with the mssfile.
TRACE::2025-02-28.10:22:49::SCWMssOS::Completed writemss as part of save.
TRACE::2025-02-28.10:22:49::SCWMssOS::Commit changes completed.
TRACE::2025-02-28.10:22:49::SCWMssOS::Saving the mss changes C:/Users/oparker/workspace/design_1_wrapper/ps7_cortexa9_0/domain_ps7_cortexa9_0/bsp/system.mss
TRACE::2025-02-28.10:22:49::SCWMssOS::Adding the swdes entry, mss present, able to open swdb C:/Users/oparker/workspace/design_1_wrapper/ps7_cortexa9_0/domain_ps7_cortexa9_0/bsp/system.mss with des name system_1
TRACE::2025-02-28.10:22:49::SCWMssOS::Writing the mss file completed C:/Users/oparker/workspace/design_1_wrapper/ps7_cortexa9_0/domain_ps7_cortexa9_0/bsp/system.mss
TRACE::2025-02-28.10:22:49::SCWMssOS::Commit changes completed.
TRACE::2025-02-28.10:22:49::SCWPlatform::Trying to open the hw design at C:/Users/oparker/workspace/design_1_wrapper/hw/design_1_wrapper.xsa
TRACE::2025-02-28.10:22:49::SCWPlatform::DSA given C:/Users/oparker/workspace/design_1_wrapper/hw/design_1_wrapper.xsa
TRACE::2025-02-28.10:22:49::SCWPlatform::DSA absoulate path C:/Users/oparker/workspace/design_1_wrapper/hw/design_1_wrapper.xsa
TRACE::2025-02-28.10:22:49::SCWPlatform::DSA directory C:/Users/oparker/workspace/design_1_wrapper/hw
TRACE::2025-02-28.10:22:49::SCWPlatform:: Platform Path C:/Users/oparker/workspace/design_1_wrapper/hw/design_1_wrapper.xsa
TRACE::2025-02-28.10:22:49::SCWPlatform:: Unique name xilinx:zed::0.0
TRACE::2025-02-28.10:22:49::SCWPlatform::Trying to set the existing hwdb with name design_1_wrapper_15
TRACE::2025-02-28.10:22:49::SCWPlatform::Opened existing hwdb design_1_wrapper_15
TRACE::2025-02-28.10:22:49::SCWPlatform::Found the Hw Db part of the input DSA
TRACE::2025-02-28.10:22:49::SCWMssOS::Checking the sw design at  C:/Users/oparker/workspace/design_1_wrapper/zynq_fsbl/zynq_fsbl_bsp/system.mss
TRACE::2025-02-28.10:22:49::SCWMssOS::DEBUG:  swdes dump  C:/Users/oparker/workspace/TPG/ps7_cortexa9_0/standalone_domain/bsp/system.mss|system_2||
C:/Users/oparker/workspace/TPG/zynq_fsbl/zynq_fsbl_bsp/system.mss|system||
C:/Users/oparker/workspace/design_1_wrapper/ps7_cortexa9_0/domain_ps7_cortexa9_0/bsp/system.mss|system_1||
C:/Users/oparker/workspace/design_1_wrapper/zynq_fsbl/zynq_fsbl_bsp/system.mss|system_0||

TRACE::2025-02-28.10:22:49::SCWMssOS::Sw design exists and opened at  C:/Users/oparker/workspace/design_1_wrapper/zynq_fsbl/zynq_fsbl_bsp/system.mss
TRACE::2025-02-28.10:22:49::SCWPlatform::Trying to open the hw design at C:/Users/oparker/workspace/design_1_wrapper/hw/design_1_wrapper.xsa
TRACE::2025-02-28.10:22:49::SCWPlatform::DSA given C:/Users/oparker/workspace/design_1_wrapper/hw/design_1_wrapper.xsa
TRACE::2025-02-28.10:22:49::SCWPlatform::DSA absoulate path C:/Users/oparker/workspace/design_1_wrapper/hw/design_1_wrapper.xsa
TRACE::2025-02-28.10:22:49::SCWPlatform::DSA directory C:/Users/oparker/workspace/design_1_wrapper/hw
TRACE::2025-02-28.10:22:49::SCWPlatform:: Platform Path C:/Users/oparker/workspace/design_1_wrapper/hw/design_1_wrapper.xsa
TRACE::2025-02-28.10:22:49::SCWPlatform:: Unique name xilinx:zed::0.0
TRACE::2025-02-28.10:22:49::SCWPlatform::Trying to set the existing hwdb with name design_1_wrapper_15
TRACE::2025-02-28.10:22:49::SCWPlatform::Opened existing hwdb design_1_wrapper_15
TRACE::2025-02-28.10:22:49::SCWPlatform::Found the Hw Db part of the input DSA
TRACE::2025-02-28.10:22:49::SCWMssOS::Checking the sw design at  C:/Users/oparker/workspace/design_1_wrapper/ps7_cortexa9_0/domain_ps7_cortexa9_0/bsp/system.mss
TRACE::2025-02-28.10:22:49::SCWMssOS::DEBUG:  swdes dump  C:/Users/oparker/workspace/TPG/ps7_cortexa9_0/standalone_domain/bsp/system.mss|system_2||
C:/Users/oparker/workspace/TPG/zynq_fsbl/zynq_fsbl_bsp/system.mss|system||
C:/Users/oparker/workspace/design_1_wrapper/ps7_cortexa9_0/domain_ps7_cortexa9_0/bsp/system.mss|system_1||
C:/Users/oparker/workspace/design_1_wrapper/zynq_fsbl/zynq_fsbl_bsp/system.mss|system_0||

TRACE::2025-02-28.10:22:49::SCWMssOS::Sw design exists and opened at  C:/Users/oparker/workspace/design_1_wrapper/ps7_cortexa9_0/domain_ps7_cortexa9_0/bsp/system.mss
TRACE::2025-02-28.10:22:49::SCWWriter::formatted JSON is {
	"platformName":	"design_1_wrapper",
	"sprVersion":	"2.0",
	"mode":	"gui",
	"dsaType":	"Fixed",
	"platformDesc":	"design_1_wrapper",
	"platHandOff":	"C:/Users/oparker/Downloads/MP-2/MP-2/mp2.xpr/project_1/design_1_wrapper.xsa",
	"platIntHandOff":	"<platformDir>/hw/design_1_wrapper.xsa",
	"deviceType":	"zynq",
	"platIsPrebuiltAutogen":	"false",
	"platIsNoBootBsp":	"false",
	"hasFsblMakeHasChanges":	"false",
	"hasPmufwMakeHasChanges":	"false",
	"fsblExtraCompilerFlags":	"-MMD -MP       -mcpu=cortex-a9 -mfpu=vfpv3 -mfloat-abi=hard ",
	"platPreBuiltFlag":	false,
	"platformSamplesDir":	"",
	"platActiveSys":	"design_1_wrapper",
	"systems":	[{
			"systemName":	"design_1_wrapper",
			"systemDesc":	"design_1_wrapper",
			"sysIsBootAutoGen":	"true",
			"systemDispName":	"design_1_wrapper",
			"sysActiveDom":	"domain_ps7_cortexa9_0",
			"sysDefaultDom":	"domain_ps7_cortexa9_0",
			"domains":	[{
					"domainName":	"zynq_fsbl",
					"domainDispName":	"zynq_fsbl",
					"domainDesc":	"FSBL Application BSP - Auto Generated.",
					"processors":	"ps7_cortexa9_0",
					"os":	"standalone",
					"sdxOs":	"standalone",
					"debugEnable":	"",
					"domRuntimes":	["cpp"],
					"swRepo":	"",
					"mssOsVer":	"7.2",
					"mssFile":	"",
					"md5Digest":	"158a679dab493f3308b1d2cbafc496b0",
					"compatibleApp":	"zynq_fsbl",
					"domType":	"bootDomain",
					"arch":	"32-bit",
					"appSettings":	{
						"appCompilerFlags":	"",
						"appLinkerFlags":	""
					},
					"addedLibs":	["xilffs:4.3", "xilrsa:1.6"],
					"libOptions":	{
						"libsContainingOptions":	[]
					},
					"prebuiltLibs":	{
						"prebuiltIncPath":	[],
						"prebuiltLibPath":	[]
					},
					"isolation":	{
					}
				}, {
					"domainName":	"domain_ps7_cortexa9_0",
					"domainDispName":	"domain_ps7_cortexa9_0",
					"domainDesc":	"domain_ps7_cortexa9_0",
					"processors":	"ps7_cortexa9_0",
					"os":	"standalone",
					"sdxOs":	"standalone",
					"qemuArgs":	"C:/Xilinx/Vitis/2020.1/data/emulation/platforms/zynq/qemu/qemu_args.txt",
					"qemuData":	"C:/Xilinx/Vitis/2020.1/data/emulation/platforms/zynq/qemu/",
					"debugEnable":	"False",
					"domRuntimes":	["cpp"],
					"swRepo":	"",
					"mssOsVer":	"7.2",
					"mssFile":	"",
					"md5Digest":	"068c76f6f2053ae984c5832beff83f45",
					"compatibleApp":	"",
					"domType":	"mssDomain",
					"arch":	"32-bit",
					"appSettings":	{
						"appCompilerFlags":	"",
						"appLinkerFlags":	""
					},
					"addedLibs":	["fmc_iic_sw:2.03.a", "fmc_imageon_sw:2.01.a", "fmc_ipmi_sw:2.02.a", "onsemi_vita_sw:3.3"],
					"libOptions":	{
						"libsContainingOptions":	[]
					},
					"prebuiltLibs":	{
						"prebuiltIncPath":	[],
						"prebuiltLibPath":	[]
					},
					"isolation":	{
					}
				}]
		}]
}
TRACE::2025-02-28.10:22:50::SCWPlatform::Clearing the existing platform
TRACE::2025-02-28.10:22:50::SCWSystem::Clearing the existing sysconfig
TRACE::2025-02-28.10:22:50::SCWBDomain::clearing the fsbl build
TRACE::2025-02-28.10:22:50::SCWMssOS::Removing the swdes entry for  C:/Users/oparker/workspace/design_1_wrapper/zynq_fsbl/zynq_fsbl_bsp/system.mss
TRACE::2025-02-28.10:22:50::SCWMssOS::Removing the swdes entry for  C:/Users/oparker/workspace/design_1_wrapper/ps7_cortexa9_0/domain_ps7_cortexa9_0/bsp/system.mss
TRACE::2025-02-28.10:22:50::SCWSystem::Clearing the domains completed.
TRACE::2025-02-28.10:22:50::SCWPlatform::Clearing the opened hw db.
TRACE::2025-02-28.10:22:50::SCWPlatform::DSA given C:/Users/oparker/workspace/design_1_wrapper/hw/design_1_wrapper.xsa
TRACE::2025-02-28.10:22:50::SCWPlatform::DSA absoulate path C:/Users/oparker/workspace/design_1_wrapper/hw/design_1_wrapper.xsa
TRACE::2025-02-28.10:22:50::SCWPlatform:: Platform location is C:/Users/oparker/workspace/design_1_wrapper/hw
TRACE::2025-02-28.10:22:50::SCWPlatform:: Platform Path C:/Users/oparker/workspace/design_1_wrapper/hw/design_1_wrapper.xsa
TRACE::2025-02-28.10:22:50::SCWPlatform:: Unique name xilinx:zed::0.0
TRACE::2025-02-28.10:22:50::SCWPlatform::Removing the HwDB with name C:/Users/oparker/workspace/design_1_wrapper/hw/design_1_wrapper.xsa
TRACE::2025-02-28.10:22:50::SCWPlatform::Trying to open the hw design at C:/Users/oparker/workspace/design_1_wrapper/hw/design_1_wrapper.xsa
TRACE::2025-02-28.10:22:50::SCWPlatform::DSA given C:/Users/oparker/workspace/design_1_wrapper/hw/design_1_wrapper.xsa
TRACE::2025-02-28.10:22:50::SCWPlatform::DSA absoulate path C:/Users/oparker/workspace/design_1_wrapper/hw/design_1_wrapper.xsa
TRACE::2025-02-28.10:22:50::SCWPlatform::DSA directory C:/Users/oparker/workspace/design_1_wrapper/hw
TRACE::2025-02-28.10:22:50::SCWPlatform:: Platform Path C:/Users/oparker/workspace/design_1_wrapper/hw/design_1_wrapper.xsa
TRACE::2025-02-28.10:22:50::SCWPlatform:: Unique name xilinx:zed::0.0
TRACE::2025-02-28.10:22:50::SCWPlatform::Do not have an existing db opened. 
TRACE::2025-02-28.10:22:51::SCWPlatform::Opened new HwDB with name design_1_wrapper_16
TRACE::2025-02-28.10:22:51::SCWReader::Active system found as  design_1_wrapper
TRACE::2025-02-28.10:22:51::SCWReader::Handling sysconfig design_1_wrapper
TRACE::2025-02-28.10:22:51::SCWDomain::checking for install qemu data   : 
TRACE::2025-02-28.10:22:51::SCWDomain:: Using the QEMU Data from install at  : C:/Xilinx/Vitis/2020.1/data/emulation/platforms/zynq/qemu/
TRACE::2025-02-28.10:22:51::SCWDomain:: Using the QEMU args  from install at  : C:/Xilinx/Vitis/2020.1/data/emulation/platforms/zynq/qemu/qemu_args.txt
TRACE::2025-02-28.10:22:51::SCWPlatform::Trying to open the hw design at C:/Users/oparker/workspace/design_1_wrapper/hw/design_1_wrapper.xsa
TRACE::2025-02-28.10:22:51::SCWPlatform::DSA given C:/Users/oparker/workspace/design_1_wrapper/hw/design_1_wrapper.xsa
TRACE::2025-02-28.10:22:51::SCWPlatform::DSA absoulate path C:/Users/oparker/workspace/design_1_wrapper/hw/design_1_wrapper.xsa
TRACE::2025-02-28.10:22:51::SCWPlatform::DSA directory C:/Users/oparker/workspace/design_1_wrapper/hw
TRACE::2025-02-28.10:22:51::SCWPlatform:: Platform Path C:/Users/oparker/workspace/design_1_wrapper/hw/design_1_wrapper.xsa
TRACE::2025-02-28.10:22:51::SCWPlatform:: Unique name xilinx:zed::0.0
TRACE::2025-02-28.10:22:51::SCWPlatform::Trying to set the existing hwdb with name design_1_wrapper_16
TRACE::2025-02-28.10:22:51::SCWPlatform::Opened existing hwdb design_1_wrapper_16
TRACE::2025-02-28.10:22:51::SCWPlatform::Found the Hw Db part of the input DSA
TRACE::2025-02-28.10:22:51::SCWPlatform::Trying to open the hw design at C:/Users/oparker/workspace/design_1_wrapper/hw/design_1_wrapper.xsa
TRACE::2025-02-28.10:22:51::SCWPlatform::DSA given C:/Users/oparker/workspace/design_1_wrapper/hw/design_1_wrapper.xsa
TRACE::2025-02-28.10:22:51::SCWPlatform::DSA absoulate path C:/Users/oparker/workspace/design_1_wrapper/hw/design_1_wrapper.xsa
TRACE::2025-02-28.10:22:51::SCWPlatform::DSA directory C:/Users/oparker/workspace/design_1_wrapper/hw
TRACE::2025-02-28.10:22:51::SCWPlatform:: Platform Path C:/Users/oparker/workspace/design_1_wrapper/hw/design_1_wrapper.xsa
TRACE::2025-02-28.10:22:51::SCWPlatform:: Unique name xilinx:zed::0.0
TRACE::2025-02-28.10:22:51::SCWPlatform::Trying to set the existing hwdb with name design_1_wrapper_16
TRACE::2025-02-28.10:22:51::SCWPlatform::Opened existing hwdb design_1_wrapper_16
TRACE::2025-02-28.10:22:51::SCWPlatform::Found the Hw Db part of the input DSA
TRACE::2025-02-28.10:22:51::SCWPlatform::Trying to open the hw design at C:/Users/oparker/workspace/design_1_wrapper/hw/design_1_wrapper.xsa
TRACE::2025-02-28.10:22:51::SCWPlatform::DSA given C:/Users/oparker/workspace/design_1_wrapper/hw/design_1_wrapper.xsa
TRACE::2025-02-28.10:22:51::SCWPlatform::DSA absoulate path C:/Users/oparker/workspace/design_1_wrapper/hw/design_1_wrapper.xsa
TRACE::2025-02-28.10:22:51::SCWPlatform::DSA directory C:/Users/oparker/workspace/design_1_wrapper/hw
TRACE::2025-02-28.10:22:51::SCWPlatform:: Platform Path C:/Users/oparker/workspace/design_1_wrapper/hw/design_1_wrapper.xsa
TRACE::2025-02-28.10:22:51::SCWPlatform:: Unique name xilinx:zed::0.0
TRACE::2025-02-28.10:22:51::SCWPlatform::Trying to set the existing hwdb with name design_1_wrapper_16
TRACE::2025-02-28.10:22:51::SCWPlatform::Opened existing hwdb design_1_wrapper_16
TRACE::2025-02-28.10:22:51::SCWPlatform::Found the Hw Db part of the input DSA
TRACE::2025-02-28.10:22:51::SCWReader::Boot application domain added for zynq_fsbl
TRACE::2025-02-28.10:22:51::SCWPlatform::Trying to open the hw design at C:/Users/oparker/workspace/design_1_wrapper/hw/design_1_wrapper.xsa
TRACE::2025-02-28.10:22:51::SCWPlatform::DSA given C:/Users/oparker/workspace/design_1_wrapper/hw/design_1_wrapper.xsa
TRACE::2025-02-28.10:22:51::SCWPlatform::DSA absoulate path C:/Users/oparker/workspace/design_1_wrapper/hw/design_1_wrapper.xsa
TRACE::2025-02-28.10:22:51::SCWPlatform::DSA directory C:/Users/oparker/workspace/design_1_wrapper/hw
TRACE::2025-02-28.10:22:51::SCWPlatform:: Platform Path C:/Users/oparker/workspace/design_1_wrapper/hw/design_1_wrapper.xsa
TRACE::2025-02-28.10:22:51::SCWPlatform:: Unique name xilinx:zed::0.0
TRACE::2025-02-28.10:22:51::SCWPlatform::Trying to set the existing hwdb with name design_1_wrapper_16
TRACE::2025-02-28.10:22:51::SCWPlatform::Opened existing hwdb design_1_wrapper_16
TRACE::2025-02-28.10:22:51::SCWPlatform::Found the Hw Db part of the input DSA
TRACE::2025-02-28.10:22:51::SCWMssOS::Checking the sw design at  C:/Users/oparker/workspace/design_1_wrapper/zynq_fsbl/zynq_fsbl_bsp/system.mss
TRACE::2025-02-28.10:22:51::SCWMssOS::DEBUG:  swdes dump  C:/Users/oparker/workspace/TPG/ps7_cortexa9_0/standalone_domain/bsp/system.mss|system_2||
C:/Users/oparker/workspace/TPG/zynq_fsbl/zynq_fsbl_bsp/system.mss|system||

TRACE::2025-02-28.10:22:51::SCWMssOS::No sw design opened at  C:/Users/oparker/workspace/design_1_wrapper/zynq_fsbl/zynq_fsbl_bsp/system.mss
TRACE::2025-02-28.10:22:51::SCWMssOS::mss exists loading the mss file  C:/Users/oparker/workspace/design_1_wrapper/zynq_fsbl/zynq_fsbl_bsp/system.mss
TRACE::2025-02-28.10:22:51::SCWMssOS::Opened the sw design from mss  C:/Users/oparker/workspace/design_1_wrapper/zynq_fsbl/zynq_fsbl_bsp/system.mss
TRACE::2025-02-28.10:22:51::SCWMssOS::Adding the swdes entry C:/Users/oparker/workspace/design_1_wrapper/zynq_fsbl/zynq_fsbl_bsp/system.mss with des name system_0
TRACE::2025-02-28.10:22:51::SCWMssOS::updating the scw layer about changes
TRACE::2025-02-28.10:22:51::SCWMssOS::Opened the sw design.  C:/Users/oparker/workspace/design_1_wrapper/zynq_fsbl/zynq_fsbl_bsp/system.mss
TRACE::2025-02-28.10:22:51::SCWPlatform::Trying to open the hw design at C:/Users/oparker/workspace/design_1_wrapper/hw/design_1_wrapper.xsa
TRACE::2025-02-28.10:22:51::SCWPlatform::DSA given C:/Users/oparker/workspace/design_1_wrapper/hw/design_1_wrapper.xsa
TRACE::2025-02-28.10:22:51::SCWPlatform::DSA absoulate path C:/Users/oparker/workspace/design_1_wrapper/hw/design_1_wrapper.xsa
TRACE::2025-02-28.10:22:51::SCWPlatform::DSA directory C:/Users/oparker/workspace/design_1_wrapper/hw
TRACE::2025-02-28.10:22:51::SCWPlatform:: Platform Path C:/Users/oparker/workspace/design_1_wrapper/hw/design_1_wrapper.xsa
TRACE::2025-02-28.10:22:51::SCWPlatform:: Unique name xilinx:zed::0.0
TRACE::2025-02-28.10:22:51::SCWPlatform::Trying to set the existing hwdb with name design_1_wrapper_16
TRACE::2025-02-28.10:22:51::SCWPlatform::Opened existing hwdb design_1_wrapper_16
TRACE::2025-02-28.10:22:51::SCWPlatform::Found the Hw Db part of the input DSA
TRACE::2025-02-28.10:22:51::SCWMssOS::Checking the sw design at  C:/Users/oparker/workspace/design_1_wrapper/zynq_fsbl/zynq_fsbl_bsp/system.mss
TRACE::2025-02-28.10:22:51::SCWMssOS::DEBUG:  swdes dump  C:/Users/oparker/workspace/TPG/ps7_cortexa9_0/standalone_domain/bsp/system.mss|system_2||
C:/Users/oparker/workspace/TPG/zynq_fsbl/zynq_fsbl_bsp/system.mss|system||
C:/Users/oparker/workspace/design_1_wrapper/zynq_fsbl/zynq_fsbl_bsp/system.mss|system_0||

TRACE::2025-02-28.10:22:51::SCWMssOS::Sw design exists and opened at  C:/Users/oparker/workspace/design_1_wrapper/zynq_fsbl/zynq_fsbl_bsp/system.mss
TRACE::2025-02-28.10:22:51::SCWMssOS:: library already available in sw design:  xilffs:4.3
TRACE::2025-02-28.10:22:51::SCWPlatform::Trying to open the hw design at C:/Users/oparker/workspace/design_1_wrapper/hw/design_1_wrapper.xsa
TRACE::2025-02-28.10:22:51::SCWPlatform::DSA given C:/Users/oparker/workspace/design_1_wrapper/hw/design_1_wrapper.xsa
TRACE::2025-02-28.10:22:51::SCWPlatform::DSA absoulate path C:/Users/oparker/workspace/design_1_wrapper/hw/design_1_wrapper.xsa
TRACE::2025-02-28.10:22:51::SCWPlatform::DSA directory C:/Users/oparker/workspace/design_1_wrapper/hw
TRACE::2025-02-28.10:22:51::SCWPlatform:: Platform Path C:/Users/oparker/workspace/design_1_wrapper/hw/design_1_wrapper.xsa
TRACE::2025-02-28.10:22:51::SCWPlatform:: Unique name xilinx:zed::0.0
TRACE::2025-02-28.10:22:51::SCWPlatform::Trying to set the existing hwdb with name design_1_wrapper_16
TRACE::2025-02-28.10:22:51::SCWPlatform::Opened existing hwdb design_1_wrapper_16
TRACE::2025-02-28.10:22:51::SCWPlatform::Found the Hw Db part of the input DSA
TRACE::2025-02-28.10:22:51::SCWMssOS::Checking the sw design at  C:/Users/oparker/workspace/design_1_wrapper/zynq_fsbl/zynq_fsbl_bsp/system.mss
TRACE::2025-02-28.10:22:51::SCWMssOS::DEBUG:  swdes dump  C:/Users/oparker/workspace/TPG/ps7_cortexa9_0/standalone_domain/bsp/system.mss|system_2||
C:/Users/oparker/workspace/TPG/zynq_fsbl/zynq_fsbl_bsp/system.mss|system||
C:/Users/oparker/workspace/design_1_wrapper/zynq_fsbl/zynq_fsbl_bsp/system.mss|system_0||

TRACE::2025-02-28.10:22:51::SCWMssOS::Sw design exists and opened at  C:/Users/oparker/workspace/design_1_wrapper/zynq_fsbl/zynq_fsbl_bsp/system.mss
TRACE::2025-02-28.10:22:51::SCWMssOS:: library already available in sw design:  xilrsa:1.6
TRACE::2025-02-28.10:22:51::SCWMssOS::Saving the mss changes C:/Users/oparker/workspace/design_1_wrapper/zynq_fsbl/zynq_fsbl_bsp/system.mss
TRACE::2025-02-28.10:22:51::SCWMssOS::Found a swdesign opened with the mssfile.
TRACE::2025-02-28.10:22:51::SCWMssOS::Completed writemss as part of save.
TRACE::2025-02-28.10:22:51::SCWMssOS::Commit changes completed.
TRACE::2025-02-28.10:22:51::SCWReader::Adding prebuilt librarypaths as   
TRACE::2025-02-28.10:22:51::SCWReader::Adding prebuilt incpaths  as   
TRACE::2025-02-28.10:22:51::SCWPlatform::Trying to open the hw design at C:/Users/oparker/workspace/design_1_wrapper/hw/design_1_wrapper.xsa
TRACE::2025-02-28.10:22:51::SCWPlatform::DSA given C:/Users/oparker/workspace/design_1_wrapper/hw/design_1_wrapper.xsa
TRACE::2025-02-28.10:22:51::SCWPlatform::DSA absoulate path C:/Users/oparker/workspace/design_1_wrapper/hw/design_1_wrapper.xsa
TRACE::2025-02-28.10:22:51::SCWPlatform::DSA directory C:/Users/oparker/workspace/design_1_wrapper/hw
TRACE::2025-02-28.10:22:51::SCWPlatform:: Platform Path C:/Users/oparker/workspace/design_1_wrapper/hw/design_1_wrapper.xsa
TRACE::2025-02-28.10:22:51::SCWPlatform:: Unique name xilinx:zed::0.0
TRACE::2025-02-28.10:22:51::SCWPlatform::Trying to set the existing hwdb with name design_1_wrapper_16
TRACE::2025-02-28.10:22:51::SCWPlatform::Opened existing hwdb design_1_wrapper_16
TRACE::2025-02-28.10:22:51::SCWPlatform::Found the Hw Db part of the input DSA
TRACE::2025-02-28.10:22:51::SCWMssOS::Checking the sw design at  C:/Users/oparker/workspace/design_1_wrapper/zynq_fsbl/zynq_fsbl_bsp/system.mss
TRACE::2025-02-28.10:22:51::SCWMssOS::DEBUG:  swdes dump  C:/Users/oparker/workspace/TPG/ps7_cortexa9_0/standalone_domain/bsp/system.mss|system_2||
C:/Users/oparker/workspace/TPG/zynq_fsbl/zynq_fsbl_bsp/system.mss|system||
C:/Users/oparker/workspace/design_1_wrapper/zynq_fsbl/zynq_fsbl_bsp/system.mss|system_0||

TRACE::2025-02-28.10:22:51::SCWMssOS::Sw design exists and opened at  C:/Users/oparker/workspace/design_1_wrapper/zynq_fsbl/zynq_fsbl_bsp/system.mss
TRACE::2025-02-28.10:22:51::SCWReader::No isolation master present  
TRACE::2025-02-28.10:22:51::SCWDomain::checking for install qemu data   : 
TRACE::2025-02-28.10:22:51::SCWDomain:: Using the QEMU Data from install at  : C:/Xilinx/Vitis/2020.1/data/emulation/platforms/zynq/qemu/
TRACE::2025-02-28.10:22:51::SCWDomain:: Using the QEMU args  from install at  : C:/Xilinx/Vitis/2020.1/data/emulation/platforms/zynq/qemu/qemu_args.txt
TRACE::2025-02-28.10:22:51::SCWPlatform::Trying to open the hw design at C:/Users/oparker/workspace/design_1_wrapper/hw/design_1_wrapper.xsa
TRACE::2025-02-28.10:22:51::SCWPlatform::DSA given C:/Users/oparker/workspace/design_1_wrapper/hw/design_1_wrapper.xsa
TRACE::2025-02-28.10:22:51::SCWPlatform::DSA absoulate path C:/Users/oparker/workspace/design_1_wrapper/hw/design_1_wrapper.xsa
TRACE::2025-02-28.10:22:51::SCWPlatform::DSA directory C:/Users/oparker/workspace/design_1_wrapper/hw
TRACE::2025-02-28.10:22:51::SCWPlatform:: Platform Path C:/Users/oparker/workspace/design_1_wrapper/hw/design_1_wrapper.xsa
TRACE::2025-02-28.10:22:51::SCWPlatform:: Unique name xilinx:zed::0.0
TRACE::2025-02-28.10:22:51::SCWPlatform::Trying to set the existing hwdb with name design_1_wrapper_16
TRACE::2025-02-28.10:22:51::SCWPlatform::Opened existing hwdb design_1_wrapper_16
TRACE::2025-02-28.10:22:51::SCWPlatform::Found the Hw Db part of the input DSA
TRACE::2025-02-28.10:22:51::SCWPlatform::Trying to open the hw design at C:/Users/oparker/workspace/design_1_wrapper/hw/design_1_wrapper.xsa
TRACE::2025-02-28.10:22:51::SCWPlatform::DSA given C:/Users/oparker/workspace/design_1_wrapper/hw/design_1_wrapper.xsa
TRACE::2025-02-28.10:22:51::SCWPlatform::DSA absoulate path C:/Users/oparker/workspace/design_1_wrapper/hw/design_1_wrapper.xsa
TRACE::2025-02-28.10:22:51::SCWPlatform::DSA directory C:/Users/oparker/workspace/design_1_wrapper/hw
TRACE::2025-02-28.10:22:51::SCWPlatform:: Platform Path C:/Users/oparker/workspace/design_1_wrapper/hw/design_1_wrapper.xsa
TRACE::2025-02-28.10:22:51::SCWPlatform:: Unique name xilinx:zed::0.0
TRACE::2025-02-28.10:22:51::SCWPlatform::Trying to set the existing hwdb with name design_1_wrapper_16
TRACE::2025-02-28.10:22:51::SCWPlatform::Opened existing hwdb design_1_wrapper_16
TRACE::2025-02-28.10:22:51::SCWPlatform::Found the Hw Db part of the input DSA
TRACE::2025-02-28.10:22:51::SCWPlatform::Trying to open the hw design at C:/Users/oparker/workspace/design_1_wrapper/hw/design_1_wrapper.xsa
TRACE::2025-02-28.10:22:51::SCWPlatform::DSA given C:/Users/oparker/workspace/design_1_wrapper/hw/design_1_wrapper.xsa
TRACE::2025-02-28.10:22:51::SCWPlatform::DSA absoulate path C:/Users/oparker/workspace/design_1_wrapper/hw/design_1_wrapper.xsa
TRACE::2025-02-28.10:22:51::SCWPlatform::DSA directory C:/Users/oparker/workspace/design_1_wrapper/hw
TRACE::2025-02-28.10:22:51::SCWPlatform:: Platform Path C:/Users/oparker/workspace/design_1_wrapper/hw/design_1_wrapper.xsa
TRACE::2025-02-28.10:22:51::SCWPlatform:: Unique name xilinx:zed::0.0
TRACE::2025-02-28.10:22:51::SCWPlatform::Trying to set the existing hwdb with name design_1_wrapper_16
TRACE::2025-02-28.10:22:51::SCWPlatform::Opened existing hwdb design_1_wrapper_16
TRACE::2025-02-28.10:22:51::SCWPlatform::Found the Hw Db part of the input DSA
TRACE::2025-02-28.10:22:51::SCWMssOS::Checking the sw design at  C:/Users/oparker/workspace/design_1_wrapper/ps7_cortexa9_0/domain_ps7_cortexa9_0/bsp/system.mss
TRACE::2025-02-28.10:22:51::SCWMssOS::DEBUG:  swdes dump  C:/Users/oparker/workspace/TPG/ps7_cortexa9_0/standalone_domain/bsp/system.mss|system_2||
C:/Users/oparker/workspace/TPG/zynq_fsbl/zynq_fsbl_bsp/system.mss|system||
C:/Users/oparker/workspace/design_1_wrapper/zynq_fsbl/zynq_fsbl_bsp/system.mss|system_0||

TRACE::2025-02-28.10:22:51::SCWMssOS::No sw design opened at  C:/Users/oparker/workspace/design_1_wrapper/ps7_cortexa9_0/domain_ps7_cortexa9_0/bsp/system.mss
TRACE::2025-02-28.10:22:51::SCWMssOS::mss exists loading the mss file  C:/Users/oparker/workspace/design_1_wrapper/ps7_cortexa9_0/domain_ps7_cortexa9_0/bsp/system.mss
TRACE::2025-02-28.10:22:51::SCWMssOS::Opened the sw design from mss  C:/Users/oparker/workspace/design_1_wrapper/ps7_cortexa9_0/domain_ps7_cortexa9_0/bsp/system.mss
TRACE::2025-02-28.10:22:51::SCWMssOS::Adding the swdes entry C:/Users/oparker/workspace/design_1_wrapper/ps7_cortexa9_0/domain_ps7_cortexa9_0/bsp/system.mss with des name system_1
TRACE::2025-02-28.10:22:51::SCWMssOS::updating the scw layer about changes
TRACE::2025-02-28.10:22:51::SCWMssOS::Opened the sw design.  C:/Users/oparker/workspace/design_1_wrapper/ps7_cortexa9_0/domain_ps7_cortexa9_0/bsp/system.mss
TRACE::2025-02-28.10:22:51::SCWPlatform::Trying to open the hw design at C:/Users/oparker/workspace/design_1_wrapper/hw/design_1_wrapper.xsa
TRACE::2025-02-28.10:22:51::SCWPlatform::DSA given C:/Users/oparker/workspace/design_1_wrapper/hw/design_1_wrapper.xsa
TRACE::2025-02-28.10:22:51::SCWPlatform::DSA absoulate path C:/Users/oparker/workspace/design_1_wrapper/hw/design_1_wrapper.xsa
TRACE::2025-02-28.10:22:51::SCWPlatform::DSA directory C:/Users/oparker/workspace/design_1_wrapper/hw
TRACE::2025-02-28.10:22:51::SCWPlatform:: Platform Path C:/Users/oparker/workspace/design_1_wrapper/hw/design_1_wrapper.xsa
TRACE::2025-02-28.10:22:51::SCWPlatform:: Unique name xilinx:zed::0.0
TRACE::2025-02-28.10:22:51::SCWPlatform::Trying to set the existing hwdb with name design_1_wrapper_16
TRACE::2025-02-28.10:22:51::SCWPlatform::Opened existing hwdb design_1_wrapper_16
TRACE::2025-02-28.10:22:51::SCWPlatform::Found the Hw Db part of the input DSA
TRACE::2025-02-28.10:22:51::SCWMssOS::Checking the sw design at  C:/Users/oparker/workspace/design_1_wrapper/ps7_cortexa9_0/domain_ps7_cortexa9_0/bsp/system.mss
TRACE::2025-02-28.10:22:51::SCWMssOS::DEBUG:  swdes dump  C:/Users/oparker/workspace/TPG/ps7_cortexa9_0/standalone_domain/bsp/system.mss|system_2||
C:/Users/oparker/workspace/TPG/zynq_fsbl/zynq_fsbl_bsp/system.mss|system||
C:/Users/oparker/workspace/design_1_wrapper/ps7_cortexa9_0/domain_ps7_cortexa9_0/bsp/system.mss|system_1||
C:/Users/oparker/workspace/design_1_wrapper/zynq_fsbl/zynq_fsbl_bsp/system.mss|system_0||

TRACE::2025-02-28.10:22:51::SCWMssOS::Sw design exists and opened at  C:/Users/oparker/workspace/design_1_wrapper/ps7_cortexa9_0/domain_ps7_cortexa9_0/bsp/system.mss
TRACE::2025-02-28.10:22:51::SCWMssOS:: library already available in sw design:  fmc_iic_sw:2.03.a
TRACE::2025-02-28.10:22:51::SCWPlatform::Trying to open the hw design at C:/Users/oparker/workspace/design_1_wrapper/hw/design_1_wrapper.xsa
TRACE::2025-02-28.10:22:51::SCWPlatform::DSA given C:/Users/oparker/workspace/design_1_wrapper/hw/design_1_wrapper.xsa
TRACE::2025-02-28.10:22:51::SCWPlatform::DSA absoulate path C:/Users/oparker/workspace/design_1_wrapper/hw/design_1_wrapper.xsa
TRACE::2025-02-28.10:22:51::SCWPlatform::DSA directory C:/Users/oparker/workspace/design_1_wrapper/hw
TRACE::2025-02-28.10:22:51::SCWPlatform:: Platform Path C:/Users/oparker/workspace/design_1_wrapper/hw/design_1_wrapper.xsa
TRACE::2025-02-28.10:22:51::SCWPlatform:: Unique name xilinx:zed::0.0
TRACE::2025-02-28.10:22:51::SCWPlatform::Trying to set the existing hwdb with name design_1_wrapper_16
TRACE::2025-02-28.10:22:51::SCWPlatform::Opened existing hwdb design_1_wrapper_16
TRACE::2025-02-28.10:22:51::SCWPlatform::Found the Hw Db part of the input DSA
TRACE::2025-02-28.10:22:51::SCWMssOS::Checking the sw design at  C:/Users/oparker/workspace/design_1_wrapper/ps7_cortexa9_0/domain_ps7_cortexa9_0/bsp/system.mss
TRACE::2025-02-28.10:22:51::SCWMssOS::DEBUG:  swdes dump  C:/Users/oparker/workspace/TPG/ps7_cortexa9_0/standalone_domain/bsp/system.mss|system_2||
C:/Users/oparker/workspace/TPG/zynq_fsbl/zynq_fsbl_bsp/system.mss|system||
C:/Users/oparker/workspace/design_1_wrapper/ps7_cortexa9_0/domain_ps7_cortexa9_0/bsp/system.mss|system_1||
C:/Users/oparker/workspace/design_1_wrapper/zynq_fsbl/zynq_fsbl_bsp/system.mss|system_0||

TRACE::2025-02-28.10:22:51::SCWMssOS::Sw design exists and opened at  C:/Users/oparker/workspace/design_1_wrapper/ps7_cortexa9_0/domain_ps7_cortexa9_0/bsp/system.mss
TRACE::2025-02-28.10:22:51::SCWMssOS:: library already available in sw design:  fmc_imageon_sw:2.01.a
TRACE::2025-02-28.10:22:51::SCWPlatform::Trying to open the hw design at C:/Users/oparker/workspace/design_1_wrapper/hw/design_1_wrapper.xsa
TRACE::2025-02-28.10:22:51::SCWPlatform::DSA given C:/Users/oparker/workspace/design_1_wrapper/hw/design_1_wrapper.xsa
TRACE::2025-02-28.10:22:51::SCWPlatform::DSA absoulate path C:/Users/oparker/workspace/design_1_wrapper/hw/design_1_wrapper.xsa
TRACE::2025-02-28.10:22:51::SCWPlatform::DSA directory C:/Users/oparker/workspace/design_1_wrapper/hw
TRACE::2025-02-28.10:22:51::SCWPlatform:: Platform Path C:/Users/oparker/workspace/design_1_wrapper/hw/design_1_wrapper.xsa
TRACE::2025-02-28.10:22:51::SCWPlatform:: Unique name xilinx:zed::0.0
TRACE::2025-02-28.10:22:51::SCWPlatform::Trying to set the existing hwdb with name design_1_wrapper_16
TRACE::2025-02-28.10:22:51::SCWPlatform::Opened existing hwdb design_1_wrapper_16
TRACE::2025-02-28.10:22:51::SCWPlatform::Found the Hw Db part of the input DSA
TRACE::2025-02-28.10:22:51::SCWMssOS::Checking the sw design at  C:/Users/oparker/workspace/design_1_wrapper/ps7_cortexa9_0/domain_ps7_cortexa9_0/bsp/system.mss
TRACE::2025-02-28.10:22:51::SCWMssOS::DEBUG:  swdes dump  C:/Users/oparker/workspace/TPG/ps7_cortexa9_0/standalone_domain/bsp/system.mss|system_2||
C:/Users/oparker/workspace/TPG/zynq_fsbl/zynq_fsbl_bsp/system.mss|system||
C:/Users/oparker/workspace/design_1_wrapper/ps7_cortexa9_0/domain_ps7_cortexa9_0/bsp/system.mss|system_1||
C:/Users/oparker/workspace/design_1_wrapper/zynq_fsbl/zynq_fsbl_bsp/system.mss|system_0||

TRACE::2025-02-28.10:22:51::SCWMssOS::Sw design exists and opened at  C:/Users/oparker/workspace/design_1_wrapper/ps7_cortexa9_0/domain_ps7_cortexa9_0/bsp/system.mss
TRACE::2025-02-28.10:22:51::SCWMssOS:: library already available in sw design:  fmc_ipmi_sw:2.02.a
TRACE::2025-02-28.10:22:51::SCWPlatform::Trying to open the hw design at C:/Users/oparker/workspace/design_1_wrapper/hw/design_1_wrapper.xsa
TRACE::2025-02-28.10:22:51::SCWPlatform::DSA given C:/Users/oparker/workspace/design_1_wrapper/hw/design_1_wrapper.xsa
TRACE::2025-02-28.10:22:51::SCWPlatform::DSA absoulate path C:/Users/oparker/workspace/design_1_wrapper/hw/design_1_wrapper.xsa
TRACE::2025-02-28.10:22:51::SCWPlatform::DSA directory C:/Users/oparker/workspace/design_1_wrapper/hw
TRACE::2025-02-28.10:22:51::SCWPlatform:: Platform Path C:/Users/oparker/workspace/design_1_wrapper/hw/design_1_wrapper.xsa
TRACE::2025-02-28.10:22:51::SCWPlatform:: Unique name xilinx:zed::0.0
TRACE::2025-02-28.10:22:51::SCWPlatform::Trying to set the existing hwdb with name design_1_wrapper_16
TRACE::2025-02-28.10:22:51::SCWPlatform::Opened existing hwdb design_1_wrapper_16
TRACE::2025-02-28.10:22:51::SCWPlatform::Found the Hw Db part of the input DSA
TRACE::2025-02-28.10:22:51::SCWMssOS::Checking the sw design at  C:/Users/oparker/workspace/design_1_wrapper/ps7_cortexa9_0/domain_ps7_cortexa9_0/bsp/system.mss
TRACE::2025-02-28.10:22:51::SCWMssOS::DEBUG:  swdes dump  C:/Users/oparker/workspace/TPG/ps7_cortexa9_0/standalone_domain/bsp/system.mss|system_2||
C:/Users/oparker/workspace/TPG/zynq_fsbl/zynq_fsbl_bsp/system.mss|system||
C:/Users/oparker/workspace/design_1_wrapper/ps7_cortexa9_0/domain_ps7_cortexa9_0/bsp/system.mss|system_1||
C:/Users/oparker/workspace/design_1_wrapper/zynq_fsbl/zynq_fsbl_bsp/system.mss|system_0||

TRACE::2025-02-28.10:22:51::SCWMssOS::Sw design exists and opened at  C:/Users/oparker/workspace/design_1_wrapper/ps7_cortexa9_0/domain_ps7_cortexa9_0/bsp/system.mss
TRACE::2025-02-28.10:22:51::SCWMssOS:: library already available in sw design:  onsemi_vita_sw:3.3
TRACE::2025-02-28.10:22:51::SCWMssOS::Saving the mss changes C:/Users/oparker/workspace/design_1_wrapper/ps7_cortexa9_0/domain_ps7_cortexa9_0/bsp/system.mss
TRACE::2025-02-28.10:22:51::SCWMssOS::Found a swdesign opened with the mssfile.
TRACE::2025-02-28.10:22:51::SCWMssOS::Completed writemss as part of save.
TRACE::2025-02-28.10:22:51::SCWMssOS::Commit changes completed.
TRACE::2025-02-28.10:22:51::SCWReader::Adding prebuilt librarypaths as   
TRACE::2025-02-28.10:22:51::SCWReader::Adding prebuilt incpaths  as   
TRACE::2025-02-28.10:22:51::SCWPlatform::Trying to open the hw design at C:/Users/oparker/workspace/design_1_wrapper/hw/design_1_wrapper.xsa
TRACE::2025-02-28.10:22:51::SCWPlatform::DSA given C:/Users/oparker/workspace/design_1_wrapper/hw/design_1_wrapper.xsa
TRACE::2025-02-28.10:22:51::SCWPlatform::DSA absoulate path C:/Users/oparker/workspace/design_1_wrapper/hw/design_1_wrapper.xsa
TRACE::2025-02-28.10:22:51::SCWPlatform::DSA directory C:/Users/oparker/workspace/design_1_wrapper/hw
TRACE::2025-02-28.10:22:51::SCWPlatform:: Platform Path C:/Users/oparker/workspace/design_1_wrapper/hw/design_1_wrapper.xsa
TRACE::2025-02-28.10:22:51::SCWPlatform:: Unique name xilinx:zed::0.0
TRACE::2025-02-28.10:22:51::SCWPlatform::Trying to set the existing hwdb with name design_1_wrapper_16
TRACE::2025-02-28.10:22:51::SCWPlatform::Opened existing hwdb design_1_wrapper_16
TRACE::2025-02-28.10:22:51::SCWPlatform::Found the Hw Db part of the input DSA
TRACE::2025-02-28.10:22:51::SCWMssOS::Checking the sw design at  C:/Users/oparker/workspace/design_1_wrapper/ps7_cortexa9_0/domain_ps7_cortexa9_0/bsp/system.mss
TRACE::2025-02-28.10:22:51::SCWMssOS::DEBUG:  swdes dump  C:/Users/oparker/workspace/TPG/ps7_cortexa9_0/standalone_domain/bsp/system.mss|system_2||
C:/Users/oparker/workspace/TPG/zynq_fsbl/zynq_fsbl_bsp/system.mss|system||
C:/Users/oparker/workspace/design_1_wrapper/ps7_cortexa9_0/domain_ps7_cortexa9_0/bsp/system.mss|system_1||
C:/Users/oparker/workspace/design_1_wrapper/zynq_fsbl/zynq_fsbl_bsp/system.mss|system_0||

TRACE::2025-02-28.10:22:51::SCWMssOS::Sw design exists and opened at  C:/Users/oparker/workspace/design_1_wrapper/ps7_cortexa9_0/domain_ps7_cortexa9_0/bsp/system.mss
TRACE::2025-02-28.10:22:51::SCWReader::No isolation master present  
LOG::2025-02-28.10:22:59::SCWPlatform::Started generating the artifacts platform design_1_wrapper
TRACE::2025-02-28.10:22:59::SCWPlatform::Sanity checking of platform is completed
LOG::2025-02-28.10:22:59::SCWPlatform::Started generating the artifacts for system configuration design_1_wrapper
LOG::2025-02-28.10:22:59::SCWSystem::Checking the domain zynq_fsbl
LOG::2025-02-28.10:22:59::SCWSystem::Doing application build for :  zynq_fsbl
TRACE::2025-02-28.10:22:59::SCWBDomain::Not a forced makefile updation, No changes are present. 
TRACE::2025-02-28.10:22:59::SCWDomain::Skipping the build for domain :  zynq_fsbl
LOG::2025-02-28.10:22:59::SCWSystem::Checking the domain domain_ps7_cortexa9_0
LOG::2025-02-28.10:22:59::SCWSystem::Not a boot domain 
LOG::2025-02-28.10:22:59::SCWSystem::Started Processing the domain domain_ps7_cortexa9_0
TRACE::2025-02-28.10:22:59::SCWDomain::Generating domain artifcats
TRACE::2025-02-28.10:22:59::SCWMssOS::Generating standalone artifcats
TRACE::2025-02-28.10:22:59::SCWMssOS::Copying the qemu file from  C:/Xilinx/Vitis/2020.1/data/emulation/platforms/zynq/qemu/qemu_args.txt To C:/Users/oparker/workspace/design_1_wrapper/export/design_1_wrapper/sw/design_1_wrapper/qemu/
TRACE::2025-02-28.10:22:59::SCWMssOS::Copying the qemu file from  C:/Xilinx/Vitis/2020.1/data/emulation/platforms/zynq/qemu/qemu_args.txt To C:/Users/oparker/workspace/design_1_wrapper/export/design_1_wrapper/sw/design_1_wrapper/domain_ps7_cortexa9_0/qemu/
TRACE::2025-02-28.10:22:59::SCWMssOS:: Copying the user libraries. 
TRACE::2025-02-28.10:22:59::SCWPlatform::Trying to open the hw design at C:/Users/oparker/workspace/design_1_wrapper/hw/design_1_wrapper.xsa
TRACE::2025-02-28.10:22:59::SCWPlatform::DSA given C:/Users/oparker/workspace/design_1_wrapper/hw/design_1_wrapper.xsa
TRACE::2025-02-28.10:22:59::SCWPlatform::DSA absoulate path C:/Users/oparker/workspace/design_1_wrapper/hw/design_1_wrapper.xsa
TRACE::2025-02-28.10:22:59::SCWPlatform::DSA directory C:/Users/oparker/workspace/design_1_wrapper/hw
TRACE::2025-02-28.10:22:59::SCWPlatform:: Platform Path C:/Users/oparker/workspace/design_1_wrapper/hw/design_1_wrapper.xsa
TRACE::2025-02-28.10:22:59::SCWPlatform:: Unique name xilinx:zed::0.0
TRACE::2025-02-28.10:22:59::SCWPlatform::Trying to set the existing hwdb with name design_1_wrapper_16
TRACE::2025-02-28.10:22:59::SCWPlatform::Could not get the HWDB from existing dbname
TRACE::2025-02-28.10:22:59::SCWPlatform::Do not have an existing db opened. Attempting to open the hwDb. 
TRACE::2025-02-28.10:23:00::SCWPlatform::Opened new HwDB with name design_1_wrapper_17
TRACE::2025-02-28.10:23:00::SCWMssOS::Checking the sw design at  C:/Users/oparker/workspace/design_1_wrapper/ps7_cortexa9_0/domain_ps7_cortexa9_0/bsp/system.mss
TRACE::2025-02-28.10:23:00::SCWMssOS::DEBUG:  swdes dump  C:/Users/oparker/workspace/TPG/ps7_cortexa9_0/standalone_domain/bsp/system.mss|system_2||
C:/Users/oparker/workspace/TPG/zynq_fsbl/zynq_fsbl_bsp/system.mss|system||
C:/Users/oparker/workspace/design_1_wrapper/ps7_cortexa9_0/domain_ps7_cortexa9_0/bsp/system.mss|system_1||
C:/Users/oparker/workspace/design_1_wrapper/zynq_fsbl/zynq_fsbl_bsp/system.mss|system_0||

TRACE::2025-02-28.10:23:00::SCWMssOS::Sw design exists and opened at  C:/Users/oparker/workspace/design_1_wrapper/ps7_cortexa9_0/domain_ps7_cortexa9_0/bsp/system.mss
TRACE::2025-02-28.10:23:00::SCWMssOS::Completed writing the mss file at C:/Users/oparker/workspace/design_1_wrapper/ps7_cortexa9_0/domain_ps7_cortexa9_0/bsp
TRACE::2025-02-28.10:23:00::SCWMssOS::Mss edits present, copying mssfile into export location C:/Users/oparker/workspace/design_1_wrapper/ps7_cortexa9_0/domain_ps7_cortexa9_0/bsp/system.mss
TRACE::2025-02-28.10:23:00::SCWMssOS::bsp generated is stale removing and regenerating. 
TRACE::2025-02-28.10:23:00::SCWMssOS::doing bsp build ... 
TRACE::2025-02-28.10:23:00::SCWMssOS::System Command Ran  C: & cd  C:/Users/oparker/workspace/design_1_wrapper/ps7_cortexa9_0/domain_ps7_cortexa9_0/bsp & make 
TRACE::2025-02-28.10:23:00::SCWMssOS::"Running Make include in ps7_cortexa9_0/libsrc/axivdma_v6_7/src"

TRACE::2025-02-28.10:23:01::SCWMssOS::make -C ps7_cortexa9_0/libsrc/axivdma_v6_7/src -s include  "SHELL=CMD" "COMPILER=arm-none-eabi-gcc" "ASSEMBLER=arm-none-eabi-as
TRACE::2025-02-28.10:23:01::SCWMssOS::" "ARCHIVER=arm-none-eabi-ar" "COMPILER_FLAGS=  -O2 -c" "EXTRA_COMPILER_FLAGS=-mcpu=cortex-a9 -mfpu=vfpv3 -mfloat-abi=hard -nos
TRACE::2025-02-28.10:23:01::SCWMssOS::tartfiles -g -Wall -Wextra"

TRACE::2025-02-28.10:23:01::SCWMssOS::"Running Make include in ps7_cortexa9_0/libsrc/coresightps_dcc_v1_7/src"

TRACE::2025-02-28.10:23:01::SCWMssOS::make -C ps7_cortexa9_0/libsrc/coresightps_dcc_v1_7/src -s include  "SHELL=CMD" "COMPILER=arm-none-eabi-gcc" "ASSEMBLER=arm-none
TRACE::2025-02-28.10:23:01::SCWMssOS::-eabi-as" "ARCHIVER=arm-none-eabi-ar" "COMPILER_FLAGS=  -O2 -c" "EXTRA_COMPILER_FLAGS=-mcpu=cortex-a9 -mfpu=vfpv3 -mfloat-abi=h
TRACE::2025-02-28.10:23:01::SCWMssOS::ard -nostartfiles -g -Wall -Wextra"

TRACE::2025-02-28.10:23:01::SCWMssOS::"Running Make include in ps7_cortexa9_0/libsrc/cpu_cortexa9_v2_9/src"

TRACE::2025-02-28.10:23:01::SCWMssOS::make -C ps7_cortexa9_0/libsrc/cpu_cortexa9_v2_9/src -s include  "SHELL=CMD" "COMPILER=arm-none-eabi-gcc" "ASSEMBLER=arm-none-ea
TRACE::2025-02-28.10:23:01::SCWMssOS::bi-as" "ARCHIVER=arm-none-eabi-ar" "COMPILER_FLAGS=  -O2 -c" "EXTRA_COMPILER_FLAGS=-mcpu=cortex-a9 -mfpu=vfpv3 -mfloat-abi=hard
TRACE::2025-02-28.10:23:01::SCWMssOS:: -nostartfiles -g -Wall -Wextra"

TRACE::2025-02-28.10:23:01::SCWMssOS::"Running Make include in ps7_cortexa9_0/libsrc/ddrps_v1_1/src"

TRACE::2025-02-28.10:23:01::SCWMssOS::make -C ps7_cortexa9_0/libsrc/ddrps_v1_1/src -s include  "SHELL=CMD" "COMPILER=arm-none-eabi-gcc" "ASSEMBLER=arm-none-eabi-as" 
TRACE::2025-02-28.10:23:01::SCWMssOS::"ARCHIVER=arm-none-eabi-ar" "COMPILER_FLAGS=  -O2 -c" "EXTRA_COMPILER_FLAGS=-mcpu=cortex-a9 -mfpu=vfpv3 -mfloat-abi=hard -nosta
TRACE::2025-02-28.10:23:01::SCWMssOS::rtfiles -g -Wall -Wextra"

TRACE::2025-02-28.10:23:01::SCWMssOS::"Running Make include in ps7_cortexa9_0/libsrc/devcfg_v3_6/src"

TRACE::2025-02-28.10:23:01::SCWMssOS::make -C ps7_cortexa9_0/libsrc/devcfg_v3_6/src -s include  "SHELL=CMD" "COMPILER=arm-none-eabi-gcc" "ASSEMBLER=arm-none-eabi-as"
TRACE::2025-02-28.10:23:01::SCWMssOS:: "ARCHIVER=arm-none-eabi-ar" "COMPILER_FLAGS=  -O2 -c" "EXTRA_COMPILER_FLAGS=-mcpu=cortex-a9 -mfpu=vfpv3 -mfloat-abi=hard -nost
TRACE::2025-02-28.10:23:01::SCWMssOS::artfiles -g -Wall -Wextra"

TRACE::2025-02-28.10:23:01::SCWMssOS::"Running Make include in ps7_cortexa9_0/libsrc/dmaps_v2_6/src"

TRACE::2025-02-28.10:23:01::SCWMssOS::make -C ps7_cortexa9_0/libsrc/dmaps_v2_6/src -s include  "SHELL=CMD" "COMPILER=arm-none-eabi-gcc" "ASSEMBLER=arm-none-eabi-as" 
TRACE::2025-02-28.10:23:01::SCWMssOS::"ARCHIVER=arm-none-eabi-ar" "COMPILER_FLAGS=  -O2 -c" "EXTRA_COMPILER_FLAGS=-mcpu=cortex-a9 -mfpu=vfpv3 -mfloat-abi=hard -nosta
TRACE::2025-02-28.10:23:01::SCWMssOS::rtfiles -g -Wall -Wextra"

TRACE::2025-02-28.10:23:01::SCWMssOS::"Running Make include in ps7_cortexa9_0/libsrc/emacps_v3_11/src"

TRACE::2025-02-28.10:23:01::SCWMssOS::make -C ps7_cortexa9_0/libsrc/emacps_v3_11/src -s include  "SHELL=CMD" "COMPILER=arm-none-eabi-gcc" "ASSEMBLER=arm-none-eabi-as
TRACE::2025-02-28.10:23:01::SCWMssOS::" "ARCHIVER=arm-none-eabi-ar" "COMPILER_FLAGS=  -O2 -c" "EXTRA_COMPILER_FLAGS=-mcpu=cortex-a9 -mfpu=vfpv3 -mfloat-abi=hard -nos
TRACE::2025-02-28.10:23:01::SCWMssOS::tartfiles -g -Wall -Wextra"

TRACE::2025-02-28.10:23:01::SCWMssOS::"Running Make include in ps7_cortexa9_0/libsrc/fmc_iic_sw_v2_03_a/src"

TRACE::2025-02-28.10:23:01::SCWMssOS::make -C ps7_cortexa9_0/libsrc/fmc_iic_sw_v2_03_a/src -s include  "SHELL=CMD" "COMPILER=arm-none-eabi-gcc" "ASSEMBLER=arm-none-e
TRACE::2025-02-28.10:23:01::SCWMssOS::abi-as" "ARCHIVER=arm-none-eabi-ar" "COMPILER_FLAGS=  -O2 -c" "EXTRA_COMPILER_FLAGS=-mcpu=cortex-a9 -mfpu=vfpv3 -mfloat-abi=har
TRACE::2025-02-28.10:23:01::SCWMssOS::d -nostartfiles -g -Wall -Wextra"

TRACE::2025-02-28.10:23:01::SCWMssOS::"Running Make include in ps7_cortexa9_0/libsrc/fmc_imageon_sw_v2_01_a/src"

TRACE::2025-02-28.10:23:01::SCWMssOS::make -C ps7_cortexa9_0/libsrc/fmc_imageon_sw_v2_01_a/src -s include  "SHELL=CMD" "COMPILER=arm-none-eabi-gcc" "ASSEMBLER=arm-no
TRACE::2025-02-28.10:23:01::SCWMssOS::ne-eabi-as" "ARCHIVER=arm-none-eabi-ar" "COMPILER_FLAGS=  -O2 -c" "EXTRA_COMPILER_FLAGS=-mcpu=cortex-a9 -mfpu=vfpv3 -mfloat-abi
TRACE::2025-02-28.10:23:01::SCWMssOS::=hard -nostartfiles -g -Wall -Wextra"

TRACE::2025-02-28.10:23:01::SCWMssOS::"Running Make include in ps7_cortexa9_0/libsrc/fmc_ipmi_sw_v2_02_a/src"

TRACE::2025-02-28.10:23:01::SCWMssOS::make -C ps7_cortexa9_0/libsrc/fmc_ipmi_sw_v2_02_a/src -s include  "SHELL=CMD" "COMPILER=arm-none-eabi-gcc" "ASSEMBLER=arm-none-
TRACE::2025-02-28.10:23:01::SCWMssOS::eabi-as" "ARCHIVER=arm-none-eabi-ar" "COMPILER_FLAGS=  -O2 -c" "EXTRA_COMPILER_FLAGS=-mcpu=cortex-a9 -mfpu=vfpv3 -mfloat-abi=ha
TRACE::2025-02-28.10:23:01::SCWMssOS::rd -nostartfiles -g -Wall -Wextra"

TRACE::2025-02-28.10:23:01::SCWMssOS::"Running Make include in ps7_cortexa9_0/libsrc/gpiops_v3_7/src"

TRACE::2025-02-28.10:23:01::SCWMssOS::make -C ps7_cortexa9_0/libsrc/gpiops_v3_7/src -s include  "SHELL=CMD" "COMPILER=arm-none-eabi-gcc" "ASSEMBLER=arm-none-eabi-as"
TRACE::2025-02-28.10:23:01::SCWMssOS:: "ARCHIVER=arm-none-eabi-ar" "COMPILER_FLAGS=  -O2 -c" "EXTRA_COMPILER_FLAGS=-mcpu=cortex-a9 -mfpu=vfpv3 -mfloat-abi=hard -nost
TRACE::2025-02-28.10:23:01::SCWMssOS::artfiles -g -Wall -Wextra"

TRACE::2025-02-28.10:23:01::SCWMssOS::"Running Make include in ps7_cortexa9_0/libsrc/iic_v3_6/src"

TRACE::2025-02-28.10:23:01::SCWMssOS::make -C ps7_cortexa9_0/libsrc/iic_v3_6/src -s include  "SHELL=CMD" "COMPILER=arm-none-eabi-gcc" "ASSEMBLER=arm-none-eabi-as" "A
TRACE::2025-02-28.10:23:01::SCWMssOS::RCHIVER=arm-none-eabi-ar" "COMPILER_FLAGS=  -O2 -c" "EXTRA_COMPILER_FLAGS=-mcpu=cortex-a9 -mfpu=vfpv3 -mfloat-abi=hard -nostart
TRACE::2025-02-28.10:23:01::SCWMssOS::files -g -Wall -Wextra"

TRACE::2025-02-28.10:23:01::SCWMssOS::"Running Make include in ps7_cortexa9_0/libsrc/onsemi_vita_sw_v3_3/src"

TRACE::2025-02-28.10:23:01::SCWMssOS::make -C ps7_cortexa9_0/libsrc/onsemi_vita_sw_v3_3/src -s include  "SHELL=CMD" "COMPILER=arm-none-eabi-gcc" "ASSEMBLER=arm-none-
TRACE::2025-02-28.10:23:01::SCWMssOS::eabi-as" "ARCHIVER=arm-none-eabi-ar" "COMPILER_FLAGS=  -O2 -c" "EXTRA_COMPILER_FLAGS=-mcpu=cortex-a9 -mfpu=vfpv3 -mfloat-abi=ha
TRACE::2025-02-28.10:23:01::SCWMssOS::rd -nostartfiles -g -Wall -Wextra"

TRACE::2025-02-28.10:23:01::SCWMssOS::"Running Make include in ps7_cortexa9_0/libsrc/qspips_v3_7/src"

TRACE::2025-02-28.10:23:01::SCWMssOS::make -C ps7_cortexa9_0/libsrc/qspips_v3_7/src -s include  "SHELL=CMD" "COMPILER=arm-none-eabi-gcc" "ASSEMBLER=arm-none-eabi-as"
TRACE::2025-02-28.10:23:01::SCWMssOS:: "ARCHIVER=arm-none-eabi-ar" "COMPILER_FLAGS=  -O2 -c" "EXTRA_COMPILER_FLAGS=-mcpu=cortex-a9 -mfpu=vfpv3 -mfloat-abi=hard -nost
TRACE::2025-02-28.10:23:01::SCWMssOS::artfiles -g -Wall -Wextra"

TRACE::2025-02-28.10:23:01::SCWMssOS::"Running Make include in ps7_cortexa9_0/libsrc/scugic_v4_2/src"

TRACE::2025-02-28.10:23:01::SCWMssOS::make -C ps7_cortexa9_0/libsrc/scugic_v4_2/src -s include  "SHELL=CMD" "COMPILER=arm-none-eabi-gcc" "ASSEMBLER=arm-none-eabi-as"
TRACE::2025-02-28.10:23:01::SCWMssOS:: "ARCHIVER=arm-none-eabi-ar" "COMPILER_FLAGS=  -O2 -c" "EXTRA_COMPILER_FLAGS=-mcpu=cortex-a9 -mfpu=vfpv3 -mfloat-abi=hard -nost
TRACE::2025-02-28.10:23:01::SCWMssOS::artfiles -g -Wall -Wextra"

TRACE::2025-02-28.10:23:02::SCWMssOS::"Running Make include in ps7_cortexa9_0/libsrc/scutimer_v2_2/src"

TRACE::2025-02-28.10:23:02::SCWMssOS::make -C ps7_cortexa9_0/libsrc/scutimer_v2_2/src -s include  "SHELL=CMD" "COMPILER=arm-none-eabi-gcc" "ASSEMBLER=arm-none-eabi-a
TRACE::2025-02-28.10:23:02::SCWMssOS::s" "ARCHIVER=arm-none-eabi-ar" "COMPILER_FLAGS=  -O2 -c" "EXTRA_COMPILER_FLAGS=-mcpu=cortex-a9 -mfpu=vfpv3 -mfloat-abi=hard -no
TRACE::2025-02-28.10:23:02::SCWMssOS::startfiles -g -Wall -Wextra"

TRACE::2025-02-28.10:23:02::SCWMssOS::"Running Make include in ps7_cortexa9_0/libsrc/scuwdt_v2_2/src"

TRACE::2025-02-28.10:23:02::SCWMssOS::make -C ps7_cortexa9_0/libsrc/scuwdt_v2_2/src -s include  "SHELL=CMD" "COMPILER=arm-none-eabi-gcc" "ASSEMBLER=arm-none-eabi-as"
TRACE::2025-02-28.10:23:02::SCWMssOS:: "ARCHIVER=arm-none-eabi-ar" "COMPILER_FLAGS=  -O2 -c" "EXTRA_COMPILER_FLAGS=-mcpu=cortex-a9 -mfpu=vfpv3 -mfloat-abi=hard -nost
TRACE::2025-02-28.10:23:02::SCWMssOS::artfiles -g -Wall -Wextra"

TRACE::2025-02-28.10:23:02::SCWMssOS::"Running Make include in ps7_cortexa9_0/libsrc/sdps_v3_9/src"

TRACE::2025-02-28.10:23:02::SCWMssOS::make -C ps7_cortexa9_0/libsrc/sdps_v3_9/src -s include  "SHELL=CMD" "COMPILER=arm-none-eabi-gcc" "ASSEMBLER=arm-none-eabi-as" "
TRACE::2025-02-28.10:23:02::SCWMssOS::ARCHIVER=arm-none-eabi-ar" "COMPILER_FLAGS=  -O2 -c" "EXTRA_COMPILER_FLAGS=-mcpu=cortex-a9 -mfpu=vfpv3 -mfloat-abi=hard -nostar
TRACE::2025-02-28.10:23:02::SCWMssOS::tfiles -g -Wall -Wextra"

TRACE::2025-02-28.10:23:02::SCWMssOS::"Running Make include in ps7_cortexa9_0/libsrc/standalone_v7_2/src"

TRACE::2025-02-28.10:23:02::SCWMssOS::make -C ps7_cortexa9_0/libsrc/standalone_v7_2/src -s include  "SHELL=CMD" "COMPILER=arm-none-eabi-gcc" "ASSEMBLER=arm-none-eabi
TRACE::2025-02-28.10:23:02::SCWMssOS::-as" "ARCHIVER=arm-none-eabi-ar" "COMPILER_FLAGS=  -O2 -c" "EXTRA_COMPILER_FLAGS=-mcpu=cortex-a9 -mfpu=vfpv3 -mfloat-abi=hard -
TRACE::2025-02-28.10:23:02::SCWMssOS::nostartfiles -g -Wall -Wextra"

TRACE::2025-02-28.10:23:02::SCWMssOS::"Running Make include in ps7_cortexa9_0/libsrc/ttcps_v3_11/src"

TRACE::2025-02-28.10:23:02::SCWMssOS::make -C ps7_cortexa9_0/libsrc/ttcps_v3_11/src -s include  "SHELL=CMD" "COMPILER=arm-none-eabi-gcc" "ASSEMBLER=arm-none-eabi-as"
TRACE::2025-02-28.10:23:02::SCWMssOS:: "ARCHIVER=arm-none-eabi-ar" "COMPILER_FLAGS=  -O2 -c" "EXTRA_COMPILER_FLAGS=-mcpu=cortex-a9 -mfpu=vfpv3 -mfloat-abi=hard -nost
TRACE::2025-02-28.10:23:02::SCWMssOS::artfiles -g -Wall -Wextra"

TRACE::2025-02-28.10:23:02::SCWMssOS::"Running Make include in ps7_cortexa9_0/libsrc/uartps_v3_9/src"

TRACE::2025-02-28.10:23:02::SCWMssOS::make -C ps7_cortexa9_0/libsrc/uartps_v3_9/src -s include  "SHELL=CMD" "COMPILER=arm-none-eabi-gcc" "ASSEMBLER=arm-none-eabi-as"
TRACE::2025-02-28.10:23:02::SCWMssOS:: "ARCHIVER=arm-none-eabi-ar" "COMPILER_FLAGS=  -O2 -c" "EXTRA_COMPILER_FLAGS=-mcpu=cortex-a9 -mfpu=vfpv3 -mfloat-abi=hard -nost
TRACE::2025-02-28.10:23:02::SCWMssOS::artfiles -g -Wall -Wextra"

TRACE::2025-02-28.10:23:02::SCWMssOS::"Running Make include in ps7_cortexa9_0/libsrc/usbps_v2_5/src"

TRACE::2025-02-28.10:23:02::SCWMssOS::make -C ps7_cortexa9_0/libsrc/usbps_v2_5/src -s include  "SHELL=CMD" "COMPILER=arm-none-eabi-gcc" "ASSEMBLER=arm-none-eabi-as" 
TRACE::2025-02-28.10:23:02::SCWMssOS::"ARCHIVER=arm-none-eabi-ar" "COMPILER_FLAGS=  -O2 -c" "EXTRA_COMPILER_FLAGS=-mcpu=cortex-a9 -mfpu=vfpv3 -mfloat-abi=hard -nosta
TRACE::2025-02-28.10:23:02::SCWMssOS::rtfiles -g -Wall -Wextra"

TRACE::2025-02-28.10:23:02::SCWMssOS::"Running Make include in ps7_cortexa9_0/libsrc/video_common_v4_9/src"

TRACE::2025-02-28.10:23:02::SCWMssOS::make -C ps7_cortexa9_0/libsrc/video_common_v4_9/src -s include  "SHELL=CMD" "COMPILER=arm-none-eabi-gcc" "ASSEMBLER=arm-none-ea
TRACE::2025-02-28.10:23:02::SCWMssOS::bi-as" "ARCHIVER=arm-none-eabi-ar" "COMPILER_FLAGS=  -O2 -c" "EXTRA_COMPILER_FLAGS=-mcpu=cortex-a9 -mfpu=vfpv3 -mfloat-abi=hard
TRACE::2025-02-28.10:23:02::SCWMssOS:: -nostartfiles -g -Wall -Wextra"

TRACE::2025-02-28.10:23:02::SCWMssOS::"Running Make include in ps7_cortexa9_0/libsrc/vtc_v8_2/src"

TRACE::2025-02-28.10:23:02::SCWMssOS::make -C ps7_cortexa9_0/libsrc/vtc_v8_2/src -s include  "SHELL=CMD" "COMPILER=arm-none-eabi-gcc" "ASSEMBLER=arm-none-eabi-as" "A
TRACE::2025-02-28.10:23:02::SCWMssOS::RCHIVER=arm-none-eabi-ar" "COMPILER_FLAGS=  -O2 -c" "EXTRA_COMPILER_FLAGS=-mcpu=cortex-a9 -mfpu=vfpv3 -mfloat-abi=hard -nostart
TRACE::2025-02-28.10:23:02::SCWMssOS::files -g -Wall -Wextra"

TRACE::2025-02-28.10:23:02::SCWMssOS::"Running Make include in ps7_cortexa9_0/libsrc/v_tpg_v8_2/src"

TRACE::2025-02-28.10:23:02::SCWMssOS::make -C ps7_cortexa9_0/libsrc/v_tpg_v8_2/src -s include  "SHELL=CMD" "COMPILER=arm-none-eabi-gcc" "ASSEMBLER=arm-none-eabi-as" 
TRACE::2025-02-28.10:23:02::SCWMssOS::"ARCHIVER=arm-none-eabi-ar" "COMPILER_FLAGS=  -O2 -c" "EXTRA_COMPILER_FLAGS=-mcpu=cortex-a9 -mfpu=vfpv3 -mfloat-abi=hard -nosta
TRACE::2025-02-28.10:23:02::SCWMssOS::rtfiles -g -Wall -Wextra"

TRACE::2025-02-28.10:23:03::SCWMssOS::"Running Make include in ps7_cortexa9_0/libsrc/xadcps_v2_4/src"

TRACE::2025-02-28.10:23:03::SCWMssOS::make -C ps7_cortexa9_0/libsrc/xadcps_v2_4/src -s include  "SHELL=CMD" "COMPILER=arm-none-eabi-gcc" "ASSEMBLER=arm-none-eabi-as"
TRACE::2025-02-28.10:23:03::SCWMssOS:: "ARCHIVER=arm-none-eabi-ar" "COMPILER_FLAGS=  -O2 -c" "EXTRA_COMPILER_FLAGS=-mcpu=cortex-a9 -mfpu=vfpv3 -mfloat-abi=hard -nost
TRACE::2025-02-28.10:23:03::SCWMssOS::artfiles -g -Wall -Wextra"

TRACE::2025-02-28.10:23:03::SCWMssOS::"Running Make libs in ps7_cortexa9_0/libsrc/axivdma_v6_7/src"

TRACE::2025-02-28.10:23:03::SCWMssOS::make -C ps7_cortexa9_0/libsrc/axivdma_v6_7/src -s libs  "SHELL=CMD" "COMPILER=arm-none-eabi-gcc" "ASSEMBLER=arm-none-eabi-as" "
TRACE::2025-02-28.10:23:03::SCWMssOS::ARCHIVER=arm-none-eabi-ar" "COMPILER_FLAGS=  -O2 -c" "EXTRA_COMPILER_FLAGS=-mcpu=cortex-a9 -mfpu=vfpv3 -mfloat-abi=hard -nostar
TRACE::2025-02-28.10:23:03::SCWMssOS::tfiles -g -Wall -Wextra"

TRACE::2025-02-28.10:23:03::SCWMssOS::"Compiling axivdma"

TRACE::2025-02-28.10:23:03::SCWMssOS::"Running Make libs in ps7_cortexa9_0/libsrc/coresightps_dcc_v1_7/src"

TRACE::2025-02-28.10:23:03::SCWMssOS::make -C ps7_cortexa9_0/libsrc/coresightps_dcc_v1_7/src -s libs  "SHELL=CMD" "COMPILER=arm-none-eabi-gcc" "ASSEMBLER=arm-none-ea
TRACE::2025-02-28.10:23:03::SCWMssOS::bi-as" "ARCHIVER=arm-none-eabi-ar" "COMPILER_FLAGS=  -O2 -c" "EXTRA_COMPILER_FLAGS=-mcpu=cortex-a9 -mfpu=vfpv3 -mfloat-abi=hard
TRACE::2025-02-28.10:23:03::SCWMssOS:: -nostartfiles -g -Wall -Wextra"

TRACE::2025-02-28.10:23:03::SCWMssOS::"Compiling coresightps_dcc"

TRACE::2025-02-28.10:23:03::SCWMssOS::"Running Make libs in ps7_cortexa9_0/libsrc/cpu_cortexa9_v2_9/src"

TRACE::2025-02-28.10:23:03::SCWMssOS::make -C ps7_cortexa9_0/libsrc/cpu_cortexa9_v2_9/src -s libs  "SHELL=CMD" "COMPILER=arm-none-eabi-gcc" "ASSEMBLER=arm-none-eabi-
TRACE::2025-02-28.10:23:03::SCWMssOS::as" "ARCHIVER=arm-none-eabi-ar" "COMPILER_FLAGS=  -O2 -c" "EXTRA_COMPILER_FLAGS=-mcpu=cortex-a9 -mfpu=vfpv3 -mfloat-abi=hard -n
TRACE::2025-02-28.10:23:03::SCWMssOS::ostartfiles -g -Wall -Wextra"

TRACE::2025-02-28.10:23:03::SCWMssOS::"Compiling cpu_cortexa9"

TRACE::2025-02-28.10:23:03::SCWMssOS::"Running Make libs in ps7_cortexa9_0/libsrc/ddrps_v1_1/src"

TRACE::2025-02-28.10:23:03::SCWMssOS::make -C ps7_cortexa9_0/libsrc/ddrps_v1_1/src -s libs  "SHELL=CMD" "COMPILER=arm-none-eabi-gcc" "ASSEMBLER=arm-none-eabi-as" "AR
TRACE::2025-02-28.10:23:03::SCWMssOS::CHIVER=arm-none-eabi-ar" "COMPILER_FLAGS=  -O2 -c" "EXTRA_COMPILER_FLAGS=-mcpu=cortex-a9 -mfpu=vfpv3 -mfloat-abi=hard -nostartf
TRACE::2025-02-28.10:23:03::SCWMssOS::iles -g -Wall -Wextra"

TRACE::2025-02-28.10:23:03::SCWMssOS::"Compiling ddrps"

TRACE::2025-02-28.10:23:03::SCWMssOS::"Running Make libs in ps7_cortexa9_0/libsrc/devcfg_v3_6/src"

TRACE::2025-02-28.10:23:03::SCWMssOS::make -C ps7_cortexa9_0/libsrc/devcfg_v3_6/src -s libs  "SHELL=CMD" "COMPILER=arm-none-eabi-gcc" "ASSEMBLER=arm-none-eabi-as" "A
TRACE::2025-02-28.10:23:03::SCWMssOS::RCHIVER=arm-none-eabi-ar" "COMPILER_FLAGS=  -O2 -c" "EXTRA_COMPILER_FLAGS=-mcpu=cortex-a9 -mfpu=vfpv3 -mfloat-abi=hard -nostart
TRACE::2025-02-28.10:23:03::SCWMssOS::files -g -Wall -Wextra"

TRACE::2025-02-28.10:23:04::SCWMssOS::"Compiling devcfg"

TRACE::2025-02-28.10:23:04::SCWMssOS::"Running Make libs in ps7_cortexa9_0/libsrc/dmaps_v2_6/src"

TRACE::2025-02-28.10:23:04::SCWMssOS::make -C ps7_cortexa9_0/libsrc/dmaps_v2_6/src -s libs  "SHELL=CMD" "COMPILER=arm-none-eabi-gcc" "ASSEMBLER=arm-none-eabi-as" "AR
TRACE::2025-02-28.10:23:04::SCWMssOS::CHIVER=arm-none-eabi-ar" "COMPILER_FLAGS=  -O2 -c" "EXTRA_COMPILER_FLAGS=-mcpu=cortex-a9 -mfpu=vfpv3 -mfloat-abi=hard -nostartf
TRACE::2025-02-28.10:23:04::SCWMssOS::iles -g -Wall -Wextra"

TRACE::2025-02-28.10:23:04::SCWMssOS::"Compiling dmaps"

TRACE::2025-02-28.10:23:05::SCWMssOS::"Running Make libs in ps7_cortexa9_0/libsrc/emacps_v3_11/src"

TRACE::2025-02-28.10:23:05::SCWMssOS::make -C ps7_cortexa9_0/libsrc/emacps_v3_11/src -s libs  "SHELL=CMD" "COMPILER=arm-none-eabi-gcc" "ASSEMBLER=arm-none-eabi-as" "
TRACE::2025-02-28.10:23:05::SCWMssOS::ARCHIVER=arm-none-eabi-ar" "COMPILER_FLAGS=  -O2 -c" "EXTRA_COMPILER_FLAGS=-mcpu=cortex-a9 -mfpu=vfpv3 -mfloat-abi=hard -nostar
TRACE::2025-02-28.10:23:05::SCWMssOS::tfiles -g -Wall -Wextra"

TRACE::2025-02-28.10:23:05::SCWMssOS::"Compiling emacps"

TRACE::2025-02-28.10:23:05::SCWMssOS::"Running Make libs in ps7_cortexa9_0/libsrc/fmc_iic_sw_v2_03_a/src"

TRACE::2025-02-28.10:23:05::SCWMssOS::make -C ps7_cortexa9_0/libsrc/fmc_iic_sw_v2_03_a/src -s libs  "SHELL=CMD" "COMPILER=arm-none-eabi-gcc" "ASSEMBLER=arm-none-eabi
TRACE::2025-02-28.10:23:05::SCWMssOS::-as" "ARCHIVER=arm-none-eabi-ar" "COMPILER_FLAGS=  -O2 -c" "EXTRA_COMPILER_FLAGS=-mcpu=cortex-a9 -mfpu=vfpv3 -mfloat-abi=hard -
TRACE::2025-02-28.10:23:05::SCWMssOS::nostartfiles -g -Wall -Wextra"

TRACE::2025-02-28.10:23:05::SCWMssOS::"Compiling fmc_iic_sw"

TRACE::2025-02-28.10:23:05::SCWMssOS::"Running Make libs in ps7_cortexa9_0/libsrc/fmc_imageon_sw_v2_01_a/src"

TRACE::2025-02-28.10:23:05::SCWMssOS::make -C ps7_cortexa9_0/libsrc/fmc_imageon_sw_v2_01_a/src -s libs  "SHELL=CMD" "COMPILER=arm-none-eabi-gcc" "ASSEMBLER=arm-none-
TRACE::2025-02-28.10:23:05::SCWMssOS::eabi-as" "ARCHIVER=arm-none-eabi-ar" "COMPILER_FLAGS=  -O2 -c" "EXTRA_COMPILER_FLAGS=-mcpu=cortex-a9 -mfpu=vfpv3 -mfloat-abi=ha
TRACE::2025-02-28.10:23:05::SCWMssOS::rd -nostartfiles -g -Wall -Wextra"

TRACE::2025-02-28.10:23:05::SCWMssOS::"Compiling fmc_imageon_sw"

TRACE::2025-02-28.10:23:06::SCWMssOS::"Running Make libs in ps7_cortexa9_0/libsrc/fmc_ipmi_sw_v2_02_a/src"

TRACE::2025-02-28.10:23:06::SCWMssOS::make -C ps7_cortexa9_0/libsrc/fmc_ipmi_sw_v2_02_a/src -s libs  "SHELL=CMD" "COMPILER=arm-none-eabi-gcc" "ASSEMBLER=arm-none-eab
TRACE::2025-02-28.10:23:06::SCWMssOS::i-as" "ARCHIVER=arm-none-eabi-ar" "COMPILER_FLAGS=  -O2 -c" "EXTRA_COMPILER_FLAGS=-mcpu=cortex-a9 -mfpu=vfpv3 -mfloat-abi=hard 
TRACE::2025-02-28.10:23:06::SCWMssOS::-nostartfiles -g -Wall -Wextra"

TRACE::2025-02-28.10:23:06::SCWMssOS::"Compiling fmc_ipmi_sw"

TRACE::2025-02-28.10:23:06::SCWMssOS::"Running Make libs in ps7_cortexa9_0/libsrc/gpiops_v3_7/src"

TRACE::2025-02-28.10:23:06::SCWMssOS::make -C ps7_cortexa9_0/libsrc/gpiops_v3_7/src -s libs  "SHELL=CMD" "COMPILER=arm-none-eabi-gcc" "ASSEMBLER=arm-none-eabi-as" "A
TRACE::2025-02-28.10:23:06::SCWMssOS::RCHIVER=arm-none-eabi-ar" "COMPILER_FLAGS=  -O2 -c" "EXTRA_COMPILER_FLAGS=-mcpu=cortex-a9 -mfpu=vfpv3 -mfloat-abi=hard -nostart
TRACE::2025-02-28.10:23:06::SCWMssOS::files -g -Wall -Wextra"

TRACE::2025-02-28.10:23:06::SCWMssOS::"Compiling gpiops"

TRACE::2025-02-28.10:23:07::SCWMssOS::"Running Make libs in ps7_cortexa9_0/libsrc/iic_v3_6/src"

TRACE::2025-02-28.10:23:07::SCWMssOS::make -C ps7_cortexa9_0/libsrc/iic_v3_6/src -s libs  "SHELL=CMD" "COMPILER=arm-none-eabi-gcc" "ASSEMBLER=arm-none-eabi-as" "ARCH
TRACE::2025-02-28.10:23:07::SCWMssOS::IVER=arm-none-eabi-ar" "COMPILER_FLAGS=  -O2 -c" "EXTRA_COMPILER_FLAGS=-mcpu=cortex-a9 -mfpu=vfpv3 -mfloat-abi=hard -nostartfil
TRACE::2025-02-28.10:23:07::SCWMssOS::es -g -Wall -Wextra"

TRACE::2025-02-28.10:23:07::SCWMssOS::"Compiling iic"

TRACE::2025-02-28.10:23:08::SCWMssOS::"Running Make libs in ps7_cortexa9_0/libsrc/onsemi_vita_sw_v3_3/src"

TRACE::2025-02-28.10:23:08::SCWMssOS::make -C ps7_cortexa9_0/libsrc/onsemi_vita_sw_v3_3/src -s libs  "SHELL=CMD" "COMPILER=arm-none-eabi-gcc" "ASSEMBLER=arm-none-eab
TRACE::2025-02-28.10:23:08::SCWMssOS::i-as" "ARCHIVER=arm-none-eabi-ar" "COMPILER_FLAGS=  -O2 -c" "EXTRA_COMPILER_FLAGS=-mcpu=cortex-a9 -mfpu=vfpv3 -mfloat-abi=hard 
TRACE::2025-02-28.10:23:08::SCWMssOS::-nostartfiles -g -Wall -Wextra"

TRACE::2025-02-28.10:23:08::SCWMssOS::"Compiling ON Semiconductor VITA Camera Receiver Library..."

TRACE::2025-02-28.10:23:08::SCWMssOS::"Running Make libs in ps7_cortexa9_0/libsrc/qspips_v3_7/src"

TRACE::2025-02-28.10:23:08::SCWMssOS::make -C ps7_cortexa9_0/libsrc/qspips_v3_7/src -s libs  "SHELL=CMD" "COMPILER=arm-none-eabi-gcc" "ASSEMBLER=arm-none-eabi-as" "A
TRACE::2025-02-28.10:23:08::SCWMssOS::RCHIVER=arm-none-eabi-ar" "COMPILER_FLAGS=  -O2 -c" "EXTRA_COMPILER_FLAGS=-mcpu=cortex-a9 -mfpu=vfpv3 -mfloat-abi=hard -nostart
TRACE::2025-02-28.10:23:08::SCWMssOS::files -g -Wall -Wextra"

TRACE::2025-02-28.10:23:08::SCWMssOS::"Compiling qspips"

TRACE::2025-02-28.10:23:09::SCWMssOS::"Running Make libs in ps7_cortexa9_0/libsrc/scugic_v4_2/src"

TRACE::2025-02-28.10:23:09::SCWMssOS::make -C ps7_cortexa9_0/libsrc/scugic_v4_2/src -s libs  "SHELL=CMD" "COMPILER=arm-none-eabi-gcc" "ASSEMBLER=arm-none-eabi-as" "A
TRACE::2025-02-28.10:23:09::SCWMssOS::RCHIVER=arm-none-eabi-ar" "COMPILER_FLAGS=  -O2 -c" "EXTRA_COMPILER_FLAGS=-mcpu=cortex-a9 -mfpu=vfpv3 -mfloat-abi=hard -nostart
TRACE::2025-02-28.10:23:09::SCWMssOS::files -g -Wall -Wextra"

TRACE::2025-02-28.10:23:09::SCWMssOS::"Compiling scugic"

TRACE::2025-02-28.10:23:09::SCWMssOS::"Running Make libs in ps7_cortexa9_0/libsrc/scutimer_v2_2/src"

TRACE::2025-02-28.10:23:09::SCWMssOS::make -C ps7_cortexa9_0/libsrc/scutimer_v2_2/src -s libs  "SHELL=CMD" "COMPILER=arm-none-eabi-gcc" "ASSEMBLER=arm-none-eabi-as" 
TRACE::2025-02-28.10:23:09::SCWMssOS::"ARCHIVER=arm-none-eabi-ar" "COMPILER_FLAGS=  -O2 -c" "EXTRA_COMPILER_FLAGS=-mcpu=cortex-a9 -mfpu=vfpv3 -mfloat-abi=hard -nosta
TRACE::2025-02-28.10:23:09::SCWMssOS::rtfiles -g -Wall -Wextra"

TRACE::2025-02-28.10:23:09::SCWMssOS::"Compiling scutimer"

TRACE::2025-02-28.10:23:10::SCWMssOS::"Running Make libs in ps7_cortexa9_0/libsrc/scuwdt_v2_2/src"

TRACE::2025-02-28.10:23:10::SCWMssOS::make -C ps7_cortexa9_0/libsrc/scuwdt_v2_2/src -s libs  "SHELL=CMD" "COMPILER=arm-none-eabi-gcc" "ASSEMBLER=arm-none-eabi-as" "A
TRACE::2025-02-28.10:23:10::SCWMssOS::RCHIVER=arm-none-eabi-ar" "COMPILER_FLAGS=  -O2 -c" "EXTRA_COMPILER_FLAGS=-mcpu=cortex-a9 -mfpu=vfpv3 -mfloat-abi=hard -nostart
TRACE::2025-02-28.10:23:10::SCWMssOS::files -g -Wall -Wextra"

TRACE::2025-02-28.10:23:10::SCWMssOS::"Compiling scuwdt"

TRACE::2025-02-28.10:23:10::SCWMssOS::"Running Make libs in ps7_cortexa9_0/libsrc/sdps_v3_9/src"

TRACE::2025-02-28.10:23:10::SCWMssOS::make -C ps7_cortexa9_0/libsrc/sdps_v3_9/src -s libs  "SHELL=CMD" "COMPILER=arm-none-eabi-gcc" "ASSEMBLER=arm-none-eabi-as" "ARC
TRACE::2025-02-28.10:23:10::SCWMssOS::HIVER=arm-none-eabi-ar" "COMPILER_FLAGS=  -O2 -c" "EXTRA_COMPILER_FLAGS=-mcpu=cortex-a9 -mfpu=vfpv3 -mfloat-abi=hard -nostartfi
TRACE::2025-02-28.10:23:10::SCWMssOS::les -g -Wall -Wextra"

TRACE::2025-02-28.10:23:10::SCWMssOS::"Compiling sdps"

TRACE::2025-02-28.10:23:11::SCWMssOS::"Running Make libs in ps7_cortexa9_0/libsrc/standalone_v7_2/src"

TRACE::2025-02-28.10:23:11::SCWMssOS::make -C ps7_cortexa9_0/libsrc/standalone_v7_2/src -s libs  "SHELL=CMD" "COMPILER=arm-none-eabi-gcc" "ASSEMBLER=arm-none-eabi-as
TRACE::2025-02-28.10:23:11::SCWMssOS::" "ARCHIVER=arm-none-eabi-ar" "COMPILER_FLAGS=  -O2 -c" "EXTRA_COMPILER_FLAGS=-mcpu=cortex-a9 -mfpu=vfpv3 -mfloat-abi=hard -nos
TRACE::2025-02-28.10:23:11::SCWMssOS::tartfiles -g -Wall -Wextra"

TRACE::2025-02-28.10:23:11::SCWMssOS::"Compiling standalone"

TRACE::2025-02-28.10:23:13::SCWMssOS::"Running Make libs in ps7_cortexa9_0/libsrc/ttcps_v3_11/src"

TRACE::2025-02-28.10:23:13::SCWMssOS::make -C ps7_cortexa9_0/libsrc/ttcps_v3_11/src -s libs  "SHELL=CMD" "COMPILER=arm-none-eabi-gcc" "ASSEMBLER=arm-none-eabi-as" "A
TRACE::2025-02-28.10:23:13::SCWMssOS::RCHIVER=arm-none-eabi-ar" "COMPILER_FLAGS=  -O2 -c" "EXTRA_COMPILER_FLAGS=-mcpu=cortex-a9 -mfpu=vfpv3 -mfloat-abi=hard -nostart
TRACE::2025-02-28.10:23:13::SCWMssOS::files -g -Wall -Wextra"

TRACE::2025-02-28.10:23:13::SCWMssOS::"Compiling ttcps"

TRACE::2025-02-28.10:23:13::SCWMssOS::"Running Make libs in ps7_cortexa9_0/libsrc/uartps_v3_9/src"

TRACE::2025-02-28.10:23:13::SCWMssOS::make -C ps7_cortexa9_0/libsrc/uartps_v3_9/src -s libs  "SHELL=CMD" "COMPILER=arm-none-eabi-gcc" "ASSEMBLER=arm-none-eabi-as" "A
TRACE::2025-02-28.10:23:13::SCWMssOS::RCHIVER=arm-none-eabi-ar" "COMPILER_FLAGS=  -O2 -c" "EXTRA_COMPILER_FLAGS=-mcpu=cortex-a9 -mfpu=vfpv3 -mfloat-abi=hard -nostart
TRACE::2025-02-28.10:23:13::SCWMssOS::files -g -Wall -Wextra"

TRACE::2025-02-28.10:23:13::SCWMssOS::"Compiling uartps"

TRACE::2025-02-28.10:23:14::SCWMssOS::"Running Make libs in ps7_cortexa9_0/libsrc/usbps_v2_5/src"

TRACE::2025-02-28.10:23:14::SCWMssOS::make -C ps7_cortexa9_0/libsrc/usbps_v2_5/src -s libs  "SHELL=CMD" "COMPILER=arm-none-eabi-gcc" "ASSEMBLER=arm-none-eabi-as" "AR
TRACE::2025-02-28.10:23:14::SCWMssOS::CHIVER=arm-none-eabi-ar" "COMPILER_FLAGS=  -O2 -c" "EXTRA_COMPILER_FLAGS=-mcpu=cortex-a9 -mfpu=vfpv3 -mfloat-abi=hard -nostartf
TRACE::2025-02-28.10:23:14::SCWMssOS::iles -g -Wall -Wextra"

TRACE::2025-02-28.10:23:14::SCWMssOS::"Compiling usbps"

TRACE::2025-02-28.10:23:15::SCWMssOS::"Running Make libs in ps7_cortexa9_0/libsrc/video_common_v4_9/src"

TRACE::2025-02-28.10:23:15::SCWMssOS::make -C ps7_cortexa9_0/libsrc/video_common_v4_9/src -s libs  "SHELL=CMD" "COMPILER=arm-none-eabi-gcc" "ASSEMBLER=arm-none-eabi-
TRACE::2025-02-28.10:23:15::SCWMssOS::as" "ARCHIVER=arm-none-eabi-ar" "COMPILER_FLAGS=  -O2 -c" "EXTRA_COMPILER_FLAGS=-mcpu=cortex-a9 -mfpu=vfpv3 -mfloat-abi=hard -n
TRACE::2025-02-28.10:23:15::SCWMssOS::ostartfiles -g -Wall -Wextra"

TRACE::2025-02-28.10:23:15::SCWMssOS::"Compiling video_common"

TRACE::2025-02-28.10:23:15::SCWMssOS::"Running Make libs in ps7_cortexa9_0/libsrc/vtc_v8_2/src"

TRACE::2025-02-28.10:23:15::SCWMssOS::make -C ps7_cortexa9_0/libsrc/vtc_v8_2/src -s libs  "SHELL=CMD" "COMPILER=arm-none-eabi-gcc" "ASSEMBLER=arm-none-eabi-as" "ARCH
TRACE::2025-02-28.10:23:15::SCWMssOS::IVER=arm-none-eabi-ar" "COMPILER_FLAGS=  -O2 -c" "EXTRA_COMPILER_FLAGS=-mcpu=cortex-a9 -mfpu=vfpv3 -mfloat-abi=hard -nostartfil
TRACE::2025-02-28.10:23:15::SCWMssOS::es -g -Wall -Wextra"

TRACE::2025-02-28.10:23:15::SCWMssOS::"Compiling video timing controller"

TRACE::2025-02-28.10:23:16::SCWMssOS::"Running Make libs in ps7_cortexa9_0/libsrc/v_tpg_v8_2/src"

TRACE::2025-02-28.10:23:16::SCWMssOS::make -C ps7_cortexa9_0/libsrc/v_tpg_v8_2/src -s libs  "SHELL=CMD" "COMPILER=arm-none-eabi-gcc" "ASSEMBLER=arm-none-eabi-as" "AR
TRACE::2025-02-28.10:23:16::SCWMssOS::CHIVER=arm-none-eabi-ar" "COMPILER_FLAGS=  -O2 -c" "EXTRA_COMPILER_FLAGS=-mcpu=cortex-a9 -mfpu=vfpv3 -mfloat-abi=hard -nostartf
TRACE::2025-02-28.10:23:16::SCWMssOS::iles -g -Wall -Wextra"

TRACE::2025-02-28.10:23:16::SCWMssOS::"Compiling v_tpg"

TRACE::2025-02-28.10:23:16::SCWMssOS::"Running Make libs in ps7_cortexa9_0/libsrc/xadcps_v2_4/src"

TRACE::2025-02-28.10:23:16::SCWMssOS::make -C ps7_cortexa9_0/libsrc/xadcps_v2_4/src -s libs  "SHELL=CMD" "COMPILER=arm-none-eabi-gcc" "ASSEMBLER=arm-none-eabi-as" "A
TRACE::2025-02-28.10:23:16::SCWMssOS::RCHIVER=arm-none-eabi-ar" "COMPILER_FLAGS=  -O2 -c" "EXTRA_COMPILER_FLAGS=-mcpu=cortex-a9 -mfpu=vfpv3 -mfloat-abi=hard -nostart
TRACE::2025-02-28.10:23:16::SCWMssOS::files -g -Wall -Wextra"

TRACE::2025-02-28.10:23:16::SCWMssOS::"Compiling xadcps"

TRACE::2025-02-28.10:23:17::SCWMssOS::'Finished building libraries'

TRACE::2025-02-28.10:23:17::SCWMssOS:: Checking if to create the Supporting Applications
TRACE::2025-02-28.10:23:17::SCWMssOS:: No Linux domain exists, trying to generate FSBL 
LOG::2025-02-28.10:23:17::SCWSystem::Completed Processing the domain domain_ps7_cortexa9_0
LOG::2025-02-28.10:23:17::SCWSystem::Completed Processing the sysconfig design_1_wrapper
LOG::2025-02-28.10:23:17::SCWPlatform::Completed generating the artifacts for system configuration design_1_wrapper
TRACE::2025-02-28.10:23:17::SCWPlatform::Started preparing the platform 
TRACE::2025-02-28.10:23:17::SCWSystem::Writing the bif file for system config design_1_wrapper
TRACE::2025-02-28.10:23:17::SCWSystem::dir created 
TRACE::2025-02-28.10:23:17::SCWSystem::Writing the bif 
TRACE::2025-02-28.10:23:17::SCWPlatform::Started writing the spfm file 
TRACE::2025-02-28.10:23:17::SCWPlatform::Started writing the xpfm file 
TRACE::2025-02-28.10:23:17::SCWPlatform::Completed generating the platform
TRACE::2025-02-28.10:23:17::SCWMssOS::Saving the mss changes C:/Users/oparker/workspace/design_1_wrapper/zynq_fsbl/zynq_fsbl_bsp/system.mss
TRACE::2025-02-28.10:23:17::SCWMssOS::Found a swdesign opened with the mssfile.
TRACE::2025-02-28.10:23:17::SCWMssOS::Completed writemss as part of save.
TRACE::2025-02-28.10:23:17::SCWMssOS::Commit changes completed.
TRACE::2025-02-28.10:23:17::SCWMssOS::Saving the mss changes C:/Users/oparker/workspace/design_1_wrapper/ps7_cortexa9_0/domain_ps7_cortexa9_0/bsp/system.mss
TRACE::2025-02-28.10:23:17::SCWMssOS::Found a swdesign opened with the mssfile.
TRACE::2025-02-28.10:23:17::SCWMssOS::Running validate of swdbs.
KEYINFO::2025-02-28.10:23:17::SCWMssOS::Could not open the swdb for system_1
KEYINFO::2025-02-28.10:23:17::SCWMssOS::Could not open the sw design at  system_1
ERROR: [Hsi 55-1558] Software Design system_1 is not found

TRACE::2025-02-28.10:23:17::SCWMssOS::Cleared the swdb table entry
TRACE::2025-02-28.10:23:17::SCWMssOS::Adding the swdes entry, mss present, able to open swdb C:/Users/oparker/workspace/design_1_wrapper/ps7_cortexa9_0/domain_ps7_cortexa9_0/bsp/system.mss with des name system_1
TRACE::2025-02-28.10:23:17::SCWMssOS::Writing the mss file completed C:/Users/oparker/workspace/design_1_wrapper/ps7_cortexa9_0/domain_ps7_cortexa9_0/bsp/system.mss
TRACE::2025-02-28.10:23:17::SCWMssOS::Commit changes completed.
TRACE::2025-02-28.10:23:17::SCWPlatform::Trying to open the hw design at C:/Users/oparker/workspace/design_1_wrapper/hw/design_1_wrapper.xsa
TRACE::2025-02-28.10:23:17::SCWPlatform::DSA given C:/Users/oparker/workspace/design_1_wrapper/hw/design_1_wrapper.xsa
TRACE::2025-02-28.10:23:17::SCWPlatform::DSA absoulate path C:/Users/oparker/workspace/design_1_wrapper/hw/design_1_wrapper.xsa
TRACE::2025-02-28.10:23:17::SCWPlatform::DSA directory C:/Users/oparker/workspace/design_1_wrapper/hw
TRACE::2025-02-28.10:23:17::SCWPlatform:: Platform Path C:/Users/oparker/workspace/design_1_wrapper/hw/design_1_wrapper.xsa
TRACE::2025-02-28.10:23:17::SCWPlatform:: Unique name xilinx:zed::0.0
TRACE::2025-02-28.10:23:17::SCWPlatform::Trying to set the existing hwdb with name design_1_wrapper_17
TRACE::2025-02-28.10:23:17::SCWPlatform::Opened existing hwdb design_1_wrapper_17
TRACE::2025-02-28.10:23:17::SCWPlatform::Found the Hw Db part of the input DSA
TRACE::2025-02-28.10:23:17::SCWMssOS::Checking the sw design at  C:/Users/oparker/workspace/design_1_wrapper/zynq_fsbl/zynq_fsbl_bsp/system.mss
TRACE::2025-02-28.10:23:17::SCWMssOS::DEBUG:  swdes dump  C:/Users/oparker/workspace/TPG/ps7_cortexa9_0/standalone_domain/bsp/system.mss|system_2||
C:/Users/oparker/workspace/TPG/zynq_fsbl/zynq_fsbl_bsp/system.mss|system||
C:/Users/oparker/workspace/design_1_wrapper/ps7_cortexa9_0/domain_ps7_cortexa9_0/bsp/system.mss|system_1||
C:/Users/oparker/workspace/design_1_wrapper/zynq_fsbl/zynq_fsbl_bsp/system.mss|system_0||

TRACE::2025-02-28.10:23:17::SCWMssOS::Sw design exists and opened at  C:/Users/oparker/workspace/design_1_wrapper/zynq_fsbl/zynq_fsbl_bsp/system.mss
TRACE::2025-02-28.10:23:17::SCWPlatform::Trying to open the hw design at C:/Users/oparker/workspace/design_1_wrapper/hw/design_1_wrapper.xsa
TRACE::2025-02-28.10:23:17::SCWPlatform::DSA given C:/Users/oparker/workspace/design_1_wrapper/hw/design_1_wrapper.xsa
TRACE::2025-02-28.10:23:17::SCWPlatform::DSA absoulate path C:/Users/oparker/workspace/design_1_wrapper/hw/design_1_wrapper.xsa
TRACE::2025-02-28.10:23:17::SCWPlatform::DSA directory C:/Users/oparker/workspace/design_1_wrapper/hw
TRACE::2025-02-28.10:23:17::SCWPlatform:: Platform Path C:/Users/oparker/workspace/design_1_wrapper/hw/design_1_wrapper.xsa
TRACE::2025-02-28.10:23:17::SCWPlatform:: Unique name xilinx:zed::0.0
TRACE::2025-02-28.10:23:17::SCWPlatform::Trying to set the existing hwdb with name design_1_wrapper_17
TRACE::2025-02-28.10:23:17::SCWPlatform::Opened existing hwdb design_1_wrapper_17
TRACE::2025-02-28.10:23:17::SCWPlatform::Found the Hw Db part of the input DSA
TRACE::2025-02-28.10:23:17::SCWMssOS::Checking the sw design at  C:/Users/oparker/workspace/design_1_wrapper/ps7_cortexa9_0/domain_ps7_cortexa9_0/bsp/system.mss
TRACE::2025-02-28.10:23:17::SCWMssOS::DEBUG:  swdes dump  C:/Users/oparker/workspace/TPG/ps7_cortexa9_0/standalone_domain/bsp/system.mss|system_2||
C:/Users/oparker/workspace/TPG/zynq_fsbl/zynq_fsbl_bsp/system.mss|system||
C:/Users/oparker/workspace/design_1_wrapper/ps7_cortexa9_0/domain_ps7_cortexa9_0/bsp/system.mss|system_1||
C:/Users/oparker/workspace/design_1_wrapper/zynq_fsbl/zynq_fsbl_bsp/system.mss|system_0||

TRACE::2025-02-28.10:23:17::SCWMssOS::Sw design exists and opened at  C:/Users/oparker/workspace/design_1_wrapper/ps7_cortexa9_0/domain_ps7_cortexa9_0/bsp/system.mss
TRACE::2025-02-28.10:23:17::SCWWriter::formatted JSON is {
	"platformName":	"design_1_wrapper",
	"sprVersion":	"2.0",
	"mode":	"gui",
	"dsaType":	"Fixed",
	"platformDesc":	"design_1_wrapper",
	"platHandOff":	"C:/Users/oparker/Downloads/MP-2/MP-2/mp2.xpr/project_1/design_1_wrapper.xsa",
	"platIntHandOff":	"<platformDir>/hw/design_1_wrapper.xsa",
	"deviceType":	"zynq",
	"platIsPrebuiltAutogen":	"false",
	"platIsNoBootBsp":	"false",
	"hasFsblMakeHasChanges":	"false",
	"hasPmufwMakeHasChanges":	"false",
	"fsblExtraCompilerFlags":	"-MMD -MP       -mcpu=cortex-a9 -mfpu=vfpv3 -mfloat-abi=hard ",
	"platPreBuiltFlag":	false,
	"platformSamplesDir":	"",
	"platActiveSys":	"design_1_wrapper",
	"systems":	[{
			"systemName":	"design_1_wrapper",
			"systemDesc":	"design_1_wrapper",
			"sysIsBootAutoGen":	"true",
			"systemDispName":	"design_1_wrapper",
			"sysActiveDom":	"domain_ps7_cortexa9_0",
			"sysDefaultDom":	"domain_ps7_cortexa9_0",
			"domains":	[{
					"domainName":	"zynq_fsbl",
					"domainDispName":	"zynq_fsbl",
					"domainDesc":	"FSBL Application BSP - Auto Generated.",
					"processors":	"ps7_cortexa9_0",
					"os":	"standalone",
					"sdxOs":	"standalone",
					"debugEnable":	"",
					"domRuntimes":	["cpp"],
					"swRepo":	"",
					"mssOsVer":	"7.2",
					"mssFile":	"",
					"md5Digest":	"158a679dab493f3308b1d2cbafc496b0",
					"compatibleApp":	"zynq_fsbl",
					"domType":	"bootDomain",
					"arch":	"32-bit",
					"appSettings":	{
						"appCompilerFlags":	"",
						"appLinkerFlags":	""
					},
					"addedLibs":	["xilffs:4.3", "xilrsa:1.6"],
					"libOptions":	{
						"libsContainingOptions":	[]
					},
					"prebuiltLibs":	{
						"prebuiltIncPath":	[],
						"prebuiltLibPath":	[]
					},
					"isolation":	{
					}
				}, {
					"domainName":	"domain_ps7_cortexa9_0",
					"domainDispName":	"domain_ps7_cortexa9_0",
					"domainDesc":	"domain_ps7_cortexa9_0",
					"processors":	"ps7_cortexa9_0",
					"os":	"standalone",
					"sdxOs":	"standalone",
					"qemuArgs":	"C:/Xilinx/Vitis/2020.1/data/emulation/platforms/zynq/qemu/qemu_args.txt",
					"qemuData":	"C:/Xilinx/Vitis/2020.1/data/emulation/platforms/zynq/qemu/",
					"debugEnable":	"False",
					"domRuntimes":	["cpp"],
					"swRepo":	"",
					"mssOsVer":	"7.2",
					"mssFile":	"",
					"md5Digest":	"4d829895c3b4275df468d7f6b2c6e4be",
					"compatibleApp":	"",
					"domType":	"mssDomain",
					"arch":	"32-bit",
					"appSettings":	{
						"appCompilerFlags":	"",
						"appLinkerFlags":	""
					},
					"addedLibs":	["fmc_iic_sw:2.03.a", "fmc_imageon_sw:2.01.a", "fmc_ipmi_sw:2.02.a", "onsemi_vita_sw:3.3"],
					"libOptions":	{
						"libsContainingOptions":	[]
					},
					"prebuiltLibs":	{
						"prebuiltIncPath":	[],
						"prebuiltLibPath":	[]
					},
					"isolation":	{
					}
				}]
		}]
}
KEYINFO::2025-02-28.10:23:17::SCWPlatform::updated the xpfm file.
TRACE::2025-02-28.10:23:17::SCWPlatform::Trying to open the hw design at C:/Users/oparker/workspace/design_1_wrapper/hw/design_1_wrapper.xsa
TRACE::2025-02-28.10:23:17::SCWPlatform::DSA given C:/Users/oparker/workspace/design_1_wrapper/hw/design_1_wrapper.xsa
TRACE::2025-02-28.10:23:17::SCWPlatform::DSA absoulate path C:/Users/oparker/workspace/design_1_wrapper/hw/design_1_wrapper.xsa
TRACE::2025-02-28.10:23:17::SCWPlatform::DSA directory C:/Users/oparker/workspace/design_1_wrapper/hw
TRACE::2025-02-28.10:23:17::SCWPlatform:: Platform Path C:/Users/oparker/workspace/design_1_wrapper/hw/design_1_wrapper.xsa
TRACE::2025-02-28.10:23:17::SCWPlatform:: Unique name xilinx:zed::0.0
TRACE::2025-02-28.10:23:17::SCWPlatform::Trying to set the existing hwdb with name design_1_wrapper_17
TRACE::2025-02-28.10:23:17::SCWPlatform::Opened existing hwdb design_1_wrapper_17
TRACE::2025-02-28.10:23:17::SCWPlatform::Found the Hw Db part of the input DSA
TRACE::2025-02-28.10:23:17::SCWMssOS::Checking the sw design at  C:/Users/oparker/workspace/design_1_wrapper/ps7_cortexa9_0/domain_ps7_cortexa9_0/bsp/system.mss
TRACE::2025-02-28.10:23:17::SCWMssOS::DEBUG:  swdes dump  C:/Users/oparker/workspace/TPG/ps7_cortexa9_0/standalone_domain/bsp/system.mss|system_2||
C:/Users/oparker/workspace/TPG/zynq_fsbl/zynq_fsbl_bsp/system.mss|system||
C:/Users/oparker/workspace/design_1_wrapper/ps7_cortexa9_0/domain_ps7_cortexa9_0/bsp/system.mss|system_1||
C:/Users/oparker/workspace/design_1_wrapper/zynq_fsbl/zynq_fsbl_bsp/system.mss|system_0||

TRACE::2025-02-28.10:23:17::SCWMssOS::Sw design exists and opened at  C:/Users/oparker/workspace/design_1_wrapper/ps7_cortexa9_0/domain_ps7_cortexa9_0/bsp/system.mss
TRACE::2025-02-28.11:08:55::SCWPlatform::Trying to open the hw design at C:/Users/oparker/workspace/design_1_wrapper/hw/design_1_wrapper.xsa
TRACE::2025-02-28.11:08:55::SCWPlatform::DSA given C:/Users/oparker/workspace/design_1_wrapper/hw/design_1_wrapper.xsa
TRACE::2025-02-28.11:08:55::SCWPlatform::DSA absoulate path C:/Users/oparker/workspace/design_1_wrapper/hw/design_1_wrapper.xsa
TRACE::2025-02-28.11:08:55::SCWPlatform::DSA directory C:/Users/oparker/workspace/design_1_wrapper/hw
TRACE::2025-02-28.11:08:55::SCWPlatform:: Platform Path C:/Users/oparker/workspace/design_1_wrapper/hw/design_1_wrapper.xsa
TRACE::2025-02-28.11:08:55::SCWPlatform:: Unique name xilinx:zed::0.0
TRACE::2025-02-28.11:08:55::SCWPlatform::Trying to set the existing hwdb with name design_1_wrapper_17
TRACE::2025-02-28.11:08:55::SCWPlatform::Opened existing hwdb design_1_wrapper_17
TRACE::2025-02-28.11:08:55::SCWPlatform::Found the Hw Db part of the input DSA
TRACE::2025-02-28.11:08:55::SCWPlatform::DSA given C:/Users/oparker/workspace/design_1_wrapper/tempdsa/design_1_wrapper.xsa
TRACE::2025-02-28.11:08:55::SCWPlatform::DSA absoulate path C:/Users/oparker/workspace/design_1_wrapper/tempdsa/design_1_wrapper.xsa
TRACE::2025-02-28.11:08:55::SCWPlatform:: Platform location is C:/Users/oparker/workspace/design_1_wrapper/tempdsa
TRACE::2025-02-28.11:08:55::SCWPlatform:: Platform Path C:/Users/oparker/workspace/design_1_wrapper/tempdsa/design_1_wrapper.xsa
TRACE::2025-02-28.11:08:55::SCWPlatform:: Unique name xilinx:zed::0.0
TRACE::2025-02-28.11:08:56::SCWPlatform::Found the Hw Db part of the input DSA
TRACE::2025-02-28.11:08:56::SCWMssOS::Doing hw sync for the mss in domain: zynq_fsbl
TRACE::2025-02-28.11:08:56::SCWPlatform::Trying to open the hw design at C:/Users/oparker/workspace/design_1_wrapper/hw/design_1_wrapper.xsa
TRACE::2025-02-28.11:08:56::SCWPlatform::DSA given C:/Users/oparker/workspace/design_1_wrapper/hw/design_1_wrapper.xsa
TRACE::2025-02-28.11:08:56::SCWPlatform::DSA absoulate path C:/Users/oparker/workspace/design_1_wrapper/hw/design_1_wrapper.xsa
TRACE::2025-02-28.11:08:56::SCWPlatform::DSA directory C:/Users/oparker/workspace/design_1_wrapper/hw
TRACE::2025-02-28.11:08:56::SCWPlatform:: Platform Path C:/Users/oparker/workspace/design_1_wrapper/hw/design_1_wrapper.xsa
TRACE::2025-02-28.11:08:56::SCWPlatform:: Unique name xilinx:zed::0.0
TRACE::2025-02-28.11:08:56::SCWPlatform::Trying to set the existing hwdb with name design_1_wrapper_17
TRACE::2025-02-28.11:08:56::SCWPlatform::Opened existing hwdb design_1_wrapper_17
TRACE::2025-02-28.11:08:56::SCWPlatform::Found the Hw Db part of the input DSA
TRACE::2025-02-28.11:08:56::SCWPlatform::Trying to open the hw design at C:/Users/oparker/workspace/design_1_wrapper/hw/design_1_wrapper.xsa
TRACE::2025-02-28.11:08:56::SCWPlatform::DSA given C:/Users/oparker/workspace/design_1_wrapper/hw/design_1_wrapper.xsa
TRACE::2025-02-28.11:08:56::SCWPlatform::DSA absoulate path C:/Users/oparker/workspace/design_1_wrapper/hw/design_1_wrapper.xsa
TRACE::2025-02-28.11:08:56::SCWPlatform::DSA directory C:/Users/oparker/workspace/design_1_wrapper/hw
TRACE::2025-02-28.11:08:56::SCWPlatform:: Platform Path C:/Users/oparker/workspace/design_1_wrapper/hw/design_1_wrapper.xsa
TRACE::2025-02-28.11:08:56::SCWPlatform:: Unique name xilinx:zed::0.0
TRACE::2025-02-28.11:08:56::SCWPlatform::Trying to set the existing hwdb with name design_1_wrapper_17
TRACE::2025-02-28.11:08:56::SCWPlatform::Opened existing hwdb design_1_wrapper_17
TRACE::2025-02-28.11:08:56::SCWPlatform::Found the Hw Db part of the input DSA
TRACE::2025-02-28.11:08:56::SCWMssOS::Checking the sw design at  C:/Users/oparker/workspace/design_1_wrapper/zynq_fsbl/zynq_fsbl_bsp/system.mss
TRACE::2025-02-28.11:08:56::SCWMssOS::DEBUG:  swdes dump  C:/Users/oparker/workspace/TPG/ps7_cortexa9_0/standalone_domain/bsp/system.mss|system_2||
C:/Users/oparker/workspace/TPG/zynq_fsbl/zynq_fsbl_bsp/system.mss|system||
C:/Users/oparker/workspace/design_1_wrapper/ps7_cortexa9_0/domain_ps7_cortexa9_0/bsp/system.mss|system_1||
C:/Users/oparker/workspace/design_1_wrapper/zynq_fsbl/zynq_fsbl_bsp/system.mss|system_0||

TRACE::2025-02-28.11:08:56::SCWMssOS::Sw design exists and opened at  C:/Users/oparker/workspace/design_1_wrapper/zynq_fsbl/zynq_fsbl_bsp/system.mss
TRACE::2025-02-28.11:08:56::SCWPlatform::Trying to open the hw design at C:/Users/oparker/workspace/design_1_wrapper/tempdsa/design_1_wrapper.xsa
TRACE::2025-02-28.11:08:56::SCWPlatform::DSA given C:/Users/oparker/workspace/design_1_wrapper/tempdsa/design_1_wrapper.xsa
TRACE::2025-02-28.11:08:56::SCWPlatform::DSA absoulate path C:/Users/oparker/workspace/design_1_wrapper/tempdsa/design_1_wrapper.xsa
TRACE::2025-02-28.11:08:56::SCWPlatform::DSA directory C:/Users/oparker/workspace/design_1_wrapper/tempdsa
TRACE::2025-02-28.11:08:56::SCWPlatform:: Platform Path C:/Users/oparker/workspace/design_1_wrapper/tempdsa/design_1_wrapper.xsa
TRACE::2025-02-28.11:08:56::SCWPlatform:: Unique name xilinx:zed::0.0
TRACE::2025-02-28.11:08:56::SCWPlatform::update - Opened existing hwdb design_1_wrapper_23
TRACE::2025-02-28.11:08:56::SCWPlatform::Found the Hw Db part of the input DSA
TRACE::2025-02-28.11:08:56::SCWMssOS::Doing hw sync for the mss in domain: domain_ps7_cortexa9_0
TRACE::2025-02-28.11:08:56::SCWPlatform::Trying to open the hw design at C:/Users/oparker/workspace/design_1_wrapper/hw/design_1_wrapper.xsa
TRACE::2025-02-28.11:08:56::SCWPlatform::DSA given C:/Users/oparker/workspace/design_1_wrapper/hw/design_1_wrapper.xsa
TRACE::2025-02-28.11:08:56::SCWPlatform::DSA absoulate path C:/Users/oparker/workspace/design_1_wrapper/hw/design_1_wrapper.xsa
TRACE::2025-02-28.11:08:56::SCWPlatform::DSA directory C:/Users/oparker/workspace/design_1_wrapper/hw
TRACE::2025-02-28.11:08:56::SCWPlatform:: Platform Path C:/Users/oparker/workspace/design_1_wrapper/hw/design_1_wrapper.xsa
TRACE::2025-02-28.11:08:56::SCWPlatform:: Unique name xilinx:zed::0.0
TRACE::2025-02-28.11:08:56::SCWPlatform::Trying to set the existing hwdb with name design_1_wrapper_17
TRACE::2025-02-28.11:08:56::SCWPlatform::Opened existing hwdb design_1_wrapper_17
TRACE::2025-02-28.11:08:56::SCWPlatform::Found the Hw Db part of the input DSA
TRACE::2025-02-28.11:08:56::SCWPlatform::Trying to open the hw design at C:/Users/oparker/workspace/design_1_wrapper/hw/design_1_wrapper.xsa
TRACE::2025-02-28.11:08:56::SCWPlatform::DSA given C:/Users/oparker/workspace/design_1_wrapper/hw/design_1_wrapper.xsa
TRACE::2025-02-28.11:08:56::SCWPlatform::DSA absoulate path C:/Users/oparker/workspace/design_1_wrapper/hw/design_1_wrapper.xsa
TRACE::2025-02-28.11:08:56::SCWPlatform::DSA directory C:/Users/oparker/workspace/design_1_wrapper/hw
TRACE::2025-02-28.11:08:56::SCWPlatform:: Platform Path C:/Users/oparker/workspace/design_1_wrapper/hw/design_1_wrapper.xsa
TRACE::2025-02-28.11:08:56::SCWPlatform:: Unique name xilinx:zed::0.0
TRACE::2025-02-28.11:08:56::SCWPlatform::Trying to set the existing hwdb with name design_1_wrapper_17
TRACE::2025-02-28.11:08:56::SCWPlatform::Opened existing hwdb design_1_wrapper_17
TRACE::2025-02-28.11:08:56::SCWPlatform::Found the Hw Db part of the input DSA
TRACE::2025-02-28.11:08:56::SCWMssOS::Checking the sw design at  C:/Users/oparker/workspace/design_1_wrapper/ps7_cortexa9_0/domain_ps7_cortexa9_0/bsp/system.mss
TRACE::2025-02-28.11:08:56::SCWMssOS::DEBUG:  swdes dump  C:/Users/oparker/workspace/TPG/ps7_cortexa9_0/standalone_domain/bsp/system.mss|system_2||
C:/Users/oparker/workspace/TPG/zynq_fsbl/zynq_fsbl_bsp/system.mss|system||
C:/Users/oparker/workspace/design_1_wrapper/ps7_cortexa9_0/domain_ps7_cortexa9_0/bsp/system.mss|system_1||
C:/Users/oparker/workspace/design_1_wrapper/zynq_fsbl/zynq_fsbl_bsp/system.mss|system_0||

TRACE::2025-02-28.11:08:56::SCWMssOS::Sw design exists and opened at  C:/Users/oparker/workspace/design_1_wrapper/ps7_cortexa9_0/domain_ps7_cortexa9_0/bsp/system.mss
TRACE::2025-02-28.11:08:56::SCWPlatform::Trying to open the hw design at C:/Users/oparker/workspace/design_1_wrapper/tempdsa/design_1_wrapper.xsa
TRACE::2025-02-28.11:08:56::SCWPlatform::DSA given C:/Users/oparker/workspace/design_1_wrapper/tempdsa/design_1_wrapper.xsa
TRACE::2025-02-28.11:08:56::SCWPlatform::DSA absoulate path C:/Users/oparker/workspace/design_1_wrapper/tempdsa/design_1_wrapper.xsa
TRACE::2025-02-28.11:08:56::SCWPlatform::DSA directory C:/Users/oparker/workspace/design_1_wrapper/tempdsa
TRACE::2025-02-28.11:08:56::SCWPlatform:: Platform Path C:/Users/oparker/workspace/design_1_wrapper/tempdsa/design_1_wrapper.xsa
TRACE::2025-02-28.11:08:56::SCWPlatform:: Unique name xilinx:zed::0.0
TRACE::2025-02-28.11:08:56::SCWPlatform::update - Opened existing hwdb design_1_wrapper_23
TRACE::2025-02-28.11:08:56::SCWPlatform::Found the Hw Db part of the input DSA
TRACE::2025-02-28.11:08:56::SCWMssOS::Saving the mss changes C:/Users/oparker/workspace/design_1_wrapper/zynq_fsbl/zynq_fsbl_bsp/system.mss
TRACE::2025-02-28.11:08:56::SCWMssOS::Found a swdesign opened with the mssfile.
TRACE::2025-02-28.11:08:56::SCWMssOS::Completed writemss as part of save.
TRACE::2025-02-28.11:08:56::SCWMssOS::Commit changes completed.
TRACE::2025-02-28.11:08:56::SCWMssOS::Completed hw sync for the mss in domain: zynq_fsbl
TRACE::2025-02-28.11:08:56::SCWMssOS::Removing the swdes entry for  C:/Users/oparker/workspace/design_1_wrapper/zynq_fsbl/zynq_fsbl_bsp/system.mss
TRACE::2025-02-28.11:08:56::SCWMssOS::Saving the mss changes C:/Users/oparker/workspace/design_1_wrapper/ps7_cortexa9_0/domain_ps7_cortexa9_0/bsp/system.mss
TRACE::2025-02-28.11:08:56::SCWMssOS::Found a swdesign opened with the mssfile.
TRACE::2025-02-28.11:08:56::SCWMssOS::Completed writemss as part of save.
TRACE::2025-02-28.11:08:56::SCWMssOS::Commit changes completed.
TRACE::2025-02-28.11:08:56::SCWMssOS::Completed hw sync for the mss in domain: domain_ps7_cortexa9_0
TRACE::2025-02-28.11:08:56::SCWMssOS::Removing the swdes entry for  C:/Users/oparker/workspace/design_1_wrapper/ps7_cortexa9_0/domain_ps7_cortexa9_0/bsp/system.mss
TRACE::2025-02-28.11:08:57::SCWPlatform::Trying to open the hw design at C:/Users/oparker/workspace/design_1_wrapper/hw/design_1_wrapper.xsa
TRACE::2025-02-28.11:08:57::SCWPlatform::DSA given C:/Users/oparker/workspace/design_1_wrapper/hw/design_1_wrapper.xsa
TRACE::2025-02-28.11:08:57::SCWPlatform::DSA absoulate path C:/Users/oparker/workspace/design_1_wrapper/hw/design_1_wrapper.xsa
TRACE::2025-02-28.11:08:57::SCWPlatform::DSA directory C:/Users/oparker/workspace/design_1_wrapper/hw
TRACE::2025-02-28.11:08:57::SCWPlatform:: Platform Path C:/Users/oparker/workspace/design_1_wrapper/hw/design_1_wrapper.xsa
TRACE::2025-02-28.11:08:57::SCWPlatform:: Unique name xilinx:zed::0.0
TRACE::2025-02-28.11:08:57::SCWPlatform::Do not have an existing db opened. 
TRACE::2025-02-28.11:08:58::SCWPlatform::Opened new HwDB with name design_1_wrapper_24
TRACE::2025-02-28.11:08:58::SCWPlatform::Trying to open the hw design at C:/Users/oparker/workspace/design_1_wrapper/hw/design_1_wrapper.xsa
TRACE::2025-02-28.11:08:58::SCWPlatform::DSA given C:/Users/oparker/workspace/design_1_wrapper/hw/design_1_wrapper.xsa
TRACE::2025-02-28.11:08:58::SCWPlatform::DSA absoulate path C:/Users/oparker/workspace/design_1_wrapper/hw/design_1_wrapper.xsa
TRACE::2025-02-28.11:08:58::SCWPlatform::DSA directory C:/Users/oparker/workspace/design_1_wrapper/hw
TRACE::2025-02-28.11:08:58::SCWPlatform:: Platform Path C:/Users/oparker/workspace/design_1_wrapper/hw/design_1_wrapper.xsa
TRACE::2025-02-28.11:08:58::SCWPlatform:: Unique name xilinx:zed::0.0
TRACE::2025-02-28.11:08:58::SCWPlatform::Trying to set the existing hwdb with name design_1_wrapper_24
TRACE::2025-02-28.11:08:58::SCWPlatform::Opened existing hwdb design_1_wrapper_24
TRACE::2025-02-28.11:08:58::SCWPlatform::Found the Hw Db part of the input DSA
TRACE::2025-02-28.11:08:58::SCWMssOS::Checking the sw design at  C:/Users/oparker/workspace/design_1_wrapper/zynq_fsbl/zynq_fsbl_bsp/system.mss
TRACE::2025-02-28.11:08:58::SCWMssOS::DEBUG:  swdes dump  C:/Users/oparker/workspace/TPG/ps7_cortexa9_0/standalone_domain/bsp/system.mss|system_2||
C:/Users/oparker/workspace/TPG/zynq_fsbl/zynq_fsbl_bsp/system.mss|system||

TRACE::2025-02-28.11:08:58::SCWMssOS::No sw design opened at  C:/Users/oparker/workspace/design_1_wrapper/zynq_fsbl/zynq_fsbl_bsp/system.mss
TRACE::2025-02-28.11:08:58::SCWMssOS::mss exists loading the mss file  C:/Users/oparker/workspace/design_1_wrapper/zynq_fsbl/zynq_fsbl_bsp/system.mss
TRACE::2025-02-28.11:08:58::SCWMssOS::Opened the sw design from mss  C:/Users/oparker/workspace/design_1_wrapper/zynq_fsbl/zynq_fsbl_bsp/system.mss
TRACE::2025-02-28.11:08:58::SCWMssOS::Adding the swdes entry C:/Users/oparker/workspace/design_1_wrapper/zynq_fsbl/zynq_fsbl_bsp/system.mss with des name system_0
TRACE::2025-02-28.11:08:58::SCWMssOS::updating the scw layer about changes
TRACE::2025-02-28.11:08:58::SCWMssOS::Opened the sw design.  C:/Users/oparker/workspace/design_1_wrapper/zynq_fsbl/zynq_fsbl_bsp/system.mss
TRACE::2025-02-28.11:08:58::SCWMssOS::Saving the mss changes C:/Users/oparker/workspace/design_1_wrapper/zynq_fsbl/zynq_fsbl_bsp/system.mss
TRACE::2025-02-28.11:08:58::SCWMssOS::Found a swdesign opened with the mssfile.
TRACE::2025-02-28.11:08:58::SCWMssOS::Completed writemss as part of save.
TRACE::2025-02-28.11:08:58::SCWMssOS::Commit changes completed.
TRACE::2025-02-28.11:08:58::SCWMssOS::Saving the mss changes C:/Users/oparker/workspace/design_1_wrapper/ps7_cortexa9_0/domain_ps7_cortexa9_0/bsp/system.mss
TRACE::2025-02-28.11:08:58::SCWMssOS::Adding the swdes entry, mss present, able to open swdb C:/Users/oparker/workspace/design_1_wrapper/ps7_cortexa9_0/domain_ps7_cortexa9_0/bsp/system.mss with des name system_1
TRACE::2025-02-28.11:08:58::SCWMssOS::Writing the mss file completed C:/Users/oparker/workspace/design_1_wrapper/ps7_cortexa9_0/domain_ps7_cortexa9_0/bsp/system.mss
TRACE::2025-02-28.11:08:58::SCWMssOS::Commit changes completed.
TRACE::2025-02-28.11:08:58::SCWPlatform::Trying to open the hw design at C:/Users/oparker/workspace/design_1_wrapper/hw/design_1_wrapper.xsa
TRACE::2025-02-28.11:08:58::SCWPlatform::DSA given C:/Users/oparker/workspace/design_1_wrapper/hw/design_1_wrapper.xsa
TRACE::2025-02-28.11:08:58::SCWPlatform::DSA absoulate path C:/Users/oparker/workspace/design_1_wrapper/hw/design_1_wrapper.xsa
TRACE::2025-02-28.11:08:58::SCWPlatform::DSA directory C:/Users/oparker/workspace/design_1_wrapper/hw
TRACE::2025-02-28.11:08:58::SCWPlatform:: Platform Path C:/Users/oparker/workspace/design_1_wrapper/hw/design_1_wrapper.xsa
TRACE::2025-02-28.11:08:58::SCWPlatform:: Unique name xilinx:zed::0.0
TRACE::2025-02-28.11:08:58::SCWPlatform::Trying to set the existing hwdb with name design_1_wrapper_24
TRACE::2025-02-28.11:08:58::SCWPlatform::Opened existing hwdb design_1_wrapper_24
TRACE::2025-02-28.11:08:58::SCWPlatform::Found the Hw Db part of the input DSA
TRACE::2025-02-28.11:08:58::SCWMssOS::Checking the sw design at  C:/Users/oparker/workspace/design_1_wrapper/zynq_fsbl/zynq_fsbl_bsp/system.mss
TRACE::2025-02-28.11:08:58::SCWMssOS::DEBUG:  swdes dump  C:/Users/oparker/workspace/TPG/ps7_cortexa9_0/standalone_domain/bsp/system.mss|system_2||
C:/Users/oparker/workspace/TPG/zynq_fsbl/zynq_fsbl_bsp/system.mss|system||
C:/Users/oparker/workspace/design_1_wrapper/ps7_cortexa9_0/domain_ps7_cortexa9_0/bsp/system.mss|system_1||
C:/Users/oparker/workspace/design_1_wrapper/zynq_fsbl/zynq_fsbl_bsp/system.mss|system_0||

TRACE::2025-02-28.11:08:58::SCWMssOS::Sw design exists and opened at  C:/Users/oparker/workspace/design_1_wrapper/zynq_fsbl/zynq_fsbl_bsp/system.mss
TRACE::2025-02-28.11:08:58::SCWPlatform::Trying to open the hw design at C:/Users/oparker/workspace/design_1_wrapper/hw/design_1_wrapper.xsa
TRACE::2025-02-28.11:08:58::SCWPlatform::DSA given C:/Users/oparker/workspace/design_1_wrapper/hw/design_1_wrapper.xsa
TRACE::2025-02-28.11:08:58::SCWPlatform::DSA absoulate path C:/Users/oparker/workspace/design_1_wrapper/hw/design_1_wrapper.xsa
TRACE::2025-02-28.11:08:58::SCWPlatform::DSA directory C:/Users/oparker/workspace/design_1_wrapper/hw
TRACE::2025-02-28.11:08:58::SCWPlatform:: Platform Path C:/Users/oparker/workspace/design_1_wrapper/hw/design_1_wrapper.xsa
TRACE::2025-02-28.11:08:58::SCWPlatform:: Unique name xilinx:zed::0.0
TRACE::2025-02-28.11:08:58::SCWPlatform::Trying to set the existing hwdb with name design_1_wrapper_24
TRACE::2025-02-28.11:08:58::SCWPlatform::Opened existing hwdb design_1_wrapper_24
TRACE::2025-02-28.11:08:58::SCWPlatform::Found the Hw Db part of the input DSA
TRACE::2025-02-28.11:08:58::SCWMssOS::Checking the sw design at  C:/Users/oparker/workspace/design_1_wrapper/ps7_cortexa9_0/domain_ps7_cortexa9_0/bsp/system.mss
TRACE::2025-02-28.11:08:58::SCWMssOS::DEBUG:  swdes dump  C:/Users/oparker/workspace/TPG/ps7_cortexa9_0/standalone_domain/bsp/system.mss|system_2||
C:/Users/oparker/workspace/TPG/zynq_fsbl/zynq_fsbl_bsp/system.mss|system||
C:/Users/oparker/workspace/design_1_wrapper/ps7_cortexa9_0/domain_ps7_cortexa9_0/bsp/system.mss|system_1||
C:/Users/oparker/workspace/design_1_wrapper/zynq_fsbl/zynq_fsbl_bsp/system.mss|system_0||

TRACE::2025-02-28.11:08:58::SCWMssOS::Sw design exists and opened at  C:/Users/oparker/workspace/design_1_wrapper/ps7_cortexa9_0/domain_ps7_cortexa9_0/bsp/system.mss
TRACE::2025-02-28.11:08:58::SCWWriter::formatted JSON is {
	"platformName":	"design_1_wrapper",
	"sprVersion":	"2.0",
	"mode":	"gui",
	"dsaType":	"Fixed",
	"platformDesc":	"design_1_wrapper",
	"platHandOff":	"C:/Users/oparker/cpre488-mp2/project_1/design_1_wrapper.xsa",
	"platIntHandOff":	"<platformDir>/hw/design_1_wrapper.xsa",
	"deviceType":	"zynq",
	"platIsPrebuiltAutogen":	"false",
	"platIsNoBootBsp":	"false",
	"hasFsblMakeHasChanges":	"false",
	"hasPmufwMakeHasChanges":	"false",
	"fsblExtraCompilerFlags":	"-MMD -MP       -mcpu=cortex-a9 -mfpu=vfpv3 -mfloat-abi=hard ",
	"platPreBuiltFlag":	false,
	"platformSamplesDir":	"",
	"platActiveSys":	"design_1_wrapper",
	"systems":	[{
			"systemName":	"design_1_wrapper",
			"systemDesc":	"design_1_wrapper",
			"sysIsBootAutoGen":	"true",
			"systemDispName":	"design_1_wrapper",
			"sysActiveDom":	"domain_ps7_cortexa9_0",
			"sysDefaultDom":	"domain_ps7_cortexa9_0",
			"domains":	[{
					"domainName":	"zynq_fsbl",
					"domainDispName":	"zynq_fsbl",
					"domainDesc":	"FSBL Application BSP - Auto Generated.",
					"processors":	"ps7_cortexa9_0",
					"os":	"standalone",
					"sdxOs":	"standalone",
					"debugEnable":	"",
					"domRuntimes":	["cpp"],
					"swRepo":	"",
					"mssOsVer":	"7.2",
					"mssFile":	"",
					"md5Digest":	"158a679dab493f3308b1d2cbafc496b0",
					"compatibleApp":	"zynq_fsbl",
					"domType":	"bootDomain",
					"arch":	"32-bit",
					"appSettings":	{
						"appCompilerFlags":	"",
						"appLinkerFlags":	""
					},
					"addedLibs":	["xilffs:4.3", "xilrsa:1.6"],
					"libOptions":	{
						"libsContainingOptions":	[]
					},
					"prebuiltLibs":	{
						"prebuiltIncPath":	[],
						"prebuiltLibPath":	[]
					},
					"isolation":	{
					}
				}, {
					"domainName":	"domain_ps7_cortexa9_0",
					"domainDispName":	"domain_ps7_cortexa9_0",
					"domainDesc":	"domain_ps7_cortexa9_0",
					"processors":	"ps7_cortexa9_0",
					"os":	"standalone",
					"sdxOs":	"standalone",
					"qemuArgs":	"C:/Xilinx/Vitis/2020.1/data/emulation/platforms/zynq/qemu/qemu_args.txt",
					"qemuData":	"C:/Xilinx/Vitis/2020.1/data/emulation/platforms/zynq/qemu/",
					"debugEnable":	"False",
					"domRuntimes":	["cpp"],
					"swRepo":	"",
					"mssOsVer":	"7.2",
					"mssFile":	"",
					"md5Digest":	"4d829895c3b4275df468d7f6b2c6e4be",
					"compatibleApp":	"",
					"domType":	"mssDomain",
					"arch":	"32-bit",
					"appSettings":	{
						"appCompilerFlags":	"",
						"appLinkerFlags":	""
					},
					"addedLibs":	["fmc_iic_sw:2.03.a", "fmc_imageon_sw:2.01.a", "fmc_ipmi_sw:2.02.a", "onsemi_vita_sw:3.3"],
					"libOptions":	{
						"libsContainingOptions":	[]
					},
					"prebuiltLibs":	{
						"prebuiltIncPath":	[],
						"prebuiltLibPath":	[]
					},
					"isolation":	{
					}
				}]
		}]
}
TRACE::2025-02-28.11:08:59::SCWPlatform::Clearing the existing platform
TRACE::2025-02-28.11:08:59::SCWSystem::Clearing the existing sysconfig
TRACE::2025-02-28.11:08:59::SCWBDomain::clearing the fsbl build
TRACE::2025-02-28.11:08:59::SCWMssOS::Removing the swdes entry for  C:/Users/oparker/workspace/design_1_wrapper/zynq_fsbl/zynq_fsbl_bsp/system.mss
TRACE::2025-02-28.11:08:59::SCWMssOS::Removing the swdes entry for  C:/Users/oparker/workspace/design_1_wrapper/ps7_cortexa9_0/domain_ps7_cortexa9_0/bsp/system.mss
TRACE::2025-02-28.11:08:59::SCWSystem::Clearing the domains completed.
TRACE::2025-02-28.11:08:59::SCWPlatform::Clearing the opened hw db.
TRACE::2025-02-28.11:08:59::SCWPlatform::DSA given C:/Users/oparker/workspace/design_1_wrapper/hw/design_1_wrapper.xsa
TRACE::2025-02-28.11:08:59::SCWPlatform::DSA absoulate path C:/Users/oparker/workspace/design_1_wrapper/hw/design_1_wrapper.xsa
TRACE::2025-02-28.11:08:59::SCWPlatform:: Platform location is C:/Users/oparker/workspace/design_1_wrapper/hw
TRACE::2025-02-28.11:08:59::SCWPlatform:: Platform Path C:/Users/oparker/workspace/design_1_wrapper/hw/design_1_wrapper.xsa
TRACE::2025-02-28.11:08:59::SCWPlatform:: Unique name xilinx:zed::0.0
TRACE::2025-02-28.11:08:59::SCWPlatform::Removing the HwDB with name C:/Users/oparker/workspace/design_1_wrapper/hw/design_1_wrapper.xsa
TRACE::2025-02-28.11:08:59::SCWPlatform::Trying to open the hw design at C:/Users/oparker/workspace/design_1_wrapper/hw/design_1_wrapper.xsa
TRACE::2025-02-28.11:08:59::SCWPlatform::DSA given C:/Users/oparker/workspace/design_1_wrapper/hw/design_1_wrapper.xsa
TRACE::2025-02-28.11:08:59::SCWPlatform::DSA absoulate path C:/Users/oparker/workspace/design_1_wrapper/hw/design_1_wrapper.xsa
TRACE::2025-02-28.11:08:59::SCWPlatform::DSA directory C:/Users/oparker/workspace/design_1_wrapper/hw
TRACE::2025-02-28.11:08:59::SCWPlatform:: Platform Path C:/Users/oparker/workspace/design_1_wrapper/hw/design_1_wrapper.xsa
TRACE::2025-02-28.11:08:59::SCWPlatform:: Unique name xilinx:zed::0.0
TRACE::2025-02-28.11:08:59::SCWPlatform::Do not have an existing db opened. 
TRACE::2025-02-28.11:09:01::SCWPlatform::Opened new HwDB with name design_1_wrapper_25
TRACE::2025-02-28.11:09:01::SCWReader::Active system found as  design_1_wrapper
TRACE::2025-02-28.11:09:01::SCWReader::Handling sysconfig design_1_wrapper
TRACE::2025-02-28.11:09:01::SCWDomain::checking for install qemu data   : 
TRACE::2025-02-28.11:09:01::SCWDomain:: Using the QEMU Data from install at  : C:/Xilinx/Vitis/2020.1/data/emulation/platforms/zynq/qemu/
TRACE::2025-02-28.11:09:01::SCWDomain:: Using the QEMU args  from install at  : C:/Xilinx/Vitis/2020.1/data/emulation/platforms/zynq/qemu/qemu_args.txt
TRACE::2025-02-28.11:09:01::SCWPlatform::Trying to open the hw design at C:/Users/oparker/workspace/design_1_wrapper/hw/design_1_wrapper.xsa
TRACE::2025-02-28.11:09:01::SCWPlatform::DSA given C:/Users/oparker/workspace/design_1_wrapper/hw/design_1_wrapper.xsa
TRACE::2025-02-28.11:09:01::SCWPlatform::DSA absoulate path C:/Users/oparker/workspace/design_1_wrapper/hw/design_1_wrapper.xsa
TRACE::2025-02-28.11:09:01::SCWPlatform::DSA directory C:/Users/oparker/workspace/design_1_wrapper/hw
TRACE::2025-02-28.11:09:01::SCWPlatform:: Platform Path C:/Users/oparker/workspace/design_1_wrapper/hw/design_1_wrapper.xsa
TRACE::2025-02-28.11:09:01::SCWPlatform:: Unique name xilinx:zed::0.0
TRACE::2025-02-28.11:09:01::SCWPlatform::Trying to set the existing hwdb with name design_1_wrapper_25
TRACE::2025-02-28.11:09:01::SCWPlatform::Opened existing hwdb design_1_wrapper_25
TRACE::2025-02-28.11:09:01::SCWPlatform::Found the Hw Db part of the input DSA
TRACE::2025-02-28.11:09:01::SCWPlatform::Trying to open the hw design at C:/Users/oparker/workspace/design_1_wrapper/hw/design_1_wrapper.xsa
TRACE::2025-02-28.11:09:01::SCWPlatform::DSA given C:/Users/oparker/workspace/design_1_wrapper/hw/design_1_wrapper.xsa
TRACE::2025-02-28.11:09:01::SCWPlatform::DSA absoulate path C:/Users/oparker/workspace/design_1_wrapper/hw/design_1_wrapper.xsa
TRACE::2025-02-28.11:09:01::SCWPlatform::DSA directory C:/Users/oparker/workspace/design_1_wrapper/hw
TRACE::2025-02-28.11:09:01::SCWPlatform:: Platform Path C:/Users/oparker/workspace/design_1_wrapper/hw/design_1_wrapper.xsa
TRACE::2025-02-28.11:09:01::SCWPlatform:: Unique name xilinx:zed::0.0
TRACE::2025-02-28.11:09:01::SCWPlatform::Trying to set the existing hwdb with name design_1_wrapper_25
TRACE::2025-02-28.11:09:01::SCWPlatform::Opened existing hwdb design_1_wrapper_25
TRACE::2025-02-28.11:09:01::SCWPlatform::Found the Hw Db part of the input DSA
TRACE::2025-02-28.11:09:01::SCWPlatform::Trying to open the hw design at C:/Users/oparker/workspace/design_1_wrapper/hw/design_1_wrapper.xsa
TRACE::2025-02-28.11:09:01::SCWPlatform::DSA given C:/Users/oparker/workspace/design_1_wrapper/hw/design_1_wrapper.xsa
TRACE::2025-02-28.11:09:01::SCWPlatform::DSA absoulate path C:/Users/oparker/workspace/design_1_wrapper/hw/design_1_wrapper.xsa
TRACE::2025-02-28.11:09:01::SCWPlatform::DSA directory C:/Users/oparker/workspace/design_1_wrapper/hw
TRACE::2025-02-28.11:09:01::SCWPlatform:: Platform Path C:/Users/oparker/workspace/design_1_wrapper/hw/design_1_wrapper.xsa
TRACE::2025-02-28.11:09:01::SCWPlatform:: Unique name xilinx:zed::0.0
TRACE::2025-02-28.11:09:01::SCWPlatform::Trying to set the existing hwdb with name design_1_wrapper_25
TRACE::2025-02-28.11:09:01::SCWPlatform::Opened existing hwdb design_1_wrapper_25
TRACE::2025-02-28.11:09:01::SCWPlatform::Found the Hw Db part of the input DSA
TRACE::2025-02-28.11:09:01::SCWReader::Boot application domain added for zynq_fsbl
TRACE::2025-02-28.11:09:01::SCWPlatform::Trying to open the hw design at C:/Users/oparker/workspace/design_1_wrapper/hw/design_1_wrapper.xsa
TRACE::2025-02-28.11:09:01::SCWPlatform::DSA given C:/Users/oparker/workspace/design_1_wrapper/hw/design_1_wrapper.xsa
TRACE::2025-02-28.11:09:01::SCWPlatform::DSA absoulate path C:/Users/oparker/workspace/design_1_wrapper/hw/design_1_wrapper.xsa
TRACE::2025-02-28.11:09:01::SCWPlatform::DSA directory C:/Users/oparker/workspace/design_1_wrapper/hw
TRACE::2025-02-28.11:09:01::SCWPlatform:: Platform Path C:/Users/oparker/workspace/design_1_wrapper/hw/design_1_wrapper.xsa
TRACE::2025-02-28.11:09:01::SCWPlatform:: Unique name xilinx:zed::0.0
TRACE::2025-02-28.11:09:01::SCWPlatform::Trying to set the existing hwdb with name design_1_wrapper_25
TRACE::2025-02-28.11:09:01::SCWPlatform::Opened existing hwdb design_1_wrapper_25
TRACE::2025-02-28.11:09:01::SCWPlatform::Found the Hw Db part of the input DSA
TRACE::2025-02-28.11:09:01::SCWMssOS::Checking the sw design at  C:/Users/oparker/workspace/design_1_wrapper/zynq_fsbl/zynq_fsbl_bsp/system.mss
TRACE::2025-02-28.11:09:01::SCWMssOS::DEBUG:  swdes dump  C:/Users/oparker/workspace/TPG/ps7_cortexa9_0/standalone_domain/bsp/system.mss|system_2||
C:/Users/oparker/workspace/TPG/zynq_fsbl/zynq_fsbl_bsp/system.mss|system||

TRACE::2025-02-28.11:09:01::SCWMssOS::No sw design opened at  C:/Users/oparker/workspace/design_1_wrapper/zynq_fsbl/zynq_fsbl_bsp/system.mss
TRACE::2025-02-28.11:09:01::SCWMssOS::mss exists loading the mss file  C:/Users/oparker/workspace/design_1_wrapper/zynq_fsbl/zynq_fsbl_bsp/system.mss
TRACE::2025-02-28.11:09:01::SCWMssOS::Opened the sw design from mss  C:/Users/oparker/workspace/design_1_wrapper/zynq_fsbl/zynq_fsbl_bsp/system.mss
TRACE::2025-02-28.11:09:01::SCWMssOS::Adding the swdes entry C:/Users/oparker/workspace/design_1_wrapper/zynq_fsbl/zynq_fsbl_bsp/system.mss with des name system_0
TRACE::2025-02-28.11:09:01::SCWMssOS::updating the scw layer about changes
TRACE::2025-02-28.11:09:01::SCWMssOS::Opened the sw design.  C:/Users/oparker/workspace/design_1_wrapper/zynq_fsbl/zynq_fsbl_bsp/system.mss
TRACE::2025-02-28.11:09:01::SCWPlatform::Trying to open the hw design at C:/Users/oparker/workspace/design_1_wrapper/hw/design_1_wrapper.xsa
TRACE::2025-02-28.11:09:01::SCWPlatform::DSA given C:/Users/oparker/workspace/design_1_wrapper/hw/design_1_wrapper.xsa
TRACE::2025-02-28.11:09:01::SCWPlatform::DSA absoulate path C:/Users/oparker/workspace/design_1_wrapper/hw/design_1_wrapper.xsa
TRACE::2025-02-28.11:09:01::SCWPlatform::DSA directory C:/Users/oparker/workspace/design_1_wrapper/hw
TRACE::2025-02-28.11:09:01::SCWPlatform:: Platform Path C:/Users/oparker/workspace/design_1_wrapper/hw/design_1_wrapper.xsa
TRACE::2025-02-28.11:09:01::SCWPlatform:: Unique name xilinx:zed::0.0
TRACE::2025-02-28.11:09:01::SCWPlatform::Trying to set the existing hwdb with name design_1_wrapper_25
TRACE::2025-02-28.11:09:01::SCWPlatform::Opened existing hwdb design_1_wrapper_25
TRACE::2025-02-28.11:09:01::SCWPlatform::Found the Hw Db part of the input DSA
TRACE::2025-02-28.11:09:01::SCWMssOS::Checking the sw design at  C:/Users/oparker/workspace/design_1_wrapper/zynq_fsbl/zynq_fsbl_bsp/system.mss
TRACE::2025-02-28.11:09:01::SCWMssOS::DEBUG:  swdes dump  C:/Users/oparker/workspace/TPG/ps7_cortexa9_0/standalone_domain/bsp/system.mss|system_2||
C:/Users/oparker/workspace/TPG/zynq_fsbl/zynq_fsbl_bsp/system.mss|system||
C:/Users/oparker/workspace/design_1_wrapper/zynq_fsbl/zynq_fsbl_bsp/system.mss|system_0||

TRACE::2025-02-28.11:09:01::SCWMssOS::Sw design exists and opened at  C:/Users/oparker/workspace/design_1_wrapper/zynq_fsbl/zynq_fsbl_bsp/system.mss
TRACE::2025-02-28.11:09:01::SCWMssOS:: library already available in sw design:  xilffs:4.3
TRACE::2025-02-28.11:09:01::SCWPlatform::Trying to open the hw design at C:/Users/oparker/workspace/design_1_wrapper/hw/design_1_wrapper.xsa
TRACE::2025-02-28.11:09:01::SCWPlatform::DSA given C:/Users/oparker/workspace/design_1_wrapper/hw/design_1_wrapper.xsa
TRACE::2025-02-28.11:09:01::SCWPlatform::DSA absoulate path C:/Users/oparker/workspace/design_1_wrapper/hw/design_1_wrapper.xsa
TRACE::2025-02-28.11:09:01::SCWPlatform::DSA directory C:/Users/oparker/workspace/design_1_wrapper/hw
TRACE::2025-02-28.11:09:01::SCWPlatform:: Platform Path C:/Users/oparker/workspace/design_1_wrapper/hw/design_1_wrapper.xsa
TRACE::2025-02-28.11:09:01::SCWPlatform:: Unique name xilinx:zed::0.0
TRACE::2025-02-28.11:09:01::SCWPlatform::Trying to set the existing hwdb with name design_1_wrapper_25
TRACE::2025-02-28.11:09:01::SCWPlatform::Opened existing hwdb design_1_wrapper_25
TRACE::2025-02-28.11:09:01::SCWPlatform::Found the Hw Db part of the input DSA
TRACE::2025-02-28.11:09:01::SCWMssOS::Checking the sw design at  C:/Users/oparker/workspace/design_1_wrapper/zynq_fsbl/zynq_fsbl_bsp/system.mss
TRACE::2025-02-28.11:09:01::SCWMssOS::DEBUG:  swdes dump  C:/Users/oparker/workspace/TPG/ps7_cortexa9_0/standalone_domain/bsp/system.mss|system_2||
C:/Users/oparker/workspace/TPG/zynq_fsbl/zynq_fsbl_bsp/system.mss|system||
C:/Users/oparker/workspace/design_1_wrapper/zynq_fsbl/zynq_fsbl_bsp/system.mss|system_0||

TRACE::2025-02-28.11:09:01::SCWMssOS::Sw design exists and opened at  C:/Users/oparker/workspace/design_1_wrapper/zynq_fsbl/zynq_fsbl_bsp/system.mss
TRACE::2025-02-28.11:09:01::SCWMssOS:: library already available in sw design:  xilrsa:1.6
TRACE::2025-02-28.11:09:01::SCWMssOS::Saving the mss changes C:/Users/oparker/workspace/design_1_wrapper/zynq_fsbl/zynq_fsbl_bsp/system.mss
TRACE::2025-02-28.11:09:01::SCWMssOS::Found a swdesign opened with the mssfile.
TRACE::2025-02-28.11:09:01::SCWMssOS::Completed writemss as part of save.
TRACE::2025-02-28.11:09:01::SCWMssOS::Commit changes completed.
TRACE::2025-02-28.11:09:01::SCWReader::Adding prebuilt librarypaths as   
TRACE::2025-02-28.11:09:01::SCWReader::Adding prebuilt incpaths  as   
TRACE::2025-02-28.11:09:01::SCWPlatform::Trying to open the hw design at C:/Users/oparker/workspace/design_1_wrapper/hw/design_1_wrapper.xsa
TRACE::2025-02-28.11:09:01::SCWPlatform::DSA given C:/Users/oparker/workspace/design_1_wrapper/hw/design_1_wrapper.xsa
TRACE::2025-02-28.11:09:01::SCWPlatform::DSA absoulate path C:/Users/oparker/workspace/design_1_wrapper/hw/design_1_wrapper.xsa
TRACE::2025-02-28.11:09:01::SCWPlatform::DSA directory C:/Users/oparker/workspace/design_1_wrapper/hw
TRACE::2025-02-28.11:09:01::SCWPlatform:: Platform Path C:/Users/oparker/workspace/design_1_wrapper/hw/design_1_wrapper.xsa
TRACE::2025-02-28.11:09:01::SCWPlatform:: Unique name xilinx:zed::0.0
TRACE::2025-02-28.11:09:01::SCWPlatform::Trying to set the existing hwdb with name design_1_wrapper_25
TRACE::2025-02-28.11:09:01::SCWPlatform::Opened existing hwdb design_1_wrapper_25
TRACE::2025-02-28.11:09:01::SCWPlatform::Found the Hw Db part of the input DSA
TRACE::2025-02-28.11:09:01::SCWMssOS::Checking the sw design at  C:/Users/oparker/workspace/design_1_wrapper/zynq_fsbl/zynq_fsbl_bsp/system.mss
TRACE::2025-02-28.11:09:01::SCWMssOS::DEBUG:  swdes dump  C:/Users/oparker/workspace/TPG/ps7_cortexa9_0/standalone_domain/bsp/system.mss|system_2||
C:/Users/oparker/workspace/TPG/zynq_fsbl/zynq_fsbl_bsp/system.mss|system||
C:/Users/oparker/workspace/design_1_wrapper/zynq_fsbl/zynq_fsbl_bsp/system.mss|system_0||

TRACE::2025-02-28.11:09:01::SCWMssOS::Sw design exists and opened at  C:/Users/oparker/workspace/design_1_wrapper/zynq_fsbl/zynq_fsbl_bsp/system.mss
TRACE::2025-02-28.11:09:01::SCWReader::No isolation master present  
TRACE::2025-02-28.11:09:01::SCWDomain::checking for install qemu data   : 
TRACE::2025-02-28.11:09:01::SCWDomain:: Using the QEMU Data from install at  : C:/Xilinx/Vitis/2020.1/data/emulation/platforms/zynq/qemu/
TRACE::2025-02-28.11:09:01::SCWDomain:: Using the QEMU args  from install at  : C:/Xilinx/Vitis/2020.1/data/emulation/platforms/zynq/qemu/qemu_args.txt
TRACE::2025-02-28.11:09:01::SCWPlatform::Trying to open the hw design at C:/Users/oparker/workspace/design_1_wrapper/hw/design_1_wrapper.xsa
TRACE::2025-02-28.11:09:01::SCWPlatform::DSA given C:/Users/oparker/workspace/design_1_wrapper/hw/design_1_wrapper.xsa
TRACE::2025-02-28.11:09:01::SCWPlatform::DSA absoulate path C:/Users/oparker/workspace/design_1_wrapper/hw/design_1_wrapper.xsa
TRACE::2025-02-28.11:09:01::SCWPlatform::DSA directory C:/Users/oparker/workspace/design_1_wrapper/hw
TRACE::2025-02-28.11:09:01::SCWPlatform:: Platform Path C:/Users/oparker/workspace/design_1_wrapper/hw/design_1_wrapper.xsa
TRACE::2025-02-28.11:09:01::SCWPlatform:: Unique name xilinx:zed::0.0
TRACE::2025-02-28.11:09:01::SCWPlatform::Trying to set the existing hwdb with name design_1_wrapper_25
TRACE::2025-02-28.11:09:01::SCWPlatform::Opened existing hwdb design_1_wrapper_25
TRACE::2025-02-28.11:09:01::SCWPlatform::Found the Hw Db part of the input DSA
TRACE::2025-02-28.11:09:01::SCWPlatform::Trying to open the hw design at C:/Users/oparker/workspace/design_1_wrapper/hw/design_1_wrapper.xsa
TRACE::2025-02-28.11:09:01::SCWPlatform::DSA given C:/Users/oparker/workspace/design_1_wrapper/hw/design_1_wrapper.xsa
TRACE::2025-02-28.11:09:01::SCWPlatform::DSA absoulate path C:/Users/oparker/workspace/design_1_wrapper/hw/design_1_wrapper.xsa
TRACE::2025-02-28.11:09:01::SCWPlatform::DSA directory C:/Users/oparker/workspace/design_1_wrapper/hw
TRACE::2025-02-28.11:09:01::SCWPlatform:: Platform Path C:/Users/oparker/workspace/design_1_wrapper/hw/design_1_wrapper.xsa
TRACE::2025-02-28.11:09:01::SCWPlatform:: Unique name xilinx:zed::0.0
TRACE::2025-02-28.11:09:01::SCWPlatform::Trying to set the existing hwdb with name design_1_wrapper_25
TRACE::2025-02-28.11:09:01::SCWPlatform::Opened existing hwdb design_1_wrapper_25
TRACE::2025-02-28.11:09:01::SCWPlatform::Found the Hw Db part of the input DSA
TRACE::2025-02-28.11:09:01::SCWPlatform::Trying to open the hw design at C:/Users/oparker/workspace/design_1_wrapper/hw/design_1_wrapper.xsa
TRACE::2025-02-28.11:09:01::SCWPlatform::DSA given C:/Users/oparker/workspace/design_1_wrapper/hw/design_1_wrapper.xsa
TRACE::2025-02-28.11:09:01::SCWPlatform::DSA absoulate path C:/Users/oparker/workspace/design_1_wrapper/hw/design_1_wrapper.xsa
TRACE::2025-02-28.11:09:01::SCWPlatform::DSA directory C:/Users/oparker/workspace/design_1_wrapper/hw
TRACE::2025-02-28.11:09:01::SCWPlatform:: Platform Path C:/Users/oparker/workspace/design_1_wrapper/hw/design_1_wrapper.xsa
TRACE::2025-02-28.11:09:01::SCWPlatform:: Unique name xilinx:zed::0.0
TRACE::2025-02-28.11:09:01::SCWPlatform::Trying to set the existing hwdb with name design_1_wrapper_25
TRACE::2025-02-28.11:09:01::SCWPlatform::Opened existing hwdb design_1_wrapper_25
TRACE::2025-02-28.11:09:01::SCWPlatform::Found the Hw Db part of the input DSA
TRACE::2025-02-28.11:09:01::SCWMssOS::Checking the sw design at  C:/Users/oparker/workspace/design_1_wrapper/ps7_cortexa9_0/domain_ps7_cortexa9_0/bsp/system.mss
TRACE::2025-02-28.11:09:01::SCWMssOS::DEBUG:  swdes dump  C:/Users/oparker/workspace/TPG/ps7_cortexa9_0/standalone_domain/bsp/system.mss|system_2||
C:/Users/oparker/workspace/TPG/zynq_fsbl/zynq_fsbl_bsp/system.mss|system||
C:/Users/oparker/workspace/design_1_wrapper/zynq_fsbl/zynq_fsbl_bsp/system.mss|system_0||

TRACE::2025-02-28.11:09:01::SCWMssOS::No sw design opened at  C:/Users/oparker/workspace/design_1_wrapper/ps7_cortexa9_0/domain_ps7_cortexa9_0/bsp/system.mss
TRACE::2025-02-28.11:09:01::SCWMssOS::mss exists loading the mss file  C:/Users/oparker/workspace/design_1_wrapper/ps7_cortexa9_0/domain_ps7_cortexa9_0/bsp/system.mss
TRACE::2025-02-28.11:09:01::SCWMssOS::Opened the sw design from mss  C:/Users/oparker/workspace/design_1_wrapper/ps7_cortexa9_0/domain_ps7_cortexa9_0/bsp/system.mss
TRACE::2025-02-28.11:09:01::SCWMssOS::Adding the swdes entry C:/Users/oparker/workspace/design_1_wrapper/ps7_cortexa9_0/domain_ps7_cortexa9_0/bsp/system.mss with des name system_1
TRACE::2025-02-28.11:09:01::SCWMssOS::updating the scw layer about changes
TRACE::2025-02-28.11:09:01::SCWMssOS::Opened the sw design.  C:/Users/oparker/workspace/design_1_wrapper/ps7_cortexa9_0/domain_ps7_cortexa9_0/bsp/system.mss
TRACE::2025-02-28.11:09:01::SCWPlatform::Trying to open the hw design at C:/Users/oparker/workspace/design_1_wrapper/hw/design_1_wrapper.xsa
TRACE::2025-02-28.11:09:01::SCWPlatform::DSA given C:/Users/oparker/workspace/design_1_wrapper/hw/design_1_wrapper.xsa
TRACE::2025-02-28.11:09:01::SCWPlatform::DSA absoulate path C:/Users/oparker/workspace/design_1_wrapper/hw/design_1_wrapper.xsa
TRACE::2025-02-28.11:09:01::SCWPlatform::DSA directory C:/Users/oparker/workspace/design_1_wrapper/hw
TRACE::2025-02-28.11:09:01::SCWPlatform:: Platform Path C:/Users/oparker/workspace/design_1_wrapper/hw/design_1_wrapper.xsa
TRACE::2025-02-28.11:09:01::SCWPlatform:: Unique name xilinx:zed::0.0
TRACE::2025-02-28.11:09:01::SCWPlatform::Trying to set the existing hwdb with name design_1_wrapper_25
TRACE::2025-02-28.11:09:01::SCWPlatform::Opened existing hwdb design_1_wrapper_25
TRACE::2025-02-28.11:09:01::SCWPlatform::Found the Hw Db part of the input DSA
TRACE::2025-02-28.11:09:01::SCWMssOS::Checking the sw design at  C:/Users/oparker/workspace/design_1_wrapper/ps7_cortexa9_0/domain_ps7_cortexa9_0/bsp/system.mss
TRACE::2025-02-28.11:09:01::SCWMssOS::DEBUG:  swdes dump  C:/Users/oparker/workspace/TPG/ps7_cortexa9_0/standalone_domain/bsp/system.mss|system_2||
C:/Users/oparker/workspace/TPG/zynq_fsbl/zynq_fsbl_bsp/system.mss|system||
C:/Users/oparker/workspace/design_1_wrapper/ps7_cortexa9_0/domain_ps7_cortexa9_0/bsp/system.mss|system_1||
C:/Users/oparker/workspace/design_1_wrapper/zynq_fsbl/zynq_fsbl_bsp/system.mss|system_0||

TRACE::2025-02-28.11:09:01::SCWMssOS::Sw design exists and opened at  C:/Users/oparker/workspace/design_1_wrapper/ps7_cortexa9_0/domain_ps7_cortexa9_0/bsp/system.mss
TRACE::2025-02-28.11:09:01::SCWMssOS:: library already available in sw design:  fmc_iic_sw:2.03.a
TRACE::2025-02-28.11:09:01::SCWPlatform::Trying to open the hw design at C:/Users/oparker/workspace/design_1_wrapper/hw/design_1_wrapper.xsa
TRACE::2025-02-28.11:09:01::SCWPlatform::DSA given C:/Users/oparker/workspace/design_1_wrapper/hw/design_1_wrapper.xsa
TRACE::2025-02-28.11:09:01::SCWPlatform::DSA absoulate path C:/Users/oparker/workspace/design_1_wrapper/hw/design_1_wrapper.xsa
TRACE::2025-02-28.11:09:01::SCWPlatform::DSA directory C:/Users/oparker/workspace/design_1_wrapper/hw
TRACE::2025-02-28.11:09:01::SCWPlatform:: Platform Path C:/Users/oparker/workspace/design_1_wrapper/hw/design_1_wrapper.xsa
TRACE::2025-02-28.11:09:01::SCWPlatform:: Unique name xilinx:zed::0.0
TRACE::2025-02-28.11:09:01::SCWPlatform::Trying to set the existing hwdb with name design_1_wrapper_25
TRACE::2025-02-28.11:09:01::SCWPlatform::Opened existing hwdb design_1_wrapper_25
TRACE::2025-02-28.11:09:01::SCWPlatform::Found the Hw Db part of the input DSA
TRACE::2025-02-28.11:09:01::SCWMssOS::Checking the sw design at  C:/Users/oparker/workspace/design_1_wrapper/ps7_cortexa9_0/domain_ps7_cortexa9_0/bsp/system.mss
TRACE::2025-02-28.11:09:01::SCWMssOS::DEBUG:  swdes dump  C:/Users/oparker/workspace/TPG/ps7_cortexa9_0/standalone_domain/bsp/system.mss|system_2||
C:/Users/oparker/workspace/TPG/zynq_fsbl/zynq_fsbl_bsp/system.mss|system||
C:/Users/oparker/workspace/design_1_wrapper/ps7_cortexa9_0/domain_ps7_cortexa9_0/bsp/system.mss|system_1||
C:/Users/oparker/workspace/design_1_wrapper/zynq_fsbl/zynq_fsbl_bsp/system.mss|system_0||

TRACE::2025-02-28.11:09:01::SCWMssOS::Sw design exists and opened at  C:/Users/oparker/workspace/design_1_wrapper/ps7_cortexa9_0/domain_ps7_cortexa9_0/bsp/system.mss
TRACE::2025-02-28.11:09:01::SCWMssOS:: library already available in sw design:  fmc_imageon_sw:2.01.a
TRACE::2025-02-28.11:09:01::SCWPlatform::Trying to open the hw design at C:/Users/oparker/workspace/design_1_wrapper/hw/design_1_wrapper.xsa
TRACE::2025-02-28.11:09:01::SCWPlatform::DSA given C:/Users/oparker/workspace/design_1_wrapper/hw/design_1_wrapper.xsa
TRACE::2025-02-28.11:09:01::SCWPlatform::DSA absoulate path C:/Users/oparker/workspace/design_1_wrapper/hw/design_1_wrapper.xsa
TRACE::2025-02-28.11:09:01::SCWPlatform::DSA directory C:/Users/oparker/workspace/design_1_wrapper/hw
TRACE::2025-02-28.11:09:01::SCWPlatform:: Platform Path C:/Users/oparker/workspace/design_1_wrapper/hw/design_1_wrapper.xsa
TRACE::2025-02-28.11:09:01::SCWPlatform:: Unique name xilinx:zed::0.0
TRACE::2025-02-28.11:09:01::SCWPlatform::Trying to set the existing hwdb with name design_1_wrapper_25
TRACE::2025-02-28.11:09:01::SCWPlatform::Opened existing hwdb design_1_wrapper_25
TRACE::2025-02-28.11:09:01::SCWPlatform::Found the Hw Db part of the input DSA
TRACE::2025-02-28.11:09:01::SCWMssOS::Checking the sw design at  C:/Users/oparker/workspace/design_1_wrapper/ps7_cortexa9_0/domain_ps7_cortexa9_0/bsp/system.mss
TRACE::2025-02-28.11:09:01::SCWMssOS::DEBUG:  swdes dump  C:/Users/oparker/workspace/TPG/ps7_cortexa9_0/standalone_domain/bsp/system.mss|system_2||
C:/Users/oparker/workspace/TPG/zynq_fsbl/zynq_fsbl_bsp/system.mss|system||
C:/Users/oparker/workspace/design_1_wrapper/ps7_cortexa9_0/domain_ps7_cortexa9_0/bsp/system.mss|system_1||
C:/Users/oparker/workspace/design_1_wrapper/zynq_fsbl/zynq_fsbl_bsp/system.mss|system_0||

TRACE::2025-02-28.11:09:01::SCWMssOS::Sw design exists and opened at  C:/Users/oparker/workspace/design_1_wrapper/ps7_cortexa9_0/domain_ps7_cortexa9_0/bsp/system.mss
TRACE::2025-02-28.11:09:01::SCWMssOS:: library already available in sw design:  fmc_ipmi_sw:2.02.a
TRACE::2025-02-28.11:09:01::SCWPlatform::Trying to open the hw design at C:/Users/oparker/workspace/design_1_wrapper/hw/design_1_wrapper.xsa
TRACE::2025-02-28.11:09:01::SCWPlatform::DSA given C:/Users/oparker/workspace/design_1_wrapper/hw/design_1_wrapper.xsa
TRACE::2025-02-28.11:09:01::SCWPlatform::DSA absoulate path C:/Users/oparker/workspace/design_1_wrapper/hw/design_1_wrapper.xsa
TRACE::2025-02-28.11:09:01::SCWPlatform::DSA directory C:/Users/oparker/workspace/design_1_wrapper/hw
TRACE::2025-02-28.11:09:01::SCWPlatform:: Platform Path C:/Users/oparker/workspace/design_1_wrapper/hw/design_1_wrapper.xsa
TRACE::2025-02-28.11:09:01::SCWPlatform:: Unique name xilinx:zed::0.0
TRACE::2025-02-28.11:09:01::SCWPlatform::Trying to set the existing hwdb with name design_1_wrapper_25
TRACE::2025-02-28.11:09:01::SCWPlatform::Opened existing hwdb design_1_wrapper_25
TRACE::2025-02-28.11:09:01::SCWPlatform::Found the Hw Db part of the input DSA
TRACE::2025-02-28.11:09:01::SCWMssOS::Checking the sw design at  C:/Users/oparker/workspace/design_1_wrapper/ps7_cortexa9_0/domain_ps7_cortexa9_0/bsp/system.mss
TRACE::2025-02-28.11:09:01::SCWMssOS::DEBUG:  swdes dump  C:/Users/oparker/workspace/TPG/ps7_cortexa9_0/standalone_domain/bsp/system.mss|system_2||
C:/Users/oparker/workspace/TPG/zynq_fsbl/zynq_fsbl_bsp/system.mss|system||
C:/Users/oparker/workspace/design_1_wrapper/ps7_cortexa9_0/domain_ps7_cortexa9_0/bsp/system.mss|system_1||
C:/Users/oparker/workspace/design_1_wrapper/zynq_fsbl/zynq_fsbl_bsp/system.mss|system_0||

TRACE::2025-02-28.11:09:01::SCWMssOS::Sw design exists and opened at  C:/Users/oparker/workspace/design_1_wrapper/ps7_cortexa9_0/domain_ps7_cortexa9_0/bsp/system.mss
TRACE::2025-02-28.11:09:01::SCWMssOS:: library already available in sw design:  onsemi_vita_sw:3.3
TRACE::2025-02-28.11:09:01::SCWMssOS::Saving the mss changes C:/Users/oparker/workspace/design_1_wrapper/ps7_cortexa9_0/domain_ps7_cortexa9_0/bsp/system.mss
TRACE::2025-02-28.11:09:01::SCWMssOS::Found a swdesign opened with the mssfile.
TRACE::2025-02-28.11:09:01::SCWMssOS::Completed writemss as part of save.
TRACE::2025-02-28.11:09:01::SCWMssOS::Commit changes completed.
TRACE::2025-02-28.11:09:01::SCWReader::Adding prebuilt librarypaths as   
TRACE::2025-02-28.11:09:01::SCWReader::Adding prebuilt incpaths  as   
TRACE::2025-02-28.11:09:01::SCWPlatform::Trying to open the hw design at C:/Users/oparker/workspace/design_1_wrapper/hw/design_1_wrapper.xsa
TRACE::2025-02-28.11:09:01::SCWPlatform::DSA given C:/Users/oparker/workspace/design_1_wrapper/hw/design_1_wrapper.xsa
TRACE::2025-02-28.11:09:01::SCWPlatform::DSA absoulate path C:/Users/oparker/workspace/design_1_wrapper/hw/design_1_wrapper.xsa
TRACE::2025-02-28.11:09:01::SCWPlatform::DSA directory C:/Users/oparker/workspace/design_1_wrapper/hw
TRACE::2025-02-28.11:09:01::SCWPlatform:: Platform Path C:/Users/oparker/workspace/design_1_wrapper/hw/design_1_wrapper.xsa
TRACE::2025-02-28.11:09:01::SCWPlatform:: Unique name xilinx:zed::0.0
TRACE::2025-02-28.11:09:01::SCWPlatform::Trying to set the existing hwdb with name design_1_wrapper_25
TRACE::2025-02-28.11:09:01::SCWPlatform::Opened existing hwdb design_1_wrapper_25
TRACE::2025-02-28.11:09:01::SCWPlatform::Found the Hw Db part of the input DSA
TRACE::2025-02-28.11:09:01::SCWMssOS::Checking the sw design at  C:/Users/oparker/workspace/design_1_wrapper/ps7_cortexa9_0/domain_ps7_cortexa9_0/bsp/system.mss
TRACE::2025-02-28.11:09:01::SCWMssOS::DEBUG:  swdes dump  C:/Users/oparker/workspace/TPG/ps7_cortexa9_0/standalone_domain/bsp/system.mss|system_2||
C:/Users/oparker/workspace/TPG/zynq_fsbl/zynq_fsbl_bsp/system.mss|system||
C:/Users/oparker/workspace/design_1_wrapper/ps7_cortexa9_0/domain_ps7_cortexa9_0/bsp/system.mss|system_1||
C:/Users/oparker/workspace/design_1_wrapper/zynq_fsbl/zynq_fsbl_bsp/system.mss|system_0||

TRACE::2025-02-28.11:09:01::SCWMssOS::Sw design exists and opened at  C:/Users/oparker/workspace/design_1_wrapper/ps7_cortexa9_0/domain_ps7_cortexa9_0/bsp/system.mss
TRACE::2025-02-28.11:09:01::SCWReader::No isolation master present  
LOG::2025-02-28.11:09:04::SCWPlatform::Started generating the artifacts platform design_1_wrapper
TRACE::2025-02-28.11:09:04::SCWPlatform::Sanity checking of platform is completed
LOG::2025-02-28.11:09:04::SCWPlatform::Started generating the artifacts for system configuration design_1_wrapper
LOG::2025-02-28.11:09:04::SCWSystem::Checking the domain zynq_fsbl
LOG::2025-02-28.11:09:04::SCWSystem::Doing application build for :  zynq_fsbl
TRACE::2025-02-28.11:09:04::SCWBDomain::Not a forced makefile updation, No changes are present. 
TRACE::2025-02-28.11:09:04::SCWDomain::Skipping the build for domain :  zynq_fsbl
LOG::2025-02-28.11:09:04::SCWSystem::Checking the domain domain_ps7_cortexa9_0
LOG::2025-02-28.11:09:04::SCWSystem::Not a boot domain 
LOG::2025-02-28.11:09:04::SCWSystem::Started Processing the domain domain_ps7_cortexa9_0
TRACE::2025-02-28.11:09:04::SCWDomain::Generating domain artifcats
TRACE::2025-02-28.11:09:04::SCWMssOS::Generating standalone artifcats
TRACE::2025-02-28.11:09:04::SCWMssOS::Copying the qemu file from  C:/Xilinx/Vitis/2020.1/data/emulation/platforms/zynq/qemu/qemu_args.txt To C:/Users/oparker/workspace/design_1_wrapper/export/design_1_wrapper/sw/design_1_wrapper/qemu/
TRACE::2025-02-28.11:09:04::SCWMssOS::Copying the qemu file from  C:/Xilinx/Vitis/2020.1/data/emulation/platforms/zynq/qemu/qemu_args.txt To C:/Users/oparker/workspace/design_1_wrapper/export/design_1_wrapper/sw/design_1_wrapper/domain_ps7_cortexa9_0/qemu/
TRACE::2025-02-28.11:09:04::SCWMssOS:: Copying the user libraries. 
TRACE::2025-02-28.11:09:04::SCWPlatform::Trying to open the hw design at C:/Users/oparker/workspace/design_1_wrapper/hw/design_1_wrapper.xsa
TRACE::2025-02-28.11:09:04::SCWPlatform::DSA given C:/Users/oparker/workspace/design_1_wrapper/hw/design_1_wrapper.xsa
TRACE::2025-02-28.11:09:04::SCWPlatform::DSA absoulate path C:/Users/oparker/workspace/design_1_wrapper/hw/design_1_wrapper.xsa
TRACE::2025-02-28.11:09:04::SCWPlatform::DSA directory C:/Users/oparker/workspace/design_1_wrapper/hw
TRACE::2025-02-28.11:09:04::SCWPlatform:: Platform Path C:/Users/oparker/workspace/design_1_wrapper/hw/design_1_wrapper.xsa
TRACE::2025-02-28.11:09:04::SCWPlatform:: Unique name xilinx:zed::0.0
TRACE::2025-02-28.11:09:04::SCWPlatform::Trying to set the existing hwdb with name design_1_wrapper_25
TRACE::2025-02-28.11:09:04::SCWPlatform::Could not get the HWDB from existing dbname
TRACE::2025-02-28.11:09:04::SCWPlatform::Do not have an existing db opened. Attempting to open the hwDb. 
TRACE::2025-02-28.11:09:04::SCWPlatform::Opened new HwDB with name design_1_wrapper_26
TRACE::2025-02-28.11:09:04::SCWMssOS::Checking the sw design at  C:/Users/oparker/workspace/design_1_wrapper/ps7_cortexa9_0/domain_ps7_cortexa9_0/bsp/system.mss
TRACE::2025-02-28.11:09:04::SCWMssOS::DEBUG:  swdes dump  C:/Users/oparker/workspace/TPG/ps7_cortexa9_0/standalone_domain/bsp/system.mss|system_2||
C:/Users/oparker/workspace/TPG/zynq_fsbl/zynq_fsbl_bsp/system.mss|system||
C:/Users/oparker/workspace/design_1_wrapper/ps7_cortexa9_0/domain_ps7_cortexa9_0/bsp/system.mss|system_1||
C:/Users/oparker/workspace/design_1_wrapper/zynq_fsbl/zynq_fsbl_bsp/system.mss|system_0||

TRACE::2025-02-28.11:09:04::SCWMssOS::Sw design exists and opened at  C:/Users/oparker/workspace/design_1_wrapper/ps7_cortexa9_0/domain_ps7_cortexa9_0/bsp/system.mss
TRACE::2025-02-28.11:09:04::SCWMssOS::Completed writing the mss file at C:/Users/oparker/workspace/design_1_wrapper/ps7_cortexa9_0/domain_ps7_cortexa9_0/bsp
TRACE::2025-02-28.11:09:04::SCWMssOS::Mss edits present, copying mssfile into export location C:/Users/oparker/workspace/design_1_wrapper/ps7_cortexa9_0/domain_ps7_cortexa9_0/bsp/system.mss
TRACE::2025-02-28.11:09:05::SCWMssOS::bsp generated is stale removing and regenerating. 
TRACE::2025-02-28.11:09:05::SCWMssOS::doing bsp build ... 
TRACE::2025-02-28.11:09:05::SCWMssOS::System Command Ran  C: & cd  C:/Users/oparker/workspace/design_1_wrapper/ps7_cortexa9_0/domain_ps7_cortexa9_0/bsp & make 
TRACE::2025-02-28.11:09:05::SCWMssOS::"Running Make include in ps7_cortexa9_0/libsrc/axivdma_v6_7/src"

TRACE::2025-02-28.11:09:05::SCWMssOS::make -C ps7_cortexa9_0/libsrc/axivdma_v6_7/src -s include  "SHELL=CMD" "COMPILER=arm-none-eabi-gcc" "ASSEMBLER=arm-none-eabi-as
TRACE::2025-02-28.11:09:05::SCWMssOS::" "ARCHIVER=arm-none-eabi-ar" "COMPILER_FLAGS=  -O2 -c" "EXTRA_COMPILER_FLAGS=-mcpu=cortex-a9 -mfpu=vfpv3 -mfloat-abi=hard -nos
TRACE::2025-02-28.11:09:05::SCWMssOS::tartfiles -g -Wall -Wextra"

TRACE::2025-02-28.11:09:05::SCWMssOS::"Running Make include in ps7_cortexa9_0/libsrc/coresightps_dcc_v1_7/src"

TRACE::2025-02-28.11:09:05::SCWMssOS::make -C ps7_cortexa9_0/libsrc/coresightps_dcc_v1_7/src -s include  "SHELL=CMD" "COMPILER=arm-none-eabi-gcc" "ASSEMBLER=arm-none
TRACE::2025-02-28.11:09:05::SCWMssOS::-eabi-as" "ARCHIVER=arm-none-eabi-ar" "COMPILER_FLAGS=  -O2 -c" "EXTRA_COMPILER_FLAGS=-mcpu=cortex-a9 -mfpu=vfpv3 -mfloat-abi=h
TRACE::2025-02-28.11:09:05::SCWMssOS::ard -nostartfiles -g -Wall -Wextra"

TRACE::2025-02-28.11:09:05::SCWMssOS::"Running Make include in ps7_cortexa9_0/libsrc/cpu_cortexa9_v2_9/src"

TRACE::2025-02-28.11:09:05::SCWMssOS::make -C ps7_cortexa9_0/libsrc/cpu_cortexa9_v2_9/src -s include  "SHELL=CMD" "COMPILER=arm-none-eabi-gcc" "ASSEMBLER=arm-none-ea
TRACE::2025-02-28.11:09:05::SCWMssOS::bi-as" "ARCHIVER=arm-none-eabi-ar" "COMPILER_FLAGS=  -O2 -c" "EXTRA_COMPILER_FLAGS=-mcpu=cortex-a9 -mfpu=vfpv3 -mfloat-abi=hard
TRACE::2025-02-28.11:09:05::SCWMssOS:: -nostartfiles -g -Wall -Wextra"

TRACE::2025-02-28.11:09:06::SCWMssOS::"Running Make include in ps7_cortexa9_0/libsrc/ddrps_v1_1/src"

TRACE::2025-02-28.11:09:06::SCWMssOS::make -C ps7_cortexa9_0/libsrc/ddrps_v1_1/src -s include  "SHELL=CMD" "COMPILER=arm-none-eabi-gcc" "ASSEMBLER=arm-none-eabi-as" 
TRACE::2025-02-28.11:09:06::SCWMssOS::"ARCHIVER=arm-none-eabi-ar" "COMPILER_FLAGS=  -O2 -c" "EXTRA_COMPILER_FLAGS=-mcpu=cortex-a9 -mfpu=vfpv3 -mfloat-abi=hard -nosta
TRACE::2025-02-28.11:09:06::SCWMssOS::rtfiles -g -Wall -Wextra"

TRACE::2025-02-28.11:09:06::SCWMssOS::"Running Make include in ps7_cortexa9_0/libsrc/devcfg_v3_6/src"

TRACE::2025-02-28.11:09:06::SCWMssOS::make -C ps7_cortexa9_0/libsrc/devcfg_v3_6/src -s include  "SHELL=CMD" "COMPILER=arm-none-eabi-gcc" "ASSEMBLER=arm-none-eabi-as"
TRACE::2025-02-28.11:09:06::SCWMssOS:: "ARCHIVER=arm-none-eabi-ar" "COMPILER_FLAGS=  -O2 -c" "EXTRA_COMPILER_FLAGS=-mcpu=cortex-a9 -mfpu=vfpv3 -mfloat-abi=hard -nost
TRACE::2025-02-28.11:09:06::SCWMssOS::artfiles -g -Wall -Wextra"

TRACE::2025-02-28.11:09:06::SCWMssOS::"Running Make include in ps7_cortexa9_0/libsrc/dmaps_v2_6/src"

TRACE::2025-02-28.11:09:06::SCWMssOS::make -C ps7_cortexa9_0/libsrc/dmaps_v2_6/src -s include  "SHELL=CMD" "COMPILER=arm-none-eabi-gcc" "ASSEMBLER=arm-none-eabi-as" 
TRACE::2025-02-28.11:09:06::SCWMssOS::"ARCHIVER=arm-none-eabi-ar" "COMPILER_FLAGS=  -O2 -c" "EXTRA_COMPILER_FLAGS=-mcpu=cortex-a9 -mfpu=vfpv3 -mfloat-abi=hard -nosta
TRACE::2025-02-28.11:09:06::SCWMssOS::rtfiles -g -Wall -Wextra"

TRACE::2025-02-28.11:09:06::SCWMssOS::"Running Make include in ps7_cortexa9_0/libsrc/emacps_v3_11/src"

TRACE::2025-02-28.11:09:06::SCWMssOS::make -C ps7_cortexa9_0/libsrc/emacps_v3_11/src -s include  "SHELL=CMD" "COMPILER=arm-none-eabi-gcc" "ASSEMBLER=arm-none-eabi-as
TRACE::2025-02-28.11:09:06::SCWMssOS::" "ARCHIVER=arm-none-eabi-ar" "COMPILER_FLAGS=  -O2 -c" "EXTRA_COMPILER_FLAGS=-mcpu=cortex-a9 -mfpu=vfpv3 -mfloat-abi=hard -nos
TRACE::2025-02-28.11:09:06::SCWMssOS::tartfiles -g -Wall -Wextra"

TRACE::2025-02-28.11:09:06::SCWMssOS::"Running Make include in ps7_cortexa9_0/libsrc/fmc_iic_sw_v2_03_a/src"

TRACE::2025-02-28.11:09:06::SCWMssOS::make -C ps7_cortexa9_0/libsrc/fmc_iic_sw_v2_03_a/src -s include  "SHELL=CMD" "COMPILER=arm-none-eabi-gcc" "ASSEMBLER=arm-none-e
TRACE::2025-02-28.11:09:06::SCWMssOS::abi-as" "ARCHIVER=arm-none-eabi-ar" "COMPILER_FLAGS=  -O2 -c" "EXTRA_COMPILER_FLAGS=-mcpu=cortex-a9 -mfpu=vfpv3 -mfloat-abi=har
TRACE::2025-02-28.11:09:06::SCWMssOS::d -nostartfiles -g -Wall -Wextra"

TRACE::2025-02-28.11:09:06::SCWMssOS::"Running Make include in ps7_cortexa9_0/libsrc/fmc_imageon_sw_v2_01_a/src"

TRACE::2025-02-28.11:09:06::SCWMssOS::make -C ps7_cortexa9_0/libsrc/fmc_imageon_sw_v2_01_a/src -s include  "SHELL=CMD" "COMPILER=arm-none-eabi-gcc" "ASSEMBLER=arm-no
TRACE::2025-02-28.11:09:06::SCWMssOS::ne-eabi-as" "ARCHIVER=arm-none-eabi-ar" "COMPILER_FLAGS=  -O2 -c" "EXTRA_COMPILER_FLAGS=-mcpu=cortex-a9 -mfpu=vfpv3 -mfloat-abi
TRACE::2025-02-28.11:09:06::SCWMssOS::=hard -nostartfiles -g -Wall -Wextra"

TRACE::2025-02-28.11:09:06::SCWMssOS::"Running Make include in ps7_cortexa9_0/libsrc/fmc_ipmi_sw_v2_02_a/src"

TRACE::2025-02-28.11:09:06::SCWMssOS::make -C ps7_cortexa9_0/libsrc/fmc_ipmi_sw_v2_02_a/src -s include  "SHELL=CMD" "COMPILER=arm-none-eabi-gcc" "ASSEMBLER=arm-none-
TRACE::2025-02-28.11:09:06::SCWMssOS::eabi-as" "ARCHIVER=arm-none-eabi-ar" "COMPILER_FLAGS=  -O2 -c" "EXTRA_COMPILER_FLAGS=-mcpu=cortex-a9 -mfpu=vfpv3 -mfloat-abi=ha
TRACE::2025-02-28.11:09:06::SCWMssOS::rd -nostartfiles -g -Wall -Wextra"

TRACE::2025-02-28.11:09:06::SCWMssOS::"Running Make include in ps7_cortexa9_0/libsrc/gpiops_v3_7/src"

TRACE::2025-02-28.11:09:06::SCWMssOS::make -C ps7_cortexa9_0/libsrc/gpiops_v3_7/src -s include  "SHELL=CMD" "COMPILER=arm-none-eabi-gcc" "ASSEMBLER=arm-none-eabi-as"
TRACE::2025-02-28.11:09:06::SCWMssOS:: "ARCHIVER=arm-none-eabi-ar" "COMPILER_FLAGS=  -O2 -c" "EXTRA_COMPILER_FLAGS=-mcpu=cortex-a9 -mfpu=vfpv3 -mfloat-abi=hard -nost
TRACE::2025-02-28.11:09:06::SCWMssOS::artfiles -g -Wall -Wextra"

TRACE::2025-02-28.11:09:06::SCWMssOS::"Running Make include in ps7_cortexa9_0/libsrc/iic_v3_6/src"

TRACE::2025-02-28.11:09:06::SCWMssOS::make -C ps7_cortexa9_0/libsrc/iic_v3_6/src -s include  "SHELL=CMD" "COMPILER=arm-none-eabi-gcc" "ASSEMBLER=arm-none-eabi-as" "A
TRACE::2025-02-28.11:09:06::SCWMssOS::RCHIVER=arm-none-eabi-ar" "COMPILER_FLAGS=  -O2 -c" "EXTRA_COMPILER_FLAGS=-mcpu=cortex-a9 -mfpu=vfpv3 -mfloat-abi=hard -nostart
TRACE::2025-02-28.11:09:06::SCWMssOS::files -g -Wall -Wextra"

TRACE::2025-02-28.11:09:06::SCWMssOS::"Running Make include in ps7_cortexa9_0/libsrc/onsemi_vita_sw_v3_3/src"

TRACE::2025-02-28.11:09:06::SCWMssOS::make -C ps7_cortexa9_0/libsrc/onsemi_vita_sw_v3_3/src -s include  "SHELL=CMD" "COMPILER=arm-none-eabi-gcc" "ASSEMBLER=arm-none-
TRACE::2025-02-28.11:09:06::SCWMssOS::eabi-as" "ARCHIVER=arm-none-eabi-ar" "COMPILER_FLAGS=  -O2 -c" "EXTRA_COMPILER_FLAGS=-mcpu=cortex-a9 -mfpu=vfpv3 -mfloat-abi=ha
TRACE::2025-02-28.11:09:06::SCWMssOS::rd -nostartfiles -g -Wall -Wextra"

TRACE::2025-02-28.11:09:06::SCWMssOS::"Running Make include in ps7_cortexa9_0/libsrc/qspips_v3_7/src"

TRACE::2025-02-28.11:09:06::SCWMssOS::make -C ps7_cortexa9_0/libsrc/qspips_v3_7/src -s include  "SHELL=CMD" "COMPILER=arm-none-eabi-gcc" "ASSEMBLER=arm-none-eabi-as"
TRACE::2025-02-28.11:09:06::SCWMssOS:: "ARCHIVER=arm-none-eabi-ar" "COMPILER_FLAGS=  -O2 -c" "EXTRA_COMPILER_FLAGS=-mcpu=cortex-a9 -mfpu=vfpv3 -mfloat-abi=hard -nost
TRACE::2025-02-28.11:09:06::SCWMssOS::artfiles -g -Wall -Wextra"

TRACE::2025-02-28.11:09:06::SCWMssOS::"Running Make include in ps7_cortexa9_0/libsrc/scugic_v4_2/src"

TRACE::2025-02-28.11:09:06::SCWMssOS::make -C ps7_cortexa9_0/libsrc/scugic_v4_2/src -s include  "SHELL=CMD" "COMPILER=arm-none-eabi-gcc" "ASSEMBLER=arm-none-eabi-as"
TRACE::2025-02-28.11:09:06::SCWMssOS:: "ARCHIVER=arm-none-eabi-ar" "COMPILER_FLAGS=  -O2 -c" "EXTRA_COMPILER_FLAGS=-mcpu=cortex-a9 -mfpu=vfpv3 -mfloat-abi=hard -nost
TRACE::2025-02-28.11:09:06::SCWMssOS::artfiles -g -Wall -Wextra"

TRACE::2025-02-28.11:09:06::SCWMssOS::"Running Make include in ps7_cortexa9_0/libsrc/scutimer_v2_2/src"

TRACE::2025-02-28.11:09:06::SCWMssOS::make -C ps7_cortexa9_0/libsrc/scutimer_v2_2/src -s include  "SHELL=CMD" "COMPILER=arm-none-eabi-gcc" "ASSEMBLER=arm-none-eabi-a
TRACE::2025-02-28.11:09:06::SCWMssOS::s" "ARCHIVER=arm-none-eabi-ar" "COMPILER_FLAGS=  -O2 -c" "EXTRA_COMPILER_FLAGS=-mcpu=cortex-a9 -mfpu=vfpv3 -mfloat-abi=hard -no
TRACE::2025-02-28.11:09:06::SCWMssOS::startfiles -g -Wall -Wextra"

TRACE::2025-02-28.11:09:06::SCWMssOS::"Running Make include in ps7_cortexa9_0/libsrc/scuwdt_v2_2/src"

TRACE::2025-02-28.11:09:06::SCWMssOS::make -C ps7_cortexa9_0/libsrc/scuwdt_v2_2/src -s include  "SHELL=CMD" "COMPILER=arm-none-eabi-gcc" "ASSEMBLER=arm-none-eabi-as"
TRACE::2025-02-28.11:09:06::SCWMssOS:: "ARCHIVER=arm-none-eabi-ar" "COMPILER_FLAGS=  -O2 -c" "EXTRA_COMPILER_FLAGS=-mcpu=cortex-a9 -mfpu=vfpv3 -mfloat-abi=hard -nost
TRACE::2025-02-28.11:09:06::SCWMssOS::artfiles -g -Wall -Wextra"

TRACE::2025-02-28.11:09:06::SCWMssOS::"Running Make include in ps7_cortexa9_0/libsrc/sdps_v3_9/src"

TRACE::2025-02-28.11:09:06::SCWMssOS::make -C ps7_cortexa9_0/libsrc/sdps_v3_9/src -s include  "SHELL=CMD" "COMPILER=arm-none-eabi-gcc" "ASSEMBLER=arm-none-eabi-as" "
TRACE::2025-02-28.11:09:06::SCWMssOS::ARCHIVER=arm-none-eabi-ar" "COMPILER_FLAGS=  -O2 -c" "EXTRA_COMPILER_FLAGS=-mcpu=cortex-a9 -mfpu=vfpv3 -mfloat-abi=hard -nostar
TRACE::2025-02-28.11:09:06::SCWMssOS::tfiles -g -Wall -Wextra"

TRACE::2025-02-28.11:09:07::SCWMssOS::"Running Make include in ps7_cortexa9_0/libsrc/standalone_v7_2/src"

TRACE::2025-02-28.11:09:07::SCWMssOS::make -C ps7_cortexa9_0/libsrc/standalone_v7_2/src -s include  "SHELL=CMD" "COMPILER=arm-none-eabi-gcc" "ASSEMBLER=arm-none-eabi
TRACE::2025-02-28.11:09:07::SCWMssOS::-as" "ARCHIVER=arm-none-eabi-ar" "COMPILER_FLAGS=  -O2 -c" "EXTRA_COMPILER_FLAGS=-mcpu=cortex-a9 -mfpu=vfpv3 -mfloat-abi=hard -
TRACE::2025-02-28.11:09:07::SCWMssOS::nostartfiles -g -Wall -Wextra"

TRACE::2025-02-28.11:09:07::SCWMssOS::"Running Make include in ps7_cortexa9_0/libsrc/ttcps_v3_11/src"

TRACE::2025-02-28.11:09:07::SCWMssOS::make -C ps7_cortexa9_0/libsrc/ttcps_v3_11/src -s include  "SHELL=CMD" "COMPILER=arm-none-eabi-gcc" "ASSEMBLER=arm-none-eabi-as"
TRACE::2025-02-28.11:09:07::SCWMssOS:: "ARCHIVER=arm-none-eabi-ar" "COMPILER_FLAGS=  -O2 -c" "EXTRA_COMPILER_FLAGS=-mcpu=cortex-a9 -mfpu=vfpv3 -mfloat-abi=hard -nost
TRACE::2025-02-28.11:09:07::SCWMssOS::artfiles -g -Wall -Wextra"

TRACE::2025-02-28.11:09:07::SCWMssOS::"Running Make include in ps7_cortexa9_0/libsrc/uartps_v3_9/src"

TRACE::2025-02-28.11:09:07::SCWMssOS::make -C ps7_cortexa9_0/libsrc/uartps_v3_9/src -s include  "SHELL=CMD" "COMPILER=arm-none-eabi-gcc" "ASSEMBLER=arm-none-eabi-as"
TRACE::2025-02-28.11:09:07::SCWMssOS:: "ARCHIVER=arm-none-eabi-ar" "COMPILER_FLAGS=  -O2 -c" "EXTRA_COMPILER_FLAGS=-mcpu=cortex-a9 -mfpu=vfpv3 -mfloat-abi=hard -nost
TRACE::2025-02-28.11:09:07::SCWMssOS::artfiles -g -Wall -Wextra"

TRACE::2025-02-28.11:09:07::SCWMssOS::"Running Make include in ps7_cortexa9_0/libsrc/usbps_v2_5/src"

TRACE::2025-02-28.11:09:07::SCWMssOS::make -C ps7_cortexa9_0/libsrc/usbps_v2_5/src -s include  "SHELL=CMD" "COMPILER=arm-none-eabi-gcc" "ASSEMBLER=arm-none-eabi-as" 
TRACE::2025-02-28.11:09:07::SCWMssOS::"ARCHIVER=arm-none-eabi-ar" "COMPILER_FLAGS=  -O2 -c" "EXTRA_COMPILER_FLAGS=-mcpu=cortex-a9 -mfpu=vfpv3 -mfloat-abi=hard -nosta
TRACE::2025-02-28.11:09:07::SCWMssOS::rtfiles -g -Wall -Wextra"

TRACE::2025-02-28.11:09:07::SCWMssOS::"Running Make include in ps7_cortexa9_0/libsrc/vtc_v8_2/src"

TRACE::2025-02-28.11:09:07::SCWMssOS::make -C ps7_cortexa9_0/libsrc/vtc_v8_2/src -s include  "SHELL=CMD" "COMPILER=arm-none-eabi-gcc" "ASSEMBLER=arm-none-eabi-as" "A
TRACE::2025-02-28.11:09:07::SCWMssOS::RCHIVER=arm-none-eabi-ar" "COMPILER_FLAGS=  -O2 -c" "EXTRA_COMPILER_FLAGS=-mcpu=cortex-a9 -mfpu=vfpv3 -mfloat-abi=hard -nostart
TRACE::2025-02-28.11:09:07::SCWMssOS::files -g -Wall -Wextra"

TRACE::2025-02-28.11:09:07::SCWMssOS::"Running Make include in ps7_cortexa9_0/libsrc/xadcps_v2_4/src"

TRACE::2025-02-28.11:09:07::SCWMssOS::make -C ps7_cortexa9_0/libsrc/xadcps_v2_4/src -s include  "SHELL=CMD" "COMPILER=arm-none-eabi-gcc" "ASSEMBLER=arm-none-eabi-as"
TRACE::2025-02-28.11:09:07::SCWMssOS:: "ARCHIVER=arm-none-eabi-ar" "COMPILER_FLAGS=  -O2 -c" "EXTRA_COMPILER_FLAGS=-mcpu=cortex-a9 -mfpu=vfpv3 -mfloat-abi=hard -nost
TRACE::2025-02-28.11:09:07::SCWMssOS::artfiles -g -Wall -Wextra"

TRACE::2025-02-28.11:09:07::SCWMssOS::"Running Make libs in ps7_cortexa9_0/libsrc/axivdma_v6_7/src"

TRACE::2025-02-28.11:09:07::SCWMssOS::make -C ps7_cortexa9_0/libsrc/axivdma_v6_7/src -s libs  "SHELL=CMD" "COMPILER=arm-none-eabi-gcc" "ASSEMBLER=arm-none-eabi-as" "
TRACE::2025-02-28.11:09:07::SCWMssOS::ARCHIVER=arm-none-eabi-ar" "COMPILER_FLAGS=  -O2 -c" "EXTRA_COMPILER_FLAGS=-mcpu=cortex-a9 -mfpu=vfpv3 -mfloat-abi=hard -nostar
TRACE::2025-02-28.11:09:07::SCWMssOS::tfiles -g -Wall -Wextra"

TRACE::2025-02-28.11:09:07::SCWMssOS::"Compiling axivdma"

TRACE::2025-02-28.11:09:08::SCWMssOS::"Running Make libs in ps7_cortexa9_0/libsrc/coresightps_dcc_v1_7/src"

TRACE::2025-02-28.11:09:08::SCWMssOS::make -C ps7_cortexa9_0/libsrc/coresightps_dcc_v1_7/src -s libs  "SHELL=CMD" "COMPILER=arm-none-eabi-gcc" "ASSEMBLER=arm-none-ea
TRACE::2025-02-28.11:09:08::SCWMssOS::bi-as" "ARCHIVER=arm-none-eabi-ar" "COMPILER_FLAGS=  -O2 -c" "EXTRA_COMPILER_FLAGS=-mcpu=cortex-a9 -mfpu=vfpv3 -mfloat-abi=hard
TRACE::2025-02-28.11:09:08::SCWMssOS:: -nostartfiles -g -Wall -Wextra"

TRACE::2025-02-28.11:09:08::SCWMssOS::"Compiling coresightps_dcc"

TRACE::2025-02-28.11:09:08::SCWMssOS::"Running Make libs in ps7_cortexa9_0/libsrc/cpu_cortexa9_v2_9/src"

TRACE::2025-02-28.11:09:08::SCWMssOS::make -C ps7_cortexa9_0/libsrc/cpu_cortexa9_v2_9/src -s libs  "SHELL=CMD" "COMPILER=arm-none-eabi-gcc" "ASSEMBLER=arm-none-eabi-
TRACE::2025-02-28.11:09:08::SCWMssOS::as" "ARCHIVER=arm-none-eabi-ar" "COMPILER_FLAGS=  -O2 -c" "EXTRA_COMPILER_FLAGS=-mcpu=cortex-a9 -mfpu=vfpv3 -mfloat-abi=hard -n
TRACE::2025-02-28.11:09:08::SCWMssOS::ostartfiles -g -Wall -Wextra"

TRACE::2025-02-28.11:09:08::SCWMssOS::"Compiling cpu_cortexa9"

TRACE::2025-02-28.11:09:08::SCWMssOS::"Running Make libs in ps7_cortexa9_0/libsrc/ddrps_v1_1/src"

TRACE::2025-02-28.11:09:08::SCWMssOS::make -C ps7_cortexa9_0/libsrc/ddrps_v1_1/src -s libs  "SHELL=CMD" "COMPILER=arm-none-eabi-gcc" "ASSEMBLER=arm-none-eabi-as" "AR
TRACE::2025-02-28.11:09:08::SCWMssOS::CHIVER=arm-none-eabi-ar" "COMPILER_FLAGS=  -O2 -c" "EXTRA_COMPILER_FLAGS=-mcpu=cortex-a9 -mfpu=vfpv3 -mfloat-abi=hard -nostartf
TRACE::2025-02-28.11:09:08::SCWMssOS::iles -g -Wall -Wextra"

TRACE::2025-02-28.11:09:08::SCWMssOS::"Compiling ddrps"

TRACE::2025-02-28.11:09:08::SCWMssOS::"Running Make libs in ps7_cortexa9_0/libsrc/devcfg_v3_6/src"

TRACE::2025-02-28.11:09:08::SCWMssOS::make -C ps7_cortexa9_0/libsrc/devcfg_v3_6/src -s libs  "SHELL=CMD" "COMPILER=arm-none-eabi-gcc" "ASSEMBLER=arm-none-eabi-as" "A
TRACE::2025-02-28.11:09:08::SCWMssOS::RCHIVER=arm-none-eabi-ar" "COMPILER_FLAGS=  -O2 -c" "EXTRA_COMPILER_FLAGS=-mcpu=cortex-a9 -mfpu=vfpv3 -mfloat-abi=hard -nostart
TRACE::2025-02-28.11:09:08::SCWMssOS::files -g -Wall -Wextra"

TRACE::2025-02-28.11:09:08::SCWMssOS::"Compiling devcfg"

TRACE::2025-02-28.11:09:09::SCWMssOS::"Running Make libs in ps7_cortexa9_0/libsrc/dmaps_v2_6/src"

TRACE::2025-02-28.11:09:09::SCWMssOS::make -C ps7_cortexa9_0/libsrc/dmaps_v2_6/src -s libs  "SHELL=CMD" "COMPILER=arm-none-eabi-gcc" "ASSEMBLER=arm-none-eabi-as" "AR
TRACE::2025-02-28.11:09:09::SCWMssOS::CHIVER=arm-none-eabi-ar" "COMPILER_FLAGS=  -O2 -c" "EXTRA_COMPILER_FLAGS=-mcpu=cortex-a9 -mfpu=vfpv3 -mfloat-abi=hard -nostartf
TRACE::2025-02-28.11:09:09::SCWMssOS::iles -g -Wall -Wextra"

TRACE::2025-02-28.11:09:09::SCWMssOS::"Compiling dmaps"

TRACE::2025-02-28.11:09:09::SCWMssOS::"Running Make libs in ps7_cortexa9_0/libsrc/emacps_v3_11/src"

TRACE::2025-02-28.11:09:09::SCWMssOS::make -C ps7_cortexa9_0/libsrc/emacps_v3_11/src -s libs  "SHELL=CMD" "COMPILER=arm-none-eabi-gcc" "ASSEMBLER=arm-none-eabi-as" "
TRACE::2025-02-28.11:09:09::SCWMssOS::ARCHIVER=arm-none-eabi-ar" "COMPILER_FLAGS=  -O2 -c" "EXTRA_COMPILER_FLAGS=-mcpu=cortex-a9 -mfpu=vfpv3 -mfloat-abi=hard -nostar
TRACE::2025-02-28.11:09:09::SCWMssOS::tfiles -g -Wall -Wextra"

TRACE::2025-02-28.11:09:09::SCWMssOS::"Compiling emacps"

TRACE::2025-02-28.11:09:10::SCWMssOS::"Running Make libs in ps7_cortexa9_0/libsrc/fmc_iic_sw_v2_03_a/src"

TRACE::2025-02-28.11:09:10::SCWMssOS::make -C ps7_cortexa9_0/libsrc/fmc_iic_sw_v2_03_a/src -s libs  "SHELL=CMD" "COMPILER=arm-none-eabi-gcc" "ASSEMBLER=arm-none-eabi
TRACE::2025-02-28.11:09:10::SCWMssOS::-as" "ARCHIVER=arm-none-eabi-ar" "COMPILER_FLAGS=  -O2 -c" "EXTRA_COMPILER_FLAGS=-mcpu=cortex-a9 -mfpu=vfpv3 -mfloat-abi=hard -
TRACE::2025-02-28.11:09:10::SCWMssOS::nostartfiles -g -Wall -Wextra"

TRACE::2025-02-28.11:09:10::SCWMssOS::"Compiling fmc_iic_sw"

TRACE::2025-02-28.11:09:10::SCWMssOS::"Running Make libs in ps7_cortexa9_0/libsrc/fmc_imageon_sw_v2_01_a/src"

TRACE::2025-02-28.11:09:10::SCWMssOS::make -C ps7_cortexa9_0/libsrc/fmc_imageon_sw_v2_01_a/src -s libs  "SHELL=CMD" "COMPILER=arm-none-eabi-gcc" "ASSEMBLER=arm-none-
TRACE::2025-02-28.11:09:10::SCWMssOS::eabi-as" "ARCHIVER=arm-none-eabi-ar" "COMPILER_FLAGS=  -O2 -c" "EXTRA_COMPILER_FLAGS=-mcpu=cortex-a9 -mfpu=vfpv3 -mfloat-abi=ha
TRACE::2025-02-28.11:09:10::SCWMssOS::rd -nostartfiles -g -Wall -Wextra"

TRACE::2025-02-28.11:09:10::SCWMssOS::"Compiling fmc_imageon_sw"

TRACE::2025-02-28.11:09:10::SCWMssOS::"Running Make libs in ps7_cortexa9_0/libsrc/fmc_ipmi_sw_v2_02_a/src"

TRACE::2025-02-28.11:09:10::SCWMssOS::make -C ps7_cortexa9_0/libsrc/fmc_ipmi_sw_v2_02_a/src -s libs  "SHELL=CMD" "COMPILER=arm-none-eabi-gcc" "ASSEMBLER=arm-none-eab
TRACE::2025-02-28.11:09:10::SCWMssOS::i-as" "ARCHIVER=arm-none-eabi-ar" "COMPILER_FLAGS=  -O2 -c" "EXTRA_COMPILER_FLAGS=-mcpu=cortex-a9 -mfpu=vfpv3 -mfloat-abi=hard 
TRACE::2025-02-28.11:09:10::SCWMssOS::-nostartfiles -g -Wall -Wextra"

TRACE::2025-02-28.11:09:10::SCWMssOS::"Compiling fmc_ipmi_sw"

TRACE::2025-02-28.11:09:11::SCWMssOS::"Running Make libs in ps7_cortexa9_0/libsrc/gpiops_v3_7/src"

TRACE::2025-02-28.11:09:11::SCWMssOS::make -C ps7_cortexa9_0/libsrc/gpiops_v3_7/src -s libs  "SHELL=CMD" "COMPILER=arm-none-eabi-gcc" "ASSEMBLER=arm-none-eabi-as" "A
TRACE::2025-02-28.11:09:11::SCWMssOS::RCHIVER=arm-none-eabi-ar" "COMPILER_FLAGS=  -O2 -c" "EXTRA_COMPILER_FLAGS=-mcpu=cortex-a9 -mfpu=vfpv3 -mfloat-abi=hard -nostart
TRACE::2025-02-28.11:09:11::SCWMssOS::files -g -Wall -Wextra"

TRACE::2025-02-28.11:09:11::SCWMssOS::"Compiling gpiops"

TRACE::2025-02-28.11:09:11::SCWMssOS::"Running Make libs in ps7_cortexa9_0/libsrc/iic_v3_6/src"

TRACE::2025-02-28.11:09:11::SCWMssOS::make -C ps7_cortexa9_0/libsrc/iic_v3_6/src -s libs  "SHELL=CMD" "COMPILER=arm-none-eabi-gcc" "ASSEMBLER=arm-none-eabi-as" "ARCH
TRACE::2025-02-28.11:09:11::SCWMssOS::IVER=arm-none-eabi-ar" "COMPILER_FLAGS=  -O2 -c" "EXTRA_COMPILER_FLAGS=-mcpu=cortex-a9 -mfpu=vfpv3 -mfloat-abi=hard -nostartfil
TRACE::2025-02-28.11:09:11::SCWMssOS::es -g -Wall -Wextra"

TRACE::2025-02-28.11:09:11::SCWMssOS::"Compiling iic"

TRACE::2025-02-28.11:09:12::SCWMssOS::"Running Make libs in ps7_cortexa9_0/libsrc/onsemi_vita_sw_v3_3/src"

TRACE::2025-02-28.11:09:13::SCWMssOS::make -C ps7_cortexa9_0/libsrc/onsemi_vita_sw_v3_3/src -s libs  "SHELL=CMD" "COMPILER=arm-none-eabi-gcc" "ASSEMBLER=arm-none-eab
TRACE::2025-02-28.11:09:13::SCWMssOS::i-as" "ARCHIVER=arm-none-eabi-ar" "COMPILER_FLAGS=  -O2 -c" "EXTRA_COMPILER_FLAGS=-mcpu=cortex-a9 -mfpu=vfpv3 -mfloat-abi=hard 
TRACE::2025-02-28.11:09:13::SCWMssOS::-nostartfiles -g -Wall -Wextra"

TRACE::2025-02-28.11:09:13::SCWMssOS::"Compiling ON Semiconductor VITA Camera Receiver Library..."

TRACE::2025-02-28.11:09:13::SCWMssOS::"Running Make libs in ps7_cortexa9_0/libsrc/qspips_v3_7/src"

TRACE::2025-02-28.11:09:13::SCWMssOS::make -C ps7_cortexa9_0/libsrc/qspips_v3_7/src -s libs  "SHELL=CMD" "COMPILER=arm-none-eabi-gcc" "ASSEMBLER=arm-none-eabi-as" "A
TRACE::2025-02-28.11:09:13::SCWMssOS::RCHIVER=arm-none-eabi-ar" "COMPILER_FLAGS=  -O2 -c" "EXTRA_COMPILER_FLAGS=-mcpu=cortex-a9 -mfpu=vfpv3 -mfloat-abi=hard -nostart
TRACE::2025-02-28.11:09:13::SCWMssOS::files -g -Wall -Wextra"

TRACE::2025-02-28.11:09:13::SCWMssOS::"Compiling qspips"

TRACE::2025-02-28.11:09:13::SCWMssOS::"Running Make libs in ps7_cortexa9_0/libsrc/scugic_v4_2/src"

TRACE::2025-02-28.11:09:13::SCWMssOS::make -C ps7_cortexa9_0/libsrc/scugic_v4_2/src -s libs  "SHELL=CMD" "COMPILER=arm-none-eabi-gcc" "ASSEMBLER=arm-none-eabi-as" "A
TRACE::2025-02-28.11:09:13::SCWMssOS::RCHIVER=arm-none-eabi-ar" "COMPILER_FLAGS=  -O2 -c" "EXTRA_COMPILER_FLAGS=-mcpu=cortex-a9 -mfpu=vfpv3 -mfloat-abi=hard -nostart
TRACE::2025-02-28.11:09:13::SCWMssOS::files -g -Wall -Wextra"

TRACE::2025-02-28.11:09:13::SCWMssOS::"Compiling scugic"

TRACE::2025-02-28.11:09:14::SCWMssOS::"Running Make libs in ps7_cortexa9_0/libsrc/scutimer_v2_2/src"

TRACE::2025-02-28.11:09:14::SCWMssOS::make -C ps7_cortexa9_0/libsrc/scutimer_v2_2/src -s libs  "SHELL=CMD" "COMPILER=arm-none-eabi-gcc" "ASSEMBLER=arm-none-eabi-as" 
TRACE::2025-02-28.11:09:14::SCWMssOS::"ARCHIVER=arm-none-eabi-ar" "COMPILER_FLAGS=  -O2 -c" "EXTRA_COMPILER_FLAGS=-mcpu=cortex-a9 -mfpu=vfpv3 -mfloat-abi=hard -nosta
TRACE::2025-02-28.11:09:14::SCWMssOS::rtfiles -g -Wall -Wextra"

TRACE::2025-02-28.11:09:14::SCWMssOS::"Compiling scutimer"

TRACE::2025-02-28.11:09:14::SCWMssOS::"Running Make libs in ps7_cortexa9_0/libsrc/scuwdt_v2_2/src"

TRACE::2025-02-28.11:09:14::SCWMssOS::make -C ps7_cortexa9_0/libsrc/scuwdt_v2_2/src -s libs  "SHELL=CMD" "COMPILER=arm-none-eabi-gcc" "ASSEMBLER=arm-none-eabi-as" "A
TRACE::2025-02-28.11:09:14::SCWMssOS::RCHIVER=arm-none-eabi-ar" "COMPILER_FLAGS=  -O2 -c" "EXTRA_COMPILER_FLAGS=-mcpu=cortex-a9 -mfpu=vfpv3 -mfloat-abi=hard -nostart
TRACE::2025-02-28.11:09:14::SCWMssOS::files -g -Wall -Wextra"

TRACE::2025-02-28.11:09:14::SCWMssOS::"Compiling scuwdt"

TRACE::2025-02-28.11:09:15::SCWMssOS::"Running Make libs in ps7_cortexa9_0/libsrc/sdps_v3_9/src"

TRACE::2025-02-28.11:09:15::SCWMssOS::make -C ps7_cortexa9_0/libsrc/sdps_v3_9/src -s libs  "SHELL=CMD" "COMPILER=arm-none-eabi-gcc" "ASSEMBLER=arm-none-eabi-as" "ARC
TRACE::2025-02-28.11:09:15::SCWMssOS::HIVER=arm-none-eabi-ar" "COMPILER_FLAGS=  -O2 -c" "EXTRA_COMPILER_FLAGS=-mcpu=cortex-a9 -mfpu=vfpv3 -mfloat-abi=hard -nostartfi
TRACE::2025-02-28.11:09:15::SCWMssOS::les -g -Wall -Wextra"

TRACE::2025-02-28.11:09:15::SCWMssOS::"Compiling sdps"

TRACE::2025-02-28.11:09:15::SCWMssOS::"Running Make libs in ps7_cortexa9_0/libsrc/standalone_v7_2/src"

TRACE::2025-02-28.11:09:15::SCWMssOS::make -C ps7_cortexa9_0/libsrc/standalone_v7_2/src -s libs  "SHELL=CMD" "COMPILER=arm-none-eabi-gcc" "ASSEMBLER=arm-none-eabi-as
TRACE::2025-02-28.11:09:15::SCWMssOS::" "ARCHIVER=arm-none-eabi-ar" "COMPILER_FLAGS=  -O2 -c" "EXTRA_COMPILER_FLAGS=-mcpu=cortex-a9 -mfpu=vfpv3 -mfloat-abi=hard -nos
TRACE::2025-02-28.11:09:15::SCWMssOS::tartfiles -g -Wall -Wextra"

TRACE::2025-02-28.11:09:15::SCWMssOS::"Compiling standalone"

TRACE::2025-02-28.11:09:18::SCWMssOS::"Running Make libs in ps7_cortexa9_0/libsrc/ttcps_v3_11/src"

TRACE::2025-02-28.11:09:18::SCWMssOS::make -C ps7_cortexa9_0/libsrc/ttcps_v3_11/src -s libs  "SHELL=CMD" "COMPILER=arm-none-eabi-gcc" "ASSEMBLER=arm-none-eabi-as" "A
TRACE::2025-02-28.11:09:18::SCWMssOS::RCHIVER=arm-none-eabi-ar" "COMPILER_FLAGS=  -O2 -c" "EXTRA_COMPILER_FLAGS=-mcpu=cortex-a9 -mfpu=vfpv3 -mfloat-abi=hard -nostart
TRACE::2025-02-28.11:09:18::SCWMssOS::files -g -Wall -Wextra"

TRACE::2025-02-28.11:09:18::SCWMssOS::"Compiling ttcps"

TRACE::2025-02-28.11:09:18::SCWMssOS::"Running Make libs in ps7_cortexa9_0/libsrc/uartps_v3_9/src"

TRACE::2025-02-28.11:09:18::SCWMssOS::make -C ps7_cortexa9_0/libsrc/uartps_v3_9/src -s libs  "SHELL=CMD" "COMPILER=arm-none-eabi-gcc" "ASSEMBLER=arm-none-eabi-as" "A
TRACE::2025-02-28.11:09:18::SCWMssOS::RCHIVER=arm-none-eabi-ar" "COMPILER_FLAGS=  -O2 -c" "EXTRA_COMPILER_FLAGS=-mcpu=cortex-a9 -mfpu=vfpv3 -mfloat-abi=hard -nostart
TRACE::2025-02-28.11:09:18::SCWMssOS::files -g -Wall -Wextra"

TRACE::2025-02-28.11:09:18::SCWMssOS::"Compiling uartps"

TRACE::2025-02-28.11:09:19::SCWMssOS::"Running Make libs in ps7_cortexa9_0/libsrc/usbps_v2_5/src"

TRACE::2025-02-28.11:09:19::SCWMssOS::make -C ps7_cortexa9_0/libsrc/usbps_v2_5/src -s libs  "SHELL=CMD" "COMPILER=arm-none-eabi-gcc" "ASSEMBLER=arm-none-eabi-as" "AR
TRACE::2025-02-28.11:09:19::SCWMssOS::CHIVER=arm-none-eabi-ar" "COMPILER_FLAGS=  -O2 -c" "EXTRA_COMPILER_FLAGS=-mcpu=cortex-a9 -mfpu=vfpv3 -mfloat-abi=hard -nostartf
TRACE::2025-02-28.11:09:19::SCWMssOS::iles -g -Wall -Wextra"

TRACE::2025-02-28.11:09:19::SCWMssOS::"Compiling usbps"

TRACE::2025-02-28.11:09:19::SCWMssOS::"Running Make libs in ps7_cortexa9_0/libsrc/vtc_v8_2/src"

TRACE::2025-02-28.11:09:19::SCWMssOS::make -C ps7_cortexa9_0/libsrc/vtc_v8_2/src -s libs  "SHELL=CMD" "COMPILER=arm-none-eabi-gcc" "ASSEMBLER=arm-none-eabi-as" "ARCH
TRACE::2025-02-28.11:09:19::SCWMssOS::IVER=arm-none-eabi-ar" "COMPILER_FLAGS=  -O2 -c" "EXTRA_COMPILER_FLAGS=-mcpu=cortex-a9 -mfpu=vfpv3 -mfloat-abi=hard -nostartfil
TRACE::2025-02-28.11:09:19::SCWMssOS::es -g -Wall -Wextra"

TRACE::2025-02-28.11:09:19::SCWMssOS::"Compiling video timing controller"

TRACE::2025-02-28.11:09:20::SCWMssOS::"Running Make libs in ps7_cortexa9_0/libsrc/xadcps_v2_4/src"

TRACE::2025-02-28.11:09:20::SCWMssOS::make -C ps7_cortexa9_0/libsrc/xadcps_v2_4/src -s libs  "SHELL=CMD" "COMPILER=arm-none-eabi-gcc" "ASSEMBLER=arm-none-eabi-as" "A
TRACE::2025-02-28.11:09:20::SCWMssOS::RCHIVER=arm-none-eabi-ar" "COMPILER_FLAGS=  -O2 -c" "EXTRA_COMPILER_FLAGS=-mcpu=cortex-a9 -mfpu=vfpv3 -mfloat-abi=hard -nostart
TRACE::2025-02-28.11:09:20::SCWMssOS::files -g -Wall -Wextra"

TRACE::2025-02-28.11:09:20::SCWMssOS::"Compiling xadcps"

TRACE::2025-02-28.11:09:21::SCWMssOS::'Finished building libraries'

TRACE::2025-02-28.11:09:21::SCWMssOS:: Checking if to create the Supporting Applications
TRACE::2025-02-28.11:09:21::SCWMssOS:: No Linux domain exists, trying to generate FSBL 
LOG::2025-02-28.11:09:21::SCWSystem::Completed Processing the domain domain_ps7_cortexa9_0
LOG::2025-02-28.11:09:21::SCWSystem::Completed Processing the sysconfig design_1_wrapper
LOG::2025-02-28.11:09:21::SCWPlatform::Completed generating the artifacts for system configuration design_1_wrapper
TRACE::2025-02-28.11:09:21::SCWPlatform::Started preparing the platform 
TRACE::2025-02-28.11:09:21::SCWSystem::Writing the bif file for system config design_1_wrapper
TRACE::2025-02-28.11:09:21::SCWSystem::dir created 
TRACE::2025-02-28.11:09:21::SCWSystem::Writing the bif 
TRACE::2025-02-28.11:09:21::SCWPlatform::Started writing the spfm file 
TRACE::2025-02-28.11:09:21::SCWPlatform::Started writing the xpfm file 
TRACE::2025-02-28.11:09:21::SCWPlatform::Completed generating the platform
TRACE::2025-02-28.11:09:21::SCWMssOS::Saving the mss changes C:/Users/oparker/workspace/design_1_wrapper/zynq_fsbl/zynq_fsbl_bsp/system.mss
TRACE::2025-02-28.11:09:21::SCWMssOS::Found a swdesign opened with the mssfile.
TRACE::2025-02-28.11:09:21::SCWMssOS::Completed writemss as part of save.
TRACE::2025-02-28.11:09:21::SCWMssOS::Commit changes completed.
TRACE::2025-02-28.11:09:21::SCWMssOS::Saving the mss changes C:/Users/oparker/workspace/design_1_wrapper/ps7_cortexa9_0/domain_ps7_cortexa9_0/bsp/system.mss
TRACE::2025-02-28.11:09:21::SCWMssOS::Found a swdesign opened with the mssfile.
TRACE::2025-02-28.11:09:21::SCWMssOS::Running validate of swdbs.
KEYINFO::2025-02-28.11:09:21::SCWMssOS::Could not open the swdb for system_1
KEYINFO::2025-02-28.11:09:21::SCWMssOS::Could not open the sw design at  system_1
ERROR: [Hsi 55-1558] Software Design system_1 is not found

TRACE::2025-02-28.11:09:21::SCWMssOS::Cleared the swdb table entry
TRACE::2025-02-28.11:09:21::SCWMssOS::Adding the swdes entry, mss present, able to open swdb C:/Users/oparker/workspace/design_1_wrapper/ps7_cortexa9_0/domain_ps7_cortexa9_0/bsp/system.mss with des name system_1
TRACE::2025-02-28.11:09:21::SCWMssOS::Writing the mss file completed C:/Users/oparker/workspace/design_1_wrapper/ps7_cortexa9_0/domain_ps7_cortexa9_0/bsp/system.mss
TRACE::2025-02-28.11:09:21::SCWMssOS::Commit changes completed.
TRACE::2025-02-28.11:09:21::SCWPlatform::Trying to open the hw design at C:/Users/oparker/workspace/design_1_wrapper/hw/design_1_wrapper.xsa
TRACE::2025-02-28.11:09:21::SCWPlatform::DSA given C:/Users/oparker/workspace/design_1_wrapper/hw/design_1_wrapper.xsa
TRACE::2025-02-28.11:09:21::SCWPlatform::DSA absoulate path C:/Users/oparker/workspace/design_1_wrapper/hw/design_1_wrapper.xsa
TRACE::2025-02-28.11:09:21::SCWPlatform::DSA directory C:/Users/oparker/workspace/design_1_wrapper/hw
TRACE::2025-02-28.11:09:21::SCWPlatform:: Platform Path C:/Users/oparker/workspace/design_1_wrapper/hw/design_1_wrapper.xsa
TRACE::2025-02-28.11:09:21::SCWPlatform:: Unique name xilinx:zed::0.0
TRACE::2025-02-28.11:09:21::SCWPlatform::Trying to set the existing hwdb with name design_1_wrapper_26
TRACE::2025-02-28.11:09:21::SCWPlatform::Opened existing hwdb design_1_wrapper_26
TRACE::2025-02-28.11:09:21::SCWPlatform::Found the Hw Db part of the input DSA
TRACE::2025-02-28.11:09:21::SCWMssOS::Checking the sw design at  C:/Users/oparker/workspace/design_1_wrapper/zynq_fsbl/zynq_fsbl_bsp/system.mss
TRACE::2025-02-28.11:09:21::SCWMssOS::DEBUG:  swdes dump  C:/Users/oparker/workspace/TPG/ps7_cortexa9_0/standalone_domain/bsp/system.mss|system_2||
C:/Users/oparker/workspace/TPG/zynq_fsbl/zynq_fsbl_bsp/system.mss|system||
C:/Users/oparker/workspace/design_1_wrapper/ps7_cortexa9_0/domain_ps7_cortexa9_0/bsp/system.mss|system_1||
C:/Users/oparker/workspace/design_1_wrapper/zynq_fsbl/zynq_fsbl_bsp/system.mss|system_0||

TRACE::2025-02-28.11:09:21::SCWMssOS::Sw design exists and opened at  C:/Users/oparker/workspace/design_1_wrapper/zynq_fsbl/zynq_fsbl_bsp/system.mss
TRACE::2025-02-28.11:09:21::SCWPlatform::Trying to open the hw design at C:/Users/oparker/workspace/design_1_wrapper/hw/design_1_wrapper.xsa
TRACE::2025-02-28.11:09:21::SCWPlatform::DSA given C:/Users/oparker/workspace/design_1_wrapper/hw/design_1_wrapper.xsa
TRACE::2025-02-28.11:09:21::SCWPlatform::DSA absoulate path C:/Users/oparker/workspace/design_1_wrapper/hw/design_1_wrapper.xsa
TRACE::2025-02-28.11:09:21::SCWPlatform::DSA directory C:/Users/oparker/workspace/design_1_wrapper/hw
TRACE::2025-02-28.11:09:21::SCWPlatform:: Platform Path C:/Users/oparker/workspace/design_1_wrapper/hw/design_1_wrapper.xsa
TRACE::2025-02-28.11:09:21::SCWPlatform:: Unique name xilinx:zed::0.0
TRACE::2025-02-28.11:09:21::SCWPlatform::Trying to set the existing hwdb with name design_1_wrapper_26
TRACE::2025-02-28.11:09:21::SCWPlatform::Opened existing hwdb design_1_wrapper_26
TRACE::2025-02-28.11:09:21::SCWPlatform::Found the Hw Db part of the input DSA
TRACE::2025-02-28.11:09:21::SCWMssOS::Checking the sw design at  C:/Users/oparker/workspace/design_1_wrapper/ps7_cortexa9_0/domain_ps7_cortexa9_0/bsp/system.mss
TRACE::2025-02-28.11:09:21::SCWMssOS::DEBUG:  swdes dump  C:/Users/oparker/workspace/TPG/ps7_cortexa9_0/standalone_domain/bsp/system.mss|system_2||
C:/Users/oparker/workspace/TPG/zynq_fsbl/zynq_fsbl_bsp/system.mss|system||
C:/Users/oparker/workspace/design_1_wrapper/ps7_cortexa9_0/domain_ps7_cortexa9_0/bsp/system.mss|system_1||
C:/Users/oparker/workspace/design_1_wrapper/zynq_fsbl/zynq_fsbl_bsp/system.mss|system_0||

TRACE::2025-02-28.11:09:21::SCWMssOS::Sw design exists and opened at  C:/Users/oparker/workspace/design_1_wrapper/ps7_cortexa9_0/domain_ps7_cortexa9_0/bsp/system.mss
TRACE::2025-02-28.11:09:21::SCWWriter::formatted JSON is {
	"platformName":	"design_1_wrapper",
	"sprVersion":	"2.0",
	"mode":	"gui",
	"dsaType":	"Fixed",
	"platformDesc":	"design_1_wrapper",
	"platHandOff":	"C:/Users/oparker/cpre488-mp2/project_1/design_1_wrapper.xsa",
	"platIntHandOff":	"<platformDir>/hw/design_1_wrapper.xsa",
	"deviceType":	"zynq",
	"platIsPrebuiltAutogen":	"false",
	"platIsNoBootBsp":	"false",
	"hasFsblMakeHasChanges":	"false",
	"hasPmufwMakeHasChanges":	"false",
	"fsblExtraCompilerFlags":	"-MMD -MP       -mcpu=cortex-a9 -mfpu=vfpv3 -mfloat-abi=hard ",
	"platPreBuiltFlag":	false,
	"platformSamplesDir":	"",
	"platActiveSys":	"design_1_wrapper",
	"systems":	[{
			"systemName":	"design_1_wrapper",
			"systemDesc":	"design_1_wrapper",
			"sysIsBootAutoGen":	"true",
			"systemDispName":	"design_1_wrapper",
			"sysActiveDom":	"domain_ps7_cortexa9_0",
			"sysDefaultDom":	"domain_ps7_cortexa9_0",
			"domains":	[{
					"domainName":	"zynq_fsbl",
					"domainDispName":	"zynq_fsbl",
					"domainDesc":	"FSBL Application BSP - Auto Generated.",
					"processors":	"ps7_cortexa9_0",
					"os":	"standalone",
					"sdxOs":	"standalone",
					"debugEnable":	"",
					"domRuntimes":	["cpp"],
					"swRepo":	"",
					"mssOsVer":	"7.2",
					"mssFile":	"",
					"md5Digest":	"158a679dab493f3308b1d2cbafc496b0",
					"compatibleApp":	"zynq_fsbl",
					"domType":	"bootDomain",
					"arch":	"32-bit",
					"appSettings":	{
						"appCompilerFlags":	"",
						"appLinkerFlags":	""
					},
					"addedLibs":	["xilffs:4.3", "xilrsa:1.6"],
					"libOptions":	{
						"libsContainingOptions":	[]
					},
					"prebuiltLibs":	{
						"prebuiltIncPath":	[],
						"prebuiltLibPath":	[]
					},
					"isolation":	{
					}
				}, {
					"domainName":	"domain_ps7_cortexa9_0",
					"domainDispName":	"domain_ps7_cortexa9_0",
					"domainDesc":	"domain_ps7_cortexa9_0",
					"processors":	"ps7_cortexa9_0",
					"os":	"standalone",
					"sdxOs":	"standalone",
					"qemuArgs":	"C:/Xilinx/Vitis/2020.1/data/emulation/platforms/zynq/qemu/qemu_args.txt",
					"qemuData":	"C:/Xilinx/Vitis/2020.1/data/emulation/platforms/zynq/qemu/",
					"debugEnable":	"False",
					"domRuntimes":	["cpp"],
					"swRepo":	"",
					"mssOsVer":	"7.2",
					"mssFile":	"",
					"md5Digest":	"9554ba519eeb4737b5fd96410f69a68d",
					"compatibleApp":	"",
					"domType":	"mssDomain",
					"arch":	"32-bit",
					"appSettings":	{
						"appCompilerFlags":	"",
						"appLinkerFlags":	""
					},
					"addedLibs":	["fmc_iic_sw:2.03.a", "fmc_imageon_sw:2.01.a", "fmc_ipmi_sw:2.02.a", "onsemi_vita_sw:3.3"],
					"libOptions":	{
						"libsContainingOptions":	[]
					},
					"prebuiltLibs":	{
						"prebuiltIncPath":	[],
						"prebuiltLibPath":	[]
					},
					"isolation":	{
					}
				}]
		}]
}
KEYINFO::2025-02-28.11:09:21::SCWPlatform::updated the xpfm file.
TRACE::2025-02-28.11:09:21::SCWPlatform::Trying to open the hw design at C:/Users/oparker/workspace/design_1_wrapper/hw/design_1_wrapper.xsa
TRACE::2025-02-28.11:09:21::SCWPlatform::DSA given C:/Users/oparker/workspace/design_1_wrapper/hw/design_1_wrapper.xsa
TRACE::2025-02-28.11:09:21::SCWPlatform::DSA absoulate path C:/Users/oparker/workspace/design_1_wrapper/hw/design_1_wrapper.xsa
TRACE::2025-02-28.11:09:21::SCWPlatform::DSA directory C:/Users/oparker/workspace/design_1_wrapper/hw
TRACE::2025-02-28.11:09:21::SCWPlatform:: Platform Path C:/Users/oparker/workspace/design_1_wrapper/hw/design_1_wrapper.xsa
TRACE::2025-02-28.11:09:21::SCWPlatform:: Unique name xilinx:zed::0.0
TRACE::2025-02-28.11:09:21::SCWPlatform::Trying to set the existing hwdb with name design_1_wrapper_26
TRACE::2025-02-28.11:09:21::SCWPlatform::Opened existing hwdb design_1_wrapper_26
TRACE::2025-02-28.11:09:21::SCWPlatform::Found the Hw Db part of the input DSA
TRACE::2025-02-28.11:09:21::SCWMssOS::Checking the sw design at  C:/Users/oparker/workspace/design_1_wrapper/ps7_cortexa9_0/domain_ps7_cortexa9_0/bsp/system.mss
TRACE::2025-02-28.11:09:21::SCWMssOS::DEBUG:  swdes dump  C:/Users/oparker/workspace/TPG/ps7_cortexa9_0/standalone_domain/bsp/system.mss|system_2||
C:/Users/oparker/workspace/TPG/zynq_fsbl/zynq_fsbl_bsp/system.mss|system||
C:/Users/oparker/workspace/design_1_wrapper/ps7_cortexa9_0/domain_ps7_cortexa9_0/bsp/system.mss|system_1||
C:/Users/oparker/workspace/design_1_wrapper/zynq_fsbl/zynq_fsbl_bsp/system.mss|system_0||

TRACE::2025-02-28.11:09:21::SCWMssOS::Sw design exists and opened at  C:/Users/oparker/workspace/design_1_wrapper/ps7_cortexa9_0/domain_ps7_cortexa9_0/bsp/system.mss
